iso_ts,url,status,mime,digest,collection,filename,in_incident_window,out_window_side
2026-05-28T05:55:27+00:00,https://recherche-collection-search.bac-lac.gc.ca/eng/Home/Record?app=divincan&IdNumber=1&browse=1,403,text/html,UI63OGJFK4E5V5OB4HKLGRIU3FNXEO3K,SAWP5,save-merged-p107.arquivo.pt-20260528164705-3LSDIMAH79.warc.gz,True,
2026-05-28T05:55:40+00:00,https://recherche-collection-search.bac-lac.gc.ca/eng/Home/Record?app=divincan&IdNumber=1&browse=1,403,text/html,MIBKTZIHKVMTQAT6XMPOMOH3IB33BNTA,SAWP5,save-merged-p105.arquivo.pt-20260528164500-Z9PKP0P0FF.warc.gz,True,
2026-05-28T05:56:16+00:00,https://beta-recherche-collection-search.bac-lac.gc.ca/eng/Home/Record?app=divincan&IdNumber=1,404,text/html,UZUJRM3MSTCTOZXGNQNHVLVRJFCH5QED,SAWP5,save-merged-p106.arquivo.pt-20260528164911-I4ZFBB8BRZ.warc.gz,True,
2026-05-28T05:56:17+00:00,https://recherche-collection-search.bac-lac.gc.ca./eng/Home/Record?app=divincan&IdNumber=1,403,text/html,K2M5HFVPYSGELGJDRSM464K67SBAEKBW,SAWP5,save-merged-p108.arquivo.pt-20260528165036-WFIWANO3CW.warc.gz,True,
2026-05-28T05:56:18+00:00,https://recherche-collection-search.bac-lac.canada.ca/eng/Home/Record?app=divincan&IdNumber=1,200,text/html,KNTSOMD4KKFDITS45HTVS5324RZHWATU,SAWP5,save-merged-p105.arquivo.pt-20260528164500-Z9PKP0P0FF.warc.gz,True,
2026-05-28T05:59:01+00:00,https://recherche-collection-search.bac-lac.canada.ca/eng/home/searchadvanced?DataSource=Genealogy%7CBirMarDivDea%7CDivInCan,200,text/html,64VPDLUL42BFKN27EW4BDKWR2FMNTCQJ,SAWP5,save-merged-p106.arquivo.pt-20260528164911-I4ZFBB8BRZ.warc.gz,True,
2026-05-28T06:01:00+00:00,https://recherche-collection-search.bac-lac.canada.ca/eng/Home/Record?app=divincan&IdNumber=147,200,text/html,VMV5YTRDAQTZDGJWG7IVGZVVCX3IW4IM,SAWP5,save-merged-p105.arquivo.pt-20260528164500-Z9PKP0P0FF.warc.gz,True,
2026-05-28T06:01:12+00:00,https://recherche-collection-search.bac-lac.canada.ca/eng/Home/Record?app=divincan&IdNumber=119,200,text/html,CFPPTUHGVVTUC5B3PMDBYDIMWCMWAQMH,SAWP5,save-merged-p108.arquivo.pt-20260528165051-N7VDFW0Y0V.warc.gz,True,
2026-05-28T06:01:25+00:00,https://recherche-collection-search.bac-lac.canada.ca/eng/Home/Record?app=divincan&IdNumber=91,200,text/html,HU5O4OOYMVR2B6UCY7PD2WB3D2YV7Z3W,SAWP5,save-merged-p106.arquivo.pt-20260528164911-I4ZFBB8BRZ.warc.gz,True,
2026-05-28T06:01:26+00:00,https://colabapi.bac-lac.gc.ca/hv/colab/lac-harmonized-viewer-module/lac-harmonized-viewer-module.esm.js,200,text/javascript,BYEZNZRE2RSTGVSCJ4PVCSCT7ZOYCLME,SAWP5,save-merged-p106.arquivo.pt-20260528164911-I4ZFBB8BRZ.warc.gz,True,
2026-05-28T06:01:26+00:00,https://colabapi.bac-lac.gc.ca//hv/uv/umd/UV.js,200,text/javascript,2GBBNBRUYNGG7ZO4Q4GBI7SMGOYTRUFM,SAWP5,save-merged-p107.arquivo.pt-20260528164712-SF9AP0UMOC.warc.gz,True,
2026-05-28T06:01:26+00:00,https://recherche-collection-search.bac-lac.canada.ca/css/HVContainer.css?v=GmQqNj3RCC3nAUF9J6effLIMhsA,200,text/css,43D7R5VX4PPXSMETALGUUPYSDAEXHOAL,SAWP5,save-merged-p108.arquivo.pt-20260528165051-N7VDFW0Y0V.warc.gz,True,
2026-05-28T06:01:26+00:00,https://recherche-collection-search.bac-lac.canada.ca/css/RecordDisplay.css?v=_bxZgZPU8_l9qP4BH4hE28IR4DM,200,text/css,HR2UE4626UHIE77PVBAWVRLV2IE2OY2E,SAWP5,save-merged-p107.arquivo.pt-20260528164712-SF9AP0UMOC.warc.gz,True,
2026-05-28T06:01:26+00:00,https://recherche-collection-search.bac-lac.canada.ca/css/site.css?v=JuHmsmCwQuMee4SmH9ncR-Uy2ZE,200,text/css,UBTZ45YT2T7TU4NMDIWO3RAY2OSTN4SW,SAWP5,save-merged-p107.arquivo.pt-20260528164712-SF9AP0UMOC.warc.gz,True,
2026-05-28T06:01:26+00:00,https://recherche-collection-search.bac-lac.canada.ca/eng/Home/Record?app=divincan&IdNumber=147,200,text/html,MOFEZJC5SE2TTIORCCA7MZORFMKCN3EV,SAWP5,save-merged-p105.arquivo.pt-20260528164516-QXR8GNAOK0.warc.gz,True,
2026-05-28T06:01:26+00:00,https://recherche-collection-search.bac-lac.canada.ca/images/generic.jpg,200,image/jpeg,D36Q2VMNANG5Z4JHTNSMXY36MW4K7JX5,SAWP5,save-merged-p107.arquivo.pt-20260528164717-CK7C8KK985.warc.gz,True,
2026-05-28T06:01:26+00:00,https://recherche-collection-search.bac-lac.canada.ca/js/suggest-correction.js?v=w1rTaU8rrh_Bjh8cdwFt9O_9IM0,200,text/javascript,YENB4OEPVCQ7PUCY6TWL2IKPOYEZXACQ,SAWP5,save-merged-p106.arquivo.pt-20260528164911-I4ZFBB8BRZ.warc.gz,True,
2026-05-28T06:01:26+00:00,https://recherche-collection-search.bac-lac.canada.ca/lib/jquery-ui-1.13.2/jquery-ui.min.css,200,text/css,OTRUF6YQ6A3ENRY2IB22ETLTEIRSUPQF,SAWP5,save-merged-p105.arquivo.pt-20260528164500-Z9PKP0P0FF.warc.gz,True,
2026-05-28T06:01:27+00:00,https://colabapi.bac-lac.gc.ca/hv/colab/lac-harmonized-viewer-module/lac-harmonized-viewer-module.esm.js,200,text/javascript,BYEZNZRE2RSTGVSCJ4PVCSCT7ZOYCLME,SAWP5,save-merged-p107.arquivo.pt-20260528164717-CK7C8KK985.warc.gz,True,
2026-05-28T06:01:27+00:00,https://colabapi.bac-lac.gc.ca//hv/uv/umd/UV.js,200,text/javascript,2GBBNBRUYNGG7ZO4Q4GBI7SMGOYTRUFM,SAWP5,save-merged-p105.arquivo.pt-20260528164516-QXR8GNAOK0.warc.gz,True,
2026-05-28T06:01:27+00:00,https://colabapi.bac-lac.gc.ca//hv/uv/uv.css,200,text/css,Q5FOSJDGKSGQI56VZUXI6A3QRWRAVV2U,SAWP5,save-merged-p107.arquivo.pt-20260528164705-3LSDIMAH79.warc.gz,True,
2026-05-28T06:01:27+00:00,https://recherche-collection-search.bac-lac.canada.ca/css/HVContainer.css?v=GmQqNj3RCC3nAUF9J6effLIMhsA,200,text/css,43D7R5VX4PPXSMETALGUUPYSDAEXHOAL,SAWP5,save-merged-p105.arquivo.pt-20260528164516-QXR8GNAOK0.warc.gz,True,
2026-05-28T06:01:27+00:00,https://recherche-collection-search.bac-lac.canada.ca/css/RecordDisplay.css?v=_bxZgZPU8_l9qP4BH4hE28IR4DM,200,text/css,HR2UE4626UHIE77PVBAWVRLV2IE2OY2E,SAWP5,save-merged-p106.arquivo.pt-20260528164821-3SWST9GTKT.warc.gz,True,
2026-05-28T06:01:27+00:00,https://recherche-collection-search.bac-lac.canada.ca/css/site.css?v=JuHmsmCwQuMee4SmH9ncR-Uy2ZE,200,text/css,UBTZ45YT2T7TU4NMDIWO3RAY2OSTN4SW,SAWP5,save-merged-p107.arquivo.pt-20260528164717-CK7C8KK985.warc.gz,True,
2026-05-28T06:01:27+00:00,https://recherche-collection-search.bac-lac.canada.ca/eng/Home/Record?app=divincan&IdNumber=123,200,text/html,JHFDL4OXNQ7FY5VTM3DYO5GMBOOVFN47,SAWP5,save-merged-p106.arquivo.pt-20260528164911-I4ZFBB8BRZ.warc.gz,True,
2026-05-28T06:01:27+00:00,https://recherche-collection-search.bac-lac.canada.ca/eng/Home/Record?app=divincan&IdNumber=147,200,text/html,L6QAUF2F5SDFX5JKLE4HLXW3M7HQYAMK,SAWP5,save-merged-p105.arquivo.pt-20260528164500-Z9PKP0P0FF.warc.gz,True,
2026-05-28T06:01:27+00:00,https://recherche-collection-search.bac-lac.canada.ca/GcWeb/css/site.min.css,200,text/css,TWSRAA3VIJ3DLWS2J4YJ2BULAWRZGQ7E,SAWP5,save-merged-p106.arquivo.pt-20260528164911-I4ZFBB8BRZ.warc.gz,True,
2026-05-28T06:01:27+00:00,https://recherche-collection-search.bac-lac.canada.ca/images/generic.jpg,200,image/jpeg,D36Q2VMNANG5Z4JHTNSMXY36MW4K7JX5,SAWP5,save-merged-p108.arquivo.pt-20260528165036-WFIWANO3CW.warc.gz,True,
2026-05-28T06:01:27+00:00,https://recherche-collection-search.bac-lac.canada.ca/js/suggest-correction.js?v=w1rTaU8rrh_Bjh8cdwFt9O_9IM0,200,text/javascript,YENB4OEPVCQ7PUCY6TWL2IKPOYEZXACQ,SAWP5,save-merged-p107.arquivo.pt-20260528164712-SF9AP0UMOC.warc.gz,True,
2026-05-28T06:01:27+00:00,https://recherche-collection-search.bac-lac.canada.ca/lib/jquery-ui-1.13.2/jquery-ui.min.css,200,text/css,OTRUF6YQ6A3ENRY2IB22ETLTEIRSUPQF,SAWP5,save-merged-p105.arquivo.pt-20260528164516-QXR8GNAOK0.warc.gz,True,
2026-05-28T06:01:28+00:00,https://recherche-collection-search.bac-lac.canada.ca/js/record-display.js?v=g26YfZkgZiBRpvvRzb4eUNGJv0E,200,text/javascript,WZTLDSNFE7LFZCREPOW5F7WX7P7H4Y7V,SAWP5,save-merged-p106.arquivo.pt-20260528164911-I4ZFBB8BRZ.warc.gz,True,
2026-05-28T06:01:39+00:00,https://recherche-collection-search.bac-lac.canada.ca/eng/Home/Record?app=divincan&IdNumber=119,200,text/html,ODXN26OKPSRITPFPBIVETYY557LJNAQX,SAWP5,save-merged-p108.arquivo.pt-20260528165051-N7VDFW0Y0V.warc.gz,True,
2026-05-28T06:01:41+00:00,https://recherche-collection-search.bac-lac.canada.ca/lib/jquery-ui-1.13.2/jquery-ui.js,200,text/javascript,B25LZUWG3JD33YI7VXZTDIBMTCCFWCUN,SAWP5,save-merged-p108.arquivo.pt-20260528165051-N7VDFW0Y0V.warc.gz,True,
2026-05-28T06:01:42+00:00,https://recherche-collection-search.bac-lac.canada.ca/bootstrap-5.0.2-dist/js/bootstrap.bundle.min.js,200,text/javascript,SAIWSUTVA77Z4ZRM6ZGY4NQ7GWJQRFYN,SAWP5,save-merged-p105.arquivo.pt-20260528164516-QXR8GNAOK0.warc.gz,True,
2026-05-28T06:01:42+00:00,https://recherche-collection-search.bac-lac.canada.ca/js/my-research.js?v=BXYY80mFm3TQTDlccCldbP65bSw,200,text/javascript,MK2HMZJ2OLVLWBGLHVLTBKD3NT4N66RV,SAWP5,save-merged-p108.arquivo.pt-20260528165036-WFIWANO3CW.warc.gz,True,
2026-05-28T06:01:42+00:00,https://recherche-collection-search.bac-lac.canada.ca/js/site.js?v=0WuZVA2ISjfcynklHBn8AePH_2Y,200,text/javascript,VXC5PBVVUTTGS2VPCEJF2IMN6WSKRCCE,SAWP5,save-merged-p107.arquivo.pt-20260528164712-SF9AP0UMOC.warc.gz,True,
2026-05-28T06:01:52+00:00,https://recherche-collection-search.bac-lac.canada.ca/eng/Home/Record?app=divincan&IdNumber=1,200,text/html,K3BS6IDE6YANT563UPSR42WCBHGICWAR,SAWP5,save-merged-p107.arquivo.pt-20260528164705-3LSDIMAH79.warc.gz,True,
2026-05-28T06:01:53+00:00,https://recherche-collection-search.bac-lac.canada.ca/eng/Home/Record?app=divincan&IdNumber=91,200,text/html,ZKHJ7BUNIVT7LKHYKOI5ROBHDPPPRHMA,SAWP5,save-merged-p108.arquivo.pt-20260528165051-N7VDFW0Y0V.warc.gz,True,
2026-05-28T06:02:11+00:00,https://recherche-collection-search.bac-lac.canada.ca/eng/Home/Record?app=divincan%26IdNumber=147,200,text/html,M7IRFWQR37PN7HNZ33W35HWL4BRKIB7E,SAWP5,save-merged-p106.arquivo.pt-20260528164911-I4ZFBB8BRZ.warc.gz,True,
2026-05-28T06:02:11+00:00,https://recherche-collection-search.bac-lac.canada.ca/eng/Home/Result?DataSource=Genealogy%7CBirMarDivDea%7CDivInCan&DataSourceSel=Genealogy&ST=SAD,301,text/html,WDTHZQHQQ6BB3S4SVBJN2N5LPIFSN56Y,SAWP5,save-merged-p106.arquivo.pt-20260528164911-I4ZFBB8BRZ.warc.gz,True,
2026-05-28T06:02:12+00:00,https://recherche-collection-search.bac-lac.canada.ca/eng/home/nobots?requesturi=/eng/Home/Result?DataSource=Genealogy%7CBirMarDivDea%7CDivInCan&DataSourceSel=Genealogy&ST=SAD,200,text/html,GIQZK5G35TCHO74K5SX5VUQXPE4RJQUG,SAWP5,save-merged-p108.arquivo.pt-20260528165051-N7VDFW0Y0V.warc.gz,True,
2026-05-28T06:02:12+00:00,https://recherche-collection-search.bac-lac.canada.ca/eng/Home/Record?app=divincan%26IdNumber=147,200,text/html,BUOVPGPDABL5D7SFG75JAA2FCDFLPTJS,SAWP5,save-merged-p106.arquivo.pt-20260528164911-I4ZFBB8BRZ.warc.gz,True,
2026-05-28T06:02:13+00:00,https://recherche-collection-search.bac-lac.canada.ca/eng/Home/Record?app=divincan%26IdNumber=147,200,text/html,ZN5J4J2XHQ4I75SSWUWIVJ7SPNIR6BU7,SAWP5,save-merged-p106.arquivo.pt-20260528164911-I4ZFBB8BRZ.warc.gz,True,
2026-05-28T06:02:13+00:00,https://recherche-collection-search.bac-lac.canada.ca/eng/Home/SearchAdvanced?DataSource=Genealogy%7CBirMarDivDea%7CDivInCan,200,text/html,VIZJKXLVAEDA5QRSPR66RPF4S53VCQJE,SAWP5,save-merged-p106.arquivo.pt-20260528164911-I4ZFBB8BRZ.warc.gz,True,
2026-05-28T06:02:15+00:00,https://recherche-collection-search.bac-lac.canada.ca/eng/Home/Record?app=divincan%26IdNumber=147,200,text/html,BG2FPJTAMZNXVXH5TKNHZB25B4MJCPQ4,SAWP5,save-merged-p107.arquivo.pt-20260528164705-3LSDIMAH79.warc.gz,True,
2026-05-28T06:02:16+00:00,https://recherche-collection-search.bac-lac.canada.ca/eng/Home/Record?app=divincan%26IdNumber=147,200,text/html,F5BHCCJA63SLRS7XWYOPFDG3NZWHJ5Z3,SAWP5,save-merged-p106.arquivo.pt-20260528164911-I4ZFBB8BRZ.warc.gz,True,
2026-05-28T06:02:17+00:00,https://recherche-collection-search.bac-lac.canada.ca/eng/Home/Record?app=divincan%26IdNumber=147,200,text/html,Q6Y62LX77UIJUZMLXGTVHRR2CIH24BW5,SAWP5,save-merged-p107.arquivo.pt-20260528164705-3LSDIMAH79.warc.gz,True,
2026-05-28T06:02:18+00:00,https://recherche-collection-search.bac-lac.canada.ca/eng/Home/Record?app=divincan%26IdNumber=147,200,text/html,VIGZZF3ZOPS2HFTJOIUZBHSZZXA5KBEG,SAWP5,save-merged-p107.arquivo.pt-20260528164717-CK7C8KK985.warc.gz,True,
2026-05-28T06:02:19+00:00,https://recherche-collection-search.bac-lac.canada.ca/eng/Home/Result?DataSource=Genealogy%7CBirMarDivDea%7CDivInCan&DateBucket=1905&num=100&start=0,301,text/html,Z4DCTFJMOXN4IGQWBPU3SVEJLEVPSQ4R,SAWP5,save-merged-p107.arquivo.pt-20260528164705-3LSDIMAH79.warc.gz,True,
2026-05-28T06:02:20+00:00,https://recherche-collection-search.bac-lac.canada.ca/eng/home/nobots?requesturi=/eng/Home/Result?DataSource=Genealogy%7CBirMarDivDea%7CDivInCan&DateBucket=1905&num=100&start=0,200,text/html,2SR6LHLK4UWEAXSCXJUMXUWOKBUZZ6QJ,SAWP5,save-merged-p106.arquivo.pt-20260528164911-I4ZFBB8BRZ.warc.gz,True,
2026-05-28T06:02:23+00:00,https://recherche-collection-search.bac-lac.canada.ca/eng/Home/Record?app=divincan&IdNumber=164,200,text/html,4MQG33TFGOFEDNUR2E6M5YGR4A3B5SRM,SAWP5,save-merged-p106.arquivo.pt-20260528164911-I4ZFBB8BRZ.warc.gz,True,
2026-05-28T06:02:30+00:00,https://recherche-collection-search.bac-lac.canada.ca/eng/Home/Record?app=divincan&IdNumber=119,200,text/html,FTUMWRVEFDW6FUPBSJS2DFBVWXYK6K5O,SAWP5,save-merged-p106.arquivo.pt-20260528164911-I4ZFBB8BRZ.warc.gz,True,
2026-05-28T06:02:32+00:00,https://colabapi.bac-lac.gc.ca/hv/colab/lac-harmonized-viewer-module/lac-harmonized-viewer-module.esm.js,200,text/javascript,BYEZNZRE2RSTGVSCJ4PVCSCT7ZOYCLME,SAWP5,save-merged-p107.arquivo.pt-20260528164717-CK7C8KK985.warc.gz,True,
2026-05-28T06:02:32+00:00,https://colabapi.bac-lac.gc.ca//hv/uv/umd/UV.js,200,text/javascript,2GBBNBRUYNGG7ZO4Q4GBI7SMGOYTRUFM,SAWP5,save-merged-p105.arquivo.pt-20260528164516-QXR8GNAOK0.warc.gz,True,
2026-05-28T06:02:32+00:00,https://colabapi.bac-lac.gc.ca//hv/uv/uv.css,200,text/css,Q5FOSJDGKSGQI56VZUXI6A3QRWRAVV2U,SAWP5,save-merged-p105.arquivo.pt-20260528164500-Z9PKP0P0FF.warc.gz,True,
2026-05-28T06:02:32+00:00,https://recherche-collection-search.bac-lac.canada.ca/css/HVContainer.css?v=GmQqNj3RCC3nAUF9J6effLIMhsA,200,text/css,43D7R5VX4PPXSMETALGUUPYSDAEXHOAL,SAWP5,save-merged-p105.arquivo.pt-20260528164516-QXR8GNAOK0.warc.gz,True,
2026-05-28T06:02:32+00:00,https://recherche-collection-search.bac-lac.canada.ca/css/RecordDisplay.css?v=_bxZgZPU8_l9qP4BH4hE28IR4DM,200,text/css,HR2UE4626UHIE77PVBAWVRLV2IE2OY2E,SAWP5,save-merged-p107.arquivo.pt-20260528164712-SF9AP0UMOC.warc.gz,True,
2026-05-28T06:02:32+00:00,https://recherche-collection-search.bac-lac.canada.ca/GcWeb/css/site.min.css,200,text/css,TWSRAA3VIJ3DLWS2J4YJ2BULAWRZGQ7E,SAWP5,save-merged-p108.arquivo.pt-20260528165051-N7VDFW0Y0V.warc.gz,True,
2026-05-28T06:02:32+00:00,https://recherche-collection-search.bac-lac.canada.ca/images/generic.jpg,200,image/jpeg,D36Q2VMNANG5Z4JHTNSMXY36MW4K7JX5,SAWP5,save-merged-p107.arquivo.pt-20260528164717-CK7C8KK985.warc.gz,True,
2026-05-28T06:02:32+00:00,https://recherche-collection-search.bac-lac.canada.ca/js/suggest-correction.js?v=w1rTaU8rrh_Bjh8cdwFt9O_9IM0,200,text/javascript,YENB4OEPVCQ7PUCY6TWL2IKPOYEZXACQ,SAWP5,save-merged-p106.arquivo.pt-20260528164911-I4ZFBB8BRZ.warc.gz,True,
2026-05-28T06:02:32+00:00,https://recherche-collection-search.bac-lac.canada.ca/lib/jquery-ui-1.13.2/jquery-ui.min.css,200,text/css,OTRUF6YQ6A3ENRY2IB22ETLTEIRSUPQF,SAWP5,save-merged-p108.arquivo.pt-20260528165051-N7VDFW0Y0V.warc.gz,True,
2026-05-28T06:02:33+00:00,https://colabapi.bac-lac.gc.ca/hv/colab/lac-harmonized-viewer-module/lac-harmonized-viewer-module.esm.js,200,text/javascript,BYEZNZRE2RSTGVSCJ4PVCSCT7ZOYCLME,SAWP5,save-merged-p105.arquivo.pt-20260528164516-QXR8GNAOK0.warc.gz,True,
2026-05-28T06:02:33+00:00,https://recherche-collection-search.bac-lac.canada.ca/css/site.css?v=JuHmsmCwQuMee4SmH9ncR-Uy2ZE,200,text/css,UBTZ45YT2T7TU4NMDIWO3RAY2OSTN4SW,SAWP5,save-merged-p106.arquivo.pt-20260528164911-I4ZFBB8BRZ.warc.gz,True,
2026-05-28T06:02:33+00:00,https://recherche-collection-search.bac-lac.canada.ca/js/record-display.js?v=g26YfZkgZiBRpvvRzb4eUNGJv0E,200,text/javascript,WZTLDSNFE7LFZCREPOW5F7WX7P7H4Y7V,SAWP5,save-merged-p108.arquivo.pt-20260528165051-N7VDFW0Y0V.warc.gz,True,
2026-05-28T06:02:34+00:00,https://colabapi.bac-lac.gc.ca//hv/uv/umd/UV.js,200,text/javascript,2GBBNBRUYNGG7ZO4Q4GBI7SMGOYTRUFM,SAWP5,save-merged-p108.arquivo.pt-20260528165041-04FNRCES5G.warc.gz,True,
2026-05-28T06:02:35+00:00,https://recherche-collection-search.bac-lac.canada.ca/eng/Home/Result?DataSource=Genealogy%7CBirMarDivDea%7CDivInCan&SearchType=SAD&DateBucket=1905,301,text/html,W4FGDIDEJURWTZP45YNHPTMXOTLYBU6P,SAWP5,save-merged-p105.arquivo.pt-20260528164516-QXR8GNAOK0.warc.gz,True,
2026-05-28T06:02:36+00:00,https://recherche-collection-search.bac-lac.canada.ca/eng/home/nobots?requesturi=/eng/Home/Result?DataSource=Genealogy%7CBirMarDivDea%7CDivInCan&SearchType=SAD&DateBucket=1905,200,text/html,5V3AKDJQ6FD4TNYJWPTC4BW3AZC5UZUP,SAWP5,save-merged-p107.arquivo.pt-20260528164712-SF9AP0UMOC.warc.gz,True,
2026-05-28T06:02:37+00:00,https://recherche-collection-search.bac-lac.canada.ca/eng/Home/Record?app=divincan&IdNumber=1,200,text/html,CULWMVPSL6DJSIV4HGD7KAGGBTSLTWLS,SAWP5,save-merged-p106.arquivo.pt-20260528164911-I4ZFBB8BRZ.warc.gz,True,
2026-05-28T06:02:38+00:00,https://recherche-collection-search.bac-lac.canada.ca/eng/Home/Result?LastName=Allen&DataSource=Genealogy%7CBirMarDivDea%7CDivInCan&DataSourceSel=Genealogy&ST=SAD,301,text/html,HRJ5JBVDRIMKVQ4Q4Y7KOHUCL6VFZDZG,SAWP5,save-merged-p106.arquivo.pt-20260528164911-I4ZFBB8BRZ.warc.gz,True,
2026-05-28T06:02:39+00:00,https://recherche-collection-search.bac-lac.canada.ca/eng/home/nobots?requesturi=/eng/Home/Result?LastName=Allen&DataSource=Genealogy%7CBirMarDivDea%7CDivInCan&DataSourceSel=Genealogy&ST=SAD,200,text/html,VHH7ALBR4SPLNLXJQ4UWEZ2JPKDB4FNG,SAWP5,save-merged-p106.arquivo.pt-20260528164911-I4ZFBB8BRZ.warc.gz,True,
2026-05-28T06:02:39+00:00,https://recherche-collection-search.bac-lac.canada.ca/eng/Home/Record?app=divincan&IdNumber=1,200,text/html,XJCGFX7K4KTLWEUKC6DL3HBBZCKRVYVR,SAWP5,save-merged-p106.arquivo.pt-20260528164911-I4ZFBB8BRZ.warc.gz,True,
2026-05-28T06:02:40+00:00,https://recherche-collection-search.bac-lac.canada.ca/eng/Home/Record?app=divincan&IdNumber=105,200,text/html,JCU5Z2JGCKIGME2LQDQBOXLBOAQD4EKU,SAWP5,save-merged-p106.arquivo.pt-20260528164911-I4ZFBB8BRZ.warc.gz,True,
2026-05-28T06:02:43+00:00,https://recherche-collection-search.bac-lac.canada.ca/eng/Home/Record?app=divincan&IdNumber=147,200,text/html,22W4SN5SKBAFC7SUPWLFZ5QDBTFDN5SU,SAWP5,save-merged-p105.arquivo.pt-20260528164516-QXR8GNAOK0.warc.gz,True,
2026-05-28T06:02:45+00:00,https://recherche-collection-search.bac-lac.canada.ca/eng/Home/Record?app=divincan&IdNumber=164,200,text/html,5QKK3RHSPOEADOGXL2VEKNCWVBZ4B4DH,SAWP5,save-merged-p105.arquivo.pt-20260528164516-QXR8GNAOK0.warc.gz,True,
2026-05-28T06:02:50+00:00,https://recherche-collection-search.bac-lac.canada.ca/eng/Home/Result?DataSource=Genealogy%7CBirMarDivDea%7CDivInCan&SearchType=SAD&DateBucket=1905&tag=020237,200,text/html,JEYZ2ZIT3RVHIQTR3ZXE6ZQOL2JOFPOE,SAWP5,save-merged-p106.arquivo.pt-20260528164911-I4ZFBB8BRZ.warc.gz,True,
2026-05-28T06:02:55+00:00,https://recherche-collection-search.bac-lac.canada.ca/eng/Home/Record?app=divincan&IdNumber=123,200,text/html,5IOT3FA65RFBX2XW7B2CCAV6IKRL4CRB,SAWP5,save-merged-p106.arquivo.pt-20260528164911-I4ZFBB8BRZ.warc.gz,True,
2026-05-28T06:02:58+00:00,https://recherche-collection-search.bac-lac.canada.ca/eng/Home/Record?app=divincan&IdNumber=147,200,text/html,C4J32VYVP327EG4OV7PXUFMB3ZSOEBJD,SAWP5,save-merged-p105.arquivo.pt-20260528164516-QXR8GNAOK0.warc.gz,True,
2026-05-28T06:03:16+00:00,https://recherche-collection-search.bac-lac.canada.ca/eng/Home/Record?app=divincan&IdNumber=80,200,text/html,QOEXRTUSV5WNMWZ7BTAVNRI6M5TSDLAW,SAWP5,save-merged-p108.arquivo.pt-20260528165051-N7VDFW0Y0V.warc.gz,True,
2026-05-28T06:03:17+00:00,https://recherche-collection-search.bac-lac.canada.ca/bootstrap-5.0.2-dist/css/bootstrap.css,200,text/css,BN4J5EG3GVCRQNR7H6DA6TMA3DFVTUI7,SAWP5,save-merged-p106.arquivo.pt-20260528164911-I4ZFBB8BRZ.warc.gz,True,
2026-05-28T06:03:18+00:00,https://recherche-collection-search.bac-lac.canada.ca/eng/Home/Record?app=divincan&IdNumber=90,200,text/html,DMGGGCU7HQBUPJXMIX7J54YAHIDMNEOZ,SAWP5,save-merged-p105.arquivo.pt-20260528164516-QXR8GNAOK0.warc.gz,True,
2026-05-28T06:03:18+00:00,https://recherche-collection-search.bac-lac.canada.ca/GcWeb/js/bootstrap-dropdown.min.js?_=1779948143043,200,text/javascript,5BUFMKRKBPDYWUKY5JMYZC6MIWF7D6ZV,SAWP5,save-merged-p107.arquivo.pt-20260528164717-CK7C8KK985.warc.gz,True,
2026-05-28T06:03:20+00:00,https://recherche-collection-search.bac-lac.canada.ca/eng/Home/Record?app=divincan&IdNumber=100,200,text/html,V6F4LIWL6XSIZXUBD3W5HRYWIWTBPMHM,SAWP5,save-merged-p105.arquivo.pt-20260528164516-QXR8GNAOK0.warc.gz,True,
2026-05-28T06:03:21+00:00,https://recherche-collection-search.bac-lac.canada.ca/eng/Home/Record?app=divincan&IdNumber=108,200,text/html,WNCCKR2C6OTBV2UR6FXE7L3Z37M6W4NF,SAWP5,save-merged-p107.arquivo.pt-20260528164712-SF9AP0UMOC.warc.gz,True,
2026-05-28T06:03:22+00:00,https://recherche-collection-search.bac-lac.canada.ca/eng/Home/Record?app=divincan&IdNumber=109,200,text/html,BRIPCZPYNBT5DSFUE4SHXOFTYBVWLH52,SAWP5,save-merged-p105.arquivo.pt-20260528164500-Z9PKP0P0FF.warc.gz,True,
2026-05-28T06:03:24+00:00,https://recherche-collection-search.bac-lac.canada.ca/eng/Home/Record?app=divincan&IdNumber=114,200,text/html,E3N74ZRZNP33LABHNQOQP5RUB7UF62J2,SAWP5,save-merged-p107.arquivo.pt-20260528164705-3LSDIMAH79.warc.gz,True,
2026-05-28T06:03:25+00:00,https://recherche-collection-search.bac-lac.canada.ca/eng/Home/Record?app=divincan&IdNumber=150,200,text/html,HJ7HDYF25TDWQ5VBHLLMFQBM7SJKOPKK,SAWP5,save-merged-p106.arquivo.pt-20260528164911-I4ZFBB8BRZ.warc.gz,True,
2026-05-28T06:03:25+00:00,https://recherche-collection-search.bac-lac.canada.ca/GcWeb/js/bootstrap-dropdown.min.js?_=1779947778047,200,text/javascript,5BUFMKRKBPDYWUKY5JMYZC6MIWF7D6ZV,SAWP5,save-merged-p106.arquivo.pt-20260528164911-I4ZFBB8BRZ.warc.gz,True,
2026-05-28T06:03:25+00:00,https://recherche-collection-search.bac-lac.canada.ca/GcWeb/js/bootstrap-dropdown.min.js?_=1779948085043,200,text/javascript,5BUFMKRKBPDYWUKY5JMYZC6MIWF7D6ZV,SAWP5,save-merged-p107.arquivo.pt-20260528164717-CK7C8KK985.warc.gz,True,
2026-05-28T06:03:27+00:00,https://recherche-collection-search.bac-lac.canada.ca/GcWeb/js/bootstrap-dropdown.min.js?_=1779948087048,200,text/javascript,5BUFMKRKBPDYWUKY5JMYZC6MIWF7D6ZV,SAWP5,save-merged-p106.arquivo.pt-20260528164911-I4ZFBB8BRZ.warc.gz,True,
2026-05-28T06:03:31+00:00,https://recherche-collection-search.bac-lac.canada.ca/eng/Home/Record?app=divincan%26IdNumber=123,200,text/html,LPZSTTIP7VVIKRIVJQWP7HXBPJ2ZK335,SAWP5,save-merged-p107.arquivo.pt-20260528164712-SF9AP0UMOC.warc.gz,True,
2026-05-28T06:03:31+00:00,https://recherche-collection-search.bac-lac.canada.ca/eng/Home/Record?app=divincan&IdNumber=164,200,text/html,CT54CLFLGDV4QETRXKG3VQXWFLU3QYTC,SAWP5,save-merged-p108.arquivo.pt-20260528165051-N7VDFW0Y0V.warc.gz,True,
2026-05-28T06:03:33+00:00,https://colabapi.bac-lac.gc.ca/hv/colab/lac-harmonized-viewer-module/lac-harmonized-viewer-module.esm.js,200,text/javascript,BYEZNZRE2RSTGVSCJ4PVCSCT7ZOYCLME,SAWP5,save-merged-p105.arquivo.pt-20260528164516-QXR8GNAOK0.warc.gz,True,
2026-05-28T06:03:33+00:00,https://colabapi.bac-lac.gc.ca//hv/uv/umd/UV.js,200,text/javascript,2GBBNBRUYNGG7ZO4Q4GBI7SMGOYTRUFM,SAWP5,save-merged-p106.arquivo.pt-20260528164911-I4ZFBB8BRZ.warc.gz,True,
2026-05-28T06:03:33+00:00,https://colabapi.bac-lac.gc.ca//hv/uv/uv.css,200,text/css,Q5FOSJDGKSGQI56VZUXI6A3QRWRAVV2U,SAWP5,save-merged-p105.arquivo.pt-20260528164516-QXR8GNAOK0.warc.gz,True,
2026-05-28T06:03:33+00:00,https://recherche-collection-search.bac-lac.canada.ca/css/HVContainer.css?v=GmQqNj3RCC3nAUF9J6effLIMhsA,200,text/css,43D7R5VX4PPXSMETALGUUPYSDAEXHOAL,SAWP5,save-merged-p108.arquivo.pt-20260528165051-N7VDFW0Y0V.warc.gz,True,
2026-05-28T06:03:33+00:00,https://recherche-collection-search.bac-lac.canada.ca/css/RecordDisplay.css?v=_bxZgZPU8_l9qP4BH4hE28IR4DM,200,text/css,HR2UE4626UHIE77PVBAWVRLV2IE2OY2E,SAWP5,save-merged-p105.arquivo.pt-20260528164516-QXR8GNAOK0.warc.gz,True,
2026-05-28T06:03:33+00:00,https://recherche-collection-search.bac-lac.canada.ca/css/site.css?v=JuHmsmCwQuMee4SmH9ncR-Uy2ZE,200,text/css,UBTZ45YT2T7TU4NMDIWO3RAY2OSTN4SW,SAWP5,save-merged-p107.arquivo.pt-20260528164717-CK7C8KK985.warc.gz,True,
2026-05-28T06:03:33+00:00,https://recherche-collection-search.bac-lac.canada.ca/GcWeb/css/site.min.css,200,text/css,TWSRAA3VIJ3DLWS2J4YJ2BULAWRZGQ7E,SAWP5,save-merged-p105.arquivo.pt-20260528164516-QXR8GNAOK0.warc.gz,True,
2026-05-28T06:03:33+00:00,https://recherche-collection-search.bac-lac.canada.ca/images/generic.jpg,200,image/jpeg,D36Q2VMNANG5Z4JHTNSMXY36MW4K7JX5,SAWP5,save-merged-p108.arquivo.pt-20260528165051-N7VDFW0Y0V.warc.gz,True,
2026-05-28T06:03:33+00:00,https://recherche-collection-search.bac-lac.canada.ca/js/suggest-correction.js?v=w1rTaU8rrh_Bjh8cdwFt9O_9IM0,200,text/javascript,YENB4OEPVCQ7PUCY6TWL2IKPOYEZXACQ,SAWP5,save-merged-p108.arquivo.pt-20260528165051-N7VDFW0Y0V.warc.gz,True,
2026-05-28T06:03:33+00:00,https://recherche-collection-search.bac-lac.canada.ca/lib/jquery-ui-1.13.2/jquery-ui.min.css,200,text/css,OTRUF6YQ6A3ENRY2IB22ETLTEIRSUPQF,SAWP5,save-merged-p106.arquivo.pt-20260528164911-I4ZFBB8BRZ.warc.gz,True,
2026-05-28T06:03:34+00:00,https://colabapi.bac-lac.gc.ca//hv/uv/umd/UV.js,200,text/javascript,2GBBNBRUYNGG7ZO4Q4GBI7SMGOYTRUFM,SAWP5,save-merged-p105.arquivo.pt-20260528164516-QXR8GNAOK0.warc.gz,True,
2026-05-28T06:03:34+00:00,https://colabapi.bac-lac.gc.ca//hv/uv/uv.css,200,text/css,Q5FOSJDGKSGQI56VZUXI6A3QRWRAVV2U,SAWP5,save-merged-p107.arquivo.pt-20260528164717-CK7C8KK985.warc.gz,True,
2026-05-28T06:03:34+00:00,https://recherche-collection-search.bac-lac.canada.ca/js/record-display.js?v=g26YfZkgZiBRpvvRzb4eUNGJv0E,200,text/javascript,WZTLDSNFE7LFZCREPOW5F7WX7P7H4Y7V,SAWP5,save-merged-p108.arquivo.pt-20260528165031-IKD434EGU4.warc.gz,True,
2026-05-28T06:03:36+00:00,https://recherche-collection-search.bac-lac.canada.ca/GcWeb/js/bootstrap-dropdown.min.js?_=1779948060342,200,text/javascript,5BUFMKRKBPDYWUKY5JMYZC6MIWF7D6ZV,SAWP5,save-merged-p107.arquivo.pt-20260528164717-CK7C8KK985.warc.gz,True,
2026-05-28T06:03:56+00:00,https://recherche-collection-search.bac-lac.canada.ca/eng/Home/Result?DataSource=Genealogy%7CBirMarDivDea%7CDivInCan,301,text/html,PEIOY7GUFG75JZMOZQJEVNDTG7X7WKT2,SAWP5,save-merged-p107.arquivo.pt-20260528164717-CK7C8KK985.warc.gz,True,
2026-05-28T06:03:57+00:00,https://recherche-collection-search.bac-lac.canada.ca/eng/home/nobots?requesturi=/eng/Home/Result?DataSource=Genealogy%7CBirMarDivDea%7CDivInCan,200,text/html,AGVMRL3HYQXHFPQRBGAFKN4JJSASAMKV,SAWP5,save-merged-p108.arquivo.pt-20260528165051-N7VDFW0Y0V.warc.gz,True,
2026-05-28T06:04:37+00:00,https://recherche-collection-search.bac-lac.canada.ca/lib/jquery-ui-1.13.2/jquery-ui.js,200,text/javascript,B25LZUWG3JD33YI7VXZTDIBMTCCFWCUN,SAWP5,save-merged-p106.arquivo.pt-20260528164911-I4ZFBB8BRZ.warc.gz,True,
2026-05-28T06:04:39+00:00,https://recherche-collection-search.bac-lac.canada.ca/js/site.js?v=0WuZVA2ISjfcynklHBn8AePH_2Y,200,text/javascript,VXC5PBVVUTTGS2VPCEJF2IMN6WSKRCCE,SAWP5,save-merged-p108.arquivo.pt-20260528165051-N7VDFW0Y0V.warc.gz,True,
2026-05-28T06:04:40+00:00,https://recherche-collection-search.bac-lac.canada.ca/bootstrap-5.0.2-dist/js/bootstrap.bundle.min.js,200,text/javascript,SAIWSUTVA77Z4ZRM6ZGY4NQ7GWJQRFYN,SAWP5,save-merged-p108.arquivo.pt-20260528165051-N7VDFW0Y0V.warc.gz,True,
2026-05-28T06:04:41+00:00,https://recherche-collection-search.bac-lac.canada.ca/js/my-research.js?v=BXYY80mFm3TQTDlccCldbP65bSw,200,text/javascript,MK2HMZJ2OLVLWBGLHVLTBKD3NT4N66RV,SAWP5,save-merged-p108.arquivo.pt-20260528165041-04FNRCES5G.warc.gz,True,
2026-05-28T06:06:49+00:00,https://recherche-collection-search.bac-lac.canada.ca/lib/jquery-ui-1.13.2/jquery-ui.js,200,text/javascript,B25LZUWG3JD33YI7VXZTDIBMTCCFWCUN,SAWP5,save-merged-p106.arquivo.pt-20260528164911-I4ZFBB8BRZ.warc.gz,True,
2026-05-28T06:06:51+00:00,https://recherche-collection-search.bac-lac.canada.ca/bootstrap-5.0.2-dist/js/bootstrap.bundle.min.js,200,text/javascript,SAIWSUTVA77Z4ZRM6ZGY4NQ7GWJQRFYN,SAWP5,save-merged-p107.arquivo.pt-20260528164712-SF9AP0UMOC.warc.gz,True,
2026-05-28T06:06:51+00:00,https://recherche-collection-search.bac-lac.canada.ca/js/my-research.js?v=BXYY80mFm3TQTDlccCldbP65bSw,200,text/javascript,MK2HMZJ2OLVLWBGLHVLTBKD3NT4N66RV,SAWP5,save-merged-p105.arquivo.pt-20260528164516-QXR8GNAOK0.warc.gz,True,
2026-05-28T06:06:51+00:00,https://recherche-collection-search.bac-lac.canada.ca/js/site.js?v=0WuZVA2ISjfcynklHBn8AePH_2Y,200,text/javascript,VXC5PBVVUTTGS2VPCEJF2IMN6WSKRCCE,SAWP5,save-merged-p105.arquivo.pt-20260528164516-QXR8GNAOK0.warc.gz,True,
2026-05-28T06:09:04+00:00,https://recherche-collection-search.bac-lac.canada.ca/GcWeb/js/bootstrap-dropdown.min.js?_=1779948407695,200,text/javascript,5BUFMKRKBPDYWUKY5JMYZC6MIWF7D6ZV,SAWP5,save-merged-p106.arquivo.pt-20260528164911-I4ZFBB8BRZ.warc.gz,True,
2026-05-28T06:10:06+00:00,https://recherche-collection-search.bac-lac.canada.ca/GcWeb/js/bootstrap-dropdown.min.js?_=1779948421756,200,text/javascript,5BUFMKRKBPDYWUKY5JMYZC6MIWF7D6ZV,SAWP5,save-merged-p106.arquivo.pt-20260528164916-3NRHB2RM5V.warc.gz,True,
2026-05-28T06:11:17+00:00,https://recherche-collection-search.bac-lac.canada.ca/eng/Home/Record?app=divincan&IdNumber=164,200,text/html,D64UX3APBQ2IIVVPQJY7UZ63GBFYCFTR,SAWP5,save-merged-p105.arquivo.pt-20260528164500-Z9PKP0P0FF.warc.gz,True,
2026-05-28T06:11:47+00:00,https://recherche-collection-search.bac-lac.canada.ca/GcWeb/js/bootstrap-dropdown.min.js?_=1779948072111,200,text/javascript,5BUFMKRKBPDYWUKY5JMYZC6MIWF7D6ZV,SAWP5,save-merged-p108.arquivo.pt-20260528165051-N7VDFW0Y0V.warc.gz,True,
2026-05-28T06:11:59+00:00,https://recherche-collection-search.bac-lac.canada.ca/GcWeb/js/bootstrap-dropdown.min.js?_=1779948143152,200,text/javascript,5BUFMKRKBPDYWUKY5JMYZC6MIWF7D6ZV,SAWP5,save-merged-p106.arquivo.pt-20260528164916-3NRHB2RM5V.warc.gz,True,
2026-05-28T06:13:42+00:00,https://recherche-collection-search.bac-lac.canada.ca/eng/Home/Record?app=divincan&IdNumber=1,200,text/html,SLQ6HNIHGFAKFVZNJRW5LKYICJHWQSRI,SAWP5,save-merged-p108.arquivo.pt-20260528165051-N7VDFW0Y0V.warc.gz,True,
2026-05-28T06:14:04+00:00,https://recherche-collection-search.bac-lac.canada.ca/eng/Home/Record?app=divincan&IdNumber=119&format=xml,200,text/html,ZZSI5WS23BZ2TTFU54MDDYF65M3X3HFT,SAWP5,save-merged-p108.arquivo.pt-20260528165051-N7VDFW0Y0V.warc.gz,True,
2026-05-28T06:14:06+00:00,https://recherche-collection-search.bac-lac.canada.ca/eng/Home/RecordXml?app=divincan&IdNumber=119,404,text/html,4ZEP3Y5DS2QBUKO4LAKUD7CTZ4EZOAMG,SAWP5,save-merged-p107.arquivo.pt-20260528164717-CK7C8KK985.warc.gz,True,
2026-05-28T06:14:08+00:00,https://recherche-collection-search.bac-lac.canada.ca/eng/Home/GetRecordXml?app=divincan&IdNumber=119,404,text/html,O6KMEUHX7Q6KOMTL2ARLF4QBCFNGXHBD,SAWP5,save-merged-p105.arquivo.pt-20260528164506-L8EEEBBS3Z.warc.gz,True,
2026-05-28T06:14:10+00:00,https://recherche-collection-search.bac-lac.canada.ca/eng/Home/RecordXML?app=divincan&IdNumber=119,404,text/html,6MFKVXKZW5ESI3KLKTXSGUUPP6OU2764,SAWP5,save-merged-p105.arquivo.pt-20260528164516-QXR8GNAOK0.warc.gz,True,
2026-05-28T06:14:10+00:00,https://recherche-collection-search.bac-lac.canada.ca/eng/Home/Result?DataSource=Genealogy%7CBirMarDivDea%7CDivInCan&SearchType=SAD&DateBucket=1900-1909%7C1905,301,text/html,CDTZSQB4GGGAWN5UV6ICA44LO2TQIMZN,SAWP5,save-merged-p105.arquivo.pt-20260528164516-QXR8GNAOK0.warc.gz,True,
2026-05-28T06:14:11+00:00,https://recherche-collection-search.bac-lac.canada.ca/eng/ajax/record?app=divincan&IdNumber=119,404,text/html,WEGLBNHFAMNSGRHNCDJATH2S7TBWS27B,SAWP5,save-merged-p108.arquivo.pt-20260528165051-N7VDFW0Y0V.warc.gz,True,
2026-05-28T06:14:11+00:00,https://recherche-collection-search.bac-lac.canada.ca/eng/home/nobots?requesturi=/eng/Home/Result?DataSource=Genealogy%7CBirMarDivDea%7CDivInCan&SearchType=SAD&DateBucket=1900-1909%7C1905,200,text/html,KD5RDMJ5DDV3FOTFVBONVUO4X4GIFSZT,SAWP5,save-merged-p105.arquivo.pt-20260528164516-QXR8GNAOK0.warc.gz,True,
2026-05-28T06:14:13+00:00,https://recherche-collection-search.bac-lac.canada.ca/ajax/record?app=divincan&IdNumber=119,404,text/html,QLCY3LAV5H5DF6A7HNPU66BPUPHNFI3K,SAWP5,save-merged-p106.arquivo.pt-20260528164911-I4ZFBB8BRZ.warc.gz,True,
2026-05-28T06:14:13+00:00,https://recherche-collection-search.bac-lac.canada.ca/eng/Home/Result?DataSource=Genealogy%7CBirMarDivDea%7CDivInCan&SearchType=SAD&DateBucket=1900-1909%7C1905&tag=021412,200,text/html,4O5LUHRMUXM3AJ76ROSPOKZLAAFLG5HF,SAWP5,save-merged-p105.arquivo.pt-20260528164500-Z9PKP0P0FF.warc.gz,True,
2026-05-28T06:14:15+00:00,https://recherche-collection-search.bac-lac.canada.ca/api/record?app=divincan&IdNumber=119,404,text/html,7GAGYG4S72HLKRFFY4MZX7N2544CW5N4,SAWP5,save-merged-p107.arquivo.pt-20260528164717-CK7C8KK985.warc.gz,True,
2026-05-28T06:14:16+00:00,https://recherche-collection-search.bac-lac.canada.ca/eng/Home/Record/119?app=divincan,404,text/html,DIS2STM7R4K65PS3BWHR37GTFNSOHSYK,SAWP5,save-merged-p105.arquivo.pt-20260528164516-QXR8GNAOK0.warc.gz,True,
2026-05-28T06:14:18+00:00,https://recherche-collection-search.bac-lac.canada.ca/eng/Home/Download?app=divincan&IdNumber=119,404,text/html,JMHFOX3QALLJBX4PBF3KTSL7COPQEQ24,SAWP5,save-merged-p105.arquivo.pt-20260528164516-QXR8GNAOK0.warc.gz,True,
2026-05-28T06:15:07+00:00,https://recherche-collection-search.bac-lac.canada.ca/eng/Home/Record?app=divincan&IdNumber=147,200,text/html,FNS46VW2LHP2IOM56HRIIWIDEYUN6MPZ,SAWP5,save-merged-p107.arquivo.pt-20260528164717-CK7C8KK985.warc.gz,True,
2026-05-28T06:15:08+00:00,https://recherche-collection-search.bac-lac.canada.ca/eng/Home/Record?app=divincan&IdNumber=81,200,text/html,FCL7V66H22TMZFY6BL472EWY2KO2EVGV,SAWP5,save-merged-p108.arquivo.pt-20260528165051-N7VDFW0Y0V.warc.gz,True,
2026-05-28T06:15:08+00:00,https://recherche-collection-search.bac-lac.canada.ca/eng/Home/Record?app=divincan&IdNumber=82,200,text/html,GRR5DFNMG44NM275COLIQ5UDV4DOOB3H,SAWP5,save-merged-p107.arquivo.pt-20260528164705-3LSDIMAH79.warc.gz,True,
2026-05-28T06:15:08+00:00,https://recherche-collection-search.bac-lac.canada.ca/eng/Home/Record?app=divincan&IdNumber=83,200,text/html,BIXXP3L76FWGAMD2CR3SMTESAYDVMP4L,SAWP5,save-merged-p108.arquivo.pt-20260528165051-N7VDFW0Y0V.warc.gz,True,
2026-05-28T06:15:08+00:00,https://recherche-collection-search.bac-lac.canada.ca/eng/Home/Record?app=divincan&IdNumber=84,200,text/html,CRV3D2C25X4KR23X6XCTSTIRG6FWO2AG,SAWP5,save-merged-p108.arquivo.pt-20260528165051-N7VDFW0Y0V.warc.gz,True,
2026-05-28T06:15:08+00:00,https://recherche-collection-search.bac-lac.canada.ca/eng/Home/Record?app=divincan&IdNumber=85,200,text/html,I2CDWHYIA7JCIDSUVPWOIZE5KPIUGSSP,SAWP5,save-merged-p107.arquivo.pt-20260528164717-CK7C8KK985.warc.gz,True,
2026-05-28T06:15:08+00:00,https://recherche-collection-search.bac-lac.canada.ca/eng/Home/Record?app=divincan&IdNumber=86,200,text/html,PWLNOBSQ4HN6YZP73U6ESB7RJDBONWQT,SAWP5,save-merged-p108.arquivo.pt-20260528165051-N7VDFW0Y0V.warc.gz,True,
2026-05-28T06:15:08+00:00,https://recherche-collection-search.bac-lac.canada.ca/eng/Home/Record?app=divincan&IdNumber=87,200,text/html,JYXUB7DXCMVHMXBJ7ENBO7OZERZR6UKK,SAWP5,save-merged-p105.arquivo.pt-20260528164500-Z9PKP0P0FF.warc.gz,True,
2026-05-28T06:15:08+00:00,https://recherche-collection-search.bac-lac.canada.ca/eng/Home/Record?app=divincan&IdNumber=88,200,text/html,BIPJJSL7P3U6DHJWFTYP7DMHXIGY2TSI,SAWP5,save-merged-p107.arquivo.pt-20260528164717-CK7C8KK985.warc.gz,True,
2026-05-28T06:15:09+00:00,https://recherche-collection-search.bac-lac.canada.ca/eng/Home/Record?app=divincan&IdNumber=89,200,text/html,ZV7WPH2VSVUNY7TUVK3EPWKPVU3KQDVG,SAWP5,save-merged-p105.arquivo.pt-20260528164516-QXR8GNAOK0.warc.gz,True,
2026-05-28T06:15:09+00:00,https://recherche-collection-search.bac-lac.canada.ca/eng/Home/Record?app=divincan&IdNumber=92,200,text/html,UCS7HGZAWL3ZG55I7KFSKAKBVC3BJ5EZ,SAWP5,save-merged-p108.arquivo.pt-20260528165051-N7VDFW0Y0V.warc.gz,True,
2026-05-28T06:15:09+00:00,https://recherche-collection-search.bac-lac.canada.ca/eng/Home/Record?app=divincan&IdNumber=93,200,text/html,AE4UMJIL3V3ZCCEX4CJKOQGEZED5PDSS,SAWP5,save-merged-p107.arquivo.pt-20260528164717-CK7C8KK985.warc.gz,True,
2026-05-28T06:15:10+00:00,https://recherche-collection-search.bac-lac.canada.ca/eng/Home/Record?app=divincan&IdNumber=94,200,text/html,772FO3VNIXUL2BHU5Y5WM5GEIDZWNS2H,SAWP5,save-merged-p107.arquivo.pt-20260528164717-CK7C8KK985.warc.gz,True,
2026-05-28T06:15:10+00:00,https://recherche-collection-search.bac-lac.canada.ca/eng/Home/Record?app=divincan&IdNumber=95,200,text/html,EDFMVKR64EJDKZSUOMAWVGAXAGPPHKYC,SAWP5,save-merged-p108.arquivo.pt-20260528165051-N7VDFW0Y0V.warc.gz,True,
2026-05-28T06:15:10+00:00,https://recherche-collection-search.bac-lac.canada.ca/eng/Home/Record?app=divincan&IdNumber=96,200,text/html,A2MSKG6TTPJO7Y3A7KP6NKAK2VTXKPQK,SAWP5,save-merged-p107.arquivo.pt-20260528164717-CK7C8KK985.warc.gz,True,
2026-05-28T06:15:10+00:00,https://recherche-collection-search.bac-lac.canada.ca/eng/Home/Record?app=divincan&IdNumber=97,200,text/html,ZTCGCGH625GIW3W3JG2IC63XWELJN2C7,SAWP5,save-merged-p107.arquivo.pt-20260528164717-CK7C8KK985.warc.gz,True,
2026-05-28T06:15:11+00:00,https://recherche-collection-search.bac-lac.canada.ca/eng/Home/Record?app=divincan&IdNumber=101,200,text/html,3DRWF5362U4PF2LE7FIDH4DBWVSBERQ2,SAWP5,save-merged-p108.arquivo.pt-20260528165051-N7VDFW0Y0V.warc.gz,True,
2026-05-28T06:15:11+00:00,https://recherche-collection-search.bac-lac.canada.ca/eng/Home/Record?app=divincan&IdNumber=102,200,text/html,LOZXYWLJU5FFPLFBSDGWQNZ4FGVM43DS,SAWP5,save-merged-p105.arquivo.pt-20260528164516-QXR8GNAOK0.warc.gz,True,
2026-05-28T06:15:11+00:00,https://recherche-collection-search.bac-lac.canada.ca/eng/Home/Record?app=divincan&IdNumber=103,200,text/html,XISZGECAHT766LDGXZDSI5MYZIUKXLWV,SAWP5,save-merged-p105.arquivo.pt-20260528164500-Z9PKP0P0FF.warc.gz,True,
2026-05-28T06:15:11+00:00,https://recherche-collection-search.bac-lac.canada.ca/eng/Home/Record?app=divincan&IdNumber=104,200,text/html,M5CV6IUZS5GAC5RHCV7V3RHVPQEUIOLP,SAWP5,save-merged-p108.arquivo.pt-20260528165051-N7VDFW0Y0V.warc.gz,True,
2026-05-28T06:15:11+00:00,https://recherche-collection-search.bac-lac.canada.ca/eng/Home/Record?app=divincan&IdNumber=98,200,text/html,4RSG566OAPXUO2BVQOUQ3CRFHHSQ3OAC,SAWP5,save-merged-p108.arquivo.pt-20260528165051-N7VDFW0Y0V.warc.gz,True,
2026-05-28T06:15:11+00:00,https://recherche-collection-search.bac-lac.canada.ca/eng/Home/Record?app=divincan&IdNumber=99,200,text/html,ZKQWMAICWKMQCD63O3L56SXY3FMVQQ6W,SAWP5,save-merged-p108.arquivo.pt-20260528165051-N7VDFW0Y0V.warc.gz,True,
2026-05-28T06:15:12+00:00,https://recherche-collection-search.bac-lac.canada.ca/eng/Home/Record?app=divincan&IdNumber=106,200,text/html,WJC6EWZYUKCCCT5VZBX3ALOAZQB3CPYH,SAWP5,save-merged-p108.arquivo.pt-20260528165051-N7VDFW0Y0V.warc.gz,True,
2026-05-28T06:15:12+00:00,https://recherche-collection-search.bac-lac.canada.ca/eng/Home/Record?app=divincan&IdNumber=107,200,text/html,66ESTUZS43DGOICSA4FI4PJNDRJLZKCR,SAWP5,save-merged-p108.arquivo.pt-20260528165051-N7VDFW0Y0V.warc.gz,True,
2026-05-28T06:15:12+00:00,https://recherche-collection-search.bac-lac.canada.ca/eng/Home/Record?app=divincan&IdNumber=110,200,text/html,67NRZMFBTALQXDEAPHDEU7J4AMBK2GOS,SAWP5,save-merged-p107.arquivo.pt-20260528164717-CK7C8KK985.warc.gz,True,
2026-05-28T06:15:12+00:00,https://recherche-collection-search.bac-lac.canada.ca/eng/Home/Record?app=divincan&IdNumber=111,200,text/html,X4ZWJ672ZTPILZJ5EJ6YRU54VPNE2SJO,SAWP5,save-merged-p108.arquivo.pt-20260528165051-N7VDFW0Y0V.warc.gz,True,
2026-05-28T06:15:12+00:00,https://recherche-collection-search.bac-lac.canada.ca/eng/Home/Record?app=divincan&IdNumber=112,200,text/html,SZYPKKCMWRYPRODBQ2Y6PIICSZCVBLX7,SAWP5,save-merged-p108.arquivo.pt-20260528165051-N7VDFW0Y0V.warc.gz,True,
2026-05-28T06:15:13+00:00,https://recherche-collection-search.bac-lac.canada.ca/eng/Home/Record?app=divincan&IdNumber=113,200,text/html,GXMM2LKBPHFUKBDUZOSVSWDAWSNSGXWM,SAWP5,save-merged-p108.arquivo.pt-20260528165051-N7VDFW0Y0V.warc.gz,True,
2026-05-28T06:15:13+00:00,https://recherche-collection-search.bac-lac.canada.ca/eng/Home/Record?app=divincan&IdNumber=115,200,text/html,QFICJOO2UCVLVEJWHOLR7QD6JAFZR724,SAWP5,save-merged-p108.arquivo.pt-20260528165051-N7VDFW0Y0V.warc.gz,True,
2026-05-28T06:15:13+00:00,https://recherche-collection-search.bac-lac.canada.ca/eng/Home/Record?app=divincan&IdNumber=116,200,text/html,B476EWEM6RLSRNJQWLY2XKIHHPS4MJNJ,SAWP5,save-merged-p108.arquivo.pt-20260528165051-N7VDFW0Y0V.warc.gz,True,
2026-05-28T06:15:14+00:00,https://recherche-collection-search.bac-lac.canada.ca/eng/Home/Record?app=divincan&IdNumber=117,200,text/html,UAOWD2WMIMQSWCLW4DRUHXHXCJQH7DE2,SAWP5,save-merged-p107.arquivo.pt-20260528164705-3LSDIMAH79.warc.gz,True,
2026-05-28T06:15:14+00:00,https://recherche-collection-search.bac-lac.canada.ca/eng/Home/Record?app=divincan&IdNumber=118,200,text/html,JUXZ6YJIU3BVO735U6TSP677J7BBKAMU,SAWP5,save-merged-p107.arquivo.pt-20260528164717-CK7C8KK985.warc.gz,True,
2026-05-28T06:15:14+00:00,https://recherche-collection-search.bac-lac.canada.ca/eng/Home/Record?app=divincan&IdNumber=120,200,text/html,YIMKLWTK7RKULBQP24NPZSGJLDXAH5DK,SAWP5,save-merged-p107.arquivo.pt-20260528164705-3LSDIMAH79.warc.gz,True,
2026-05-28T06:15:14+00:00,https://recherche-collection-search.bac-lac.canada.ca/eng/Home/Record?app=divincan&IdNumber=121,200,text/html,6JMM6AU5V3WS2VCK6PM3O7PV2BOGLYSB,SAWP5,save-merged-p108.arquivo.pt-20260528165051-N7VDFW0Y0V.warc.gz,True,
2026-05-28T06:15:15+00:00,https://recherche-collection-search.bac-lac.canada.ca/eng/Home/Record?app=divincan&IdNumber=122,200,text/html,J2SWSPAZW6OAYL3TNZABJHQVP6OZ734Z,SAWP5,save-merged-p107.arquivo.pt-20260528164700-CD29T1U4XI.warc.gz,True,
2026-05-28T06:15:15+00:00,https://recherche-collection-search.bac-lac.canada.ca/eng/Home/Record?app=divincan&IdNumber=124,200,text/html,YY3XACPJP523DEBI4C4C3MOY745EAIDC,SAWP5,save-merged-p105.arquivo.pt-20260528164500-Z9PKP0P0FF.warc.gz,True,
2026-05-28T06:15:15+00:00,https://recherche-collection-search.bac-lac.canada.ca/eng/Home/Record?app=divincan&IdNumber=125,200,text/html,6YACGBHUN3AJ4FZBVRKXBN2FCYQLA3UG,SAWP5,save-merged-p107.arquivo.pt-20260528164717-CK7C8KK985.warc.gz,True,
2026-05-28T06:15:15+00:00,https://recherche-collection-search.bac-lac.canada.ca/eng/Home/Record?app=divincan&IdNumber=126,200,text/html,ZVBXVEH326X7P6TUAVYAPTK5HQERAOXM,SAWP5,save-merged-p105.arquivo.pt-20260528164500-Z9PKP0P0FF.warc.gz,True,
2026-05-28T06:15:15+00:00,https://recherche-collection-search.bac-lac.canada.ca/eng/Home/Record?app=divincan&IdNumber=127,200,text/html,OSSHZU2ZVPMWMRPKUJVB4PV7XRZOT6HQ,SAWP5,save-merged-p108.arquivo.pt-20260528165051-N7VDFW0Y0V.warc.gz,True,
2026-05-28T06:15:16+00:00,https://recherche-collection-search.bac-lac.canada.ca/eng/Home/Record?app=divincan&IdNumber=128,200,text/html,5DH7QVAQLVQIML7MIO5Q42G3SCQTDK5H,SAWP5,save-merged-p107.arquivo.pt-20260528164717-CK7C8KK985.warc.gz,True,
2026-05-28T06:15:16+00:00,https://recherche-collection-search.bac-lac.canada.ca/eng/Home/Record?app=divincan&IdNumber=129,200,text/html,5MZ4X2EA2YKNDY2IJKSYXFDW3MQY4DM4,SAWP5,save-merged-p108.arquivo.pt-20260528165051-N7VDFW0Y0V.warc.gz,True,
2026-05-28T06:15:16+00:00,https://recherche-collection-search.bac-lac.canada.ca/eng/Home/Record?app=divincan&IdNumber=130,200,text/html,63J66TBGLQFZXCRNXFMXUPWGPUB3V35H,SAWP5,save-merged-p107.arquivo.pt-20260528164717-CK7C8KK985.warc.gz,True,
2026-05-28T06:15:16+00:00,https://recherche-collection-search.bac-lac.canada.ca/eng/Home/Record?app=divincan&IdNumber=131,200,text/html,5ZFWBUQTUWR2R725FRHIKMNOLVWWIMQN,SAWP5,save-merged-p108.arquivo.pt-20260528165051-N7VDFW0Y0V.warc.gz,True,
2026-05-28T06:15:16+00:00,https://recherche-collection-search.bac-lac.canada.ca/eng/Home/Record?app=divincan&IdNumber=132,200,text/html,7NIHXU543YWO7TVBFGTA23NABHEE6NVN,SAWP5,save-merged-p107.arquivo.pt-20260528164705-3LSDIMAH79.warc.gz,True,
2026-05-28T06:15:16+00:00,https://recherche-collection-search.bac-lac.canada.ca/eng/Home/Record?app=divincan&IdNumber=133,200,text/html,2B6V7OCSY7NKNL5HQ6WTJIHSROURE2UE,SAWP5,save-merged-p106.arquivo.pt-20260528164911-I4ZFBB8BRZ.warc.gz,True,
2026-05-28T06:15:16+00:00,https://recherche-collection-search.bac-lac.canada.ca/eng/Home/Record?app=divincan&IdNumber=134,200,text/html,Z4UPL4YGSL65P6QCA6ZCKPXSOZ3ICEUJ,SAWP5,save-merged-p106.arquivo.pt-20260528164911-I4ZFBB8BRZ.warc.gz,True,
2026-05-28T06:15:17+00:00,https://recherche-collection-search.bac-lac.canada.ca/eng/Home/Record?app=divincan&IdNumber=135,200,text/html,K4L63TVVSXSQRPXO5CORHXWQCI3MIID2,SAWP5,save-merged-p106.arquivo.pt-20260528164916-3NRHB2RM5V.warc.gz,True,
2026-05-28T06:15:17+00:00,https://recherche-collection-search.bac-lac.canada.ca/eng/Home/Record?app=divincan&IdNumber=136,200,text/html,N3YW6APOZ5DVEB7SWGOBG4TVZC5EAXJ3,SAWP5,save-merged-p106.arquivo.pt-20260528164911-I4ZFBB8BRZ.warc.gz,True,
2026-05-28T06:15:17+00:00,https://recherche-collection-search.bac-lac.canada.ca/eng/Home/Record?app=divincan&IdNumber=137,200,text/html,2E7JXAUTCUN4L6DNSLGXQFEOXF4SS2SV,SAWP5,save-merged-p106.arquivo.pt-20260528164916-3NRHB2RM5V.warc.gz,True,
2026-05-28T06:15:17+00:00,https://recherche-collection-search.bac-lac.canada.ca/eng/Home/Record?app=divincan&IdNumber=138,200,text/html,54GHWVHFBBYYGPDYIUMR24WVANHW5P6G,SAWP5,save-merged-p106.arquivo.pt-20260528164916-3NRHB2RM5V.warc.gz,True,
2026-05-28T06:15:18+00:00,https://recherche-collection-search.bac-lac.canada.ca/eng/Home/Record?app=divincan&IdNumber=139,200,text/html,72S2QPU3PN4ZQBI2QUYB4YN6N62KDX67,SAWP5,save-merged-p105.arquivo.pt-20260528164516-QXR8GNAOK0.warc.gz,True,
2026-05-28T06:15:19+00:00,https://recherche-collection-search.bac-lac.canada.ca/eng/Home/Record?app=divincan&IdNumber=140,200,text/html,62Z32C4YSYDYHRP45FTLONGWKPQO4ZML,SAWP5,save-merged-p106.arquivo.pt-20260528164916-3NRHB2RM5V.warc.gz,True,
2026-05-28T06:15:19+00:00,https://recherche-collection-search.bac-lac.canada.ca/eng/Home/Record?app=divincan&IdNumber=141,200,text/html,WA3RSJSSBD2IABCPLFPTHB76TCPAJAMT,SAWP5,save-merged-p106.arquivo.pt-20260528164911-I4ZFBB8BRZ.warc.gz,True,
2026-05-28T06:15:19+00:00,https://recherche-collection-search.bac-lac.canada.ca/eng/Home/Record?app=divincan&IdNumber=142,200,text/html,MKCGKD4RQ2TWWBGHBCADJKXH67ZT2NLG,SAWP5,save-merged-p106.arquivo.pt-20260528164916-3NRHB2RM5V.warc.gz,True,
2026-05-28T06:15:19+00:00,https://recherche-collection-search.bac-lac.canada.ca/eng/Home/Record?app=divincan&IdNumber=143,200,text/html,PD6O4QTNSMFF5MJSVV6ZW53ZF34SKTRX,SAWP5,save-merged-p106.arquivo.pt-20260528164911-I4ZFBB8BRZ.warc.gz,True,
2026-05-28T06:15:19+00:00,https://recherche-collection-search.bac-lac.canada.ca/eng/Home/Record?app=divincan&IdNumber=144,200,text/html,AB4URCVSZYG22N2ORFBK4NM2ETTYAAQI,SAWP5,save-merged-p106.arquivo.pt-20260528164911-I4ZFBB8BRZ.warc.gz,True,
2026-05-28T06:15:19+00:00,https://recherche-collection-search.bac-lac.canada.ca/eng/Home/Record?app=divincan&IdNumber=145,200,text/html,ARRG2BIB2CFSQJKLWHXBCBH2C6TCRB4L,SAWP5,save-merged-p106.arquivo.pt-20260528164911-I4ZFBB8BRZ.warc.gz,True,
2026-05-28T06:15:19+00:00,https://recherche-collection-search.bac-lac.canada.ca/eng/Home/Record?app=divincan&IdNumber=146,200,text/html,UJMWIASU3FHRP2QVCHPYSQXUH2SUHZ4P,SAWP5,save-merged-p106.arquivo.pt-20260528164916-3NRHB2RM5V.warc.gz,True,
2026-05-28T06:15:19+00:00,https://recherche-collection-search.bac-lac.canada.ca/eng/Home/Record?app=divincan&IdNumber=148,200,text/html,KNRZUGNAF72Z4NCKPFXG2BHE37S7DGZP,SAWP5,save-merged-p106.arquivo.pt-20260528164916-3NRHB2RM5V.warc.gz,True,
2026-05-28T06:15:20+00:00,https://recherche-collection-search.bac-lac.canada.ca/eng/Home/Record?app=divincan&IdNumber=149,200,text/html,QJHIKJNBSEGHSTMDIJNBUWZZXRTSW6KM,SAWP5,save-merged-p107.arquivo.pt-20260528164717-CK7C8KK985.warc.gz,True,
2026-05-28T06:15:21+00:00,https://recherche-collection-search.bac-lac.canada.ca/eng/Home/Record?app=divincan&IdNumber=151,200,text/html,BO6VVA66GDH4YXIDXWJ2MFYIIBJZR723,SAWP5,save-merged-p106.arquivo.pt-20260528164916-3NRHB2RM5V.warc.gz,True,
2026-05-28T06:15:21+00:00,https://recherche-collection-search.bac-lac.canada.ca/eng/Home/Record?app=divincan&IdNumber=152,200,text/html,6ARW4NWJTDKEBWMCCFA3PDX3NEUPMTYR,SAWP5,save-merged-p106.arquivo.pt-20260528164916-3NRHB2RM5V.warc.gz,True,
2026-05-28T06:15:21+00:00,https://recherche-collection-search.bac-lac.canada.ca/eng/Home/Record?app=divincan&IdNumber=153,200,text/html,2AH3BNLREBGCVJOCEZP4L7JPQTG7TPGR,SAWP5,save-merged-p106.arquivo.pt-20260528164916-3NRHB2RM5V.warc.gz,True,
2026-05-28T06:15:21+00:00,https://recherche-collection-search.bac-lac.canada.ca/eng/Home/Record?app=divincan&IdNumber=154,200,text/html,6HLEONNHCW6WZHNF2P7I4ROJPTAYLYK7,SAWP5,save-merged-p106.arquivo.pt-20260528164916-3NRHB2RM5V.warc.gz,True,
2026-05-28T06:15:21+00:00,https://recherche-collection-search.bac-lac.canada.ca/eng/Home/Record?app=divincan&IdNumber=155,200,text/html,IN2VB6VSRLJQIDFCQYUMJWPK5MJWOYJH,SAWP5,save-merged-p106.arquivo.pt-20260528164916-3NRHB2RM5V.warc.gz,True,
2026-05-28T06:15:21+00:00,https://recherche-collection-search.bac-lac.canada.ca/eng/Home/Record?app=divincan&IdNumber=156,200,text/html,X7F77QTMCOXMUFKFR2YQPTUSJ5UXLGH7,SAWP5,save-merged-p106.arquivo.pt-20260528164916-3NRHB2RM5V.warc.gz,True,
2026-05-28T06:15:21+00:00,https://recherche-collection-search.bac-lac.canada.ca/eng/Home/Record?app=divincan&IdNumber=157,200,text/html,N3QXFBOCXHNJMEMBTG55I4TOMVTTZNZB,SAWP5,save-merged-p106.arquivo.pt-20260528164905-FHK3N00QQC.warc.gz,True,
2026-05-28T06:15:21+00:00,https://recherche-collection-search.bac-lac.canada.ca/GcWeb/css/site.min.css,200,text/css,TWSRAA3VIJ3DLWS2J4YJ2BULAWRZGQ7E,SAWP5,save-merged-p107.arquivo.pt-20260528164717-CK7C8KK985.warc.gz,True,
2026-05-28T06:15:22+00:00,https://colabapi.bac-lac.gc.ca//hv/uv/umd/UV.js,200,text/javascript,2GBBNBRUYNGG7ZO4Q4GBI7SMGOYTRUFM,SAWP5,save-merged-p106.arquivo.pt-20260528164905-FHK3N00QQC.warc.gz,True,
2026-05-28T06:15:22+00:00,https://colabapi.bac-lac.gc.ca//hv/uv/uv.css,200,text/css,Q5FOSJDGKSGQI56VZUXI6A3QRWRAVV2U,SAWP5,save-merged-p106.arquivo.pt-20260528164916-3NRHB2RM5V.warc.gz,True,
2026-05-28T06:15:22+00:00,https://recherche-collection-search.bac-lac.canada.ca/css/HVContainer.css?v=GmQqNj3RCC3nAUF9J6effLIMhsA,200,text/css,43D7R5VX4PPXSMETALGUUPYSDAEXHOAL,SAWP5,save-merged-p107.arquivo.pt-20260528164705-3LSDIMAH79.warc.gz,True,
2026-05-28T06:15:22+00:00,https://recherche-collection-search.bac-lac.canada.ca/css/RecordDisplay.css?v=_bxZgZPU8_l9qP4BH4hE28IR4DM,200,text/css,HR2UE4626UHIE77PVBAWVRLV2IE2OY2E,SAWP5,save-merged-p106.arquivo.pt-20260528164905-FHK3N00QQC.warc.gz,True,
2026-05-28T06:15:22+00:00,https://recherche-collection-search.bac-lac.canada.ca/css/site.css?v=JuHmsmCwQuMee4SmH9ncR-Uy2ZE,200,text/css,UBTZ45YT2T7TU4NMDIWO3RAY2OSTN4SW,SAWP5,save-merged-p106.arquivo.pt-20260528164916-3NRHB2RM5V.warc.gz,True,
2026-05-28T06:15:22+00:00,https://recherche-collection-search.bac-lac.canada.ca/eng/Home/Record?app=divincan&IdNumber=158,200,text/html,ZAZR6U7K6FCE3WV3G3VKFZLIAM3B6IF3,SAWP5,save-merged-p106.arquivo.pt-20260528164901-7WWTFBYXGH.warc.gz,True,
2026-05-28T06:15:22+00:00,https://recherche-collection-search.bac-lac.canada.ca/eng/Home/Record?app=divincan&IdNumber=159,200,text/html,BNH4GAWQFF4XUW35OXV43PBV5Z6XAB7T,SAWP5,save-merged-p106.arquivo.pt-20260528164911-I4ZFBB8BRZ.warc.gz,True,
2026-05-28T06:15:22+00:00,https://recherche-collection-search.bac-lac.canada.ca/eng/Home/Record?app=divincan&IdNumber=160,200,text/html,6C76KNMBDSFTUZVA7PQLOZXN5O2YQZU3,SAWP5,save-merged-p106.arquivo.pt-20260528164911-I4ZFBB8BRZ.warc.gz,True,
2026-05-28T06:15:22+00:00,https://recherche-collection-search.bac-lac.canada.ca/eng/Home/Record?app=divincan&IdNumber=161,200,text/html,6DT6FTZ23NJ7LPVDORYHFWQN464EYWPQ,SAWP5,save-merged-p106.arquivo.pt-20260528164916-3NRHB2RM5V.warc.gz,True,
2026-05-28T06:15:22+00:00,https://recherche-collection-search.bac-lac.canada.ca/eng/Home/Record?app=divincan&IdNumber=162,200,text/html,6YEPIOEG6AG5I6MAYJWM3WJNMWNNIYWN,SAWP5,save-merged-p107.arquivo.pt-20260528164717-CK7C8KK985.warc.gz,True,
2026-05-28T06:15:22+00:00,https://recherche-collection-search.bac-lac.canada.ca/images/generic.jpg,200,image/jpeg,D36Q2VMNANG5Z4JHTNSMXY36MW4K7JX5,SAWP5,save-merged-p106.arquivo.pt-20260528164916-3NRHB2RM5V.warc.gz,True,
2026-05-28T06:15:22+00:00,https://recherche-collection-search.bac-lac.canada.ca/js/suggest-correction.js?v=w1rTaU8rrh_Bjh8cdwFt9O_9IM0,200,text/javascript,YENB4OEPVCQ7PUCY6TWL2IKPOYEZXACQ,SAWP5,save-merged-p107.arquivo.pt-20260528164705-3LSDIMAH79.warc.gz,True,
2026-05-28T06:15:22+00:00,https://recherche-collection-search.bac-lac.canada.ca/lib/jquery-ui-1.13.2/jquery-ui.min.css,200,text/css,OTRUF6YQ6A3ENRY2IB22ETLTEIRSUPQF,SAWP5,save-merged-p106.arquivo.pt-20260528164911-I4ZFBB8BRZ.warc.gz,True,
2026-05-28T06:15:23+00:00,https://colabapi.bac-lac.gc.ca//hv/uv/umd/UV.js,200,text/javascript,2GBBNBRUYNGG7ZO4Q4GBI7SMGOYTRUFM,SAWP5,save-merged-p106.arquivo.pt-20260528164905-FHK3N00QQC.warc.gz,True,
2026-05-28T06:15:23+00:00,https://colabapi.bac-lac.gc.ca//hv/uv/uv.css,200,text/css,Q5FOSJDGKSGQI56VZUXI6A3QRWRAVV2U,SAWP5,save-merged-p105.arquivo.pt-20260528164516-QXR8GNAOK0.warc.gz,True,
2026-05-28T06:15:23+00:00,https://recherche-collection-search.bac-lac.canada.ca/css/site.css?v=JuHmsmCwQuMee4SmH9ncR-Uy2ZE,200,text/css,UBTZ45YT2T7TU4NMDIWO3RAY2OSTN4SW,SAWP5,save-merged-p106.arquivo.pt-20260528164911-I4ZFBB8BRZ.warc.gz,True,
2026-05-28T06:15:23+00:00,https://recherche-collection-search.bac-lac.canada.ca/eng/Home/Record?app=divincan&IdNumber=163,200,text/html,5LFZVX6YTBG4VXXCQBUVKNEVPV2OSOSL,SAWP5,save-merged-p106.arquivo.pt-20260528164911-I4ZFBB8BRZ.warc.gz,True,
2026-05-28T06:15:23+00:00,https://recherche-collection-search.bac-lac.canada.ca/eng/Home/Record?app=divincan&IdNumber=167,200,text/html,77WM7Z56YGIUX5EFDWHSUFAGQTZD3V4F,SAWP5,save-merged-p108.arquivo.pt-20260528165041-04FNRCES5G.warc.gz,True,
2026-05-28T06:15:23+00:00,https://recherche-collection-search.bac-lac.canada.ca/images/generic.jpg,200,image/jpeg,D36Q2VMNANG5Z4JHTNSMXY36MW4K7JX5,SAWP5,save-merged-p106.arquivo.pt-20260528164916-3NRHB2RM5V.warc.gz,True,
2026-05-28T06:15:23+00:00,https://recherche-collection-search.bac-lac.canada.ca/lib/jquery-ui-1.13.2/jquery-ui.min.css,200,text/css,OTRUF6YQ6A3ENRY2IB22ETLTEIRSUPQF,SAWP5,save-merged-p106.arquivo.pt-20260528164916-3NRHB2RM5V.warc.gz,True,
2026-05-28T06:15:24+00:00,https://recherche-collection-search.bac-lac.canada.ca/eng/Home/Record?app=divincan&IdNumber=169,200,text/html,NDJQG6FZD2KRCJ2ZSKTUXUFY5HNPRPDM,SAWP5,save-merged-p105.arquivo.pt-20260528164500-Z9PKP0P0FF.warc.gz,True,
2026-05-28T06:15:24+00:00,https://recherche-collection-search.bac-lac.canada.ca/eng/Home/Record?app=divincan&IdNumber=170,200,text/html,ZRNXWSILQOCEXPG65LNFJKT2ZSCAEPLD,SAWP5,save-merged-p107.arquivo.pt-20260528164717-CK7C8KK985.warc.gz,True,
2026-05-28T06:15:24+00:00,https://recherche-collection-search.bac-lac.canada.ca/js/record-display.js?v=g26YfZkgZiBRpvvRzb4eUNGJv0E,200,text/javascript,WZTLDSNFE7LFZCREPOW5F7WX7P7H4Y7V,SAWP5,save-merged-p106.arquivo.pt-20260528164916-3NRHB2RM5V.warc.gz,True,
2026-05-28T06:15:26+00:00,https://recherche-collection-search.bac-lac.canada.ca/eng/Home/Record?app=divincan&IdNumber=171,200,text/html,TDHBNK7CDIJJVSJPMEAHKNQMFIEZR5DH,SAWP5,save-merged-p106.arquivo.pt-20260528164905-FHK3N00QQC.warc.gz,True,
2026-05-28T06:15:26+00:00,https://recherche-collection-search.bac-lac.canada.ca/eng/Home/Record?app=divincan&IdNumber=172,200,text/html,4GOJFBUIYTXPFCNVYGFXY6F5Y2VMVGOE,SAWP5,save-merged-p106.arquivo.pt-20260528164911-I4ZFBB8BRZ.warc.gz,True,
2026-05-28T06:15:26+00:00,https://recherche-collection-search.bac-lac.canada.ca/eng/Home/Record?app=divincan&IdNumber=173,200,text/html,YC4H5TOIQ2V65NTOPEP2LHUPAATSDQEO,SAWP5,save-merged-p106.arquivo.pt-20260528164916-3NRHB2RM5V.warc.gz,True,
2026-05-28T06:15:26+00:00,https://recherche-collection-search.bac-lac.canada.ca/eng/Home/Record?app=divincan&IdNumber=174,200,text/html,NGGIDVYCO3K47BLTHDNRDRNJDYIBT42V,SAWP5,save-merged-p106.arquivo.pt-20260528164916-3NRHB2RM5V.warc.gz,True,
2026-05-28T06:15:26+00:00,https://recherche-collection-search.bac-lac.canada.ca/eng/Home/Record?app=divincan&IdNumber=175,200,text/html,X5S6FFJFBXJD42LDOX4W3WRRBHUS7H2U,SAWP5,save-merged-p108.arquivo.pt-20260528165051-N7VDFW0Y0V.warc.gz,True,
2026-05-28T06:15:27+00:00,https://recherche-collection-search.bac-lac.canada.ca/eng/Home/Record?app=divincan&IdNumber=176,200,text/html,7RZR4M7YI5KVC5SJKNTULPW5GFHU3JV4,SAWP5,save-merged-p106.arquivo.pt-20260528164916-3NRHB2RM5V.warc.gz,True,
2026-05-28T06:15:27+00:00,https://recherche-collection-search.bac-lac.canada.ca/eng/Home/Record?app=divincan&IdNumber=177,200,text/html,MY2CYC6Z2WFE53ROKRXGMGRMYXRE7SWE,SAWP5,save-merged-p106.arquivo.pt-20260528164911-I4ZFBB8BRZ.warc.gz,True,
2026-05-28T06:15:28+00:00,https://recherche-collection-search.bac-lac.canada.ca/eng/Home/Record?app=divincan&IdNumber=178,200,text/html,4VTZXLUIC4IU4UAL4RUWTMCDQWHLMPLS,SAWP5,save-merged-p106.arquivo.pt-20260528164911-I4ZFBB8BRZ.warc.gz,True,
2026-05-28T06:15:28+00:00,https://recherche-collection-search.bac-lac.canada.ca/eng/Home/Record?app=divincan&IdNumber=179,200,text/html,UTC25ZLXHRPTCZWHIZ2CX6AXZL5GIG5Y,SAWP5,save-merged-p106.arquivo.pt-20260528164916-3NRHB2RM5V.warc.gz,True,
2026-05-28T06:15:28+00:00,https://recherche-collection-search.bac-lac.canada.ca/eng/Home/Record?app=divincan&IdNumber=180,200,text/html,4A7EWFQD3UKMFDLHT3K5VG7QSCLJDTNB,SAWP5,save-merged-p108.arquivo.pt-20260528165051-N7VDFW0Y0V.warc.gz,True,
2026-05-28T06:15:29+00:00,https://recherche-collection-search.bac-lac.canada.ca/eng/Home/Record?app=divincan&IdNumber=181,200,text/html,EUECYC4CY627BFND4I24A6EIC4K36XNN,SAWP5,save-merged-p106.arquivo.pt-20260528164916-3NRHB2RM5V.warc.gz,True,
2026-05-28T06:15:29+00:00,https://recherche-collection-search.bac-lac.canada.ca/eng/Home/Record?app=divincan&IdNumber=182,200,text/html,MKBG7GX4A32BCJRHERAY32SZTSFBXEHE,SAWP5,save-merged-p106.arquivo.pt-20260528164905-FHK3N00QQC.warc.gz,True,
2026-05-28T06:15:29+00:00,https://recherche-collection-search.bac-lac.canada.ca/eng/Home/Record?app=divincan&IdNumber=183,200,text/html,45JLBORC3T3PFBUPVUXANYS7XYAJKA4B,SAWP5,save-merged-p107.arquivo.pt-20260528164705-3LSDIMAH79.warc.gz,True,
2026-05-28T06:15:29+00:00,https://recherche-collection-search.bac-lac.canada.ca/eng/Home/Record?app=divincan&IdNumber=184,200,text/html,6OAFY4SVC4XV4MVPTESM3FFQDFXYREWJ,SAWP5,save-merged-p106.arquivo.pt-20260528164911-I4ZFBB8BRZ.warc.gz,True,
2026-05-28T06:15:29+00:00,https://recherche-collection-search.bac-lac.canada.ca/eng/Home/Record?app=divincan&IdNumber=185,200,text/html,Z7PVV533IZVKRAGIEXE5C4AULMPVMHHU,SAWP5,save-merged-p105.arquivo.pt-20260528164516-QXR8GNAOK0.warc.gz,True,
2026-05-28T06:15:30+00:00,https://recherche-collection-search.bac-lac.canada.ca/eng/Home/Record?app=divincan&IdNumber=186,200,text/html,I7KF6XNUHWKCLSNPXLCM3SY2NIPLX7X5,SAWP5,save-merged-p106.arquivo.pt-20260528164916-3NRHB2RM5V.warc.gz,True,
2026-05-28T06:15:30+00:00,https://recherche-collection-search.bac-lac.canada.ca/eng/Home/Record?app=divincan&IdNumber=187,200,text/html,J3W4B7VDJGY3TCBOIXLSN2T7LDWJ7HW3,SAWP5,save-merged-p106.arquivo.pt-20260528164916-3NRHB2RM5V.warc.gz,True,
2026-05-28T06:15:30+00:00,https://recherche-collection-search.bac-lac.canada.ca/eng/Home/Record?app=divincan&IdNumber=190,200,text/html,VHQELVZ6PYIEJ4SE7LETZLDTCMP4QZIX,SAWP5,save-merged-p106.arquivo.pt-20260528164916-3NRHB2RM5V.warc.gz,True,
2026-05-28T06:15:31+00:00,https://recherche-collection-search.bac-lac.canada.ca/eng/Home/Record?app=divincan&IdNumber=119,200,text/html,SSWCN52H2KCOPWS5AUIUBIEXBS4QIWR3,SAWP5,save-merged-p106.arquivo.pt-20260528164911-I4ZFBB8BRZ.warc.gz,True,
2026-05-28T06:15:31+00:00,https://recherche-collection-search.bac-lac.canada.ca/eng/Home/Record?app=divincan&IdNumber=188,200,text/html,GI3REZKJ6T7PVHPJOIAIQLFGHOS5ZHNO,SAWP5,save-merged-p106.arquivo.pt-20260528164916-3NRHB2RM5V.warc.gz,True,
2026-05-28T06:15:31+00:00,https://recherche-collection-search.bac-lac.canada.ca/eng/Home/Record?app=divincan&IdNumber=189,200,text/html,OUD2RL6VPAR4SXBQ5OABMRTAXQ2JHMDX,SAWP5,save-merged-p106.arquivo.pt-20260528164916-3NRHB2RM5V.warc.gz,True,
2026-05-28T06:15:33+00:00,https://recherche-collection-search.bac-lac.canada.ca/eng/Home/Record?app=divincan&IdNumber=119,200,text/html,SRPWWMPTH7K3V6RBGV7643BA455HFG52,SAWP5,save-merged-p108.arquivo.pt-20260528165051-N7VDFW0Y0V.warc.gz,True,
2026-05-28T06:15:42+00:00,https://recherche-collection-search.bac-lac.canada.ca/eng/Home/Record?app=divincan%26IdNumber=164,200,text/html,IE26XS2CQ6SHRRDJZU42H57YZSDKUKOU,SAWP5,save-merged-p107.arquivo.pt-20260528164717-CK7C8KK985.warc.gz,True,
2026-05-28T06:15:44+00:00,https://recherche-collection-search.bac-lac.canada.ca/eng/Home/Record?app=divincan%26IdNumber=164,200,text/html,AXRIG7T3NA4CTITOEMUN7PUTL6QMMSL7,SAWP5,save-merged-p106.arquivo.pt-20260528164916-3NRHB2RM5V.warc.gz,True,
2026-05-28T06:15:45+00:00,https://recherche-collection-search.bac-lac.canada.ca/eng/Home/Record?app=divincan%26IdNumber=164,200,text/html,4E5JXMJGBH4JYM2SVZQ2EYMV2VDDJ2ZE,SAWP5,save-merged-p105.arquivo.pt-20260528164500-Z9PKP0P0FF.warc.gz,True,
2026-05-28T06:15:46+00:00,https://recherche-collection-search.bac-lac.canada.ca/eng/Home/Record?app=divincan&IdNumber=109,200,text/html,IF6ZWPSI44DJNCTUASZRF3SL2BD54YSA,SAWP5,save-merged-p108.arquivo.pt-20260528165051-N7VDFW0Y0V.warc.gz,True,
2026-05-28T06:15:46+00:00,https://recherche-collection-search.bac-lac.canada.ca/eng/Home/Record?app=divincan%26IdNumber=164,200,text/html,2DKNYFY4P4KABW45IXMXSEH5A3MWWUGA,SAWP5,save-merged-p108.arquivo.pt-20260528165051-N7VDFW0Y0V.warc.gz,True,
2026-05-28T06:15:47+00:00,https://recherche-collection-search.bac-lac.canada.ca/eng/Home/Record?app=divincan%26IdNumber=164,200,text/html,YZJ7JLVYE3VI4QMTCM452LNALR3LYF2L,SAWP5,save-merged-p106.arquivo.pt-20260528164916-3NRHB2RM5V.warc.gz,True,
2026-05-28T06:15:48+00:00,https://recherche-collection-search.bac-lac.canada.ca/eng/Home/Record?app=divincan%26IdNumber=164,200,text/html,ET5AZFA4UDZMJA7GCIADKYCM63YH56YD,SAWP5,save-merged-p107.arquivo.pt-20260528164717-CK7C8KK985.warc.gz,True,
2026-05-28T06:15:50+00:00,https://recherche-collection-search.bac-lac.canada.ca/eng/Home/Record?app=divincan%26IdNumber=164,200,text/html,ZJCK3FF7SP6JOFNTW226MZUHKWJK2JJE,SAWP5,save-merged-p106.arquivo.pt-20260528164916-3NRHB2RM5V.warc.gz,True,
2026-05-28T06:15:51+00:00,https://central.bac-lac.gc.ca/.redirect?app=divincan&id=119&lang=eng,307,unk,3I42H3S6NNFQ2MSVX7XZKYAYSCX5QBYJ,SAWP5,save-merged-p105.arquivo.pt-20260528164516-QXR8GNAOK0.warc.gz,True,
2026-05-28T06:15:51+00:00,https://recherche-collection-search.bac-lac.canada.ca/eng/Home/Record?app=divincan%26IdNumber=164,200,text/html,RCPNF2ZQELR6VP4CDDA33EZLDMI6BQDF,SAWP5,save-merged-p106.arquivo.pt-20260528164916-3NRHB2RM5V.warc.gz,True,
2026-05-28T06:15:52+00:00,https://recherche-collection-search.bac-lac.canada.ca/eng/Home/Record?app=divincan%26IdNumber=164,200,text/html,AAS2HSBCA432APMW6VRVSTTSFFNOVUTL,SAWP5,save-merged-p107.arquivo.pt-20260528164717-CK7C8KK985.warc.gz,True,
2026-05-28T06:15:53+00:00,https://recherche-collection-search.bac-lac.gc.ca/eng/home/record?idnumber=119&app=divincan&resource=folderlist,403,text/html,B5QDEA6GMIPGWDYW5OD4DR7I4WWR5XNB,SAWP5,save-merged-p106.arquivo.pt-20260528164916-3NRHB2RM5V.warc.gz,True,
2026-05-28T06:15:54+00:00,https://central.bac-lac.gc.ca/.item/?app=divincan&id=119,404,text/plain,7ZXDTCVPCNKVSIG2TQ4IRPRCVHRBDGX5,SAWP5,save-merged-p106.arquivo.pt-20260528164916-3NRHB2RM5V.warc.gz,True,
2026-05-28T06:15:55+00:00,https://central.bac-lac.gc.ca/.item?app=divincan&id=119,404,text/plain,7ZXDTCVPCNKVSIG2TQ4IRPRCVHRBDGX5,SAWP5,save-merged-p105.arquivo.pt-20260528164516-QXR8GNAOK0.warc.gz,True,
2026-05-28T06:15:57+00:00,https://central.bac-lac.gc.ca/.xml?app=divincan&id=119,404,unk,3I42H3S6NNFQ2MSVX7XZKYAYSCX5QBYJ,SAWP5,save-merged-p106.arquivo.pt-20260528164916-3NRHB2RM5V.warc.gz,True,
2026-05-28T06:15:58+00:00,https://central.bac-lac.gc.ca/eng/.item?app=divincan&id=119,404,unk,3I42H3S6NNFQ2MSVX7XZKYAYSCX5QBYJ,SAWP5,save-merged-p107.arquivo.pt-20260528164705-3LSDIMAH79.warc.gz,True,
2026-05-28T06:16:12+00:00,https://recherche-collection-search.bac-lac.canada.ca/eng/Home/Record?app=divincan&IdNumber=164,200,text/html,DZGCOWJA2OVCNZBRZFGEEOZE6ZVJSD2T,SAWP5,save-merged-p105.arquivo.pt-20260528164516-QXR8GNAOK0.warc.gz,True,
2026-05-28T06:16:14+00:00,https://recherche-collection-search.bac-lac.canada.ca/eng/Home/Record?app=divincan&IdNumber=164,200,text/html,ELPEVVGHBYVO32V43J7ZJCKIJYVJMO5P,SAWP5,save-merged-p108.arquivo.pt-20260528165051-N7VDFW0Y0V.warc.gz,True,
2026-05-28T06:16:15+00:00,https://recherche-collection-search.bac-lac.canada.ca/eng/Home/Record?app=divincan&IdNumber=164,200,text/html,AHWCQKHQTPYHAWTC376QHIDXCSHXHUMG,SAWP5,save-merged-p105.arquivo.pt-20260528164516-QXR8GNAOK0.warc.gz,True,
2026-05-28T06:16:15+00:00,https://recherche-collection-search.bac-lac.canada.ca/eng/Home/Result?DataSource=Genealogy%7CBirMarDivDea%7CDivInCan&q=Allen,301,text/html,335ILLPIOYTOIS3GNEWE775BF3UN2AUS,SAWP5,save-merged-p105.arquivo.pt-20260528164516-QXR8GNAOK0.warc.gz,True,
2026-05-28T06:16:16+00:00,https://recherche-collection-search.bac-lac.canada.ca/eng/home/nobots?requesturi=/eng/Home/Result?DataSource=Genealogy%7CBirMarDivDea%7CDivInCan&q=Allen,200,text/html,Z362N5XDKG2XPRX5TY5WZNSZUVIOMELQ,SAWP5,save-merged-p106.arquivo.pt-20260528164916-3NRHB2RM5V.warc.gz,True,
2026-05-28T06:16:16+00:00,https://recherche-collection-search.bac-lac.canada.ca/eng/Home/Record?app=divincan&IdNumber=164,200,text/html,GH6KFYVVTZRPOBSOTJGZ7A3PH4TLRKHV,SAWP5,save-merged-p106.arquivo.pt-20260528164916-3NRHB2RM5V.warc.gz,True,
2026-05-28T06:16:17+00:00,https://recherche-collection-search.bac-lac.canada.ca/eng/Home/Result?DataSource=Genealogy%7CBirMarDivDea%7CDivInCan&DateBucket=1905,301,text/html,BDDXTQ3245URC7VQVLURJMOANTM774HU,SAWP5,save-merged-p108.arquivo.pt-20260528165051-N7VDFW0Y0V.warc.gz,True,
2026-05-28T06:16:18+00:00,https://recherche-collection-search.bac-lac.canada.ca/eng/home/nobots?requesturi=/eng/Home/Result?DataSource=Genealogy%7CBirMarDivDea%7CDivInCan&DateBucket=1905,200,text/html,74MBB6QXTM66PWF6H64RQEYNBG3HAWZE,SAWP5,save-merged-p107.arquivo.pt-20260528164717-CK7C8KK985.warc.gz,True,
2026-05-28T06:16:18+00:00,https://recherche-collection-search.bac-lac.canada.ca/GcWeb/js/bootstrap-dropdown.min.js?_=1779948202297,200,text/javascript,5BUFMKRKBPDYWUKY5JMYZC6MIWF7D6ZV,SAWP5,save-merged-p107.arquivo.pt-20260528164649-ZCIVTSEF04.warc.gz,True,
2026-05-28T06:16:43+00:00,https://recherche-collection-search.bac-lac.canada.ca/eng/Home/Record?app=divincan%26IdNumber=131,200,text/html,HAEVGT3VUKUW3UZF7SMCQM4KYYIDMLSO,SAWP5,save-merged-p105.arquivo.pt-20260528164506-L8EEEBBS3Z.warc.gz,True,
2026-05-28T06:16:49+00:00,https://recherche-collection-search.bac-lac.canada.ca/eng/Home/Record?app=divincan&IdNumber=119,200,text/html,IBULGYZZB2UAJRETNGNO6IDD7IKOQP4O,SAWP5,save-merged-p105.arquivo.pt-20260528164516-QXR8GNAOK0.warc.gz,True,
2026-05-28T06:16:51+00:00,https://recherche-collection-search.bac-lac.canada.ca/eng/Home/Record?app=divincan&IdNumber=119,200,text/html,QWJHM5TBVJOTJP6EVKJZWODVLQYVYBI4,SAWP5,save-merged-p107.arquivo.pt-20260528164717-CK7C8KK985.warc.gz,True,
2026-05-28T06:16:53+00:00,https://recherche-collection-search.bac-lac.canada.ca/eng/Home/Record?app=divincan&IdNumber=119,200,text/html,XYB5VKKOI5MNGZIBJ4T3TPRHCK3V3UTS,SAWP5,save-merged-p106.arquivo.pt-20260528164916-3NRHB2RM5V.warc.gz,True,
2026-05-28T06:16:54+00:00,https://recherche-collection-search.bac-lac.canada.ca/eng/Home/Record?app=divincan&IdNumber=119,200,text/html,P4IMB7DGNN5NDGOBN5PUOL4AUXX2LFSZ,SAWP5,save-merged-p106.arquivo.pt-20260528164916-3NRHB2RM5V.warc.gz,True,
2026-05-28T06:16:55+00:00,https://recherche-collection-search.bac-lac.canada.ca/eng/Home/Record?app=divincan&IdNumber=119,200,text/html,F2WGPAJW7A6WZWX2BR3Q34YO3UGIMZHV,SAWP5,save-merged-p105.arquivo.pt-20260528164500-Z9PKP0P0FF.warc.gz,True,
2026-05-28T06:16:55+00:00,https://recherche-collection-search.bac-lac.canada.ca/eng/Home/Record?app=divincan&IdNumber=147,200,text/html,M6O334OHUAFOFJ6KQYO5X5SDAVXDBOH7,SAWP5,save-merged-p105.arquivo.pt-20260528164516-QXR8GNAOK0.warc.gz,True,
2026-05-28T06:16:57+00:00,https://recherche-collection-search.bac-lac.canada.ca/eng/Home/Record?app=divincan&IdNumber=119,200,text/html,SZ6BUSVHN4EEF6YPDHYDPCN2DIU4YDQW,SAWP5,save-merged-p106.arquivo.pt-20260528164916-3NRHB2RM5V.warc.gz,True,
2026-05-28T06:16:57+00:00,https://recherche-collection-search.bac-lac.canada.ca/eng/Home/Record?app=divincan&IdNumber=147,200,text/html,CUZGMNWWUVYS2ID46DWUDU574BSLQ63Q,SAWP5,save-merged-p108.arquivo.pt-20260528165051-N7VDFW0Y0V.warc.gz,True,
2026-05-28T06:16:58+00:00,https://recherche-collection-search.bac-lac.canada.ca/eng/Home/Record?app=divincan&IdNumber=119,200,text/html,6KECJ6JGBUZOCF5G2SKOOF44CFQ2X4SR,SAWP5,save-merged-p106.arquivo.pt-20260528164916-3NRHB2RM5V.warc.gz,True,
2026-05-28T06:16:58+00:00,https://recherche-collection-search.bac-lac.canada.ca/eng/Home/Record?app=divincan&IdNumber=147,200,text/html,QQS5KLIC4DKU6GBEMXSKCE4LNKARCXFZ,SAWP5,save-merged-p106.arquivo.pt-20260528164916-3NRHB2RM5V.warc.gz,True,
2026-05-28T06:16:59+00:00,https://recherche-collection-search.bac-lac.canada.ca/eng/Home/Record?app=divincan&IdNumber=147,200,text/html,VB7PDBDZXDN44PJ5PBDVMWZHGESSSVSN,SAWP5,save-merged-p105.arquivo.pt-20260528164516-QXR8GNAOK0.warc.gz,True,
2026-05-28T06:17:01+00:00,https://recherche-collection-search.bac-lac.canada.ca/eng/Home/Record?app=divincan&IdNumber=119,200,text/html,TJKYR64CDCSZJGNXU22FPRYWTA2XSOCV,SAWP5,save-merged-p108.arquivo.pt-20260528165051-N7VDFW0Y0V.warc.gz,True,
2026-05-28T06:17:01+00:00,https://recherche-collection-search.bac-lac.canada.ca/GcWeb/js/bootstrap-dropdown.min.js?_=1779948202081,200,text/javascript,5BUFMKRKBPDYWUKY5JMYZC6MIWF7D6ZV,SAWP5,save-merged-p108.arquivo.pt-20260528165051-N7VDFW0Y0V.warc.gz,True,
2026-05-28T06:17:13+00:00,https://recherche-collection-search.bac-lac.canada.ca/js/site.js?v=0WuZVA2ISjfcynklHBn8AePH_2Y,200,text/javascript,VXC5PBVVUTTGS2VPCEJF2IMN6WSKRCCE,SAWP5,save-merged-p108.arquivo.pt-20260528165051-N7VDFW0Y0V.warc.gz,True,
2026-05-28T06:17:13+00:00,https://recherche-collection-search.bac-lac.canada.ca/lib/jquery-ui-1.13.2/jquery-ui.js,200,text/javascript,B25LZUWG3JD33YI7VXZTDIBMTCCFWCUN,SAWP5,save-merged-p108.arquivo.pt-20260528165051-N7VDFW0Y0V.warc.gz,True,
2026-05-28T06:17:32+00:00,https://recherche-collection-search.bac-lac.canada.ca/eng/Home/Record?app=divincan&IdNumber=109,200,text/html,AUQQKNWG2C5JHODWTQNPA3RU5FC6ATJ5,SAWP5,save-merged-p107.arquivo.pt-20260528164700-CD29T1U4XI.warc.gz,True,
2026-05-28T06:17:33+00:00,https://recherche-collection-search.bac-lac.canada.ca/eng/Home/Record?app=divincan&IdNumber=109,200,text/html,6OYVYSVJTRERJVERH43YLGOUWGNLKLAF,SAWP5,save-merged-p108.arquivo.pt-20260528165051-N7VDFW0Y0V.warc.gz,True,
2026-05-28T06:17:35+00:00,https://recherche-collection-search.bac-lac.canada.ca/eng/Home/Record?app=divincan&IdNumber=109,200,text/html,77CT5VO3BN3B5E23G72UR27TWELL7R7D,SAWP5,save-merged-p106.arquivo.pt-20260528164916-3NRHB2RM5V.warc.gz,True,
2026-05-28T06:17:36+00:00,https://recherche-collection-search.bac-lac.canada.ca/eng/Home/Record?app=divincan&IdNumber=109,200,text/html,A5PTYQQQXYGFQYLZUSB2IZE7GYRSINFA,SAWP5,save-merged-p107.arquivo.pt-20260528164717-CK7C8KK985.warc.gz,True,
2026-05-28T06:17:39+00:00,https://recherche-collection-search.bac-lac.canada.ca/eng/Home/Record?app=divincan&IdNumber=109,200,text/html,3D5SLLGVQQ6BKNLMZHNLVBLE647FYAHB,SAWP5,save-merged-p105.arquivo.pt-20260528164522-YN7C1MZG1L.warc.gz,True,
2026-05-28T06:17:44+00:00,https://recherche-collection-search.bac-lac.canada.ca/GcWeb/js/bootstrap-dropdown.min.js?_=1779948060109,200,text/javascript,5BUFMKRKBPDYWUKY5JMYZC6MIWF7D6ZV,SAWP5,save-merged-p105.arquivo.pt-20260528164516-QXR8GNAOK0.warc.gz,True,
2026-05-28T06:18:12+00:00,https://recherche-collection-search.bac-lac.canada.ca/eng/Home/Record?app=divincan&IdNumber=1,200,text/html,WUVZE5RGE5JRUDALD2QOTYYDPAN2EAD6,SAWP5,save-merged-p105.arquivo.pt-20260528164516-QXR8GNAOK0.warc.gz,True,
2026-05-28T06:18:13+00:00,https://recherche-collection-search.bac-lac.canada.ca/eng/Home/Record?app=divincan&IdNumber=105,200,text/html,4MVT6YWBIKYLTKA42C7XZO7XDF53CJJQ,SAWP5,save-merged-p106.arquivo.pt-20260528164916-3NRHB2RM5V.warc.gz,True,
2026-05-28T06:18:14+00:00,https://recherche-collection-search.bac-lac.canada.ca/eng/Home/Record%3Fapp%3Ddivincan%26IdNumber%3D1,404,text/html,ZRRQLL5WSLARCYT5Z7KLGSGATTRDZ2K2,SAWP5,save-merged-p105.arquivo.pt-20260528164516-QXR8GNAOK0.warc.gz,True,
2026-05-28T06:18:16+00:00,https://recherche-collection-search.bac-lac.canada.ca/eng/Home/Result?DataSource=Genealogy%7CBirMarDivDea%7CDivInCan&SearchType=SAD&DateBucket=1900-1909%7C1905&tag=021412,301,text/html,7MGO4QP3JRPHGZNULFMAMAUE246HBPTM,SAWP5,save-merged-p106.arquivo.pt-20260528164916-3NRHB2RM5V.warc.gz,True,
2026-05-28T06:18:36+00:00,https://recherche-collection-search.bac-lac.canada.ca/eng/Home/Record?app=divincan&IdNumber=109&wbdisable=true,200,text/html,VGKLPCG7BJ2RXCK572STMEK57XFOCW53,SAWP5,save-merged-p105.arquivo.pt-20260528164516-QXR8GNAOK0.warc.gz,True,
2026-05-28T06:18:37+00:00,https://recherche-collection-search.bac-lac.canada.ca/eng/Home/Record?app=divincan&IdNumber=109&wbdisable=false,200,text/html,JEF75P4VSOR6PUXRVUDVB4HZLBQZWSK7,SAWP5,save-merged-p108.arquivo.pt-20260528165051-N7VDFW0Y0V.warc.gz,True,
2026-05-28T06:18:39+00:00,https://recherche-collection-search.bac-lac.canada.ca/eng/Home/Record?app=divincan&IdNumber=109&resource=folderlist,200,text/html,UNPWNJNV576TVPWKGPC6Y7CJ235BZUEJ,SAWP5,save-merged-p106.arquivo.pt-20260528164916-3NRHB2RM5V.warc.gz,True,
2026-05-28T06:18:40+00:00,https://recherche-collection-search.bac-lac.canada.ca/eng/Home/Record?app=divincan&IdNumber=109&format=html,200,text/html,MKMLZ3J6VM6I7UK67KZJQ52NK64OL66W,SAWP5,save-merged-p108.arquivo.pt-20260528165051-N7VDFW0Y0V.warc.gz,True,
2026-05-28T06:18:42+00:00,https://recherche-collection-search.bac-lac.canada.ca/eng/Home/Record?app=divincan&IdNumber=109&print=1,200,text/html,CDCT5WROJ4DTR4LBKYGF2RSPGSOW3OSW,SAWP5,save-merged-p106.arquivo.pt-20260528164916-3NRHB2RM5V.warc.gz,True,
2026-05-28T06:18:43+00:00,https://recherche-collection-search.bac-lac.canada.ca/eng/Home/Record?app=divincan&IdNumber=109&wbdisable=true&debug=false,200,text/html,YZHAHUAZV3GOJUIMOEFZ5QTASJFYVL63,SAWP5,save-merged-p108.arquivo.pt-20260528165051-N7VDFW0Y0V.warc.gz,True,
2026-05-28T06:18:46+00:00,https://recherche-collection-search.bac-lac.canada.ca/GcWeb/js/bootstrap-dropdown.min.js?_=1779948160244,200,text/javascript,5BUFMKRKBPDYWUKY5JMYZC6MIWF7D6ZV,SAWP5,save-merged-p106.arquivo.pt-20260528164916-3NRHB2RM5V.warc.gz,True,
2026-05-28T06:19:07+00:00,https://recherche-collection-search.bac-lac.canada.ca/eng/Home/Record?app=divincan&IdNumber=147,200,text/html,GGDEW46FI43DSI5M7SNGP3FLRRU2N2HO,SAWP5,save-merged-p106.arquivo.pt-20260528164916-3NRHB2RM5V.warc.gz,True,
2026-05-28T06:19:38+00:00,https://recherche-collection-search.bac-lac.canada.ca/eng/Home/Record?app=divincan&IdNumber=164&wbdisable=true,200,text/html,LBTJ3DAG4GLFAFDUYJ7Y2CLW2SS43CWZ,SAWP5,save-merged-p106.arquivo.pt-20260528164916-3NRHB2RM5V.warc.gz,True,
2026-05-28T06:19:40+00:00,https://recherche-collection-search.bac-lac.canada.ca/eng/Home/Record?app=divincan&IdNumber=164&wbdisable=false,200,text/html,B4VABEKS22OJD37S73PAAGJ33PRSZFIG,SAWP5,save-merged-p107.arquivo.pt-20260528164717-CK7C8KK985.warc.gz,True,
2026-05-28T06:19:40+00:00,https://recherche-collection-search.bac-lac.canada.ca/eng/Home/RecordXml?app=divincan&IdNumber=109,404,text/html,P2IBNFH7NRBPSCKNSBTUBA3KYSOOETO2,SAWP5,save-merged-p107.arquivo.pt-20260528164717-CK7C8KK985.warc.gz,True,
2026-05-28T06:19:42+00:00,https://recherche-collection-search.bac-lac.canada.ca/eng/Home/GetRecordXml?app=divincan&IdNumber=109,404,text/html,FU5CYKUEVTKLDGHPRGBHSFROWPEQR2BX,SAWP5,save-merged-p106.arquivo.pt-20260528164916-3NRHB2RM5V.warc.gz,True,
2026-05-28T06:19:42+00:00,https://recherche-collection-search.bac-lac.canada.ca/eng/Home/Record?app=divincan&IdNumber=164&format=json,200,text/html,TZRD7VZVW3GGE4THR5QNTW4Z6VNHJ6GB,SAWP5,save-merged-p108.arquivo.pt-20260528165051-N7VDFW0Y0V.warc.gz,True,
2026-05-28T06:19:43+00:00,https://recherche-collection-search.bac-lac.canada.ca/eng/Home/Record?app=divincan&IdNumber=109&format=xml,200,text/html,A4DW2VOP5ZTCX3A2XEXMU6XD7QESG7XT,SAWP5,save-merged-p105.arquivo.pt-20260528164516-QXR8GNAOK0.warc.gz,True,
2026-05-28T06:19:44+00:00,https://recherche-collection-search.bac-lac.canada.ca/eng/Home/Record?app=divincan&IdNumber=109&output=xml,200,text/html,2FKYFOWJSZAZTAMJTLXWYNSUDNWQA4BW,SAWP5,save-merged-p106.arquivo.pt-20260528164916-3NRHB2RM5V.warc.gz,True,
2026-05-28T06:19:44+00:00,https://recherche-collection-search.bac-lac.canada.ca/eng/Home/Record?app=divincan&IdNumber=164&output=xml,200,text/html,CUF7Q2OIEB6GOMJ5SP3KVJMXF54VCUS5,SAWP5,save-merged-p105.arquivo.pt-20260528164516-QXR8GNAOK0.warc.gz,True,
2026-05-28T06:19:46+00:00,https://recherche-collection-search.bac-lac.canada.ca/eng/Home/Record/109?app=divincan,404,text/html,HJ67IMIUCVZ3MPQ3LGTRT24WQBJELTOS,SAWP5,save-merged-p108.arquivo.pt-20260528165051-N7VDFW0Y0V.warc.gz,True,
2026-05-28T06:19:46+00:00,https://recherche-collection-search.bac-lac.canada.ca/eng/Home/Record?app=divincan&IdNumber=164&xml=true,200,text/html,FDNVLVE75Z2S7GBP4KMUUYUTFZBER5H2,SAWP5,save-merged-p105.arquivo.pt-20260528164500-Z9PKP0P0FF.warc.gz,True,
2026-05-28T06:19:47+00:00,https://recherche-collection-search.bac-lac.canada.ca/api/record?app=divincan&IdNumber=109,404,text/html,6ZVBTUYQDCTA37GUVY2E5SQJYWF7WAJI,SAWP5,save-merged-p107.arquivo.pt-20260528164649-ZCIVTSEF04.warc.gz,True,
2026-05-28T06:19:47+00:00,https://recherche-collection-search.bac-lac.canada.ca/eng/Home/Record?app=divincan&IdNumber=164&download=1,200,text/html,RTCOHDK5J2ENJRHOBXHGHRIN2ZWVCESK,SAWP5,save-merged-p107.arquivo.pt-20260528164717-CK7C8KK985.warc.gz,True,
2026-05-28T06:19:48+00:00,https://recherche-collection-search.bac-lac.canada.ca/ajax/record?app=divincan&IdNumber=109,404,text/html,2XEZV3XYDMMYHMNQXXAPOSSHOUSWQGV7,SAWP5,save-merged-p105.arquivo.pt-20260528164516-QXR8GNAOK0.warc.gz,True,
2026-05-28T06:19:49+00:00,https://recherche-collection-search.bac-lac.canada.ca/ajax/record-content?app=divincan&IdNumber=109,404,text/html,W7FDD64E2FWEV4EOJIRWEVUGVTRZ5G5J,SAWP5,save-merged-p105.arquivo.pt-20260528164516-QXR8GNAOK0.warc.gz,True,
2026-05-28T06:19:49+00:00,https://recherche-collection-search.bac-lac.canada.ca/eng/Home/Record?app=divincan&IdNumber=164&Layout=Print,200,text/html,HFSBDW6OA7WDYRSO7LXALB225LGXMPWQ,SAWP5,save-merged-p106.arquivo.pt-20260528164916-3NRHB2RM5V.warc.gz,True,
2026-05-28T06:19:50+00:00,https://recherche-collection-search.bac-lac.canada.ca/eng/api/record?app=divincan&IdNumber=109,404,text/html,PR7V7IOBPQKB3LVUK33B32OGJARXK65I,SAWP5,save-merged-p106.arquivo.pt-20260528164916-3NRHB2RM5V.warc.gz,True,
2026-05-28T06:19:50+00:00,https://recherche-collection-search.bac-lac.canada.ca/eng/Home/Record?app=divincan&IdNumber=164&print=1,200,text/html,RCX6JOJWTBBQJRGSGACVVVFCKHX7P67A,SAWP5,save-merged-p105.arquivo.pt-20260528164516-QXR8GNAOK0.warc.gz,True,
2026-05-28T06:19:52+00:00,https://recherche-collection-search.bac-lac.canada.ca/eng/Home/Record?app=divincan&IdNumber=164&isprint=true,200,text/html,ANJZEDNN2J7WH7ZQW3D6YUZME66IEZQX,SAWP5,save-merged-p106.arquivo.pt-20260528164916-3NRHB2RM5V.warc.gz,True,
2026-05-28T06:19:53+00:00,https://recherche-collection-search.bac-lac.canada.ca/eng/Home/Record?app=divincan&IdNumber=164&lang=eng,200,text/html,UIR74RFBSIOK4TAEJPJGKR4UDXBJFDLJ,SAWP5,save-merged-p105.arquivo.pt-20260528164516-QXR8GNAOK0.warc.gz,True,
2026-05-28T06:19:54+00:00,https://recherche-collection-search.bac-lac.canada.ca/eng/Home/Record?app=divincan&IdNumber=164&view=print,200,text/html,G5TJTBT6AYDU23VM4VHSEM4TCIBKT7V2,SAWP5,save-merged-p106.arquivo.pt-20260528164916-3NRHB2RM5V.warc.gz,True,
2026-05-28T06:19:55+00:00,https://recherche-collection-search.bac-lac.canada.ca/eng/Home/Record?app=divincan&IdNumber=164&resource=folderlist,200,text/html,JHMQRYM7BRWBP3KAIE752AGKOYJQM4CF,SAWP5,save-merged-p108.arquivo.pt-20260528165051-N7VDFW0Y0V.warc.gz,True,
2026-05-28T06:22:43+00:00,https://recherche-collection-search.bac-lac.canada.ca/eng/Home/Record?app=divincan&IdNumber=114,200,text/html,ZOS7HHIHQ7EVWNLDSOKBJNXMFWAKNZVX,SAWP5,save-merged-p108.arquivo.pt-20260528165051-N7VDFW0Y0V.warc.gz,True,
2026-05-28T06:27:15+00:00,https://recherche-collection-search.bac-lac.canada.ca/eng/Home/Record?app=divincan&IdNumber=1,200,text/html,FFHTS2ORRFATWR7H4A7XDWPLWYJ7U6NC,SAWP5,save-merged-p106.arquivo.pt-20260528164916-3NRHB2RM5V.warc.gz,True,
2026-05-28T06:28:29+00:00,https://recherche-collection-search.bac-lac.canada.ca/eng/Home/Result?DataSource=Genealogy%7CBirMarDivDea%7CDivInCan&DateBucket=1905&jq-search-type=SAD,200,text/html,J44MK2MQTN3COY4XHEUSBVM5K3YXE4ZC,SAWP5,save-merged-p106.arquivo.pt-20260528164916-3NRHB2RM5V.warc.gz,True,
2026-05-28T06:28:33+00:00,https://central.bac-lac.gc.ca/.redirect?app=divincan&id=147&lang=eng,307,unk,3I42H3S6NNFQ2MSVX7XZKYAYSCX5QBYJ,SAWP5,save-merged-p106.arquivo.pt-20260528164916-3NRHB2RM5V.warc.gz,True,
2026-05-28T06:28:34+00:00,https://recherche-collection-search.bac-lac.gc.ca/eng/home/record?idnumber=147&app=divincan&resource=folderlist,403,text/html,2B4GIN7WU5MQVOB4MRAJ3JSSK7ERFUUY,SAWP5,save-merged-p106.arquivo.pt-20260528164916-3NRHB2RM5V.warc.gz,True,
2026-05-28T06:28:34+00:00,https://recherche-collection-search.bac-lac.canada.ca/ajax/download?DataSource=Genealogy%7CBirMarDivDea%7CDivInCan&DateBucket=1900-1909%7C1905&num=25&start=0&format=json&lang=eng&downloadtoken=DT--1779949714298--DT,200,application/json,33DLAF76NCR6AWVJWXYHBRX5N6TBREYG,SAWP5,save-merged-p106.arquivo.pt-20260528164916-3NRHB2RM5V.warc.gz,True,
2026-05-28T06:29:13+00:00,https://recherche-collection-search.bac-lac.canada.ca/ajax/download?DataSource=Genealogy%7CBirMarDivDea%7CDivInCan&DateBucket=1900-1909%7C1905&num=25&start=0&format=xml&lang=eng&downloadtoken=DT--1779949714298--DT,200,application/xml,FRJVPSKJ7AV3JWE6PSDTU6GMQNL6JC5F,SAWP5,save-merged-p107.arquivo.pt-20260528164717-CK7C8KK985.warc.gz,True,
2026-05-28T06:29:15+00:00,https://recherche-collection-search.bac-lac.canada.ca/ajax/download?DataSource=Genealogy%7CBirMarDivDea%7CDivInCan&DateBucket=1900-1909%7C1905&num=25&start=0&format=csv&lang=eng&downloadtoken=DT--1779949714298--DT,200,application/csv,S33GASZQ6CWA4CZVRUXDJKDG7VQ232EO,SAWP5,save-merged-p108.arquivo.pt-20260528165051-N7VDFW0Y0V.warc.gz,True,
2026-05-28T06:29:16+00:00,https://recherche-collection-search.bac-lac.canada.ca/ajax/download?DataSource=Genealogy%7CBirMarDivDea%7CDivInCan&DateBucket=1900-1909%7C1905&num=25&start=0&format=html&lang=eng&downloadtoken=DT--1779949714298--DT,200,text/html,CQM5XLCL7AXCHSFADSO4RSJKQR7FXZ5L,SAWP5,save-merged-p106.arquivo.pt-20260528164916-3NRHB2RM5V.warc.gz,True,
2026-05-28T06:29:30+00:00,https://recherche-collection-search.bac-lac.canada.ca/eng/Home/Record?app=divincan&IdNumber=119&format=json,200,text/html,O5ROIVCBEBUII6RQ6MXW7TLRU4P37ETA,SAWP5,save-merged-p106.arquivo.pt-20260528164916-3NRHB2RM5V.warc.gz,True,
2026-05-28T06:29:32+00:00,https://recherche-collection-search.bac-lac.canada.ca/eng/Home/Record?app=divincan&IdNumber=119&format=xml,200,text/html,YRV67CV3PSJ7N24DATQ55HN2E6LT6JUM,SAWP5,save-merged-p107.arquivo.pt-20260528164717-CK7C8KK985.warc.gz,True,
2026-05-28T06:29:33+00:00,https://recherche-collection-search.bac-lac.canada.ca/eng/Home/RecordXml?app=divincan&IdNumber=119,404,text/html,TEOWYUCAOPZPGAO6FRVJJZXPSHE5VFQU,SAWP5,save-merged-p105.arquivo.pt-20260528164516-QXR8GNAOK0.warc.gz,True,
2026-05-28T06:29:35+00:00,https://recherche-collection-search.bac-lac.canada.ca/eng/Home/GetRecord?app=divincan&IdNumber=119,404,text/html,4MA67ISGSZWGDY3Y2GL2ZDZUWX7BK7IG,SAWP5,save-merged-p105.arquivo.pt-20260528164516-QXR8GNAOK0.warc.gz,True,
2026-05-28T06:29:36+00:00,https://recherche-collection-search.bac-lac.canada.ca/api/Record?app=divincan&IdNumber=119,404,text/html,73CRO7WEBSGN6ZEIMRIGWJ5E7OVGXTNW,SAWP5,save-merged-p108.arquivo.pt-20260528165051-N7VDFW0Y0V.warc.gz,True,
2026-05-28T06:29:38+00:00,https://recherche-collection-search.bac-lac.canada.ca/api/record/divincan/119,404,text/html,FGC6NWHIJV6TDHYT3MDUFNDGSNMCH6NS,SAWP5,save-merged-p108.arquivo.pt-20260528165036-WFIWANO3CW.warc.gz,True,
2026-05-28T06:29:39+00:00,https://recherche-collection-search.bac-lac.canada.ca/eng/api/Record?app=divincan&IdNumber=119,404,text/html,6GZIARUSZJNWBWKFF5RM7RBUJJCSCELT,SAWP5,save-merged-p107.arquivo.pt-20260528164717-CK7C8KK985.warc.gz,True,
2026-05-28T06:29:41+00:00,https://recherche-collection-search.bac-lac.canada.ca/eng/Home/Record/119?app=divincan,404,text/html,JM2VM4TCIATBBGPREANRZQOPTB3GNR5H,SAWP5,save-merged-p108.arquivo.pt-20260528165051-N7VDFW0Y0V.warc.gz,True,
2026-05-28T06:29:42+00:00,https://recherche-collection-search.bac-lac.canada.ca/eng/Home/Record?app=divincan&id=119,200,text/html,ATMZEVPNOP4UJ7SB6ZMAJKU7JEGZYN5F,SAWP5,save-merged-p108.arquivo.pt-20260528165051-N7VDFW0Y0V.warc.gz,True,
2026-05-28T06:30:37+00:00,https://recherche-collection-search.bac-lac.canada.ca/swagger/index.html,404,text/html,NEE4GLN5DS22GYXTNP4LJGDOOYXGNGJ3,SAWP5,save-merged-p108.arquivo.pt-20260528165051-N7VDFW0Y0V.warc.gz,True,
2026-05-28T06:30:39+00:00,https://recherche-collection-search.bac-lac.canada.ca/swagger/v1/swagger.json,404,text/html,WGR6H4Q35DCEYSOSGDCXEUCBQRG7CSY5,SAWP5,save-merged-p107.arquivo.pt-20260528164717-CK7C8KK985.warc.gz,True,
2026-05-28T06:30:41+00:00,https://recherche-collection-search.bac-lac.canada.ca/api,404,text/html,MXL2GQWQ6WJ367NW4CZKFFOB5ENZNR6S,SAWP5,save-merged-p108.arquivo.pt-20260528165051-N7VDFW0Y0V.warc.gz,True,
2026-05-28T06:30:42+00:00,https://recherche-collection-search.bac-lac.canada.ca/js/record-display.js,200,text/javascript,WZTLDSNFE7LFZCREPOW5F7WX7P7H4Y7V,SAWP5,save-merged-p108.arquivo.pt-20260528165051-N7VDFW0Y0V.warc.gz,True,
2026-05-28T06:30:43+00:00,https://recherche-collection-search.bac-lac.canada.ca/api/search,404,text/html,TLSKGK554C3VDGLDIV2JBE5PN3Y6AZ7F,SAWP5,save-merged-p107.arquivo.pt-20260528164717-CK7C8KK985.warc.gz,True,
2026-05-28T06:30:43+00:00,https://recherche-collection-search.bac-lac.canada.ca/js/site.js,200,text/javascript,VXC5PBVVUTTGS2VPCEJF2IMN6WSKRCCE,SAWP5,save-merged-p106.arquivo.pt-20260528164916-3NRHB2RM5V.warc.gz,True,
2026-05-28T06:30:44+00:00,https://recherche-collection-search.bac-lac.canada.ca/js/search-form.js?v=b3wMhhWWMIbW1_GQWC2QIlG6ctc,200,text/javascript,IZQE7SVLC6PPQ6Q3KA3NXL7JQGJEAP6C,SAWP5,save-merged-p105.arquivo.pt-20260528164516-QXR8GNAOK0.warc.gz,True,
2026-05-28T06:30:44+00:00,https://recherche-collection-search.bac-lac.canada.ca/js/suggest-correction.js,200,text/javascript,YENB4OEPVCQ7PUCY6TWL2IKPOYEZXACQ,SAWP5,save-merged-p107.arquivo.pt-20260528164717-CK7C8KK985.warc.gz,True,
2026-05-28T06:30:45+00:00,https://recherche-collection-search.bac-lac.canada.ca/SearchApi,404,text/html,I2C5GMIM4UTL2KOMU6JZS76LYZRPSFN2,SAWP5,save-merged-p107.arquivo.pt-20260528164717-CK7C8KK985.warc.gz,True,
2026-05-28T06:30:47+00:00,https://recherche-collection-search.bac-lac.canada.ca/robots.txt,200,text/plain,PWQ5LIWAHIJCVH3E7AK24DAE6MP4WPM7,SAWP5,save-merged-p106.arquivo.pt-20260528164916-3NRHB2RM5V.warc.gz,True,
2026-05-28T06:30:48+00:00,https://recherche-collection-search.bac-lac.canada.ca/sitemap.xml,200,text/xml,KAGAVRFDPODJTJXS2R65ZX7VIEACEGOZ,SAWP5,save-merged-p108.arquivo.pt-20260528165056-H7HMVMY0SM.warc.gz,True,
2026-05-28T06:30:49+00:00,https://recherche-collection-search.bac-lac.canada.ca/eng/Home/Result?app=divincan,301,text/html,C7FS7TZHYHSPLMOBGLT66HOA4LASDJWF,SAWP5,save-merged-p107.arquivo.pt-20260528164717-CK7C8KK985.warc.gz,True,
2026-05-28T06:30:50+00:00,https://recherche-collection-search.bac-lac.canada.ca/eng/home/nobots?requesturi=/eng/Home/Result?app=divincan,200,text/html,KR6UYX6Q3VJWNCNCWZWZBELQJKNK77M5,SAWP5,save-merged-p105.arquivo.pt-20260528164516-QXR8GNAOK0.warc.gz,True,
2026-05-28T06:30:51+00:00,https://recherche-collection-search.bac-lac.canada.ca/ajax/section-content?contenttype=section_additional&DataSource=Genealogy%7CBirMarDivDea%7CDivInCan&lang=eng,200,text/html,WRKSXQNBTV7NCZ5XUD5NWQ7GFHSJ2BTH,SAWP5,save-merged-p106.arquivo.pt-20260528164916-3NRHB2RM5V.warc.gz,True,
2026-05-28T06:31:04+00:00,https://recherche-collection-search.bac-lac.canada.ca/js/search-field-range.js?v=I6PyQajGhxfRzBqQo7QhjsNTpGI,200,text/javascript,J7C3NZ3ZYUCXJYBYYXHNZRXN6HIOMDJS,SAWP5,save-merged-p106.arquivo.pt-20260528164916-3NRHB2RM5V.warc.gz,True,
2026-05-28T06:31:42+00:00,https://recherche-collection-search.bac-lac.canada.ca/eng/home/searchadvanced?DataSource=Genealogy%7CBirMarDivDea%7CDivInCan,200,text/html,WLTTXW3TZZVODRRLPSK65UVQCOGJZDWI,SAWP5,save-merged-p106.arquivo.pt-20260528164916-3NRHB2RM5V.warc.gz,True,
2026-05-28T06:33:21+00:00,https://recherche-collection-search.bac-lac.canada.ca/eng/Home/Result?DataSource=Genealogy%7CBirMarDivDea%7CDivInCan&DateBucket=1900-1909%7C1905&jq-search-type=SAD&num=100,301,text/html,WPLZJ2YJBLKEDGVW5SQM4VV7S6G7SQ7O,SAWP5,save-merged-p106.arquivo.pt-20260528164916-3NRHB2RM5V.warc.gz,True,
2026-05-28T06:33:23+00:00,https://recherche-collection-search.bac-lac.canada.ca/eng/home/nobots?requesturi=/eng/Home/Result?DataSource=Genealogy%7CBirMarDivDea%7CDivInCan&DateBucket=1900-1909%7C1905&jq-search-type=SAD&num=100,200,text/html,3DX4T4F5DWBM6MRKTJMOPEYOC6GJ37DI,SAWP5,save-merged-p106.arquivo.pt-20260528164916-3NRHB2RM5V.warc.gz,True,
2026-05-28T06:33:38+00:00,https://recherche-collection-search.bac-lac.canada.ca/eng/Home/Record?app=divincan&IdNumber=1&format=json,200,text/html,T37NXDZWGJYVX4U2XD5JQ7GB6PUH5YG3,SAWP5,save-merged-p108.arquivo.pt-20260528165051-N7VDFW0Y0V.warc.gz,True,
2026-05-28T06:33:40+00:00,https://recherche-collection-search.bac-lac.canada.ca/eng/Home/Record?app=divincan&IdNumber=1&partial=true,200,text/html,ZVHOGLXMDURVAOBWHOQI7YYRMXC56W7V,SAWP5,save-merged-p105.arquivo.pt-20260528164516-QXR8GNAOK0.warc.gz,True,
2026-05-28T06:33:41+00:00,https://recherche-collection-search.bac-lac.canada.ca/eng/Home/Record?app=divincan&IdNumber=1&view=print,200,text/html,7Z2C75E6KCJOSV4W7AU6BIBENXF7Y4XK,SAWP5,save-merged-p106.arquivo.pt-20260528164916-3NRHB2RM5V.warc.gz,True,
2026-05-28T06:33:43+00:00,https://recherche-collection-search.bac-lac.canada.ca/eng/Home/Record?app=divincan&IdNumber=1&wbdisable=true,200,text/html,3AZL2AALFQ7JKA4EZQB47KOMOWM6JSLF,SAWP5,save-merged-p106.arquivo.pt-20260528164916-3NRHB2RM5V.warc.gz,True,
2026-05-28T06:33:43+00:00,https://recherche-collection-search.bac-lac.canada.ca/eng/Home/Record?app=divincan&IdNumber=147&wbdisable=true,200,text/html,B5ZBE5C4DPNBXOUC3APNASMZEYBGE6MN,SAWP5,save-merged-p106.arquivo.pt-20260528164916-3NRHB2RM5V.warc.gz,True,
2026-05-28T06:33:45+00:00,https://recherche-collection-search.bac-lac.canada.ca/eng/Home/Record/1?app=divincan,404,text/html,YZ3JFDHKUNMYQWPUZV673OU6RE3NQ7G6,SAWP5,save-merged-p107.arquivo.pt-20260528164717-CK7C8KK985.warc.gz,True,
2026-05-28T06:33:45+00:00,https://recherche-collection-search.bac-lac.canada.ca/eng/Home/Record?app=divincan&IdNumber=147&format=html,200,text/html,AAOM7MCO27GYCHV5ESP2GT6YFNG5NWTS,SAWP5,save-merged-p107.arquivo.pt-20260528164717-CK7C8KK985.warc.gz,True,
2026-05-28T06:33:45+00:00,https://recherche-collection-search.bac-lac.canada.ca/eng/Home/Result?DataSource=Genealogy&dataset=Genealogy%7CBirMarDivDea%7CDivInCan&DateBucket=1911&jq-search-type=SAD,301,text/html,JVWFJTBLGGRHOW7W4FSZI4HWWYGGFXBN,SAWP5,save-merged-p105.arquivo.pt-20260528164500-Z9PKP0P0FF.warc.gz,True,
2026-05-28T06:33:46+00:00,https://recherche-collection-search.bac-lac.canada.ca/eng/Home/Record.json?app=divincan&IdNumber=1,404,text/html,WMMHSYXVN3ABWIM37L7SEESYFHWU5QOU,SAWP5,save-merged-p106.arquivo.pt-20260528164916-3NRHB2RM5V.warc.gz,True,
2026-05-28T06:33:47+00:00,https://recherche-collection-search.bac-lac.canada.ca/api/Record?app=divincan&IdNumber=1,404,text/html,3COVDU2HAYLITRDDWHKZC4YEHT3BNTMZ,SAWP5,save-merged-p107.arquivo.pt-20260528164717-CK7C8KK985.warc.gz,True,
2026-05-28T06:33:47+00:00,https://recherche-collection-search.bac-lac.canada.ca/eng/Home/Record?app=divincan&IdNumber=147&print=true,200,text/html,SMIYXKTWF3GBPHDPD654LSZ63GJBTDBE,SAWP5,save-merged-p106.arquivo.pt-20260528164911-I4ZFBB8BRZ.warc.gz,True,
2026-05-28T06:33:48+00:00,https://recherche-collection-search.bac-lac.canada.ca/eng/Home/Record?app=divincan&IdNumber=147&wbdisable=false,200,text/html,XTIA2KTT5H47KNGFB5DZCRLOZPZOTANS,SAWP5,save-merged-p108.arquivo.pt-20260528165031-IKD434EGU4.warc.gz,True,
2026-05-28T06:33:49+00:00,https://recherche-collection-search.bac-lac.canada.ca/ajax/container-lazy?app=divincan&IdNumber=1&lang=eng&section=brief,200,text/html,CYKN7HZ4WG26DXAEBMWX3WKC6NKZSRIJ,SAWP5,save-merged-p106.arquivo.pt-20260528164916-3NRHB2RM5V.warc.gz,True,
2026-05-28T06:33:50+00:00,https://recherche-collection-search.bac-lac.canada.ca/eng/Home/Record?app=divincan&IdNumber=147&download=true,200,text/html,AADW4V53UZTEF4EJPGOBKHBWYKBKEEW5,SAWP5,save-merged-p106.arquivo.pt-20260528164916-3NRHB2RM5V.warc.gz,True,
2026-05-28T06:33:51+00:00,https://recherche-collection-search.bac-lac.canada.ca/ajax/container-lazy?app=divincan&IdNumber=1&lang=eng&section=record,200,text/html,CYKN7HZ4WG26DXAEBMWX3WKC6NKZSRIJ,SAWP5,save-merged-p105.arquivo.pt-20260528164516-QXR8GNAOK0.warc.gz,True,
2026-05-28T06:33:51+00:00,https://recherche-collection-search.bac-lac.canada.ca/js/search-form.js?v=1l3RDMo1iD4-KfgRSAumb9vT54E,200,text/javascript,IZQE7SVLC6PPQ6Q3KA3NXL7JQGJEAP6C,SAWP5,save-merged-p106.arquivo.pt-20260528164916-3NRHB2RM5V.warc.gz,True,
2026-05-28T06:33:52+00:00,https://recherche-collection-search.bac-lac.canada.ca/eng/Home/Record?app=divincan&IdNumber=147&lang=en,200,text/html,ZVZWYFIUB7H3WDICEYWMLEAQ5J2OJFUO,SAWP5,save-merged-p106.arquivo.pt-20260528164916-3NRHB2RM5V.warc.gz,True,
2026-05-28T06:33:52+00:00,https://recherche-collection-search.bac-lac.canada.ca/js/search-field-autocomplete.js?v=rBGv9zRzm6O8ud9JjDH1JCWWyLM,200,text/javascript,NIRL7XMROG2HNTI3OEH35ZG6CZ7SLOOB,SAWP5,save-merged-p108.arquivo.pt-20260528165056-H7HMVMY0SM.warc.gz,True,
2026-05-28T06:33:53+00:00,https://recherche-collection-search.bac-lac.canada.ca/eng/Home/Record?app=divincan&IdNumber=147&view=print,200,text/html,DUTTMGVDGBDJLCI2ALFUKAKL44L2GMVU,SAWP5,save-merged-p107.arquivo.pt-20260528164705-3LSDIMAH79.warc.gz,True,
2026-05-28T06:33:54+00:00,https://recherche-collection-search.bac-lac.canada.ca/js/search-field-date-range.js?v=ej_ea5s-Uhc6qGa164d274lUr68,200,text/javascript,Y3LIO35TTQLEYTE7TU54UA26MBNUFIJ2,SAWP5,save-merged-p106.arquivo.pt-20260528164916-3NRHB2RM5V.warc.gz,True,
2026-05-28T06:33:55+00:00,https://recherche-collection-search.bac-lac.canada.ca/eng/Home/Record?app=divincan&IdNumber=147&GoCTemplateCulture=en-CA,200,text/html,CMZWUESVPNCOD25RSMXHT6IJ2OEE2NF3,SAWP5,save-merged-p105.arquivo.pt-20260528164516-QXR8GNAOK0.warc.gz,True,
2026-05-28T06:33:55+00:00,https://recherche-collection-search.bac-lac.canada.ca/lib/jquery-ui-1.13.2/jquery-ui.js,200,text/javascript,B25LZUWG3JD33YI7VXZTDIBMTCCFWCUN,SAWP5,save-merged-p105.arquivo.pt-20260528164516-QXR8GNAOK0.warc.gz,True,
2026-05-28T06:33:58+00:00,https://recherche-collection-search.bac-lac.canada.ca//assets.adobedtm.com/be5dfd287373/0127575cd23a/launch-f7c3e6060667.min.js,404,text/html,SLO7UZXLDJX6Y7EQ43C6GG4OPJFCFF7Q,SAWP5,save-merged-p108.arquivo.pt-20260528165051-N7VDFW0Y0V.warc.gz,True,
2026-05-28T06:34:00+00:00,https://recherche-collection-search.bac-lac.canada.ca/js/search-field-terms.js?v=tgUj2Dz4z146CEEDyen1IjIo5Zw,200,text/javascript,45KYIZSUGTQPMTY23PX7GZM6CUKNU3I6,SAWP5,save-merged-p106.arquivo.pt-20260528164916-3NRHB2RM5V.warc.gz,True,
2026-05-28T06:34:01+00:00,https://recherche-collection-search.bac-lac.canada.ca/js/search-field-range-slider.js?v=Teh_mhqo2nsCT8CxrD8-h6NlWSA,200,text/javascript,GKNRHUGOOY7KVCKFDKV77QZRFKYG2VLV,SAWP5,save-merged-p105.arquivo.pt-20260528164500-Z9PKP0P0FF.warc.gz,True,
2026-05-28T06:34:01+00:00,https://recherche-collection-search.bac-lac.canada.ca/js/site.js?v=_sK3VaadPdMplwrHZyCQRhnpHhM,200,text/javascript,VXC5PBVVUTTGS2VPCEJF2IMN6WSKRCCE,SAWP5,save-merged-p108.arquivo.pt-20260528165056-H7HMVMY0SM.warc.gz,True,
2026-05-28T06:34:02+00:00,https://recherche-collection-search.bac-lac.canada.ca/js/search-field-range.js?v=opTfhz7IMzH6RNU80HU2hCqdLFk,200,text/javascript,J7C3NZ3ZYUCXJYBYYXHNZRXN6HIOMDJS,SAWP5,save-merged-p108.arquivo.pt-20260528165056-H7HMVMY0SM.warc.gz,True,
2026-05-28T06:34:03+00:00,https://recherche-collection-search.bac-lac.canada.ca/bootstrap-5.0.2-dist/js/bootstrap.bundle.min.js,200,text/javascript,SAIWSUTVA77Z4ZRM6ZGY4NQ7GWJQRFYN,SAWP5,save-merged-p106.arquivo.pt-20260528164916-3NRHB2RM5V.warc.gz,True,
2026-05-28T06:34:05+00:00,https://recherche-collection-search.bac-lac.canada.ca/js/search-field-checkboxes.js?v=zARUjJ3tSfwOOB7eDlnme69E99M,200,text/javascript,EEIVTYEF3JCY4YEVTOOTXUORUPG5K6KV,SAWP5,save-merged-p107.arquivo.pt-20260528164705-3LSDIMAH79.warc.gz,True,
2026-05-28T06:34:08+00:00,https://recherche-collection-search.bac-lac.canada.ca/eng/Home/Result?DataSource=Genealogy&dataset=Genealogy%7CBirMarDivDea%7CDivInCan&DateBucket=1911&jq-search-type=SAD,301,text/html,JVWFJTBLGGRHOW7W4FSZI4HWWYGGFXBN,SAWP5,save-merged-p106.arquivo.pt-20260528164916-3NRHB2RM5V.warc.gz,True,
2026-05-28T06:34:10+00:00,https://recherche-collection-search.bac-lac.canada.ca/eng/Home/Result?DataSource=Genealogy%26dataset=Genealogy%7CBirMarDivDea%7CDivInCan%26DateBucket=1911%26jq-search-type=SAD,301,text/html,FK76TXJ2TO7Z37X4TTQIMNGKQ2TIP5KJ,SAWP5,save-merged-p107.arquivo.pt-20260528164649-ZCIVTSEF04.warc.gz,True,
2026-05-28T06:34:10+00:00,https://recherche-collection-search.bac-lac.canada.ca/eng/Home/Result?DataSource=Genealogy%7CBirMarDivDea%7CDivInCan&DateBucket=1900-1909%7C1905&jq-search-type=SAD&num=100&tag=023324,301,text/html,YSJUGYC4TDNNYQUQPKKIZ3XAXSG5HVWP,SAWP5,save-merged-p105.arquivo.pt-20260528164516-QXR8GNAOK0.warc.gz,True,
2026-05-28T06:34:12+00:00,https://recherche-collection-search.bac-lac.canada.ca/eng/home/nobots?requesturi=/eng/Home/Result?DataSource=Genealogy%7CBirMarDivDea%7CDivInCan&DateBucket=1900-1909%7C1905&jq-search-type=SAD&num=100&tag=023324,200,text/html,XJUZSEK3PUXP3CIP6Q7V6ESC35W2Y53N,SAWP5,save-merged-p105.arquivo.pt-20260528164500-Z9PKP0P0FF.warc.gz,True,
2026-05-28T06:34:45+00:00,https://recherche-collection-search.bac-lac.canada.ca/eng/Home/Result?DataSource=Genealogy%7CBirMarDivDea%7CDivInCan&jq-search-type=SAD,301,text/html,DSAYN6K5BMA62V6GFOO76PO32MCJTBTJ,SAWP5,save-merged-p107.arquivo.pt-20260528164717-CK7C8KK985.warc.gz,True,
2026-05-28T06:34:46+00:00,https://recherche-collection-search.bac-lac.canada.ca/eng/home/nobots?requesturi=/eng/Home/Result?DataSource=Genealogy%7CBirMarDivDea%7CDivInCan&jq-search-type=SAD,200,text/html,JRAUE7OTZAPURVSUSCF375XCZRHW7S2O,SAWP5,save-merged-p108.arquivo.pt-20260528165051-N7VDFW0Y0V.warc.gz,True,
2026-05-28T06:34:47+00:00,https://recherche-collection-search.bac-lac.canada.ca/eng/Home/Result?DataSource=Genealogy%7CBirMarDivDea%7CDivInCan&FirstName=George&jq-search-type=SAD,301,text/html,LVRH4O2IYY7MA2JXTAYD3WDNTAUFHZ4Q,SAWP5,save-merged-p106.arquivo.pt-20260528164916-3NRHB2RM5V.warc.gz,True,
2026-05-28T06:34:48+00:00,https://recherche-collection-search.bac-lac.canada.ca/eng/home/nobots?requesturi=/eng/Home/Result?DataSource=Genealogy%7CBirMarDivDea%7CDivInCan&FirstName=George&jq-search-type=SAD,200,text/html,YJNTYUAYEBOIA36CI7RH2NN5XZI2WL5R,SAWP5,save-merged-p105.arquivo.pt-20260528164516-QXR8GNAOK0.warc.gz,True,
2026-05-28T06:34:49+00:00,https://recherche-collection-search.bac-lac.canada.ca/eng/Home/Result?DataSource=Genealogy%7CBirMarDivDea%7CDivInCan&DateBucket=1900-1909%7C1905&jq-search-type=SAD,301,text/html,NDBH2QSVSX4TW7G6DOFNI7JK2LZLNPPH,SAWP5,save-merged-p107.arquivo.pt-20260528164705-3LSDIMAH79.warc.gz,True,
2026-05-28T06:34:50+00:00,https://recherche-collection-search.bac-lac.canada.ca/eng/home/nobots?requesturi=/eng/Home/Result?DataSource=Genealogy%7CBirMarDivDea%7CDivInCan&DateBucket=1900-1909%7C1905&jq-search-type=SAD,200,text/html,7SA2ZUKM5UQVQDEJZZ5RWVWU4OO4VHOR,SAWP5,save-merged-p108.arquivo.pt-20260528165056-H7HMVMY0SM.warc.gz,True,
2026-05-28T06:35:06+00:00,https://recherche-collection-search.bac-lac.canada.ca/ajax/download?DataSource=Genealogy%7CBirMarDivDea%7CDivInCan&DateBucket=1900-1909%7C1905&format=json&lang=eng&downloadtoken=DT--123--DT,200,application/json,33DLAF76NCR6AWVJWXYHBRX5N6TBREYG,SAWP5,save-merged-p105.arquivo.pt-20260528164516-QXR8GNAOK0.warc.gz,True,
2026-05-28T06:35:16+00:00,https://recherche-collection-search.bac-lac.canada.ca/eng/Home/SearchAdvanced?DataSource=Genealogy%7CBirMarDivDea%7CDivInCan,200,text/html,G7HTINOWMMCIJMUJT5A4ZPIIRCLXCHYI,SAWP5,save-merged-p108.arquivo.pt-20260528165051-N7VDFW0Y0V.warc.gz,True,
2026-05-28T06:35:18+00:00,https://recherche-collection-search.bac-lac.canada.ca/fra/Accueil/Notice?app=divincan&IdNumber=147,200,text/html,TWB7DPWVXNKY7BHR6TMXKECVUVJOFC5A,SAWP5,save-merged-p108.arquivo.pt-20260528165051-N7VDFW0Y0V.warc.gz,True,
2026-05-28T06:35:26+00:00,https://recherche-collection-search.bac-lac.canada.ca/fra/Accueil/Notice?app=divincan&IdNumber=147,200,text/html,62CXVKWB2DLNNDVQ3S6HU7MWS6EW5D4A,SAWP5,save-merged-p106.arquivo.pt-20260528164916-3NRHB2RM5V.warc.gz,True,
2026-05-28T06:35:47+00:00,https://recherche-collection-search.bac-lac.canada.ca/eng/Home/RecordXml?app=divincan&IdNumber=147,404,text/html,XCDKHBQJOUYODI2BQNHOJ3EXESGP7X7K,SAWP5,save-merged-p108.arquivo.pt-20260528165031-IKD434EGU4.warc.gz,True,
2026-05-28T06:35:48+00:00,https://recherche-collection-search.bac-lac.canada.ca/eng/Home/GetRecordXml?app=divincan&IdNumber=147,404,text/html,6KZUIBGPHS7DQ32TH6MTOCJM2IFY2LCQ,SAWP5,save-merged-p108.arquivo.pt-20260528165051-N7VDFW0Y0V.warc.gz,True,
2026-05-28T06:35:48+00:00,https://recherche-collection-search.bac-lac.canada.ca/js/search-result.js?v=voKJdnvkKN_szhwbF1qU3jBFqK8,200,text/javascript,2W3SYQOKVDLEEXLPKJHSTUC6TTLWY5AK,SAWP5,save-merged-p106.arquivo.pt-20260528164916-3NRHB2RM5V.warc.gz,True,
2026-05-28T06:35:49+00:00,https://recherche-collection-search.bac-lac.canada.ca/eng/Home/Record/Xml?app=divincan&IdNumber=147,404,text/html,DJRR4SFX6ZEMWZPUDXV4L35T4NDA5BGR,SAWP5,save-merged-p106.arquivo.pt-20260528164916-3NRHB2RM5V.warc.gz,True,
2026-05-28T06:35:50+00:00,https://recherche-collection-search.bac-lac.canada.ca/api/record?app=divincan&IdNumber=147,404,text/html,MPPVYW7XG7ABNJRSZ2OS4MSQW35FJIKV,SAWP5,save-merged-p107.arquivo.pt-20260528164717-CK7C8KK985.warc.gz,True,
2026-05-28T06:35:50+00:00,http://recherche-collection-search.bac-lac.canada.ca/eng/Home/Record?app=divincan&IdNumber=164,302,unk,3I42H3S6NNFQ2MSVX7XZKYAYSCX5QBYJ,SAWP5,save-merged-p107.arquivo.pt-20260528164717-CK7C8KK985.warc.gz,True,
2026-05-28T06:35:51+00:00,https://recherche-collection-search.bac-lac.canada.ca/api/Record?app=divincan&IdNumber=147,404,text/html,46XQSQ2YOXIEPBERFMPIMQUV6WEJQUJW,SAWP5,save-merged-p105.arquivo.pt-20260528164516-QXR8GNAOK0.warc.gz,True,
2026-05-28T06:35:51+00:00,https://recherche-collection-search.bac-lac.canada.ca/eng/Home/Record%3Fapp=divincan%26IdNumber=164,404,text/html,4V6N52I47R7GS6OEAESH3KXKLROYMYKW,SAWP5,save-merged-p107.arquivo.pt-20260528164717-CK7C8KK985.warc.gz,True,
2026-05-28T06:35:52+00:00,https://recherche-collection-search.bac-lac.canada.ca/eng/Home/Record%3Fapp%3Ddivincan%26IdNumber%3D164,404,text/html,OX36TYS5I25GWNUOBUKLME2SNFOXK55Y,SAWP5,save-merged-p108.arquivo.pt-20260528165051-N7VDFW0Y0V.warc.gz,True,
2026-05-28T06:35:53+00:00,https://recherche-collection-search.bac-lac.canada.ca/api/search/record?app=divincan&IdNumber=147,404,text/html,SOGH2TLTZVQJRU4JNHCBJTQ2QCBKTUDN,SAWP5,save-merged-p106.arquivo.pt-20260528164916-3NRHB2RM5V.warc.gz,True,
2026-05-28T06:35:54+00:00,https://recherche-collection-search.bac-lac.canada.ca/.redirect?app=divincan&id=147&lang=eng&format=xml,404,text/html,EOAXWEFSPR6NI2LKAHQ7SV5KJI572J27,SAWP5,save-merged-p108.arquivo.pt-20260528165036-WFIWANO3CW.warc.gz,True,
2026-05-28T06:35:55+00:00,https://recherche-collection-search.bac-lac.canada.ca/eng/Home/Record?app=divincan&IdNumber=147&format=xml,200,text/html,WQ2GPTQT4T4ZJ5353JI3LG3XXUIACS54,SAWP5,save-merged-p106.arquivo.pt-20260528164916-3NRHB2RM5V.warc.gz,True,
2026-05-28T06:35:57+00:00,https://central.bac-lac.gc.ca/eng/Home/RecordXml?app=divincan&IdNumber=147,404,unk,3I42H3S6NNFQ2MSVX7XZKYAYSCX5QBYJ,SAWP5,save-merged-p105.arquivo.pt-20260528164500-Z9PKP0P0FF.warc.gz,True,
2026-05-28T06:35:58+00:00,https://central.bac-lac.gc.ca/eng/Home/GetRecordXml?app=divincan&IdNumber=147,404,unk,3I42H3S6NNFQ2MSVX7XZKYAYSCX5QBYJ,SAWP5,save-merged-p105.arquivo.pt-20260528164527-5ZDEHG9O0J.warc.gz,True,
2026-05-28T06:35:59+00:00,https://central.bac-lac.gc.ca/eng/Home/Record/Xml?app=divincan&IdNumber=147,404,unk,3I42H3S6NNFQ2MSVX7XZKYAYSCX5QBYJ,SAWP5,save-merged-p105.arquivo.pt-20260528164522-YN7C1MZG1L.warc.gz,True,
2026-05-28T06:36:00+00:00,https://central.bac-lac.gc.ca/api/record?app=divincan&IdNumber=147,404,unk,3I42H3S6NNFQ2MSVX7XZKYAYSCX5QBYJ,SAWP5,save-merged-p107.arquivo.pt-20260528164705-3LSDIMAH79.warc.gz,True,
2026-05-28T06:36:02+00:00,https://central.bac-lac.gc.ca/api/Record?app=divincan&IdNumber=147,404,unk,3I42H3S6NNFQ2MSVX7XZKYAYSCX5QBYJ,SAWP5,save-merged-p106.arquivo.pt-20260528164916-3NRHB2RM5V.warc.gz,True,
2026-05-28T06:36:03+00:00,https://central.bac-lac.gc.ca/api/search/record?app=divincan&IdNumber=147,404,unk,3I42H3S6NNFQ2MSVX7XZKYAYSCX5QBYJ,SAWP5,save-merged-p107.arquivo.pt-20260528164722-OYX4BCZF9S.warc.gz,True,
2026-05-28T06:36:05+00:00,https://central.bac-lac.gc.ca/.redirect?app=divincan&id=147&lang=eng&format=xml,307,unk,3I42H3S6NNFQ2MSVX7XZKYAYSCX5QBYJ,SAWP5,save-merged-p105.arquivo.pt-20260528164522-YN7C1MZG1L.warc.gz,True,
2026-05-28T06:36:06+00:00,https://central.bac-lac.gc.ca/eng/Home/Record?app=divincan&IdNumber=147&format=xml,404,unk,3I42H3S6NNFQ2MSVX7XZKYAYSCX5QBYJ,SAWP5,save-merged-p107.arquivo.pt-20260528164722-OYX4BCZF9S.warc.gz,True,
2026-05-28T06:36:06+00:00,https://recherche-collection-search.bac-lac.canada.ca/eng/Home/Record?app=divincan&IdNumber=119&format=json,200,text/html,WQUKVKGTRWBJ54ZT3TGSJESMPRN5SS5G,SAWP5,save-merged-p106.arquivo.pt-20260528164916-3NRHB2RM5V.warc.gz,True,
2026-05-28T06:36:08+00:00,https://recherche-collection-search.bac-lac.canada.ca/eng/Home/Record?app=divincan&IdNumber=119&Format=json,200,text/html,6JMJNUZE4WWKOXJOTVE3BYJZQT6F674H,SAWP5,save-merged-p105.arquivo.pt-20260528164522-YN7C1MZG1L.warc.gz,True,
2026-05-28T06:36:09+00:00,https://recherche-collection-search.bac-lac.canada.ca/eng/Home/Record?app=divincan&IdNumber=1&resource=folderlist,200,text/html,MQTM5RCWX5C6Y34WU4RJDPYHRLPSTRUM,SAWP5,save-merged-p108.arquivo.pt-20260528165051-N7VDFW0Y0V.warc.gz,True,
2026-05-28T06:36:09+00:00,https://recherche-collection-search.bac-lac.canada.ca/eng/Home/Record?app=divincan&IdNumber=119&output=json,200,text/html,E7N4KTNKOXQSQKALW7ECKVVY5NJQG3JJ,SAWP5,save-merged-p106.arquivo.pt-20260528164916-3NRHB2RM5V.warc.gz,True,
2026-05-28T06:36:10+00:00,https://recherche-collection-search.bac-lac.canada.ca/eng/Home/Record?app=divincan&IdNumber=1&browse=1,200,text/html,R72CDUCS6EUQO37JXK7KS5K4WBDNW6YM,SAWP5,save-merged-p108.arquivo.pt-20260528165056-H7HMVMY0SM.warc.gz,True,
2026-05-28T06:36:11+00:00,https://recherche-collection-search.bac-lac.canada.ca/eng/Home/Record?app=divincan&IdNumber=1&GoCTemplateCulture=en-CA,200,text/html,UP7KHJ2UUM2VNWBDPHYEQX73S4S6C7DT,SAWP5,save-merged-p105.arquivo.pt-20260528164522-YN7C1MZG1L.warc.gz,True,
2026-05-28T06:36:11+00:00,https://recherche-collection-search.bac-lac.canada.ca/eng/Home/Record?app=divincan&IdNumber=119&json=true,200,text/html,EZJNSSDZ6FGQVPFBEJR7HHXD7XQMDPCB,SAWP5,save-merged-p106.arquivo.pt-20260528164916-3NRHB2RM5V.warc.gz,True,
2026-05-28T06:36:12+00:00,https://recherche-collection-search.bac-lac.canada.ca/eng/Home/Record?app=divincan&IdNumber=119&resource=json,200,text/html,SDPUN2EMQGTWQOLEBBVRKPOM42JGCJGB,SAWP5,save-merged-p105.arquivo.pt-20260528164516-QXR8GNAOK0.warc.gz,True,
2026-05-28T06:36:13+00:00,https://recherche-collection-search.bac-lac.canada.ca/eng/Home/Record?app=divincan&IdNumber=1&_escaped_fragment_=,200,text/html,BU7MDNOMKTJSB437UWMEOVWCS5OG7J3Y,SAWP5,save-merged-p108.arquivo.pt-20260528165051-N7VDFW0Y0V.warc.gz,True,
2026-05-28T06:36:14+00:00,https://recherche-collection-search.bac-lac.canada.ca/eng/Home/Record?app=divincan&IdNumber=1&print=1,200,text/html,LUESX5G5Q2PQ5R5MX46D4IYMKE2QZOI3,SAWP5,save-merged-p106.arquivo.pt-20260528164916-3NRHB2RM5V.warc.gz,True,
2026-05-28T06:36:14+00:00,https://recherche-collection-search.bac-lac.canada.ca/eng/Home/Record?app=divincan&IdNumber=119&resource=xml,200,text/html,2SL5TTMRSH24CIHMP3BXG6PJO3LJEVAW,SAWP5,save-merged-p105.arquivo.pt-20260528164516-QXR8GNAOK0.warc.gz,True,
2026-05-28T06:36:15+00:00,https://recherche-collection-search.bac-lac.canada.ca/eng/Home/Record?app=divincan&IdNumber=119&download=1,200,text/html,Z6W2U2EGRNAVLHR2WCCFME5CG633NIRL,SAWP5,save-merged-p105.arquivo.pt-20260528164516-QXR8GNAOK0.warc.gz,True,
2026-05-28T06:36:15+00:00,https://recherche-collection-search.bac-lac.canada.ca/eng/Home/Record?app=divincan&IdNumber=1&layout=false,200,text/html,CDXUHNJRVXDWUZKYYGUSYJ7R7XG5YEJH,SAWP5,save-merged-p106.arquivo.pt-20260528164916-3NRHB2RM5V.warc.gz,True,
2026-05-28T06:36:16+00:00,https://recherche-collection-search.bac-lac.canada.ca/eng/Home/Record?app=divincan&IdNumber=119.json,200,text/html,OVCNK5SRYNPZKU6LVN6YXSUCWWWFWSLY,SAWP5,save-merged-p107.arquivo.pt-20260528164717-CK7C8KK985.warc.gz,True,
2026-05-28T06:36:17+00:00,https://recherche-collection-search.bac-lac.canada.ca/eng/Home/Record?app=divincan&IdNumber=1&ajax=true,200,text/html,DPJJFOTTFQPS7HBL2JH6GWJ7336OYRRT,SAWP5,save-merged-p108.arquivo.pt-20260528165051-N7VDFW0Y0V.warc.gz,True,
2026-05-28T06:36:18+00:00,https://recherche-collection-search.bac-lac.canada.ca/eng/Home/Record?app=divincan&IdNumber=1&enviro=prod,302,unk,3I42H3S6NNFQ2MSVX7XZKYAYSCX5QBYJ,SAWP5,save-merged-p108.arquivo.pt-20260528165051-N7VDFW0Y0V.warc.gz,True,
2026-05-28T06:36:18+00:00,https://recherche-collection-search.bac-lac.canada.ca/eng/Home/Record?app=divincan%26IdNumber=119,200,text/html,JVBN22DOPK5N7JQXYOTLOMKAP3MRZB2E,SAWP5,save-merged-p107.arquivo.pt-20260528164722-OYX4BCZF9S.warc.gz,True,
2026-05-28T06:36:19+00:00,https://recherche-collection-search.bac-lac.canada.ca/eng/Home/Record?app=divincan&IdNumber=1&lang=eng,200,text/html,3DRX7NEFOMFMNFFBF74FJMU545YLE6A2,SAWP5,save-merged-p107.arquivo.pt-20260528164717-CK7C8KK985.warc.gz,True,
2026-05-28T06:36:20+00:00,https://recherche-collection-search.bac-lac.canada.ca/eng/Home/Record?app=divincan&IdNumber=1&idnumber=1&app=divincan,200,text/html,3RGVXYEQDTXPXKKIUEVTIHI7OLAYRTNB,SAWP5,save-merged-p105.arquivo.pt-20260528164516-QXR8GNAOK0.warc.gz,True,
2026-05-28T06:36:27+00:00,https://recherche-collection-search.bac-lac.canada.ca/eng/Home/Result?DataSource=Genealogy&dataset=Genealogy%7CBirMarDivDea%7CDivInCan&DateBucket=1911&jq-search-type=SAD,301,text/html,JVWFJTBLGGRHOW7W4FSZI4HWWYGGFXBN,SAWP5,save-merged-p108.arquivo.pt-20260528165051-N7VDFW0Y0V.warc.gz,True,
2026-05-28T06:36:28+00:00,https://recherche-collection-search.bac-lac.canada.ca/eng/Home/Result?DataSource=Genealogy&dataset=Genealogy%7CBirMarDivDea%7CDivInCan&DateBucket=1911&jq-search-type=SAD,301,text/html,JVWFJTBLGGRHOW7W4FSZI4HWWYGGFXBN,SAWP5,save-merged-p105.arquivo.pt-20260528164527-5ZDEHG9O0J.warc.gz,True,
2026-05-28T06:36:30+00:00,https://recherche-collection-search.bac-lac.canada.ca/eng/home/nobots?requesturi=/eng/Home/Result?DataSource=Genealogy&dataset=Genealogy%7CBirMarDivDea%7CDivInCan&DateBucket=1911&jq-search-type=SAD,200,text/html,LGB4HQQR5SRO73JOC67SNQUYQYLNYK6H,SAWP5,save-merged-p106.arquivo.pt-20260528164916-3NRHB2RM5V.warc.gz,True,
2026-05-28T06:36:57+00:00,https://recherche-collection-search.bac-lac.canada.ca/ajax/count?DataSource=Genealogy%7CBirMarDivDea%7CDivInCan&DateBucket=1900-1909%7C1905,200,text/plain,TTNRPHHRVBRH2Q5K7XPRKWDEEPMWDNXT,SAWP5,save-merged-p106.arquivo.pt-20260528164916-3NRHB2RM5V.warc.gz,True,
2026-05-28T06:37:02+00:00,https://recherche-collection-search.bac-lac.canada.ca/eng/Home/Record?app=divincan&IdNumber=164,200,text/html,7X6P43QXI5X3NDMXJWBQG2B3IFZ3SDTN,SAWP5,save-merged-p106.arquivo.pt-20260528164916-3NRHB2RM5V.warc.gz,True,
2026-05-28T06:37:22+00:00,https://recherche-collection-search.bac-lac.canada.ca/eng/Home/Record?app=divincan&IdNumber=119&amp=1,200,text/html,ABUYSXZULUKEZZ6XKAYAC7G5NHEW3BOB,SAWP5,save-merged-p106.arquivo.pt-20260528164916-3NRHB2RM5V.warc.gz,True,
2026-05-28T06:37:23+00:00,https://recherche-collection-search.bac-lac.canada.ca/eng/Home/Record?app=divincan&IdNumber=119&output=1,200,text/html,KF264YZUY2EXND3LYQSDXYQTYWDFMSGS,SAWP5,save-merged-p108.arquivo.pt-20260528165056-H7HMVMY0SM.warc.gz,True,
2026-05-28T06:37:24+00:00,https://recherche-collection-search.bac-lac.canada.ca/eng/Home/Record?app=divincan&IdNumber=119&_escaped_fragment_=,200,text/html,OVRLTOJ6DRPI3H7LEGZ7OBOL5GWODNNU,SAWP5,save-merged-p108.arquivo.pt-20260528165056-H7HMVMY0SM.warc.gz,True,
2026-05-28T06:37:25+00:00,https://recherche-collection-search.bac-lac.canada.ca/eng/Home/Record?app=divincan&IdNumber=119&wbdisable=true,200,text/html,4EBNYWVAGX6Q5OWXNHPJSF3SKURZRY4P,SAWP5,save-merged-p107.arquivo.pt-20260528164717-CK7C8KK985.warc.gz,True,
2026-05-28T06:37:27+00:00,https://recherche-collection-search.bac-lac.canada.ca/eng/Home/Record?app=divincan&IdNumber=119&view=1,200,text/html,FUCVC7JZSRYIVHX36XOUQET25VWHABWN,SAWP5,save-merged-p108.arquivo.pt-20260528165031-IKD434EGU4.warc.gz,True,
2026-05-28T06:37:29+00:00,https://recherche-collection-search.bac-lac.canada.ca/eng/Home/Record?app=divincan&IdNumber=119&format=html,200,text/html,IE672B2GK5J5IMNBJAWL4X7T67GJ5XQ5,SAWP5,save-merged-p105.arquivo.pt-20260528164516-QXR8GNAOK0.warc.gz,True,
2026-05-28T06:37:30+00:00,https://recherche-collection-search.bac-lac.canada.ca/eng/Home/Record?app=divincan&IdNumber=119&mobile=1,200,text/html,UFBN5CHQMKGJZLYYH5UHU6NUQLJ6YFLF,SAWP5,save-merged-p107.arquivo.pt-20260528164717-CK7C8KK985.warc.gz,True,
2026-05-28T06:37:41+00:00,https://recherche-collection-search.bac-lac.canada.ca/fra/Accueil/Notice?app=divincan&IdNumber=119,200,text/html,ROM5HXWFSOT2ROMU34ORYXAA6VRKVIBH,SAWP5,save-merged-p108.arquivo.pt-20260528165056-H7HMVMY0SM.warc.gz,True,
2026-05-28T06:38:15+00:00,https://recherche-collection-search.bac-lac.canada.ca/eng/Home/Record?app=divincan&IdNumber=2,200,text/html,7CKI6TKV7TSSAG3RP46NCDKV2K65KB6X,SAWP5,save-merged-p105.arquivo.pt-20260528164516-QXR8GNAOK0.warc.gz,True,
2026-05-28T06:38:17+00:00,https://recherche-collection-search.bac-lac.canada.ca/eng/Home/Record?app=divincan&IdNumber=3,200,text/html,MJ3YOJA72DXFKZIBHHTWUKE3JWKKGY6I,SAWP5,save-merged-p107.arquivo.pt-20260528164717-CK7C8KK985.warc.gz,True,
2026-05-28T06:38:19+00:00,https://recherche-collection-search.bac-lac.canada.ca/eng/Home/Record?app=divincan&IdNumber=10,200,text/html,VQFJCGEVBWO3KHZVS4LGXTHV6OI35W3B,SAWP5,save-merged-p107.arquivo.pt-20260528164722-OYX4BCZF9S.warc.gz,True,
2026-05-28T06:38:20+00:00,https://recherche-collection-search.bac-lac.canada.ca/eng/Home/Record?app=divincan&IdNumber=100,200,text/html,YYLHWWC6AQFKDVO6OKKWV7YSWQ7GVGYV,SAWP5,save-merged-p107.arquivo.pt-20260528164705-3LSDIMAH79.warc.gz,True,
2026-05-28T06:38:21+00:00,https://recherche-collection-search.bac-lac.canada.ca/eng/Home/Record?app=divincan&IdNumber=150,200,text/html,UOPMN7JY6WKRKSXZ4M6P6DC35E2QMAPN,SAWP5,save-merged-p107.arquivo.pt-20260528164717-CK7C8KK985.warc.gz,True,
2026-05-28T06:38:22+00:00,https://recherche-collection-search.bac-lac.canada.ca/eng/Home/Record?app=divincan&IdNumber=160,200,text/html,ZQEYGS4QDC626C2JCBYLIGFVOFFVIN7E,SAWP5,save-merged-p106.arquivo.pt-20260528164916-3NRHB2RM5V.warc.gz,True,
2026-05-28T06:38:24+00:00,https://recherche-collection-search.bac-lac.canada.ca/eng/Home/Record?app=divincan&IdNumber=177,200,text/html,APICFIFWHQKDFD7DOBZ2JG75GOQ2PBA4,SAWP5,save-merged-p106.arquivo.pt-20260528164916-3NRHB2RM5V.warc.gz,True,
2026-05-28T06:38:25+00:00,https://recherche-collection-search.bac-lac.canada.ca/eng/Home/Record?app=divincan&IdNumber=177,200,text/html,DXCLCVKZETLDIMT5D3V4Q56EGZ7DMXIR,SAWP5,save-merged-p107.arquivo.pt-20260528164722-OYX4BCZF9S.warc.gz,True,
2026-05-28T06:38:27+00:00,https://recherche-collection-search.bac-lac.canada.ca/eng/Home/Record?app=divincan&IdNumber=179,200,text/html,6WKAZ73ICLDNAWQB2TZJTHP3KTEFS3DI,SAWP5,save-merged-p106.arquivo.pt-20260528164916-3NRHB2RM5V.warc.gz,True,
2026-05-28T06:38:28+00:00,https://recherche-collection-search.bac-lac.canada.ca/eng/Home/Record?app=divincan&IdNumber=200,200,text/html,7HLZHWKECRB3GE3E6HUPLYQTPFGXKPPF,SAWP5,save-merged-p108.arquivo.pt-20260528165056-H7HMVMY0SM.warc.gz,True,
2026-05-28T06:38:29+00:00,https://recherche-collection-search.bac-lac.canada.ca/eng/Home/Record?app=divincan&IdNumber=1000,200,text/html,HEFESVT2XUXVLV6DMOBVAN6EHT7NYT2W,SAWP5,save-merged-p105.arquivo.pt-20260528164516-QXR8GNAOK0.warc.gz,True,
2026-05-28T06:38:31+00:00,https://recherche-collection-search.bac-lac.canada.ca/eng/Home/Record?app=divincan&IdNumber=5000,200,text/html,FSO4GTPA544HZFGSATZV6VEAGK4KGAJ6,SAWP5,save-merged-p105.arquivo.pt-20260528164516-QXR8GNAOK0.warc.gz,True,
2026-05-28T06:38:32+00:00,https://recherche-collection-search.bac-lac.canada.ca/eng/Home/Record?app=divincan&IdNumber=12732,200,text/html,C76FYQRUCCQFJWFR75GTQXIERUMPE5EV,SAWP5,save-merged-p107.arquivo.pt-20260528164705-3LSDIMAH79.warc.gz,True,
2026-05-28T06:38:46+00:00,https://recherche-collection-search.bac-lac.canada.ca/eng/Home/Record?app=divincan&IdNumber=60,200,text/html,QHGEZW5HWQBZRIHKJS5YRLLC3JNHK5XE,SAWP5,save-merged-p107.arquivo.pt-20260528164722-OYX4BCZF9S.warc.gz,True,
2026-05-28T06:38:46+00:00,https://recherche-collection-search.bac-lac.canada.ca/eng/Home/Record?app=divincan&IdNumber=61,200,text/html,YA76AXUYLKOITKL6DBEWI5R3Y454VFOD,SAWP5,save-merged-p105.arquivo.pt-20260528164516-QXR8GNAOK0.warc.gz,True,
2026-05-28T06:38:46+00:00,https://recherche-collection-search.bac-lac.canada.ca/eng/Home/Record?app=divincan&IdNumber=62,200,text/html,H4ZZO2YZBN3OBUK2E5UVG7AVOUHMFDPJ,SAWP5,save-merged-p105.arquivo.pt-20260528164522-YN7C1MZG1L.warc.gz,True,
2026-05-28T06:38:46+00:00,https://recherche-collection-search.bac-lac.canada.ca/eng/Home/Record?app=divincan&IdNumber=63,200,text/html,2OS6WXLO6FY5WOLNC27C33LOIWJFPDIS,SAWP5,save-merged-p107.arquivo.pt-20260528164722-OYX4BCZF9S.warc.gz,True,
2026-05-28T06:38:46+00:00,https://recherche-collection-search.bac-lac.canada.ca/eng/Home/Record?app=divincan&IdNumber=64,200,text/html,M5VAEDGXXP7NM7INLNGSHZMNKJRD6WK4,SAWP5,save-merged-p106.arquivo.pt-20260528164916-3NRHB2RM5V.warc.gz,True,
2026-05-28T06:38:46+00:00,https://recherche-collection-search.bac-lac.canada.ca/eng/Home/Record?app=divincan&IdNumber=65,200,text/html,QPFKQTLJY5YSI2PXKAVNTKPGN4RLE2VP,SAWP5,save-merged-p108.arquivo.pt-20260528165056-H7HMVMY0SM.warc.gz,True,
2026-05-28T06:38:46+00:00,https://recherche-collection-search.bac-lac.canada.ca/eng/Home/Record?app=divincan&IdNumber=66,200,text/html,R6XWHMKYB6DVL4SUGA4MV2QMYQCNCNZH,SAWP5,save-merged-p106.arquivo.pt-20260528164916-3NRHB2RM5V.warc.gz,True,
2026-05-28T06:38:46+00:00,https://recherche-collection-search.bac-lac.canada.ca/eng/Home/Record?app=divincan&IdNumber=67,200,text/html,BLS4XV7VITZWJYSHIGQUIHLFZT5GC4EM,SAWP5,save-merged-p106.arquivo.pt-20260528164916-3NRHB2RM5V.warc.gz,True,
2026-05-28T06:38:46+00:00,https://recherche-collection-search.bac-lac.canada.ca/eng/Home/Record?app=divincan&IdNumber=68,200,text/html,DVVQVMOBAGTAPKUGT3S45CEBBL5VSF5B,SAWP5,save-merged-p108.arquivo.pt-20260528165051-N7VDFW0Y0V.warc.gz,True,
2026-05-28T06:38:46+00:00,https://recherche-collection-search.bac-lac.canada.ca/eng/Home/Record?app=divincan&IdNumber=69,200,text/html,7WP7MDIYLD574SQQPS32D4DRBRNC5NWS,SAWP5,save-merged-p106.arquivo.pt-20260528164916-3NRHB2RM5V.warc.gz,True,
2026-05-28T06:38:47+00:00,https://recherche-collection-search.bac-lac.canada.ca/eng/Home/Record?app=divincan&IdNumber=70,200,text/html,ISAQ42XLUI7YIXT3GRHEOVLYKMEI6KR2,SAWP5,save-merged-p107.arquivo.pt-20260528164722-OYX4BCZF9S.warc.gz,True,
2026-05-28T06:38:47+00:00,https://recherche-collection-search.bac-lac.canada.ca/eng/Home/Record?app=divincan&IdNumber=71,200,text/html,OYGL2E2WTEX4EVPH5KXVS5QKKM5WP7XS,SAWP5,save-merged-p106.arquivo.pt-20260528164916-3NRHB2RM5V.warc.gz,True,
2026-05-28T06:38:47+00:00,https://recherche-collection-search.bac-lac.canada.ca/eng/Home/Record?app=divincan&IdNumber=72,200,text/html,22RD4KYHYN5SURKHIWVK53M2X3OJFUYA,SAWP5,save-merged-p106.arquivo.pt-20260528164916-3NRHB2RM5V.warc.gz,True,
2026-05-28T06:38:48+00:00,https://recherche-collection-search.bac-lac.canada.ca/eng/Home/Record?app=divincan&IdNumber=73,200,text/html,HGIXYC2ESJTLH6KY6JJIM5CXGLR26ORD,SAWP5,save-merged-p108.arquivo.pt-20260528165051-N7VDFW0Y0V.warc.gz,True,
2026-05-28T06:38:48+00:00,https://recherche-collection-search.bac-lac.canada.ca/eng/Home/Record?app=divincan&IdNumber=74,200,text/html,GAT32NGR5QSIIYSLTKEQR4ZDYK55YITZ,SAWP5,save-merged-p105.arquivo.pt-20260528164516-QXR8GNAOK0.warc.gz,True,
2026-05-28T06:38:48+00:00,https://recherche-collection-search.bac-lac.canada.ca/eng/Home/Record?app=divincan&IdNumber=75,200,text/html,3HSUSOUX6EO2V2DFX7EPHMWAQFS37FBU,SAWP5,save-merged-p105.arquivo.pt-20260528164516-QXR8GNAOK0.warc.gz,True,
2026-05-28T06:38:48+00:00,https://recherche-collection-search.bac-lac.canada.ca/eng/Home/Record?app=divincan&IdNumber=76,200,text/html,RY33YGOUV2GHKX7IVTAOOP4OWZGRXQ2E,SAWP5,save-merged-p106.arquivo.pt-20260528164916-3NRHB2RM5V.warc.gz,True,
2026-05-28T06:38:48+00:00,https://recherche-collection-search.bac-lac.canada.ca/eng/Home/Record?app=divincan&IdNumber=77,200,text/html,ASUF5HLDS7XK2S2774DDVLYE6YD5AON7,SAWP5,save-merged-p107.arquivo.pt-20260528164722-OYX4BCZF9S.warc.gz,True,
2026-05-28T06:38:48+00:00,https://recherche-collection-search.bac-lac.canada.ca/eng/Home/Record?app=divincan&IdNumber=78,200,text/html,HAG5375C2QTYHTVOYOO5W5RHON6HBCPJ,SAWP5,save-merged-p107.arquivo.pt-20260528164722-OYX4BCZF9S.warc.gz,True,
2026-05-28T06:38:48+00:00,https://recherche-collection-search.bac-lac.canada.ca/eng/Home/Record?app=divincan&IdNumber=79,200,text/html,CHQJBVRSDI34W3LTSVZ3S2SSSGDHHA5V,SAWP5,save-merged-p107.arquivo.pt-20260528164717-CK7C8KK985.warc.gz,True,
2026-05-28T06:38:48+00:00,https://recherche-collection-search.bac-lac.canada.ca/eng/Home/Record?app=divincan&IdNumber=80,200,text/html,QK54643OUXL4UHYDGLMIKXVV3YAXMDMB,SAWP5,save-merged-p108.arquivo.pt-20260528165056-H7HMVMY0SM.warc.gz,True,
2026-05-28T06:38:49+00:00,https://recherche-collection-search.bac-lac.canada.ca/eng/Home/Record?app=divincan&IdNumber=81,200,text/html,63X6HWRPMKZ5SYCAI5YNPTPXHHOGO3O3,SAWP5,save-merged-p106.arquivo.pt-20260528164916-3NRHB2RM5V.warc.gz,True,
2026-05-28T06:38:49+00:00,https://recherche-collection-search.bac-lac.canada.ca/eng/Home/Record?app=divincan&IdNumber=82,200,text/html,7COC6ZH4O6XOMJH6RORIGNBNXGEA6H7S,SAWP5,save-merged-p105.arquivo.pt-20260528164500-Z9PKP0P0FF.warc.gz,True,
2026-05-28T06:38:49+00:00,https://recherche-collection-search.bac-lac.canada.ca/eng/Home/Record?app=divincan&IdNumber=83,200,text/html,K7EX6VW43NUMLBP5MCD74EHCXR4GMXVW,SAWP5,save-merged-p107.arquivo.pt-20260528164722-OYX4BCZF9S.warc.gz,True,
2026-05-28T06:38:49+00:00,https://recherche-collection-search.bac-lac.canada.ca/eng/Home/Record?app=divincan&IdNumber=84,200,text/html,SRTHGZBB6SNAWDCOTOSRNLNVHQZJECAK,SAWP5,save-merged-p106.arquivo.pt-20260528164916-3NRHB2RM5V.warc.gz,True,
2026-05-28T06:38:49+00:00,https://recherche-collection-search.bac-lac.canada.ca/eng/Home/Record?app=divincan&IdNumber=85,200,text/html,2PJH6A2XMLSDN7QD2KMTPLQYT3GM3KSV,SAWP5,save-merged-p107.arquivo.pt-20260528164717-CK7C8KK985.warc.gz,True,
2026-05-28T06:38:49+00:00,https://recherche-collection-search.bac-lac.canada.ca/eng/Home/Record?app=divincan&IdNumber=86,200,text/html,TMOF3LTI2ERSIXIFM6M7JGBA7T3NKACI,SAWP5,save-merged-p106.arquivo.pt-20260528164916-3NRHB2RM5V.warc.gz,True,
2026-05-28T06:38:50+00:00,https://recherche-collection-search.bac-lac.canada.ca/eng/Home/Record?app=divincan&IdNumber=87,200,text/html,VJARVHLGMI5EANOCWQUSQSO27GZJY4XI,SAWP5,save-merged-p106.arquivo.pt-20260528164916-3NRHB2RM5V.warc.gz,True,
2026-05-28T06:38:50+00:00,https://recherche-collection-search.bac-lac.canada.ca/eng/Home/Record?app=divincan&IdNumber=88,200,text/html,FPYUJYVA6SFPGQIPGQM445ZK7XCOQUEJ,SAWP5,save-merged-p105.arquivo.pt-20260528164522-YN7C1MZG1L.warc.gz,True,
2026-05-28T06:38:50+00:00,https://recherche-collection-search.bac-lac.canada.ca/eng/Home/Record?app=divincan&IdNumber=89,200,text/html,4NGDC4MTWSSUWQIDHWWMISBMABQIGYQN,SAWP5,save-merged-p107.arquivo.pt-20260528164722-OYX4BCZF9S.warc.gz,True,
2026-05-28T06:38:50+00:00,https://recherche-collection-search.bac-lac.canada.ca/eng/Home/Record?app=divincan&IdNumber=90,200,text/html,ITV5BBGLQ73O2LV5XNXISZFNOA5M7LEN,SAWP5,save-merged-p107.arquivo.pt-20260528164717-CK7C8KK985.warc.gz,True,
2026-05-28T06:38:50+00:00,https://recherche-collection-search.bac-lac.canada.ca/eng/Home/Record?app=divincan&IdNumber=91,200,text/html,3ZPRLIDZNAIKW4IDFBA2L2KMU7MXHQSG,SAWP5,save-merged-p105.arquivo.pt-20260528164522-YN7C1MZG1L.warc.gz,True,
2026-05-28T06:38:50+00:00,https://recherche-collection-search.bac-lac.canada.ca/eng/Home/Record?app=divincan&IdNumber=92,200,text/html,NLNZFG4RCIXGSKEPZIIBG6B2JPZOW5E7,SAWP5,save-merged-p108.arquivo.pt-20260528165051-N7VDFW0Y0V.warc.gz,True,
2026-05-28T06:38:50+00:00,https://recherche-collection-search.bac-lac.canada.ca/eng/Home/Record?app=divincan&IdNumber=93,200,text/html,ZHDE2KYB7CPLCPQVCSFDXVIDDO5DWVLU,SAWP5,save-merged-p108.arquivo.pt-20260528165051-N7VDFW0Y0V.warc.gz,True,
2026-05-28T06:38:51+00:00,https://recherche-collection-search.bac-lac.canada.ca/eng/Home/Record?app=divincan&IdNumber=101,200,text/html,WRZTC6XTEVMS5GV5TAFFSRGPYCEZRBYO,SAWP5,save-merged-p107.arquivo.pt-20260528164717-CK7C8KK985.warc.gz,True,
2026-05-28T06:38:51+00:00,https://recherche-collection-search.bac-lac.canada.ca/eng/Home/Record?app=divincan&IdNumber=103,200,text/html,2U3WERQSTSYQ2AM4Z563YPBU7MRVHMJX,SAWP5,save-merged-p108.arquivo.pt-20260528165051-N7VDFW0Y0V.warc.gz,True,
2026-05-28T06:38:51+00:00,https://recherche-collection-search.bac-lac.canada.ca/eng/Home/Record?app=divincan&IdNumber=94,200,text/html,WR67E6HFNWF2EEY6GOA55BTYVUT5NRCB,SAWP5,save-merged-p107.arquivo.pt-20260528164722-OYX4BCZF9S.warc.gz,True,
2026-05-28T06:38:51+00:00,https://recherche-collection-search.bac-lac.canada.ca/eng/Home/Record?app=divincan&IdNumber=95,200,text/html,LQ7QZWWZ4VPI642KMURJAPKDMI4NAU4N,SAWP5,save-merged-p105.arquivo.pt-20260528164522-YN7C1MZG1L.warc.gz,True,
2026-05-28T06:38:51+00:00,https://recherche-collection-search.bac-lac.canada.ca/eng/Home/Record?app=divincan&IdNumber=97,200,text/html,T2S7BQXAXW7YAXXFNZFC2CUQJLAWVU4H,SAWP5,save-merged-p105.arquivo.pt-20260528164516-QXR8GNAOK0.warc.gz,True,
2026-05-28T06:38:51+00:00,https://recherche-collection-search.bac-lac.canada.ca/eng/Home/Record?app=divincan&IdNumber=99,200,text/html,7VDIJ7BJ6LLW6YZJNOJD3LGOFBFK2MIX,SAWP5,save-merged-p105.arquivo.pt-20260528164516-QXR8GNAOK0.warc.gz,True,
2026-05-28T06:38:51+00:00,https://recherche-collection-search.bac-lac.canada.ca/js/record-display.js?v=g26YfZkgZiBRpvvRzb4eUNGJv0E,200,text/javascript,WZTLDSNFE7LFZCREPOW5F7WX7P7H4Y7V,SAWP5,save-merged-p105.arquivo.pt-20260528164522-YN7C1MZG1L.warc.gz,True,
2026-05-28T06:38:52+00:00,https://recherche-collection-search.bac-lac.canada.ca/eng/Home/Record?app=divincan&IdNumber=102,200,text/html,XQ6JDRQAZ2HA2NW23E7UNIMD2WAA7GRX,SAWP5,save-merged-p107.arquivo.pt-20260528164717-CK7C8KK985.warc.gz,True,
2026-05-28T06:38:52+00:00,https://recherche-collection-search.bac-lac.canada.ca/eng/Home/Record?app=divincan&IdNumber=104,200,text/html,TX5US6MK2R2FIMQ4M6T2TL4D3E7BVXPZ,SAWP5,save-merged-p105.arquivo.pt-20260528164500-Z9PKP0P0FF.warc.gz,True,
2026-05-28T06:38:52+00:00,https://recherche-collection-search.bac-lac.canada.ca/eng/Home/Record?app=divincan&IdNumber=106,200,text/html,ACDDRORPLRCC7EXBNLQWWNA6MPV54UDB,SAWP5,save-merged-p105.arquivo.pt-20260528164522-YN7C1MZG1L.warc.gz,True,
2026-05-28T06:38:53+00:00,https://recherche-collection-search.bac-lac.canada.ca/eng/Home/Record?app=divincan&IdNumber=107,200,text/html,UP2RCOYE25XYT3LCWSC7R3Y4RBROIGZI,SAWP5,save-merged-p107.arquivo.pt-20260528164717-CK7C8KK985.warc.gz,True,
2026-05-28T06:38:53+00:00,https://recherche-collection-search.bac-lac.canada.ca/eng/Home/Record?app=divincan&IdNumber=108,200,text/html,YBAG453B42LQ3FWLCSP2DVMPYWQVDIMY,SAWP5,save-merged-p105.arquivo.pt-20260528164527-5ZDEHG9O0J.warc.gz,True,
2026-05-28T06:38:53+00:00,https://recherche-collection-search.bac-lac.canada.ca/eng/Home/Record?app=divincan&IdNumber=110,200,text/html,37B43BNTOQA6EY3BZZIY3CTBQE64WCXN,SAWP5,save-merged-p105.arquivo.pt-20260528164516-QXR8GNAOK0.warc.gz,True,
2026-05-28T06:38:53+00:00,https://recherche-collection-search.bac-lac.canada.ca/eng/Home/Record?app=divincan&IdNumber=112,200,text/html,XG2WAMRGNVNRDTZJAXBXOMFIPUNS3XYX,SAWP5,save-merged-p107.arquivo.pt-20260528164717-CK7C8KK985.warc.gz,True,
2026-05-28T06:38:53+00:00,https://recherche-collection-search.bac-lac.canada.ca/eng/Home/Record?app=divincan&IdNumber=113,200,text/html,7SHQI7IGWGSJ5AHEYOEZA5V7I2ZNEEEG,SAWP5,save-merged-p107.arquivo.pt-20260528164717-CK7C8KK985.warc.gz,True,
2026-05-28T06:38:53+00:00,https://recherche-collection-search.bac-lac.canada.ca/eng/Home/Record?app=divincan&IdNumber=115,200,text/html,BYUZK5QVHO6CIMV3SWYNGZ6KN7VFK2SY,SAWP5,save-merged-p108.arquivo.pt-20260528165051-N7VDFW0Y0V.warc.gz,True,
2026-05-28T06:38:54+00:00,https://recherche-collection-search.bac-lac.canada.ca/eng/Home/Record?app=divincan&IdNumber=116,200,text/html,SMRDDNAFZD7KQJWYYIJHUZFNUVAX2F7R,SAWP5,save-merged-p105.arquivo.pt-20260528164527-5ZDEHG9O0J.warc.gz,True,
2026-05-28T06:38:54+00:00,https://recherche-collection-search.bac-lac.canada.ca/eng/Home/Record?app=divincan&IdNumber=117,200,text/html,SLZ3N6KSUEGYWKIGV7W3ZZUATYJSBPXZ,SAWP5,save-merged-p105.arquivo.pt-20260528164527-5ZDEHG9O0J.warc.gz,True,
2026-05-28T06:38:54+00:00,https://recherche-collection-search.bac-lac.canada.ca/eng/Home/Record?app=divincan&IdNumber=118,200,text/html,7DUP7UXFUBDOM2MASLL5R2O74ZFUTXN7,SAWP5,save-merged-p105.arquivo.pt-20260528164527-5ZDEHG9O0J.warc.gz,True,
2026-05-28T06:38:54+00:00,https://recherche-collection-search.bac-lac.canada.ca/eng/Home/Record?app=divincan&IdNumber=120,200,text/html,IP7WPFSQD5GSKHJKRGS5ROFWEYNXK63R,SAWP5,save-merged-p107.arquivo.pt-20260528164717-CK7C8KK985.warc.gz,True,
2026-05-28T06:38:54+00:00,https://recherche-collection-search.bac-lac.canada.ca/eng/Home/Record?app=divincan&IdNumber=121,200,text/html,NPWBPJAXW3Z5ZYUJY2VJSS3VKD72624Y,SAWP5,save-merged-p105.arquivo.pt-20260528164522-YN7C1MZG1L.warc.gz,True,
2026-05-28T06:38:55+00:00,https://recherche-collection-search.bac-lac.canada.ca/eng/Home/Record?app=divincan&IdNumber=122,200,text/html,2PMFHUT2OPBDEK3V75K44763SELTTYA3,SAWP5,save-merged-p108.arquivo.pt-20260528165056-H7HMVMY0SM.warc.gz,True,
2026-05-28T06:38:55+00:00,https://recherche-collection-search.bac-lac.canada.ca/eng/Home/Record?app=divincan&IdNumber=124,200,text/html,ZCDLHWOI2PAGHHUAMEJBWSJU43RRS5DV,SAWP5,save-merged-p108.arquivo.pt-20260528165056-H7HMVMY0SM.warc.gz,True,
2026-05-28T06:38:55+00:00,https://recherche-collection-search.bac-lac.canada.ca/eng/Home/Record?app=divincan&IdNumber=125,200,text/html,GUESLCKRDSMCFLOEPKKTU2FJBMXMXGDL,SAWP5,save-merged-p107.arquivo.pt-20260528164717-CK7C8KK985.warc.gz,True,
2026-05-28T06:38:55+00:00,https://recherche-collection-search.bac-lac.canada.ca/eng/Home/Record?app=divincan&IdNumber=126,200,text/html,ZDC6ISL25D4G6JZXV6YOVXCHTAK6I3KH,SAWP5,save-merged-p107.arquivo.pt-20260528164717-CK7C8KK985.warc.gz,True,
2026-05-28T06:38:56+00:00,https://central.bac-lac.gc.ca/.redirect?app=divincan&id=147&lang=eng,307,unk,3I42H3S6NNFQ2MSVX7XZKYAYSCX5QBYJ,SAWP5,save-merged-p108.arquivo.pt-20260528165051-N7VDFW0Y0V.warc.gz,True,
2026-05-28T06:38:56+00:00,https://recherche-collection-search.bac-lac.canada.ca/eng/Home/Record?app=divincan&IdNumber=127,200,text/html,FVUBFFE7SHO3ZDQBETUOXWBUTVXXSF2X,SAWP5,save-merged-p108.arquivo.pt-20260528165056-H7HMVMY0SM.warc.gz,True,
2026-05-28T06:38:56+00:00,https://recherche-collection-search.bac-lac.canada.ca/eng/Home/Record?app=divincan&IdNumber=128,200,text/html,FI25NORC5JJ24WRGS25243DDN3RB7Q7J,SAWP5,save-merged-p105.arquivo.pt-20260528164527-5ZDEHG9O0J.warc.gz,True,
2026-05-28T06:38:57+00:00,https://recherche-collection-search.bac-lac.canada.ca/eng/Home/Record?app=divincan&IdNumber=130,200,text/html,JG7WHTBZOOLE7UEQBLZ26SEPGCZTYKHT,SAWP5,save-merged-p108.arquivo.pt-20260528165056-H7HMVMY0SM.warc.gz,True,
2026-05-28T06:38:57+00:00,https://recherche-collection-search.bac-lac.canada.ca/eng/Home/Record?app=divincan&IdNumber=131,200,text/html,VJHGFJFP2SNQX4PMIUBZPBA7RXSK6AXC,SAWP5,save-merged-p105.arquivo.pt-20260528164516-QXR8GNAOK0.warc.gz,True,
2026-05-28T06:38:57+00:00,https://recherche-collection-search.bac-lac.canada.ca/eng/Home/Record?app=divincan&IdNumber=133,200,text/html,QBB5GP6KS2FHZYQU2KXQGLRUSZ243WQJ,SAWP5,save-merged-p108.arquivo.pt-20260528165056-H7HMVMY0SM.warc.gz,True,
2026-05-28T06:38:59+00:00,https://www.bac-lac.gc.ca/.redirect?app=divincan&id=147&lang=eng,404,text/html,VBB3DSZIVMYX7ZYFS5RVEQJGXM2FCWF5,SAWP5,save-merged-p105.arquivo.pt-20260528164527-5ZDEHG9O0J.warc.gz,True,
2026-05-28T06:38:59+00:00,https://recherche-collection-search.bac-lac.canada.ca/eng/Home/Record?app=divincan&IdNumber=135,200,text/html,OGW4BO3LVI2C76AEVEJL5X2G2LHPFMEC,SAWP5,save-merged-p107.arquivo.pt-20260528164722-OYX4BCZF9S.warc.gz,True,
2026-05-28T06:39:00+00:00,https://recherche-collection-search.bac-lac.canada.ca/ajax/download?DataSource=Genealogy%7CBirMarDivDea%7CDivInCan&idnumber=91&format=json&lang=eng&downloadtoken=DT--123--DT,200,application/json,D4HCB6ILKWOQXQMGWJXYYUONT6B4IIAG,SAWP5,save-merged-p105.arquivo.pt-20260528164516-QXR8GNAOK0.warc.gz,True,
2026-05-28T06:39:00+00:00,https://recherche-collection-search.bac-lac.canada.ca/ajax/download?DataSource=Genealogy%7CBirMarDivDea%7CDivInCan&idnumber=91&format=xml&lang=eng&downloadtoken=DT--123--DT,200,application/xml,KVQYKJLJE7W666MOSOQEXD5SBKPCA6EL,SAWP5,save-merged-p107.arquivo.pt-20260528164722-OYX4BCZF9S.warc.gz,True,
2026-05-28T06:39:01+00:00,https://recherche-collection-search.bac-lac.canada.ca/ajax/download?DataSource=Genealogy%7CBirMarDivDea%7CDivInCan&idnumber=91&format=html&lang=eng&downloadtoken=DT--123--DT,200,text/html,6V3RPP2VP5M4AWG62WZMEOJQOIJNG7XF,SAWP5,save-merged-p108.arquivo.pt-20260528165056-H7HMVMY0SM.warc.gz,True,
2026-05-28T06:39:02+00:00,https://recherche-collection-search.bac-lac.canada.ca/ajax/download?DataSource=Genealogy%7CBirMarDivDea%7CDivInCan&idnumber=91&format=csv&lang=eng&downloadtoken=DT--123--DT,200,application/csv,WEK726GRGJGTRT5PKEGC5RPR5JEFX5CJ,SAWP5,save-merged-p105.arquivo.pt-20260528164516-QXR8GNAOK0.warc.gz,True,
2026-05-28T06:39:24+00:00,https://recherche-collection-search.bac-lac.canada.ca/eng/Home/Result?DataSource=Genealogy%7CBirMarDivDea%7CDivInCan,301,text/html,PEIOY7GUFG75JZMOZQJEVNDTG7X7WKT2,SAWP5,save-merged-p105.arquivo.pt-20260528164516-QXR8GNAOK0.warc.gz,True,
2026-05-28T06:39:25+00:00,https://recherche-collection-search.bac-lac.canada.ca/eng/Home/Record?app=divincan&IdNumber=140,200,text/html,BDF74AQDBN5T4T4QFC45FMT6S27DEPYR,SAWP5,save-merged-p107.arquivo.pt-20260528164722-OYX4BCZF9S.warc.gz,True,
2026-05-28T06:39:25+00:00,https://recherche-collection-search.bac-lac.canada.ca/eng/Home/Record?app=divincan&IdNumber=141,200,text/html,OZNQ3YYGNAB6HU6CPTNFGX24BBTFGBET,SAWP5,save-merged-p107.arquivo.pt-20260528164717-CK7C8KK985.warc.gz,True,
2026-05-28T06:39:27+00:00,https://recherche-collection-search.bac-lac.canada.ca/eng/Home/Record?app=divincan&IdNumber=144,200,text/html,J5S5O4O3L7B2GTOPNYFEKWVWKABV222V,SAWP5,save-merged-p105.arquivo.pt-20260528164500-Z9PKP0P0FF.warc.gz,True,
2026-05-28T06:39:29+00:00,https://recherche-collection-search.bac-lac.canada.ca/eng/Home/Record?app=divincan&IdNumber=145,200,text/html,4JP3S2BCZX363SKRSUZPQEPZZGJGITAY,SAWP5,save-merged-p107.arquivo.pt-20260528164717-CK7C8KK985.warc.gz,True,
2026-05-28T06:39:30+00:00,https://recherche-collection-search.bac-lac.canada.ca/eng/Home/Record?app=divincan&IdNumber=149,200,text/html,AOO3AAMANTQCNCJUYF3Q3U6F2AUXH5H7,SAWP5,save-merged-p108.arquivo.pt-20260528165056-H7HMVMY0SM.warc.gz,True,
2026-05-28T06:39:31+00:00,https://recherche-collection-search.bac-lac.canada.ca/eng/home/record?idnumber=147&app=divincan&resource=folderlist,200,text/html,5AWLA3RJBHXVDVXWXXSMDKAPG5Y7QSLT,SAWP5,save-merged-p105.arquivo.pt-20260528164516-QXR8GNAOK0.warc.gz,True,
2026-05-28T06:39:32+00:00,https://recherche-collection-search.bac-lac.canada.ca/eng/Home/Record?app=divincan&IdNumber=153,200,text/html,CYJTMIJ2PCBAAA72ANLVQI62XDLEOEUY,SAWP5,save-merged-p107.arquivo.pt-20260528164700-CD29T1U4XI.warc.gz,True,
2026-05-28T06:39:32+00:00,https://recherche-collection-search.bac-lac.canada.ca/eng/Home/Record?app=divincan&IdNumber=154,200,text/html,SL6PUIGKRXHTDUB6CIFB6RW3XC2VVZMG,SAWP5,save-merged-p108.arquivo.pt-20260528165056-H7HMVMY0SM.warc.gz,True,
2026-05-28T06:39:33+00:00,https://recherche-collection-search.bac-lac.canada.ca/eng/home/record?idnumber=147&app=divincan&resource=xml,200,text/html,MLHIAF2YBIMSSFVP7DR5KEU6R5HDUJGB,SAWP5,save-merged-p105.arquivo.pt-20260528164516-QXR8GNAOK0.warc.gz,True,
2026-05-28T06:39:33+00:00,https://recherche-collection-search.bac-lac.canada.ca/eng/Home/Record?app=divincan&IdNumber=155,200,text/html,YAD5KROJEETKMK3R5VZJGONK4AT776K6,SAWP5,save-merged-p108.arquivo.pt-20260528165051-N7VDFW0Y0V.warc.gz,True,
2026-05-28T06:39:33+00:00,https://recherche-collection-search.bac-lac.canada.ca/eng/Home/Record?app=divincan&IdNumber=156,200,text/html,O5OJAAQ5S4JCHL46VSIZDOXHGZK7GL4S,SAWP5,save-merged-p107.arquivo.pt-20260528164717-CK7C8KK985.warc.gz,True,
2026-05-28T06:39:34+00:00,https://recherche-collection-search.bac-lac.canada.ca/eng/Home/Record?app=divincan&IdNumber=157,200,text/html,5CT6ED4ZP6VMPREHXOCMTISYJYSENWES,SAWP5,save-merged-p108.arquivo.pt-20260528165036-WFIWANO3CW.warc.gz,True,
2026-05-28T06:39:35+00:00,https://recherche-collection-search.bac-lac.canada.ca/eng/home/record?idnumber=147&app=divincan&resource=json,200,text/html,KA2FI3MIJZM3PYWDT5CHVLVPFAWAY4QY,SAWP5,save-merged-p105.arquivo.pt-20260528164527-5ZDEHG9O0J.warc.gz,True,
2026-05-28T06:39:35+00:00,https://recherche-collection-search.bac-lac.canada.ca/eng/Home/Record?app=divincan&IdNumber=158,200,text/html,VBDINEVYMHTOW3YSDY4ZFXQRWNJRXYY7,SAWP5,save-merged-p107.arquivo.pt-20260528164717-CK7C8KK985.warc.gz,True,
2026-05-28T06:39:35+00:00,https://recherche-collection-search.bac-lac.canada.ca/eng/Home/Record?app=divincan&IdNumber=159,200,text/html,VTRVMWT3S5LLNXJ3N2RCCGZKGHMVERLL,SAWP5,save-merged-p108.arquivo.pt-20260528165056-H7HMVMY0SM.warc.gz,True,
2026-05-28T06:39:36+00:00,https://recherche-collection-search.bac-lac.canada.ca/eng/Home/Record?app=divincan&IdNumber=161,200,text/html,VKCXN6BK2IMCI5E5C5PTNYN3CHEVZMBO,SAWP5,save-merged-p105.arquivo.pt-20260528164522-YN7C1MZG1L.warc.gz,True,
2026-05-28T06:39:36+00:00,https://recherche-collection-search.bac-lac.canada.ca/eng/Home/Record?app=divincan&IdNumber=162,200,text/html,E4IADUESSVN5XUAY5AJ7FVN3QUANTQEX,SAWP5,save-merged-p108.arquivo.pt-20260528165051-N7VDFW0Y0V.warc.gz,True,
2026-05-28T06:39:37+00:00,https://recherche-collection-search.bac-lac.canada.ca/eng/home/record?idnumber=147&app=divincan&resource=record,200,text/html,O4RJOIZI3ZU2M2P7H7KGHRM27J5C5YS3,SAWP5,save-merged-p107.arquivo.pt-20260528164717-CK7C8KK985.warc.gz,True,
2026-05-28T06:39:37+00:00,https://recherche-collection-search.bac-lac.canada.ca/eng/Home/Record?app=divincan&IdNumber=163,200,text/html,ZVRFL3N2CAPCI5O4FCTR5VLYT2T6SCDP,SAWP5,save-merged-p108.arquivo.pt-20260528165056-H7HMVMY0SM.warc.gz,True,
2026-05-28T06:39:37+00:00,https://recherche-collection-search.bac-lac.canada.ca/eng/Home/Record?app=divincan&IdNumber=165,200,text/html,OZLIYQHPGWPKZ3FLHXQ4RET34SMTZ3GC,SAWP5,save-merged-p108.arquivo.pt-20260528165051-N7VDFW0Y0V.warc.gz,True,
2026-05-28T06:39:38+00:00,https://recherche-collection-search.bac-lac.canada.ca/eng/home/record?idnumber=147&app=divincan&resource=brief,200,text/html,PM7XG64WASSJFTGUKHIYPSLY5Y6VXJ6N,SAWP5,save-merged-p105.arquivo.pt-20260528164522-YN7C1MZG1L.warc.gz,True,
2026-05-28T06:39:38+00:00,https://recherche-collection-search.bac-lac.canada.ca/eng/Home/Record?app=divincan&IdNumber=166,200,text/html,VCNEOPMZ6A6SMEL4YR6YCDZXPB4XZV4Z,SAWP5,save-merged-p107.arquivo.pt-20260528164717-CK7C8KK985.warc.gz,True,
2026-05-28T06:39:38+00:00,https://recherche-collection-search.bac-lac.canada.ca/eng/Home/Record?app=divincan&IdNumber=167,200,text/html,5W5VFAIPF2BKRHWAXUC45KSPHWR2QPG4,SAWP5,save-merged-p107.arquivo.pt-20260528164722-OYX4BCZF9S.warc.gz,True,
2026-05-28T06:39:39+00:00,https://recherche-collection-search.bac-lac.canada.ca/eng/home/record?idnumber=147&app=divincan&resource=full,200,text/html,RTNOZZUNCZTVWAW4HYIGA2WBPMPDXISW,SAWP5,save-merged-p107.arquivo.pt-20260528164717-CK7C8KK985.warc.gz,True,
2026-05-28T06:39:39+00:00,https://recherche-collection-search.bac-lac.canada.ca/eng/Home/Record?app=divincan&IdNumber=168,200,text/html,FUQZQEO7HE5L2KMC52AQET4NUVFFN24Z,SAWP5,save-merged-p108.arquivo.pt-20260528165056-H7HMVMY0SM.warc.gz,True,
2026-05-28T06:39:40+00:00,https://recherche-collection-search.bac-lac.canada.ca/eng/home/record?idnumber=147&app=divincan&resource=,200,text/html,KDIL3RK4NU5RTJR2XPN3JWCEWNZ2IOSV,SAWP5,save-merged-p108.arquivo.pt-20260528165051-N7VDFW0Y0V.warc.gz,True,
2026-05-28T06:39:40+00:00,https://recherche-collection-search.bac-lac.canada.ca/eng/Home/Record?app=divincan&IdNumber=169,200,text/html,QQNT3PJ4CNZ3FE3N5DNIN45TPDXGX4VI,SAWP5,save-merged-p105.arquivo.pt-20260528164516-QXR8GNAOK0.warc.gz,True,
2026-05-28T06:39:41+00:00,https://recherche-collection-search.bac-lac.canada.ca/eng/Home/Record?app=divincan&IdNumber=170,200,text/html,2XPCIIZ6HH3ZMROWLCCB52QKEZSCV5OO,SAWP5,save-merged-p107.arquivo.pt-20260528164717-CK7C8KK985.warc.gz,True,
2026-05-28T06:39:41+00:00,https://recherche-collection-search.bac-lac.canada.ca/eng/Home/Record?app=divincan&IdNumber=171,200,text/html,4XSMLSY42TSPDZ33UXHFP62M33NWRVH5,SAWP5,save-merged-p107.arquivo.pt-20260528164705-3LSDIMAH79.warc.gz,True,
2026-05-28T06:39:42+00:00,https://recherche-collection-search.bac-lac.canada.ca/eng/Home/Record?app=divincan&IdNumber=172,200,text/html,QU3TYXULD2AT45FGPH3WNFZIAKRXHAFS,SAWP5,save-merged-p107.arquivo.pt-20260528164717-CK7C8KK985.warc.gz,True,
2026-05-28T06:39:42+00:00,https://recherche-collection-search.bac-lac.canada.ca/eng/Home/Record?app=divincan&IdNumber=173,200,text/html,FNFAMWDUDEQHEOWEIF5PHUBHF6TWIE6A,SAWP5,save-merged-p105.arquivo.pt-20260528164522-YN7C1MZG1L.warc.gz,True,
2026-05-28T06:39:43+00:00,https://recherche-collection-search.bac-lac.canada.ca/eng/Home/Record?app=divincan&IdNumber=174,200,text/html,TFCRISECAB6S23PZ3SL6B2OM2LFHAZFE,SAWP5,save-merged-p107.arquivo.pt-20260528164705-3LSDIMAH79.warc.gz,True,
2026-05-28T06:39:44+00:00,https://recherche-collection-search.bac-lac.canada.ca/eng/Home/Record?app=divincan&IdNumber=175,200,text/html,ZMJX37QMQW4JS6GFGZZLDJY2I26PCEII,SAWP5,save-merged-p108.arquivo.pt-20260528165051-N7VDFW0Y0V.warc.gz,True,
2026-05-28T06:39:44+00:00,https://recherche-collection-search.bac-lac.canada.ca/eng/Home/Record?app=divincan&IdNumber=176,200,text/html,ME5VJNMSDYLQKOCOA4LI4TBBBW7UIFN2,SAWP5,save-merged-p108.arquivo.pt-20260528165056-H7HMVMY0SM.warc.gz,True,
2026-05-28T06:39:45+00:00,https://recherche-collection-search.bac-lac.canada.ca/eng/Home/Record?app=divincan&IdNumber=178,200,text/html,LXTINYSUJHQ7JOG4F4JSGNNWAIO4SZ34,SAWP5,save-merged-p105.arquivo.pt-20260528164500-Z9PKP0P0FF.warc.gz,True,
2026-05-28T06:39:45+00:00,https://recherche-collection-search.bac-lac.canada.ca/eng/Home/Record?app=divincan&IdNumber=180,200,text/html,BJFKCBJ224WXG42TLOUJTNDQZZPND5SZ,SAWP5,save-merged-p107.arquivo.pt-20260528164705-3LSDIMAH79.warc.gz,True,
2026-05-28T06:40:13+00:00,https://recherche-collection-search.bac-lac.canada.ca/eng/home/nobots?requesturi=/eng/Home/Result?DataSource=Genealogy%7CBirMarDivDea%7CDivInCan,200,text/html,ZQWYMHJWR7VI5SVJXLRWJYKACQOATLUJ,SAWP5,save-merged-p108.arquivo.pt-20260528165056-H7HMVMY0SM.warc.gz,True,
2026-05-28T06:40:31+00:00,https://recherche-collection-search.bac-lac.canada.ca/eng/Home/Record?app=divincan&IdNumber=91&debug=1,200,text/html,KSWB5E4PD6MLBPK3DBNRH525KNDWPRGE,SAWP5,save-merged-p105.arquivo.pt-20260528164516-QXR8GNAOK0.warc.gz,True,
2026-05-28T06:40:33+00:00,https://recherche-collection-search.bac-lac.canada.ca/eng/Home/Record?app=divincan&IdNumber=91&format=xml,200,text/html,ED2B6A2ACFO7YZ6JADQXUPS6JRMCLCVR,SAWP5,save-merged-p106.arquivo.pt-20260528164916-3NRHB2RM5V.warc.gz,True,
2026-05-28T06:40:36+00:00,https://recherche-collection-search.bac-lac.canada.ca/eng/Home/Record?app=divincan&IdNumber=91&output=xml,200,text/html,SULF5HM7QSC44B4WAMZVZUMYCVDMGM4O,SAWP5,save-merged-p105.arquivo.pt-20260528164522-YN7C1MZG1L.warc.gz,True,
2026-05-28T06:40:37+00:00,https://recherche-collection-search.bac-lac.canada.ca/eng/Home/Record?app=divincan&IdNumber=91&resource=xml,200,text/html,5BJ34O24FA5ZOAKUJ454XTJXYKFOPQ37,SAWP5,save-merged-p106.arquivo.pt-20260528164916-3NRHB2RM5V.warc.gz,True,
2026-05-28T06:40:39+00:00,https://recherche-collection-search.bac-lac.canada.ca/eng/Home/Record?app=divincan&IdNumber=91&resource=folderlist,200,text/html,ZYAX5S7HEPZ3ZWDURNYJNPPYVW4TVSXR,SAWP5,save-merged-p107.arquivo.pt-20260528164705-3LSDIMAH79.warc.gz,True,
2026-05-28T06:40:40+00:00,https://recherche-collection-search.bac-lac.canada.ca/eng/Home/Record?app=divincan&IdNumber=91&lang=eng,200,text/html,S3AIYZ5YIKPLHCU7LCBOXLPHMP4LQZ2P,SAWP5,save-merged-p107.arquivo.pt-20260528164722-OYX4BCZF9S.warc.gz,True,
2026-05-28T06:40:41+00:00,https://recherche-collection-search.bac-lac.canada.ca/eng/Home/Record?app=divincan&IdNumber=91&view=xml,200,text/html,W5ILFYGJKECPTBYMXX2VHC5MR25Q4VVP,SAWP5,save-merged-p105.arquivo.pt-20260528164527-5ZDEHG9O0J.warc.gz,True,
2026-05-28T06:41:04+00:00,https://recherche-collection-search.bac-lac.canada.ca/eng/Home/Record?app=divincan&IdNumber=119,200,text/html,GMTXA44YSMSZUXCFHFH3YZHP3YTXSIS6,SAWP5,save-merged-p107.arquivo.pt-20260528164717-CK7C8KK985.warc.gz,True,
2026-05-28T06:41:06+00:00,https://recherche-collection-search.bac-lac.canada.ca/eng/Home/Record?app=divincan&IdNumber=119,200,text/html,753AUTQIXB4XFPQAMJE7PD7MGW7LM45B,SAWP5,save-merged-p105.arquivo.pt-20260528164527-5ZDEHG9O0J.warc.gz,True,
2026-05-28T06:41:07+00:00,https://recherche-collection-search.bac-lac.canada.ca/eng/Home/Record?app=divincan&IdNumber=119,200,text/html,W67N23KS65AVRYVE5Y24JNTNBYCKSDXW,SAWP5,save-merged-p107.arquivo.pt-20260528164649-ZCIVTSEF04.warc.gz,True,
2026-05-28T06:41:24+00:00,https://recherche-collection-search.bac-lac.canada.ca/swagger,404,text/html,TFNIMZJAGJOW5F76FJKVORCYSIWK4ECF,SAWP5,save-merged-p105.arquivo.pt-20260528164516-QXR8GNAOK0.warc.gz,True,
2026-05-28T06:41:25+00:00,https://recherche-collection-search.bac-lac.canada.ca/api/record,404,text/html,Y2OAN6KNDDFQOUQQGHQNY5S6Y367RAIB,SAWP5,save-merged-p108.arquivo.pt-20260528165056-H7HMVMY0SM.warc.gz,True,
2026-05-28T06:41:27+00:00,https://recherche-collection-search.bac-lac.canada.ca/ajax,200,application/json,OMG5LGWCXNOYG45I4XDCM2NHROTRYQYV,SAWP5,save-merged-p106.arquivo.pt-20260528164916-3NRHB2RM5V.warc.gz,True,
2026-05-28T06:41:28+00:00,https://recherche-collection-search.bac-lac.canada.ca/eng/Home/RecordXml?app=divincan&IdNumber=91,404,text/html,F6SFCPQVVCIAXY6KUJ4PFMYMXHQ4TZKF,SAWP5,save-merged-p108.arquivo.pt-20260528165056-H7HMVMY0SM.warc.gz,True,
2026-05-28T06:41:29+00:00,https://recherche-collection-search.bac-lac.canada.ca/ajax/record?app=divincan&IdNumber=91,404,text/html,7NN4U36SBCODJ74MKUESY24JDWMZILB3,SAWP5,save-merged-p108.arquivo.pt-20260528165056-H7HMVMY0SM.warc.gz,True,
2026-05-28T06:41:30+00:00,https://recherche-collection-search.bac-lac.canada.ca/ajax/record-xml?app=divincan&IdNumber=91,404,text/html,DKNXZJQREJIQRROAMTNPATRPSMSYZOO4,SAWP5,save-merged-p106.arquivo.pt-20260528164916-3NRHB2RM5V.warc.gz,True,
2026-05-28T06:41:31+00:00,https://recherche-collection-search.bac-lac.canada.ca/eng/Home/Record?app=divincan&IdNumber=91&format=json,200,text/html,ES7ZG2DOK7TN26ANJ6LCTA7GJNOS4SGR,SAWP5,save-merged-p106.arquivo.pt-20260528164916-3NRHB2RM5V.warc.gz,True,
2026-05-28T06:41:32+00:00,https://recherche-collection-search.bac-lac.canada.ca/health,302,unk,3I42H3S6NNFQ2MSVX7XZKYAYSCX5QBYJ,SAWP5,save-merged-p108.arquivo.pt-20260528165056-H7HMVMY0SM.warc.gz,True,
2026-05-28T06:41:33+00:00,https://id.bac-lac.gc.ca/connect/authorize?client_id=CollectionSearch&redirect_uri=https%3A%2F%2Frecherche-collection-search.bac-lac.canada.ca%2Fsignin-oidc&response_type=id_token&scope=openid%20profile&response_mode=form_post&nonce=639155472929580111.MTQ5ZGM1N2EtZWIzMi00NTU4LTgxYTYtZTgyZjgyN2VjYjU3ZDk5YjNkNWEtYWJjOS00YTQ0LWFiMzQtNmU0NDBhZmE3N2Rh&ui_locale=eng&ui_locales=en&state=CfDJ8HOuMBR9bW5HtTwFuwjHM6j5TYtFNd8PlZo2M81rV0cTnAxPyBmruDS7Cm-yCLXBYLl2DDCgxl3wi6-byL_dbsR76Y_1xHyw3aZo2dYZ_6pRrnqm1ei5FMQYKU6qEEHtvrx4vciJ_VQc3qawvEjcpKIeXdXx-XK1kp7vsI3vM2gR6o8UwdcxjJfiS7MWJjo4o9TdAwqxtbCJtqkVWZ3W9quFwEoOJYdiM_zDPvsKnDRS0301TOI26E_I4er8tp-xtTg21IKQCC9bydswn89nbimrckIgGJ3eKBs-FuTdJ9mK8QS_6HhEFkI6nCfTrNVjxv6XUOTaf_jq5LixFrEbTq0&x-client-SKU=ID_NET8_0&x-client-ver=7.7.1.0,302,unk,3I42H3S6NNFQ2MSVX7XZKYAYSCX5QBYJ,SAWP5,save-merged-p108.arquivo.pt-20260528165051-N7VDFW0Y0V.warc.gz,True,
2026-05-28T06:41:35+00:00,https://id.bac-lac.gc.ca/Account/Login?ReturnUrl=%2Fconnect%2Fauthorize%2Fcallback%3Fclient_id%3DCollectionSearch%26redirect_uri%3Dhttps%253A%252F%252Frecherche-collection-search.bac-lac.canada.ca%252Fsignin-oidc%26response_type%3Did_token%26scope%3Dopenid%2520profile%26response_mode%3Dform_post%26nonce%3D639155472929580111.MTQ5ZGM1N2EtZWIzMi00NTU4LTgxYTYtZTgyZjgyN2VjYjU3ZDk5YjNkNWEtYWJjOS00YTQ0LWFiMzQtNmU0NDBhZmE3N2Rh%26ui_locale%3Deng%26ui_locales%3Den%26state%3DCfDJ8HOuMBR9bW5HtTwFuwjHM6j5TYtFNd8PlZo2M81rV0cTnAxPyBmruDS7Cm-yCLXBYLl2DDCgxl3wi6-byL_dbsR76Y_1xHyw3aZo2dYZ_6pRrnqm1ei5FMQYKU6qEEHtvrx4vciJ_VQc3qawvEjcpKIeXdXx-XK1kp7vsI3vM2gR6o8UwdcxjJfiS7MWJjo4o9TdAwqxtbCJtqkVWZ3W9quFwEoOJYdiM_zDPvsKnDRS0301TOI26E_I4er8tp-xtTg21IKQCC9bydswn89nbimrckIgGJ3eKBs-FuTdJ9mK8QS_6HhEFkI6nCfTrNVjxv6XUOTaf_jq5LixFrEbTq0%26x-client-SKU%3DID_NET8_0%26x-client-ver%3D7.7.1.0,200,text/html,YYLJVGUSCISUUGHHBXJF3QTQ5446RGXG,SAWP5,save-merged-p107.arquivo.pt-20260528164722-OYX4BCZF9S.warc.gz,True,
2026-05-28T06:42:20+00:00,https://recherche-collection-search.bac-lac.canada.ca/eng/Home/Record?app=divincan&IdNumber=119?output=txt,200,text/html,H2BE7FLDD7AR4XLLZYMHBRNQKL4RMSQQ,SAWP5,save-merged-p107.arquivo.pt-20260528164717-CK7C8KK985.warc.gz,True,
2026-05-28T06:42:22+00:00,https://recherche-collection-search.bac-lac.canada.ca/eng/Home/Record?app=divincan&IdNumber=119?output=html,200,text/html,X2RMTRC5V63COMKVKTLLBVCEA773RZIG,SAWP5,save-merged-p107.arquivo.pt-20260528164705-3LSDIMAH79.warc.gz,True,
2026-05-28T06:42:23+00:00,https://recherche-collection-search.bac-lac.canada.ca/eng/Home/Record?app=divincan&IdNumber=119?raw=1,200,text/html,B3UKAB3VDAGW7JEGJMUEIVUUCXUFMN76,SAWP5,save-merged-p106.arquivo.pt-20260528164916-3NRHB2RM5V.warc.gz,True,
2026-05-28T06:42:25+00:00,https://recherche-collection-search.bac-lac.canada.ca/eng/Home/Record?app=divincan&IdNumber=119?url=,200,text/html,RH2SCJ6AO7QPLIW7YSOADCRLYI5D5IYU,SAWP5,save-merged-p106.arquivo.pt-20260528164916-3NRHB2RM5V.warc.gz,True,
2026-05-28T06:43:03+00:00,https://recherche-collection-search.bac-lac.canada.ca/eng/Home/Record?app=divincan&IdNumber=%27,200,text/html,KUP5KRK6ZQ6STCLMJD3GQTZOWTHUHGN7,SAWP5,save-merged-p105.arquivo.pt-20260528164516-QXR8GNAOK0.warc.gz,True,
2026-05-28T06:43:05+00:00,https://recherche-collection-search.bac-lac.canada.ca/eng/Home/Record?app=divincan&IdNumber=abc,200,text/html,HIXQ32SOV23EMBW4DYWC3ZJT64CBYJU4,SAWP5,save-merged-p107.arquivo.pt-20260528164722-OYX4BCZF9S.warc.gz,True,
2026-05-28T06:43:07+00:00,https://recherche-collection-search.bac-lac.canada.ca/eng/Home/Record?app=divincan&IdNumber=1%20OR%201%3D1,200,text/html,C5OGHWWEFYPDJEBUWYATRGV6M3NXN6KG,SAWP5,save-merged-p108.arquivo.pt-20260528165051-N7VDFW0Y0V.warc.gz,True,
2026-05-28T06:43:08+00:00,https://recherche-collection-search.bac-lac.canada.ca/eng/Home/Record?app=divincan&IdNumber=2147483648,200,text/html,F5WRYWTZAQDCM7TXX2S4PFUBZKIHHFJL,SAWP5,save-merged-p106.arquivo.pt-20260528164916-3NRHB2RM5V.warc.gz,True,
2026-05-28T06:43:10+00:00,https://recherche-collection-search.bac-lac.canada.ca/eng/Home/Record?app=divincan&IdNumber=%253C,200,text/html,TF67MHV7JMXY5ORL4DZHDBAA3OHGA7OC,SAWP5,save-merged-p106.arquivo.pt-20260528164916-3NRHB2RM5V.warc.gz,True,
2026-05-28T06:43:11+00:00,https://recherche-collection-search.bac-lac.canada.ca/eng/Home/Record?app=divincan&IdNumber=1%2C2,200,text/html,U5P54CB7B6FE6QTD224Y6DZVMXJCYMI4,SAWP5,save-merged-p105.arquivo.pt-20260528164527-5ZDEHG9O0J.warc.gz,True,
2026-05-28T06:43:33+00:00,https://recherche-collection-search.bac-lac.canada.ca/ajax/download?DataSource=Genealogy%7CBirMarDivDea%7CDivInCan&DateBucket=1900-1909%7C1905&format=csv&lang=eng&downloadtoken=DT--123--DT,200,application/csv,S33GASZQ6CWA4CZVRUXDJKDG7VQ232EO,SAWP5,save-merged-p105.arquivo.pt-20260528164522-YN7C1MZG1L.warc.gz,True,
2026-05-28T06:43:33+00:00,https://recherche-collection-search.bac-lac.canada.ca/Home/captcharedirect,405,unk,3I42H3S6NNFQ2MSVX7XZKYAYSCX5QBYJ,SAWP5,save-merged-p106.arquivo.pt-20260528164916-3NRHB2RM5V.warc.gz,True,
2026-05-28T06:43:34+00:00,https://recherche-collection-search.bac-lac.canada.ca/Home/captcharedirect,405,unk,3I42H3S6NNFQ2MSVX7XZKYAYSCX5QBYJ,SAWP5,save-merged-p107.arquivo.pt-20260528164717-CK7C8KK985.warc.gz,True,
2026-05-28T06:43:35+00:00,https://recherche-collection-search.bac-lac.canada.ca/Home/captcharedirect,405,unk,3I42H3S6NNFQ2MSVX7XZKYAYSCX5QBYJ,SAWP5,save-merged-p105.arquivo.pt-20260528164516-QXR8GNAOK0.warc.gz,True,
2026-05-28T06:44:01+00:00,https://recherche-collection-search.bac-lac.canada.ca/eng/Home/Record?browse=1&app=divincan&IdNumber=119,200,text/html,PPWRAFCJBVO7OSBEON4HNJWMTCVX64RE,SAWP5,save-merged-p107.arquivo.pt-20260528164722-OYX4BCZF9S.warc.gz,True,
2026-05-28T06:44:03+00:00,https://recherche-collection-search.bac-lac.canada.ca/eng/Home/Record?idnumber=119&app=divincan&resource=folderlist,200,text/html,666P26LSJ776M66WYD2JCIH4EJMYW7HB,SAWP5,save-merged-p108.arquivo.pt-20260528165051-N7VDFW0Y0V.warc.gz,True,
2026-05-28T06:44:05+00:00,https://recherche-collection-search.bac-lac.canada.ca/eng/Home/Record?app=divincan&idnumber=119&resource=folderlist,200,text/html,MVEFJY2AS6C5Z65KVMIYMG6GUT6DLS5U,SAWP5,save-merged-p106.arquivo.pt-20260528164916-3NRHB2RM5V.warc.gz,True,
2026-05-28T06:44:07+00:00,https://recherche-collection-search.bac-lac.canada.ca/eng/Home/Record?app=divincan&IdNumber=119&browse=1,200,text/html,Z7WJKX5NRN5ZHPSLEAHLTIOPDDT3FCXL,SAWP5,save-merged-p106.arquivo.pt-20260528164916-3NRHB2RM5V.warc.gz,True,
2026-05-28T06:47:08+00:00,https://recherche-collection-search.bac-lac.canada.ca/ajax/count?DataSource=Genealogy%7CBirMarDivDea%7CDivInCan&fId=jqP___,200,text/plain,LYX66WTLANSXJRRGDVE4D56KDDEPZZ6Q,SAWP5,save-merged-p107.arquivo.pt-20260528164717-CK7C8KK985.warc.gz,True,
2026-05-28T06:47:10+00:00,https://recherche-collection-search.bac-lac.canada.ca/ajax/download?DataSource=Genealogy%7CBirMarDivDea%7CDivInCan&format=csv&lang=eng&downloadtoken=x,200,application/csv,QLCOQXTOO3WFX7VXNUCJIGCFZDNDMXL7,SAWP5,save-merged-p107.arquivo.pt-20260528164705-3LSDIMAH79.warc.gz,True,
2026-05-28T06:47:14+00:00,https://central.bac-lac.gc.ca/.redirect?app=divincan&id=119&lang=eng,307,unk,3I42H3S6NNFQ2MSVX7XZKYAYSCX5QBYJ,SAWP5,save-merged-p108.arquivo.pt-20260528165051-N7VDFW0Y0V.warc.gz,True,
2026-05-28T06:47:15+00:00,https://recherche-collection-search.bac-lac.gc.ca/eng/home/record?idnumber=119&app=divincan&resource=folderlist,403,text/html,4DQ235YAPRXFBGWG67JCHR6URVU2DV3Q,SAWP5,save-merged-p106.arquivo.pt-20260528164916-3NRHB2RM5V.warc.gz,True,
2026-05-28T06:47:17+00:00,https://recherche-collection-search.bac-lac.canada.ca/ajax/section-content?DataSource=Genealogy%7CBirMarDivDea%7CDivInCan&contenttype=section_basic&lang=eng,200,text/html,CYKN7HZ4WG26DXAEBMWX3WKC6NKZSRIJ,SAWP5,save-merged-p108.arquivo.pt-20260528165051-N7VDFW0Y0V.warc.gz,True,
2026-05-28T06:47:18+00:00,https://recherche-collection-search.bac-lac.canada.ca/ajax/section-content?DataSource=Genealogy%7CBirMarDivDea%7CDivInCan&contenttype=section_advanced&lang=eng,200,text/html,CYKN7HZ4WG26DXAEBMWX3WKC6NKZSRIJ,SAWP5,save-merged-p107.arquivo.pt-20260528164717-CK7C8KK985.warc.gz,True,
2026-05-28T06:47:49+00:00,https://recherche-collection-search.bac-lac.canada.ca/robots.txt,200,text/plain,PWQ5LIWAHIJCVH3E7AK24DAE6MP4WPM7,SAWP5,save-merged-p106.arquivo.pt-20260528164916-3NRHB2RM5V.warc.gz,True,
2026-05-28T06:47:50+00:00,https://recherche-collection-search.bac-lac.canada.ca/sitemap.xml,200,text/xml,KAGAVRFDPODJTJXS2R65ZX7VIEACEGOZ,SAWP5,save-merged-p105.arquivo.pt-20260528164527-5ZDEHG9O0J.warc.gz,True,
2026-05-28T06:47:52+00:00,https://recherche-collection-search.bac-lac.canada.ca/eng/sitemap.xml,404,text/html,3ZXALLDQ6FX5IJFID5UUDOGGWWGOSRG2,SAWP5,save-merged-p108.arquivo.pt-20260528165051-N7VDFW0Y0V.warc.gz,True,
2026-05-28T06:47:54+00:00,https://recherche-collection-search.bac-lac.canada.ca/sitemap_index.xml,404,text/html,J44B6HALS3ZL5MUVRKIYPFSGKC3LTWTK,SAWP5,save-merged-p108.arquivo.pt-20260528165051-N7VDFW0Y0V.warc.gz,True,
2026-05-28T06:48:07+00:00,https://recherche-collection-search.bac-lac.canada.ca/ajax/download?DataSource=Genealogy%7CBirMarDivDea%7CDivInCan%26format=csv%26lang=eng%26downloadtoken=x,400,text/plain,JLSEBMDYXDCGJ2DEWPQUSUKK34XJ5HM5,SAWP5,save-merged-p107.arquivo.pt-20260528164717-CK7C8KK985.warc.gz,True,
2026-05-28T06:48:14+00:00,https://central.bac-lac.gc.ca/.redirect?app=divincan&id=164&lang=eng,307,unk,3I42H3S6NNFQ2MSVX7XZKYAYSCX5QBYJ,SAWP5,save-merged-p108.arquivo.pt-20260528165051-N7VDFW0Y0V.warc.gz,True,
2026-05-28T06:48:18+00:00,https://recherche-collection-search.bac-lac.canada.ca/ajax/download?DataSource=Genealogy%7CBirMarDivDea%7CDivInCan&format=csv&lang=eng&downloadtoken=x&DateBucket=1907,200,application/csv,K4QYYMLLNEQ6FTLBAJ5CHB7NYMNC3FDR,SAWP5,save-merged-p107.arquivo.pt-20260528164717-CK7C8KK985.warc.gz,True,
2026-05-28T06:48:19+00:00,https://recherche-collection-search.bac-lac.canada.ca/ajax/download?DataSource=Genealogy%7CBirMarDivDea%7CDivInCan&format=csv&lang=eng&downloadtoken=x&DateBucket-specific-value=1907,200,application/csv,QLCOQXTOO3WFX7VXNUCJIGCFZDNDMXL7,SAWP5,save-merged-p106.arquivo.pt-20260528164916-3NRHB2RM5V.warc.gz,True,
2026-05-28T06:48:26+00:00,https://recherche-collection-search.bac-lac.canada.ca/ajax/download?DataSource=Genealogy%7CBirMarDivDea%7CDivInCan&format=csv&lang=eng&downloadtoken=x&DateBucket=1907&DateBucket-specific-value=1907,200,application/csv,K4QYYMLLNEQ6FTLBAJ5CHB7NYMNC3FDR,SAWP5,save-merged-p106.arquivo.pt-20260528164916-3NRHB2RM5V.warc.gz,True,
2026-05-28T06:48:27+00:00,https://recherche-collection-search.bac-lac.canada.ca/ajax/download?DataSource=Genealogy%7CBirMarDivDea%7CDivInCan&format=csv&lang=eng&downloadtoken=x&RecordDivorceYear=1907,200,application/csv,QLCOQXTOO3WFX7VXNUCJIGCFZDNDMXL7,SAWP5,save-merged-p107.arquivo.pt-20260528164722-OYX4BCZF9S.warc.gz,True,
2026-05-28T06:48:34+00:00,https://recherche-collection-search.bac-lac.canada.ca/ajax/download?DataSource=Genealogy%7CBirMarDivDea%7CDivInCan&format=csv&lang=eng&downloadtoken=x&recorddivorceyear=1907,200,application/csv,QLCOQXTOO3WFX7VXNUCJIGCFZDNDMXL7,SAWP5,save-merged-p108.arquivo.pt-20260528165051-N7VDFW0Y0V.warc.gz,True,
2026-05-28T06:48:38+00:00,https://recherche-collection-search.bac-lac.canada.ca/ajax/download?DataSource%3DGenealogy%7CBirMarDivDea%7CDivInCan%26format%3Dcsv%26lang%3Deng%26downloadtoken%3Dx,400,text/plain,JLSEBMDYXDCGJ2DEWPQUSUKK34XJ5HM5,SAWP5,save-merged-p107.arquivo.pt-20260528164717-CK7C8KK985.warc.gz,True,
2026-05-28T06:48:39+00:00,https://recherche-collection-search.bac-lac.canada.ca/ajax/download%3FDataSource%3DGenealogy%257CBirMarDivDea%257CDivInCan%26format%3Dcsv%26lang%3Deng%26downloadtoken%3Dx,404,text/html,AS23RBWCBWELK7XKNWH7RATCJJFMDZI5,SAWP5,save-merged-p106.arquivo.pt-20260528164916-3NRHB2RM5V.warc.gz,True,
2026-05-28T06:48:40+00:00,https://recherche-collection-search.bac-lac.canada.ca/ajax/download?DataSource=Genealogy%7CBirMarDivDea%7CDivInCan&format=csv&lang=eng&downloadtoken=x&Year=1907,200,application/csv,QLCOQXTOO3WFX7VXNUCJIGCFZDNDMXL7,SAWP5,save-merged-p107.arquivo.pt-20260528164717-CK7C8KK985.warc.gz,True,
2026-05-28T06:48:47+00:00,https://recherche-collection-search.bac-lac.canada.ca/ajax/download?DataSource=Genealogy%7CBirMarDivDea%7CDivInCan&format=csv&lang=eng&downloadtoken=x&q=1907,200,application/csv,XV5SJ75KU7SY4U3K6VBDATWXEXULHPMK,SAWP5,save-merged-p106.arquivo.pt-20260528164916-3NRHB2RM5V.warc.gz,True,
2026-05-28T06:48:48+00:00,https://recherche-collection-search.bac-lac.canada.ca/ajax/download?DataSource=Genealogy%7CBirMarDivDea%7CDivInCan&format=csv&lang=eng&downloadtoken=x&q_exact=1907,200,application/csv,XV5SJ75KU7SY4U3K6VBDATWXEXULHPMK,SAWP5,save-merged-p105.arquivo.pt-20260528164527-5ZDEHG9O0J.warc.gz,True,
2026-05-28T06:48:58+00:00,https://recherche-collection-search.bac-lac.canada.ca/ajax/download?DataSource=Genealogy%7CBirMarDivDea%7CDivInCan%26format%3Dcsv%26lang%3Deng%26downloadtoken%3Dx,400,text/plain,JLSEBMDYXDCGJ2DEWPQUSUKK34XJ5HM5,SAWP5,save-merged-p108.arquivo.pt-20260528165056-H7HMVMY0SM.warc.gz,True,
2026-05-28T06:48:59+00:00,https://recherche-collection-search.bac-lac.canada.ca/ajax/download?DataSource=Genealogy%7CBirMarDivDea%7CDivInCan&format=csv&lang=eng&downloadtoken=x,200,application/csv,QLCOQXTOO3WFX7VXNUCJIGCFZDNDMXL7,SAWP5,save-merged-p106.arquivo.pt-20260528164916-3NRHB2RM5V.warc.gz,True,
2026-05-28T06:50:01+00:00,https://recherche-collection-search.bac-lac.canada.ca/ajax/download?DataSource=Genealogy%7CBirMarDivDea%7CDivInCan&format=json&lang=eng&downloadtoken=x,200,application/json,EIUJDLQL7QACFKRGJ3SF7YFHAQCAA7UW,SAWP5,save-merged-p108.arquivo.pt-20260528165051-N7VDFW0Y0V.warc.gz,True,
2026-05-28T06:50:18+00:00,https://recherche-collection-search.bac-lac.canada.ca/ajax/download?DataSource=Genealogy%7CBirMarDivDea%7CDivInCan&format=xml&lang=eng&downloadtoken=x,200,application/xml,VJLWJJQSEW4S6AFEINYEU5KNT3OX2Z5V,SAWP5,save-merged-p106.arquivo.pt-20260528164916-3NRHB2RM5V.warc.gz,True,
2026-05-28T06:50:27+00:00,https://recherche-collection-search.bac-lac.canada.ca/ajax/download?DataSource=Genealogy%7CBirMarDivDea%7CDivInCan&format=txt&lang=eng&downloadtoken=x,400,text/plain,OKPHY75EVL2MJ5XW5TXWV2J7CFURA3RN,SAWP5,save-merged-p106.arquivo.pt-20260528164916-3NRHB2RM5V.warc.gz,True,
2026-05-28T06:50:31+00:00,https://recherche-collection-search.bac-lac.canada.ca/ajax/download?DataSource=Genealogy%7CBirMarDivDea%7CDivInCan&format=html&lang=eng&downloadtoken=x,200,text/html,73LPNMTA5RRSGIQROO5KB6QBJIYMYYTP,SAWP5,save-merged-p106.arquivo.pt-20260528164916-3NRHB2RM5V.warc.gz,True,
2026-05-28T06:50:43+00:00,https://recherche-collection-search.bac-lac.canada.ca/ajax/download?DataSource=Genealogy%7CBirMarDivDea%7CDivInCan&format=xlsx&lang=eng&downloadtoken=x,400,text/plain,OKPHY75EVL2MJ5XW5TXWV2J7CFURA3RN,SAWP5,save-merged-p105.arquivo.pt-20260528164536-V24R9QWX87.warc.gz,True,
2026-05-28T06:50:46+00:00,https://recherche-collection-search.bac-lac.canada.ca/ajax/download?DataSource=Genealogy%7CBirMarDivDea%7CDivInCan&format=tsv&lang=eng&downloadtoken=x,400,text/plain,OKPHY75EVL2MJ5XW5TXWV2J7CFURA3RN,SAWP5,save-merged-p107.arquivo.pt-20260528164705-3LSDIMAH79.warc.gz,True,
2026-05-28T06:50:50+00:00,https://recherche-collection-search.bac-lac.canada.ca/ajax/download?DataSource=Genealogy%257CBirMarDivDea%257CDivInCan%26format=csv%26lang=eng%26downloadtoken=x,400,text/plain,JLSEBMDYXDCGJ2DEWPQUSUKK34XJ5HM5,SAWP5,save-merged-p106.arquivo.pt-20260528164916-3NRHB2RM5V.warc.gz,True,
2026-05-28T06:51:04+00:00,https://recherche-collection-search.bac-lac.canada.ca/ajax/download?DataSource=Genealogy%7CBirMarDivDea%7CDivInCan&format=csv&lang=eng&downloadtoken=x&DateBucket=1900-1909%7C1907,200,application/csv,FLQDJDHSYQCIXAUXRXQBDQ3AOVIAC3TW,SAWP5,save-merged-p106.arquivo.pt-20260528164916-3NRHB2RM5V.warc.gz,True,
2026-05-28T06:51:05+00:00,https://recherche-collection-search.bac-lac.canada.ca/ajax/download?DataSource=Genealogy%7CBirMarDivDea%7CDivInCan&format=csv&lang=eng&downloadtoken=x&DateBucket=1900-1909%257C1907,200,application/csv,FLQDJDHSYQCIXAUXRXQBDQ3AOVIAC3TW,SAWP5,save-merged-p108.arquivo.pt-20260528165056-H7HMVMY0SM.warc.gz,True,
2026-05-28T06:51:07+00:00,https://recherche-collection-search.bac-lac.canada.ca/ajax/download?DataSource=Genealogy%7CBirMarDivDea%7CDivInCan&format=csv&lang=eng&downloadtoken=x&DateBucket=%7C1907-1907,200,application/csv,FLQDJDHSYQCIXAUXRXQBDQ3AOVIAC3TW,SAWP5,save-merged-p106.arquivo.pt-20260528164916-3NRHB2RM5V.warc.gz,True,
2026-05-28T06:51:08+00:00,https://recherche-collection-search.bac-lac.canada.ca/ajax/download?DataSource=Genealogy%7CBirMarDivDea%7CDivInCan&format=csv&lang=eng&downloadtoken=x&DateBucket=%7C1907,200,application/csv,FLQDJDHSYQCIXAUXRXQBDQ3AOVIAC3TW,SAWP5,save-merged-p105.arquivo.pt-20260528164516-QXR8GNAOK0.warc.gz,True,
2026-05-28T06:51:09+00:00,https://recherche-collection-search.bac-lac.canada.ca/ajax/download?DataSource=Genealogy%7CBirMarDivDea%7CDivInCan&format=csv&lang=eng&downloadtoken=x&DateBucket=1900-1909,200,application/csv,PAPZIDLEL5XFYXMQMTVGCB6CMZGVGHIM,SAWP5,save-merged-p106.arquivo.pt-20260528164916-3NRHB2RM5V.warc.gz,True,
2026-05-28T06:51:10+00:00,https://recherche-collection-search.bac-lac.canada.ca/ajax/download?DataSource=Genealogy%7CBirMarDivDea%7CDivInCan&format=csv&lang=eng&downloadtoken=x&DateBucket=1907-1907%7C1907,200,application/csv,K4QYYMLLNEQ6FTLBAJ5CHB7NYMNC3FDR,SAWP5,save-merged-p108.arquivo.pt-20260528165056-H7HMVMY0SM.warc.gz,True,
2026-05-28T06:51:16+00:00,https://recherche-collection-search.bac-lac.canada.ca/ajax/download?DataSource=Genealogy%7CBirMarDivDea%7CDivInCan&format=csv&lang=eng&downloadtoken=x,200,application/csv,QLCOQXTOO3WFX7VXNUCJIGCFZDNDMXL7,SAWP5,save-merged-p106.arquivo.pt-20260528164916-3NRHB2RM5V.warc.gz,True,
2026-05-28T06:51:17+00:00,https://recherche-collection-search.bac-lac.canada.ca/eng/Home/Record?app=divincan&IdNumber=147,200,text/html,MN4KWEM2ZBOIME2XNPFAAC7DZ2SWWJLI,SAWP5,save-merged-p105.arquivo.pt-20260528164500-Z9PKP0P0FF.warc.gz,True,
2026-05-28T06:51:20+00:00,https://recherche-collection-search.bac-lac.canada.ca/eng/Home/Record?app=divincan&IdNumber=147,200,text/html,OLDUPQBJAE26QDBQLDMYITHXWQEB7HIX,SAWP5,save-merged-p107.arquivo.pt-20260528164717-CK7C8KK985.warc.gz,True,
2026-05-28T06:51:22+00:00,https://recherche-collection-search.bac-lac.canada.ca/eng/Home/Record?app=divincan&IdNumber=147,200,text/html,YX6CCY44UTTNVHZYO4JQKCRH76IMSLWP,SAWP5,save-merged-p106.arquivo.pt-20260528164916-3NRHB2RM5V.warc.gz,True,
2026-05-28T06:51:30+00:00,https://recherche-collection-search.bac-lac.canada.ca/ajax/download?DataSource=Genealogy%7CBirMarDivDea%7CDivInCan&format=csv&lang=eng&downloadtoken=x&start=5000,200,application/csv,X4YSSDPANAIVFS5XXSTWVABCX3CLS3NI,SAWP5,save-merged-p105.arquivo.pt-20260528164536-V24R9QWX87.warc.gz,True,
2026-05-28T06:51:37+00:00,https://recherche-collection-search.bac-lac.canada.ca/ajax/download?DataSource=Genealogy%7CBirMarDivDea%7CDivInCan&format=csv&lang=eng&downloadtoken=x&start=5001,200,application/csv,LISQCJGG5AXZT4NN2XS65B74GX4J72DL,SAWP5,save-merged-p107.arquivo.pt-20260528164717-CK7C8KK985.warc.gz,True,
2026-05-28T06:51:43+00:00,https://recherche-collection-search.bac-lac.canada.ca/ajax/download?DataSource=Genealogy%7CBirMarDivDea%7CDivInCan&format=csv&lang=eng&downloadtoken=x&num=15000,200,application/csv,QLCOQXTOO3WFX7VXNUCJIGCFZDNDMXL7,SAWP5,save-merged-p105.arquivo.pt-20260528164522-YN7C1MZG1L.warc.gz,True,
2026-05-28T06:51:50+00:00,https://recherche-collection-search.bac-lac.canada.ca/ajax/download?DataSource=Genealogy%7CBirMarDivDea%7CDivInCan&format=csv&lang=eng&downloadtoken=x&start=5000&num=5000,200,application/csv,X4YSSDPANAIVFS5XXSTWVABCX3CLS3NI,SAWP5,save-merged-p108.arquivo.pt-20260528165051-N7VDFW0Y0V.warc.gz,True,
2026-05-28T06:51:57+00:00,https://recherche-collection-search.bac-lac.canada.ca/ajax/download?DataSource=Genealogy%7CBirMarDivDea%7CDivInCan&format=csv&lang=eng&downloadtoken=x&page=2,200,application/csv,QLCOQXTOO3WFX7VXNUCJIGCFZDNDMXL7,SAWP5,save-merged-p107.arquivo.pt-20260528164717-CK7C8KK985.warc.gz,True,
2026-05-28T06:52:03+00:00,https://recherche-collection-search.bac-lac.canada.ca/ajax/download?DataSource=Genealogy|BirMarDivDea|DivInCan&format=csv&lang=eng&downloadtoken=x,200,application/csv,QLCOQXTOO3WFX7VXNUCJIGCFZDNDMXL7,SAWP5,save-merged-p107.arquivo.pt-20260528164722-OYX4BCZF9S.warc.gz,True,
2026-05-28T06:52:03+00:00,https://recherche-collection-search.bac-lac.canada.ca/ajax/download?DataSource=Genealogy%7CBirMarDivDea%7CDivInCan&format=csv&lang=eng&downloadtoken=x&offset=5000,200,application/csv,QLCOQXTOO3WFX7VXNUCJIGCFZDNDMXL7,SAWP5,save-merged-p108.arquivo.pt-20260528165056-H7HMVMY0SM.warc.gz,True,
2026-05-28T06:52:10+00:00,https://recherche-collection-search.bac-lac.canada.ca/ajax/download?DataSource=Genealogy%7CBirMarDivDea%7CDivInCan&format=csv&lang=eng&downloadtoken=x&rows=15000,200,application/csv,QLCOQXTOO3WFX7VXNUCJIGCFZDNDMXL7,SAWP5,save-merged-p106.arquivo.pt-20260528164916-3NRHB2RM5V.warc.gz,True,
2026-05-28T06:52:11+00:00,https://recherche-collection-search.bac-lac.canada.ca/ajax/download?DataSource=Genealogy%7CBirMarDivDea%7CDivInCan&DateBucket=1900-1909%7C1908&format=json&lang=eng&downloadtoken=x,200,application/json,PGHDUJU563BCDIESMARBTDKFCHLKG7ZE,SAWP5,save-merged-p108.arquivo.pt-20260528165056-H7HMVMY0SM.warc.gz,True,
2026-05-28T06:52:19+00:00,https://recherche-collection-search.bac-lac.canada.ca/ajax/download?DataSource=Genealogy%7CBirMarDivDea%7CDivInCan&DateBucket=1910-1919%7C1911&format=html&lang=eng&downloadtoken=x,200,text/html,CBLZS5KF5HUDDTWJYRXV4XHMR4IFVNKW,SAWP5,save-merged-p105.arquivo.pt-20260528164536-V24R9QWX87.warc.gz,True,
2026-05-28T06:52:28+00:00,https://recherche-collection-search.bac-lac.canada.ca/ajax/download?DataSource=Genealogy%7CBirMarDivDea%7CDivInCan&DateBucket=1900-1909%7C1907&format=html&lang=eng&downloadtoken=x,200,text/html,5A7YJ62R2GXYUSGXNQ2ZMJQ4U5FP36UC,SAWP5,save-merged-p107.arquivo.pt-20260528164717-CK7C8KK985.warc.gz,True,
2026-05-28T06:52:36+00:00,https://recherche-collection-search.bac-lac.canada.ca/ajax/download?DataSource=Genealogy%7CBirMarDivDea%7CDivInCan&format=csv&lang=eng&downloadtoken=x&DateBucket=1905--1911,200,application/csv,K4QYYMLLNEQ6FTLBAJ5CHB7NYMNC3FDR,SAWP5,save-merged-p106.arquivo.pt-20260528164916-3NRHB2RM5V.warc.gz,True,
2026-05-28T06:52:42+00:00,https://recherche-collection-search.bac-lac.canada.ca/ajax/download?DataSource=Genealogy%7CBirMarDivDea%7CDivInCan&DateBucket=DECADE%7CYEAR&dates=1910-1919%7C1910&format=html,200,text/html,3I42H3S6NNFQ2MSVX7XZKYAYSCX5QBYJ,SAWP5,save-merged-p105.arquivo.pt-20260528164536-V24R9QWX87.warc.gz,True,
2026-05-28T06:52:43+00:00,https://recherche-collection-search.bac-lac.canada.ca/ajax/download?DataSource=Genealogy%7CBirMarDivDea%7CDivInCan&DateBucket=1910-1919%7C1910&format=html,200,text/html,ZNJLJI2QQAQIXYIHGB3IMJBOSWMTFJ23,SAWP5,save-merged-p108.arquivo.pt-20260528165051-N7VDFW0Y0V.warc.gz,True,
2026-05-28T06:52:45+00:00,https://recherche-collection-search.bac-lac.canada.ca/ajax/download?DataSource=Genealogy%7CBirMarDivDea%7CDivInCan&DateBucket=DECADE%7CYEAR%7C1910-1919%7C1910&format=html,200,text/html,3I42H3S6NNFQ2MSVX7XZKYAYSCX5QBYJ,SAWP5,save-merged-p105.arquivo.pt-20260528164527-5ZDEHG9O0J.warc.gz,True,
2026-05-28T06:52:48+00:00,https://recherche-collection-search.bac-lac.canada.ca/ajax/download?DataSource=Genealogy%7CBirMarDivDea%7CDivInCan&DateBucket=1900-1909%7C1908&format=html&lang=eng&downloadtoken=x,200,text/html,Y6VJQAT6OCBSUAH3ACX6ROO4BIFLMJV5,SAWP5,save-merged-p108.arquivo.pt-20260528165056-H7HMVMY0SM.warc.gz,True,
2026-05-28T06:52:50+00:00,https://recherche-collection-search.bac-lac.canada.ca/ajax/download?DataSource=Genealogy%7CBirMarDivDea%7CDivInCan&DateBucket=1900-1909%7C1908&format=csv&lang=eng&downloadtoken=x,200,application/csv,HGVCX37LXJLEL5T2V4OE4AR7XH52AECX,SAWP5,save-merged-p108.arquivo.pt-20260528165056-H7HMVMY0SM.warc.gz,True,
2026-05-28T06:52:50+00:00,https://recherche-collection-search.bac-lac.canada.ca/ajax/download?DataSource=Genealogy%7CBirMarDivDea%7CDivInCan&format=csv&lang=eng&downloadtoken=x&DateBucket=1905,200,application/csv,K4QYYMLLNEQ6FTLBAJ5CHB7NYMNC3FDR,SAWP5,save-merged-p105.arquivo.pt-20260528164536-V24R9QWX87.warc.gz,True,
2026-05-28T06:52:51+00:00,https://recherche-collection-search.bac-lac.canada.ca/ajax/download?DataSource=Genealogy%7CBirMarDivDea%7CDivInCan&DateBucket=1900-1909%7C1908&format=xml&lang=eng&downloadtoken=x,200,application/xml,XSURKIFMOO3F4ZYIDCRKRMX6LKINBPYL,SAWP5,save-merged-p108.arquivo.pt-20260528165056-H7HMVMY0SM.warc.gz,True,
2026-05-28T06:52:51+00:00,https://recherche-collection-search.bac-lac.canada.ca/ajax/download?DataSource=Genealogy%7CBirMarDivDea%7CDivInCan&format=csv&lang=eng&downloadtoken=x&Year=1905,200,application/csv,QLCOQXTOO3WFX7VXNUCJIGCFZDNDMXL7,SAWP5,save-merged-p108.arquivo.pt-20260528165051-N7VDFW0Y0V.warc.gz,True,
2026-05-28T06:52:55+00:00,https://recherche-collection-search.bac-lac.canada.ca/ajax/download?DataSource=Genealogy%7CBirMarDivDea%7CDivInCan&format=CSV&lang=eng&downloadtoken=x,400,text/plain,OKPHY75EVL2MJ5XW5TXWV2J7CFURA3RN,SAWP5,save-merged-p108.arquivo.pt-20260528165056-H7HMVMY0SM.warc.gz,True,
2026-05-28T06:52:55+00:00,https://recherche-collection-search.bac-lac.canada.ca/js/search-form.js,200,text/javascript,IZQE7SVLC6PPQ6Q3KA3NXL7JQGJEAP6C,SAWP5,save-merged-p108.arquivo.pt-20260528165051-N7VDFW0Y0V.warc.gz,True,
2026-05-28T06:52:58+00:00,https://recherche-collection-search.bac-lac.canada.ca/ajax/download?DataSource=Genealogy%7CBirMarDivDea%7CDivInCan&format=csv&lang=eng&downloadtoken=x&q=1905,200,application/csv,O6IJM5CENTUDCMSA3CKYODKHZXF5T7BV,SAWP5,save-merged-p106.arquivo.pt-20260528164916-3NRHB2RM5V.warc.gz,True,
2026-05-28T06:52:59+00:00,https://recherche-collection-search.bac-lac.canada.ca/ajax/download?DataSource=Genealogy%7CBirMarDivDea%7CDivInCan&format=csv&lang=eng&downloadtoken=x&FirstName=George,200,application/csv,YWUBW5UMTTVNIZ7PTGPFPGXBXUXM7ZJH,SAWP5,save-merged-p105.arquivo.pt-20260528164527-5ZDEHG9O0J.warc.gz,True,
2026-05-28T06:53:02+00:00,https://recherche-collection-search.bac-lac.canada.ca/ajax/download?DataSource=Genealogy%7CBirMarDivDea%7CDivInCan&format=csv&lang=eng&downloadtoken=x&LastName=Pearson,200,application/csv,4K3BOFJOJ6T7GDVQOZKBJ76VTSSBOLG6,SAWP5,save-merged-p108.arquivo.pt-20260528165056-H7HMVMY0SM.warc.gz,True,
2026-05-28T06:53:03+00:00,https://recherche-collection-search.bac-lac.canada.ca/ajax/download?DataSource=Genealogy%7CBirMarDivDea%7CDivInCan&format=csv&lang=eng&downloadtoken=x&DataSourceSel=Genealogy,200,application/csv,QLCOQXTOO3WFX7VXNUCJIGCFZDNDMXL7,SAWP5,save-merged-p107.arquivo.pt-20260528164717-CK7C8KK985.warc.gz,True,
2026-05-28T06:53:21+00:00,https://recherche-collection-search.bac-lac.canada.ca/ajax/download?DataSource=Genealogy%7CBirMarDivDea%7CDivInCan&format=json&lang=eng&downloadtoken=x&DateBucket=1900-1909%7C1905,200,application/json,33DLAF76NCR6AWVJWXYHBRX5N6TBREYG,SAWP5,save-merged-p108.arquivo.pt-20260528165051-N7VDFW0Y0V.warc.gz,True,
2026-05-28T06:53:22+00:00,https://recherche-collection-search.bac-lac.canada.ca/ajax/download?DataSource=Genealogy%7CBirMarDivDea%7CDivInCan&format=json&lang=eng&downloadtoken=x&Year=1905,200,application/json,EIUJDLQL7QACFKRGJ3SF7YFHAQCAA7UW,SAWP5,save-merged-p108.arquivo.pt-20260528165056-H7HMVMY0SM.warc.gz,True,
2026-05-28T06:53:34+00:00,https://recherche-collection-search.bac-lac.canada.ca/ajax/download?DataSource=Genealogy%7CBirMarDivDea%7CDivInCan&format=csv&lang=eng&downloadtoken=x&dates=1905,200,application/csv,QLCOQXTOO3WFX7VXNUCJIGCFZDNDMXL7,SAWP5,save-merged-p108.arquivo.pt-20260528165051-N7VDFW0Y0V.warc.gz,True,
2026-05-28T06:53:38+00:00,https://recherche-collection-search.bac-lac.canada.ca/ajax/download?DataSource=Genealogy%7CBirMarDivDea%7CDivInCan&DateBucket=1900-1909%7C1907&format=html,200,text/html,5A7YJ62R2GXYUSGXNQ2ZMJQ4U5FP36UC,SAWP5,save-merged-p106.arquivo.pt-20260528164916-3NRHB2RM5V.warc.gz,True,
2026-05-28T06:53:39+00:00,https://recherche-collection-search.bac-lac.canada.ca/ajax/download?DataSource=Genealogy%7CBirMarDivDea%7CDivInCan&DateBucket=1900-1909%7C1907&format=html&inline=true,200,text/html,5A7YJ62R2GXYUSGXNQ2ZMJQ4U5FP36UC,SAWP5,save-merged-p106.arquivo.pt-20260528164916-3NRHB2RM5V.warc.gz,True,
2026-05-28T06:53:39+00:00,https://recherche-collection-search.bac-lac.canada.ca/ajax/download?DataSource=Genealogy%7CBirMarDivDea%7CDivInCan&format=json&lang=eng&downloadtoken=x&FirstName=George,200,application/json,NR3YUX7VQ6XQSKCDHEYWRF2GZCWXCYVY,SAWP5,save-merged-p106.arquivo.pt-20260528164916-3NRHB2RM5V.warc.gz,True,
2026-05-28T06:53:40+00:00,https://recherche-collection-search.bac-lac.canada.ca/ajax/download?DataSource=Genealogy%7CBirMarDivDea%7CDivInCan&format=csv&lang=eng&downloadtoken=x&date=1905,200,application/csv,QLCOQXTOO3WFX7VXNUCJIGCFZDNDMXL7,SAWP5,save-merged-p108.arquivo.pt-20260528165051-N7VDFW0Y0V.warc.gz,True,
2026-05-28T06:53:40+00:00,https://recherche-collection-search.bac-lac.canada.ca/ajax/download?DataSource=Genealogy%7CBirMarDivDea%7CDivInCan&DateBucket=1900-1909%7C1907&format=html&downloadtoken=,200,text/html,5A7YJ62R2GXYUSGXNQ2ZMJQ4U5FP36UC,SAWP5,save-merged-p105.arquivo.pt-20260528164527-5ZDEHG9O0J.warc.gz,True,
2026-05-28T06:53:41+00:00,https://recherche-collection-search.bac-lac.canada.ca/ajax/download?DataSource=Genealogy%7CBirMarDivDea%7CDivInCan&DateBucket=1900-1909%7C1907&format=json,200,application/json,P5QCENWMXSIQM7BC6SKKGGUPWZIUSPGX,SAWP5,save-merged-p106.arquivo.pt-20260528164916-3NRHB2RM5V.warc.gz,True,
2026-05-28T06:53:42+00:00,https://recherche-collection-search.bac-lac.canada.ca/ajax/download?DataSource=Genealogy%7CBirMarDivDea%7CDivInCan&DateBucket=1900-1909%7C1907&format=xml,200,application/xml,43EKEPIS63WVKFNKJG3LCIYXFR2DW6P4,SAWP5,save-merged-p107.arquivo.pt-20260528164717-CK7C8KK985.warc.gz,True,
2026-05-28T06:53:43+00:00,https://recherche-collection-search.bac-lac.canada.ca/ajax/download?DataSource=Genealogy%7CBirMarDivDea%7CDivInCan&format=json&lang=eng&downloadtoken=x&DateBucket=1905,200,application/json,JOVLULNM5JCZVNNKDFY7WKWVLIQ5FJRQ,SAWP5,save-merged-p107.arquivo.pt-20260528164717-CK7C8KK985.warc.gz,True,
2026-05-28T06:53:43+00:00,https://recherche-collection-search.bac-lac.canada.ca/ajax/download?DataSource=Genealogy%7CBirMarDivDea%7CDivInCan&format=json&lang=eng&downloadtoken=x&q=Pearson,200,application/json,Y2UFZ66IMURLZEMKCX4D4B2TOB3UFCJM,SAWP5,save-merged-p105.arquivo.pt-20260528164506-L8EEEBBS3Z.warc.gz,True,
2026-05-28T06:53:44+00:00,https://recherche-collection-search.bac-lac.canada.ca/ajax/download?DataSource=Genealogy%7CBirMarDivDea%7CDivInCan&format=json&lang=eng&downloadtoken=x&LastName=Pearson,200,application/json,4REGE4LHN5F7MKKABQC5SMUPNINQRQTH,SAWP5,save-merged-p108.arquivo.pt-20260528165056-H7HMVMY0SM.warc.gz,True,
2026-05-28T06:53:44+00:00,https://recherche-collection-search.bac-lac.canada.ca/ajax/download?DataSource=Genealogy%7CBirMarDivDea%7CDivInCan&format=json&lang=eng&downloadtoken=x&RecordDivorceYear=1905,200,application/json,EIUJDLQL7QACFKRGJ3SF7YFHAQCAA7UW,SAWP5,save-merged-p108.arquivo.pt-20260528165056-H7HMVMY0SM.warc.gz,True,
2026-05-28T06:53:47+00:00,https://recherche-collection-search.bac-lac.canada.ca/ajax/download?DataSource=Genealogy%7CBirMarDivDea%7CDivInCan&format=csv&lang=eng&downloadtoken=x&Date=1905,200,application/csv,QLCOQXTOO3WFX7VXNUCJIGCFZDNDMXL7,SAWP5,save-merged-p106.arquivo.pt-20260528164916-3NRHB2RM5V.warc.gz,True,
2026-05-28T06:53:50+00:00,https://recherche-collection-search.bac-lac.canada.ca/ajax/download?DataSource=Genealogy%7CBirMarDivDea%7CDivInCan&DateBucket=1900-1909%7C1905&format=html&lang=eng&downloadtoken=DT--123--DT,200,text/html,CQM5XLCL7AXCHSFADSO4RSJKQR7FXZ5L,SAWP5,save-merged-p107.arquivo.pt-20260528164717-CK7C8KK985.warc.gz,True,
2026-05-28T06:53:53+00:00,https://recherche-collection-search.bac-lac.canada.ca/ajax/download?DataSource=Genealogy%7CBirMarDivDea%7CDivInCan&format=csv&lang=eng&downloadtoken=x&RecordDivorceYear=1905,200,application/csv,QLCOQXTOO3WFX7VXNUCJIGCFZDNDMXL7,SAWP5,save-merged-p106.arquivo.pt-20260528164916-3NRHB2RM5V.warc.gz,True,
2026-05-28T06:54:00+00:00,https://recherche-collection-search.bac-lac.canada.ca/ajax/download?DataSource=Genealogy%7CBirMarDivDea%7CDivInCan&format=json&lang=eng&downloadtoken=x&DateBucket=%7C1905-1911,200,application/json,EVPO25YHG7SDXXVRICLFNPA5SDQ55OJY,SAWP5,save-merged-p107.arquivo.pt-20260528164717-CK7C8KK985.warc.gz,True,
2026-05-28T06:54:00+00:00,https://recherche-collection-search.bac-lac.canada.ca/ajax/download?DataSource=Genealogy%7CBirMarDivDea%7CDivInCan&format=csv&lang=eng&downloadtoken=x&recorddivorceyear=1905,200,application/csv,QLCOQXTOO3WFX7VXNUCJIGCFZDNDMXL7,SAWP5,save-merged-p108.arquivo.pt-20260528165051-N7VDFW0Y0V.warc.gz,True,
2026-05-28T06:54:01+00:00,https://recherche-collection-search.bac-lac.canada.ca/ajax/download?DataSource=Genealogy%7CBirMarDivDea%7CDivInCan&format=json&lang=eng&downloadtoken=x&q=1905,200,application/json,QGPH7I73O4NUW4YB4ORGC3E3LX7H4H3H,SAWP5,save-merged-p106.arquivo.pt-20260528164916-3NRHB2RM5V.warc.gz,True,
2026-05-28T06:54:02+00:00,https://recherche-collection-search.bac-lac.canada.ca/ajax/download?DataSource=Genealogy%7CBirMarDivDea%7CDivInCan&format=json&lang=eng&downloadtoken=x&DateBucket=1910-1919%7C1911,200,application/json,7NPDWX5BWIDVBXFLDVKGTYH2XUMPBKZZ,SAWP5,save-merged-p108.arquivo.pt-20260528165051-N7VDFW0Y0V.warc.gz,True,
2026-05-28T06:54:02+00:00,https://recherche-collection-search.bac-lac.canada.ca/ajax/download?DataSource=Genealogy%7CBirMarDivDea%7CDivInCan&format=json&lang=eng&downloadtoken=x&q_1=1905,200,application/json,EIUJDLQL7QACFKRGJ3SF7YFHAQCAA7UW,SAWP5,save-merged-p105.arquivo.pt-20260528164516-QXR8GNAOK0.warc.gz,True,
2026-05-28T06:54:03+00:00,https://recherche-collection-search.bac-lac.canada.ca/ajax/download?DataSource=Genealogy%7CBirMarDivDea%7CDivInCan&format=json&lang=eng&downloadtoken=x&DateBucket=1900-1909%7C1905-1909,200,application/json,JOVLULNM5JCZVNNKDFY7WKWVLIQ5FJRQ,SAWP5,save-merged-p107.arquivo.pt-20260528164717-CK7C8KK985.warc.gz,True,
2026-05-28T06:54:06+00:00,https://recherche-collection-search.bac-lac.canada.ca/ajax/download?DataSource=Genealogy%7CBirMarDivDea%7CDivInCan&format=csv&lang=eng&downloadtoken=x&DateBucket-specific-value=1905,200,application/csv,QLCOQXTOO3WFX7VXNUCJIGCFZDNDMXL7,SAWP5,save-merged-p105.arquivo.pt-20260528164527-5ZDEHG9O0J.warc.gz,True,
2026-05-28T06:54:13+00:00,https://recherche-collection-search.bac-lac.canada.ca/ajax/download?DataSource=Genealogy%7CBirMarDivDea%7CDivInCan&format=csv&lang=eng&downloadtoken=x&DateBucket=1905~1911,200,application/csv,K4QYYMLLNEQ6FTLBAJ5CHB7NYMNC3FDR,SAWP5,save-merged-p108.arquivo.pt-20260528165051-N7VDFW0Y0V.warc.gz,True,
2026-05-28T06:54:14+00:00,https://recherche-collection-search.bac-lac.canada.ca/ajax/download?DataSource=Genealogy%7CBirMarDivDea%7CDivInCan&format=csv&lang=eng&downloadtoken=x&dateOperator=range&dates=1905--1911,200,application/csv,QLCOQXTOO3WFX7VXNUCJIGCFZDNDMXL7,SAWP5,save-merged-p107.arquivo.pt-20260528164717-CK7C8KK985.warc.gz,True,
2026-05-28T06:54:18+00:00,https://recherche-collection-search.bac-lac.canada.ca/ajax/download?DataSource=Genealogy%7CBirMarDivDea%7CDivInCan&format=json&lang=eng&downloadtoken=x&Date=1905,200,application/json,EIUJDLQL7QACFKRGJ3SF7YFHAQCAA7UW,SAWP5,save-merged-p105.arquivo.pt-20260528164516-QXR8GNAOK0.warc.gz,True,
2026-05-28T06:54:22+00:00,https://recherche-collection-search.bac-lac.canada.ca/ajax/download?DataSource=Genealogy%7CBirMarDivDea%7CDivInCan&format=csv&lang=eng&downloadtoken=x&q_exact=1905,200,application/csv,O6IJM5CENTUDCMSA3CKYODKHZXF5T7BV,SAWP5,save-merged-p106.arquivo.pt-20260528164916-3NRHB2RM5V.warc.gz,True,
2026-05-28T06:54:24+00:00,https://recherche-collection-search.bac-lac.canada.ca/ajax/download?DataSource=Genealogy%7CBirMarDivDea%7CDivInCan&format=csv&lang=eng&downloadtoken=x&q_type_1=q&q_1=1905,200,application/csv,O6IJM5CENTUDCMSA3CKYODKHZXF5T7BV,SAWP5,save-merged-p105.arquivo.pt-20260528164536-V24R9QWX87.warc.gz,True,
2026-05-28T06:54:35+00:00,https://recherche-collection-search.bac-lac.canada.ca/ajax/download?DataSource=Genealogy%7CBirMarDivDea%7CDivInCan&format=json&lang=eng&downloadtoken=x&SearchIn_1=Year&SearchInText_1=1905,200,application/json,EIUJDLQL7QACFKRGJ3SF7YFHAQCAA7UW,SAWP5,save-merged-p106.arquivo.pt-20260528164916-3NRHB2RM5V.warc.gz,True,
2026-05-28T06:54:36+00:00,https://recherche-collection-search.bac-lac.canada.ca/ajax/count?DataSource=Genealogy%7CBirMarDivDea%7CDivInCan&DateBucket=%7C1905-1911&fId=jq-DataSource_Genealogy,200,text/plain,J6Z2WYNPLC5DVCAJFY5LTOFU5CC56YVM,SAWP5,save-merged-p105.arquivo.pt-20260528164536-V24R9QWX87.warc.gz,True,
2026-05-28T06:54:37+00:00,https://recherche-collection-search.bac-lac.canada.ca/ajax/download?DataSource=Genealogy%7CBirMarDivDea%7CDivInCan&DateBucket=%7C1905-1911&format=xml&lang=eng&downloadtoken=x,200,application/xml,YT774TVYRQI6IACGWTRZKJIRSDECWPYD,SAWP5,save-merged-p108.arquivo.pt-20260528165041-04FNRCES5G.warc.gz,True,
2026-05-28T06:54:39+00:00,https://recherche-collection-search.bac-lac.canada.ca/ajax/container-lazy?app=divincan&IdNumber=91&lang=eng&section=additional,200,text/html,CYKN7HZ4WG26DXAEBMWX3WKC6NKZSRIJ,SAWP5,save-merged-p107.arquivo.pt-20260528164717-CK7C8KK985.warc.gz,True,
2026-05-28T06:54:51+00:00,https://recherche-collection-search.bac-lac.canada.ca/ajax/download?DataSource=Genealogy%7CBirMarDivDea%7CDivInCan&format=json&lang=eng&downloadtoken=x&IdNumber=91,200,application/json,D4HCB6ILKWOQXQMGWJXYYUONT6B4IIAG,SAWP5,save-merged-p107.arquivo.pt-20260528164717-CK7C8KK985.warc.gz,True,
2026-05-28T06:54:52+00:00,https://recherche-collection-search.bac-lac.canada.ca/ajax/download?DataSource=Genealogy%7CBirMarDivDea%7CDivInCan&DateBucket=1900-1909%7C1908&format=html&lang=eng&downloadtoken=x,200,text/html,Y6VJQAT6OCBSUAH3ACX6ROO4BIFLMJV5,SAWP5,save-merged-p105.arquivo.pt-20260528164527-5ZDEHG9O0J.warc.gz,True,
2026-05-28T06:54:52+00:00,https://recherche-collection-search.bac-lac.canada.ca/ajax/download?DataSource=Genealogy%7CBirMarDivDea%7CDivInCan&format=csv&lang=eng&downloadtoken=x&Start=5000,200,application/csv,X4YSSDPANAIVFS5XXSTWVABCX3CLS3NI,SAWP5,save-merged-p107.arquivo.pt-20260528164717-CK7C8KK985.warc.gz,True,
2026-05-28T06:54:56+00:00,https://recherche-collection-search.bac-lac.canada.ca/ajax/download?DataSource=Genealogy%7CBirMarDivDea%7CDivInCan&format=csv&lang=eng&downloadtoken=x&IdNumber=109,200,application/csv,P5BVT5BYXKTVFY2GHA7V3JS3BETVJIKC,SAWP5,save-merged-p108.arquivo.pt-20260528165056-H7HMVMY0SM.warc.gz,True,
2026-05-28T06:54:57+00:00,https://recherche-collection-search.bac-lac.canada.ca/ajax/download?DataSource=Genealogy%7CBirMarDivDea%7CDivInCan&format=csv&lang=eng&downloadtoken=x&id=109,200,application/csv,QLCOQXTOO3WFX7VXNUCJIGCFZDNDMXL7,SAWP5,save-merged-p108.arquivo.pt-20260528165056-H7HMVMY0SM.warc.gz,True,
2026-05-28T06:54:57+00:00,https://recherche-collection-search.bac-lac.canada.ca/ajax/download?DataSource=Genealogy%7CBirMarDivDea%7CDivInCan&format=csv&lang=eng&downloadtoken=x&idnumber=109,200,application/csv,P5BVT5BYXKTVFY2GHA7V3JS3BETVJIKC,SAWP5,save-merged-p106.arquivo.pt-20260528164916-3NRHB2RM5V.warc.gz,True,
2026-05-28T06:55:00+00:00,https://recherche-collection-search.bac-lac.canada.ca/ajax/download?DataSource=Genealogy%7CBirMarDivDea%7CDivInCan&format=csv&lang=eng&downloadtoken=x&skip=5000,200,application/csv,QLCOQXTOO3WFX7VXNUCJIGCFZDNDMXL7,SAWP5,save-merged-p108.arquivo.pt-20260528165056-H7HMVMY0SM.warc.gz,True,
2026-05-28T06:55:05+00:00,https://recherche-collection-search.bac-lac.canada.ca/ajax/download?DataSource=Genealogy%7CBirMarDivDea%7CDivInCan&format=csv&lang=eng&downloadtoken=x&ItemNumber=109,200,application/csv,QLCOQXTOO3WFX7VXNUCJIGCFZDNDMXL7,SAWP5,save-merged-p108.arquivo.pt-20260528165056-H7HMVMY0SM.warc.gz,True,
2026-05-28T06:55:07+00:00,https://recherche-collection-search.bac-lac.canada.ca/ajax/download?DataSource=Genealogy%7CBirMarDivDea%7CDivInCan&format=csv&lang=eng&downloadtoken=x&from=5000,200,application/csv,QLCOQXTOO3WFX7VXNUCJIGCFZDNDMXL7,SAWP5,save-merged-p107.arquivo.pt-20260528164717-CK7C8KK985.warc.gz,True,
2026-05-28T06:55:14+00:00,https://recherche-collection-search.bac-lac.canada.ca/ajax/download?DataSource=Genealogy%7CBirMarDivDea%7CDivInCan&format=csv&lang=eng&downloadtoken=x&page=5000,200,application/csv,QLCOQXTOO3WFX7VXNUCJIGCFZDNDMXL7,SAWP5,save-merged-p106.arquivo.pt-20260528164916-3NRHB2RM5V.warc.gz,True,
2026-05-28T06:55:20+00:00,https://recherche-collection-search.bac-lac.canada.ca/ajax/download?DataSource=Genealogy%7CBirMarDivDea%7CDivInCan&format=csv&lang=eng&downloadtoken=x&startRecord=5000,200,application/csv,QLCOQXTOO3WFX7VXNUCJIGCFZDNDMXL7,SAWP5,save-merged-p107.arquivo.pt-20260528164717-CK7C8KK985.warc.gz,True,
2026-05-28T06:55:21+00:00,https://recherche-collection-search.bac-lac.canada.ca/ajax/download?DataSource=Genealogy%7CBirMarDivDea%7CDivInCan&IdNumber=109&format=xml&lang=eng,200,application/xml,Z4BEPIV3YDN5L4JFSN26PO2HERTYMYRJ,SAWP5,save-merged-p105.arquivo.pt-20260528164516-QXR8GNAOK0.warc.gz,True,
2026-05-28T06:55:28+00:00,https://recherche-collection-search.bac-lac.canada.ca/ajax/download?DataSource=Genealogy%7CBirMarDivDea%7CDivInCan&format=csv&lang=eng&downloadtoken=x&startrecord=5000,200,application/csv,QLCOQXTOO3WFX7VXNUCJIGCFZDNDMXL7,SAWP5,save-merged-p108.arquivo.pt-20260528165056-H7HMVMY0SM.warc.gz,True,
2026-05-28T06:55:31+00:00,https://central.bac-lac.gc.ca/.redirect?app=divincan&id=91&lang=eng,307,unk,3I42H3S6NNFQ2MSVX7XZKYAYSCX5QBYJ,SAWP5,save-merged-p105.arquivo.pt-20260528164522-YN7C1MZG1L.warc.gz,True,
2026-05-28T06:55:32+00:00,http://central.bac-lac.gc.ca/.redirect?app=divincan&id=91&lang=eng,301,text/html,BZ3OH3PHGUGOUVGWCFLI4RZBZV455HGC,SAWP5,save-merged-p106.arquivo.pt-20260528164916-3NRHB2RM5V.warc.gz,True,
2026-05-28T06:55:33+00:00,https://central2.bac-lac.gc.ca/.redirect?app=divincan&id=91&lang=eng,404,text/html,UZUJRM3MSTCTOZXGNQNHVLVRJFCH5QED,SAWP5,save-merged-p106.arquivo.pt-20260528164916-3NRHB2RM5V.warc.gz,True,
2026-05-28T06:55:34+00:00,https://recherche-collection-search.bac-lac.canada.ca/ajax/download?DataSource=Genealogy%7CBirMarDivDea%7CDivInCan&format=csv&lang=eng&downloadtoken=x&num=5000,200,application/csv,QLCOQXTOO3WFX7VXNUCJIGCFZDNDMXL7,SAWP5,save-merged-p106.arquivo.pt-20260528164916-3NRHB2RM5V.warc.gz,True,
2026-05-28T06:55:41+00:00,https://recherche-collection-search.bac-lac.canada.ca/ajax/download?DataSource=Genealogy%7CBirMarDivDea%7CDivInCan&format=csv&lang=eng&downloadtoken=x&rows=5000,200,application/csv,QLCOQXTOO3WFX7VXNUCJIGCFZDNDMXL7,SAWP5,save-merged-p105.arquivo.pt-20260528164500-Z9PKP0P0FF.warc.gz,True,
2026-05-28T06:55:47+00:00,https://recherche-collection-search.bac-lac.canada.ca/ajax/download?DataSource=Genealogy%7CBirMarDivDea%7CDivInCan&format=csv&lang=eng&downloadtoken=x&limit=5000,200,application/csv,QLCOQXTOO3WFX7VXNUCJIGCFZDNDMXL7,SAWP5,save-merged-p106.arquivo.pt-20260528164916-3NRHB2RM5V.warc.gz,True,
2026-05-28T06:56:10+00:00,https://recherche-collection-search.bac-lac.canada.ca/ajax/download?DataSource=Genealogy%7CBirMarDivDea%7CDivInCan&format=csv&lang=eng&downloadtoken=x&start=5000&num=100,200,application/csv,X4YSSDPANAIVFS5XXSTWVABCX3CLS3NI,SAWP5,save-merged-p106.arquivo.pt-20260528164916-3NRHB2RM5V.warc.gz,True,
2026-05-28T06:56:17+00:00,https://recherche-collection-search.bac-lac.canada.ca/ajax/download?DataSource=Genealogy%7CBirMarDivDea%7CDivInCan&format=csv&lang=eng&downloadtoken=x&start=5000&sort=title,200,application/csv,B23ZCGIXP7PD36VBAUWCQKEBWUPYUU35,SAWP5,save-merged-p108.arquivo.pt-20260528165056-H7HMVMY0SM.warc.gz,True,
2026-05-28T06:56:24+00:00,https://recherche-collection-search.bac-lac.canada.ca/ajax/download?DataSource=Genealogy%7CBirMarDivDea%7CDivInCan&format=csv&lang=eng&downloadtoken=x&start=5000&sort=asc,200,application/csv,B23ZCGIXP7PD36VBAUWCQKEBWUPYUU35,SAWP5,save-merged-p106.arquivo.pt-20260528164916-3NRHB2RM5V.warc.gz,True,
2026-05-28T06:56:31+00:00,https://recherche-collection-search.bac-lac.canada.ca/ajax/download?DataSource=Genealogy%7CBirMarDivDea%7CDivInCan&format=csv&lang=eng&downloadtoken=x&start=5000&sort=Title,200,application/csv,B23ZCGIXP7PD36VBAUWCQKEBWUPYUU35,SAWP5,save-merged-p105.arquivo.pt-20260528164536-V24R9QWX87.warc.gz,True,
2026-05-28T06:56:37+00:00,https://recherche-collection-search.bac-lac.canada.ca/ajax/download?DataSource=Genealogy%7CBirMarDivDea%7CDivInCan&format=csv&lang=eng&downloadtoken=x&start=5000&ST=SB,200,application/csv,X4YSSDPANAIVFS5XXSTWVABCX3CLS3NI,SAWP5,save-merged-p106.arquivo.pt-20260528164916-3NRHB2RM5V.warc.gz,True,
2026-05-28T06:56:44+00:00,https://recherche-collection-search.bac-lac.canada.ca/ajax/download?DataSource=Genealogy%7CBirMarDivDea%7CDivInCan&format=csv&lang=eng&downloadtoken=x&start=5000&psp=1,200,application/csv,X4YSSDPANAIVFS5XXSTWVABCX3CLS3NI,SAWP5,save-merged-p107.arquivo.pt-20260528164717-CK7C8KK985.warc.gz,True,
2026-05-28T06:57:03+00:00,https://recherche-collection-search.bac-lac.canada.ca/ajax/download?DataSource=Genealogy%7CBirMarDivDea%7CDivInCan&format=csv&lang=eng&downloadtoken=x&sort=title,200,application/csv,WSV3C3CTYGWT2EI3B4VJ5JRI5S27DB4W,SAWP5,save-merged-p108.arquivo.pt-20260528165022-MXJYP2INUT.warc.gz,True,
2026-05-28T06:57:10+00:00,https://recherche-collection-search.bac-lac.canada.ca/ajax/download?DataSource=Genealogy%7CBirMarDivDea%7CDivInCan&format=csv&lang=eng&downloadtoken=x&sort=asc,200,application/csv,WSV3C3CTYGWT2EI3B4VJ5JRI5S27DB4W,SAWP5,save-merged-p107.arquivo.pt-20260528164717-CK7C8KK985.warc.gz,True,
2026-05-28T06:57:15+00:00,https://recherche-collection-search.bac-lac.canada.ca/ajax/download?DataSource=Genealogy%7CBirMarDivDea%7CDivInCan&format=csv&lang=eng&downloadtoken=x&sort=Title,200,application/csv,WSV3C3CTYGWT2EI3B4VJ5JRI5S27DB4W,SAWP5,save-merged-p106.arquivo.pt-20260528164916-3NRHB2RM5V.warc.gz,True,
2026-05-28T06:57:22+00:00,https://recherche-collection-search.bac-lac.canada.ca/ajax/download?DataSource=Genealogy%7CBirMarDivDea%7CDivInCan&format=csv&lang=eng&downloadtoken=x&sort=1,200,application/csv,WSV3C3CTYGWT2EI3B4VJ5JRI5S27DB4W,SAWP5,save-merged-p107.arquivo.pt-20260528164717-CK7C8KK985.warc.gz,True,
2026-05-28T06:57:30+00:00,https://recherche-collection-search.bac-lac.canada.ca/ajax/download?DataSource=Genealogy%7CBirMarDivDea%7CDivInCan&format=csv&lang=eng&downloadtoken=x&sort=desc,200,application/csv,WSV3C3CTYGWT2EI3B4VJ5JRI5S27DB4W,SAWP5,save-merged-p106.arquivo.pt-20260528164916-3NRHB2RM5V.warc.gz,True,
2026-05-28T06:57:36+00:00,https://recherche-collection-search.bac-lac.canada.ca/ajax/download?DataSource=Genealogy%7CBirMarDivDea%7CDivInCan&format=csv&lang=eng&downloadtoken=x&sort=Year,200,application/csv,WSV3C3CTYGWT2EI3B4VJ5JRI5S27DB4W,SAWP5,save-merged-p106.arquivo.pt-20260528164916-3NRHB2RM5V.warc.gz,True,
2026-05-28T06:57:42+00:00,https://recherche-collection-search.bac-lac.canada.ca/ajax/download?DataSource=Genealogy%7CBirMarDivDea%7CDivInCan&format=csv&lang=eng&downloadtoken=x&sort=year,200,application/csv,WSV3C3CTYGWT2EI3B4VJ5JRI5S27DB4W,SAWP5,save-merged-p107.arquivo.pt-20260528164722-OYX4BCZF9S.warc.gz,True,
2026-05-28T06:58:03+00:00,https://recherche-collection-search.bac-lac.canada.ca/ajax/container-lazy?app=divincan&IdNumber=109&lang=eng&section=brief,200,text/html,CYKN7HZ4WG26DXAEBMWX3WKC6NKZSRIJ,SAWP5,save-merged-p106.arquivo.pt-20260528164916-3NRHB2RM5V.warc.gz,True,
2026-05-28T06:58:04+00:00,https://recherche-collection-search.bac-lac.canada.ca/ajax/container-lazy?app=divincan&IdNumber=109&lang=eng&section=record,200,text/html,CYKN7HZ4WG26DXAEBMWX3WKC6NKZSRIJ,SAWP5,save-merged-p108.arquivo.pt-20260528165056-H7HMVMY0SM.warc.gz,True,
2026-05-28T06:58:05+00:00,https://recherche-collection-search.bac-lac.canada.ca/ajax/container-lazy?app=divincan&IdNumber=109&lang=eng&section=main,200,text/html,CYKN7HZ4WG26DXAEBMWX3WKC6NKZSRIJ,SAWP5,save-merged-p106.arquivo.pt-20260528164916-3NRHB2RM5V.warc.gz,True,
2026-05-28T06:58:05+00:00,https://recherche-collection-search.bac-lac.canada.ca/ajax/container-lazy?app=divincan&IdNumber=109&lang=eng&section=recordinfo,200,text/html,CYKN7HZ4WG26DXAEBMWX3WKC6NKZSRIJ,SAWP5,save-merged-p106.arquivo.pt-20260528164916-3NRHB2RM5V.warc.gz,True,
2026-05-28T06:58:07+00:00,https://recherche-collection-search.bac-lac.canada.ca/ajax/container-lazy?app=divincan&IdNumber=109&lang=eng&section=description,200,text/html,CYKN7HZ4WG26DXAEBMWX3WKC6NKZSRIJ,SAWP5,save-merged-p105.arquivo.pt-20260528164516-QXR8GNAOK0.warc.gz,True,
2026-05-28T06:58:08+00:00,https://recherche-collection-search.bac-lac.canada.ca/ajax/container-lazy?app=divincan&IdNumber=109&lang=eng&section=section_basic,200,text/html,CYKN7HZ4WG26DXAEBMWX3WKC6NKZSRIJ,SAWP5,save-merged-p106.arquivo.pt-20260528164916-3NRHB2RM5V.warc.gz,True,
2026-05-28T06:58:09+00:00,https://recherche-collection-search.bac-lac.canada.ca/ajax/container-lazy?app=divincan&IdNumber=109&lang=eng&section=details,200,text/html,CYKN7HZ4WG26DXAEBMWX3WKC6NKZSRIJ,SAWP5,save-merged-p106.arquivo.pt-20260528164916-3NRHB2RM5V.warc.gz,True,
2026-05-28T06:58:10+00:00,https://recherche-collection-search.bac-lac.canada.ca/ajax/container-lazy?app=divincan&IdNumber=109&lang=eng&section=fields,200,text/html,CYKN7HZ4WG26DXAEBMWX3WKC6NKZSRIJ,SAWP5,save-merged-p106.arquivo.pt-20260528164916-3NRHB2RM5V.warc.gz,True,
2026-05-28T06:58:11+00:00,https://recherche-collection-search.bac-lac.canada.ca/ajax/container-lazy?app=divincan&IdNumber=109&lang=eng&section=0,200,text/html,CYKN7HZ4WG26DXAEBMWX3WKC6NKZSRIJ,SAWP5,save-merged-p108.arquivo.pt-20260528165056-H7HMVMY0SM.warc.gz,True,
2026-05-28T06:58:12+00:00,https://recherche-collection-search.bac-lac.canada.ca/ajax/container-lazy?app=divincan&IdNumber=109&lang=eng&section=1,200,text/html,CYKN7HZ4WG26DXAEBMWX3WKC6NKZSRIJ,SAWP5,save-merged-p105.arquivo.pt-20260528164536-V24R9QWX87.warc.gz,True,
2026-05-28T06:58:13+00:00,https://central.bac-lac.gc.ca/.item/?app=divincan&id=91&op=xml,404,text/plain,7ZXDTCVPCNKVSIG2TQ4IRPRCVHRBDGX5,SAWP5,save-merged-p106.arquivo.pt-20260528164916-3NRHB2RM5V.warc.gz,True,
2026-05-28T06:58:14+00:00,https://recherche-collection-search.bac-lac.canada.ca/ajax/download?DataSource=Genealogy%7CBirMarDivDea%7CDivInCan&DateBucket=1910-1919%7C1911&format=json&lang=eng&downloadtoken=x,200,application/json,7NPDWX5BWIDVBXFLDVKGTYH2XUMPBKZZ,SAWP5,save-merged-p107.arquivo.pt-20260528164717-CK7C8KK985.warc.gz,True,
2026-05-28T06:58:15+00:00,https://central.bac-lac.gc.ca/.item/?app=divincan&id=91&op=json,404,text/plain,7ZXDTCVPCNKVSIG2TQ4IRPRCVHRBDGX5,SAWP5,save-merged-p108.arquivo.pt-20260528165022-MXJYP2INUT.warc.gz,True,
2026-05-28T06:58:16+00:00,https://central.bac-lac.gc.ca/.item/?app=divincan&id=91&op=record,404,text/plain,7ZXDTCVPCNKVSIG2TQ4IRPRCVHRBDGX5,SAWP5,save-merged-p106.arquivo.pt-20260528164916-3NRHB2RM5V.warc.gz,True,
2026-05-28T06:58:17+00:00,https://central.bac-lac.gc.ca/.item?app=divincan&id=91&op=xml,404,text/plain,7ZXDTCVPCNKVSIG2TQ4IRPRCVHRBDGX5,SAWP5,save-merged-p107.arquivo.pt-20260528164717-CK7C8KK985.warc.gz,True,
2026-05-28T06:58:18+00:00,https://central.bac-lac.gc.ca/.item?app=divincan&id=91&op=json,404,text/plain,7ZXDTCVPCNKVSIG2TQ4IRPRCVHRBDGX5,SAWP5,save-merged-p108.arquivo.pt-20260528165056-H7HMVMY0SM.warc.gz,True,
2026-05-28T06:58:19+00:00,https://central.bac-lac.gc.ca/.item?app=divincan&id=91&op=record,404,text/plain,7ZXDTCVPCNKVSIG2TQ4IRPRCVHRBDGX5,SAWP5,save-merged-p107.arquivo.pt-20260528164722-OYX4BCZF9S.warc.gz,True,
2026-05-28T06:58:20+00:00,https://central.bac-lac.gc.ca/.redirect?app=divincan&id=91&op=xml,307,unk,3I42H3S6NNFQ2MSVX7XZKYAYSCX5QBYJ,SAWP5,save-merged-p105.arquivo.pt-20260528164536-V24R9QWX87.warc.gz,True,
2026-05-28T06:58:22+00:00,https://central.bac-lac.gc.ca/.redirect?app=divincan&id=91&op=json,307,unk,3I42H3S6NNFQ2MSVX7XZKYAYSCX5QBYJ,SAWP5,save-merged-p106.arquivo.pt-20260528164916-3NRHB2RM5V.warc.gz,True,
2026-05-28T06:58:22+00:00,https://central.bac-lac.gc.ca/.redirect?app=divincan&id=91&op=record,307,unk,3I42H3S6NNFQ2MSVX7XZKYAYSCX5QBYJ,SAWP5,save-merged-p108.arquivo.pt-20260528165056-H7HMVMY0SM.warc.gz,True,
2026-05-28T06:58:24+00:00,https://central.bac-lac.gc.ca/.record/?app=divincan&id=91&op=xml,404,unk,3I42H3S6NNFQ2MSVX7XZKYAYSCX5QBYJ,SAWP5,save-merged-p108.arquivo.pt-20260528165056-H7HMVMY0SM.warc.gz,True,
2026-05-28T06:58:25+00:00,https://central.bac-lac.gc.ca/.record/?app=divincan&id=91&op=json,404,unk,3I42H3S6NNFQ2MSVX7XZKYAYSCX5QBYJ,SAWP5,save-merged-p106.arquivo.pt-20260528164916-3NRHB2RM5V.warc.gz,True,
2026-05-28T06:58:25+00:00,https://central.bac-lac.gc.ca/.record/?app=divincan&id=91&op=record,404,unk,3I42H3S6NNFQ2MSVX7XZKYAYSCX5QBYJ,SAWP5,save-merged-p107.arquivo.pt-20260528164722-OYX4BCZF9S.warc.gz,True,
2026-05-28T06:58:27+00:00,https://central.bac-lac.gc.ca/item/?app=divincan&id=91&op=xml,404,unk,3I42H3S6NNFQ2MSVX7XZKYAYSCX5QBYJ,SAWP5,save-merged-p105.arquivo.pt-20260528164536-V24R9QWX87.warc.gz,True,
2026-05-28T06:58:27+00:00,https://recherche-collection-search.bac-lac.canada.ca/ajax/container-lazy?DataSource=Genealogy%7CBirMarDivDea%7CDivInCan&IdNumber=109&lang=eng&section=brief,200,text/html,CYKN7HZ4WG26DXAEBMWX3WKC6NKZSRIJ,SAWP5,save-merged-p105.arquivo.pt-20260528164536-V24R9QWX87.warc.gz,True,
2026-05-28T06:58:28+00:00,https://central.bac-lac.gc.ca/item/?app=divincan&id=91&op=json,404,unk,3I42H3S6NNFQ2MSVX7XZKYAYSCX5QBYJ,SAWP5,save-merged-p106.arquivo.pt-20260528164916-3NRHB2RM5V.warc.gz,True,
2026-05-28T06:58:28+00:00,https://recherche-collection-search.bac-lac.canada.ca/ajax/container-lazy?app=divincan&idnumber=109&resource=folderlist&lang=eng&section=brief,200,text/html,CYKN7HZ4WG26DXAEBMWX3WKC6NKZSRIJ,SAWP5,save-merged-p105.arquivo.pt-20260528164516-QXR8GNAOK0.warc.gz,True,
2026-05-28T06:58:29+00:00,https://central.bac-lac.gc.ca/item/?app=divincan&id=91&op=record,404,unk,3I42H3S6NNFQ2MSVX7XZKYAYSCX5QBYJ,SAWP5,save-merged-p105.arquivo.pt-20260528164527-5ZDEHG9O0J.warc.gz,True,
2026-05-28T06:58:29+00:00,https://recherche-collection-search.bac-lac.canada.ca/ajax/container-lazy?Application=divincan&IdNumber=109&lang=eng&section=brief,200,text/html,CYKN7HZ4WG26DXAEBMWX3WKC6NKZSRIJ,SAWP5,save-merged-p107.arquivo.pt-20260528164705-3LSDIMAH79.warc.gz,True,
2026-05-28T06:58:30+00:00,https://central.bac-lac.gc.ca/api/?app=divincan&id=91&op=xml,404,unk,3I42H3S6NNFQ2MSVX7XZKYAYSCX5QBYJ,SAWP5,save-merged-p107.arquivo.pt-20260528164717-CK7C8KK985.warc.gz,True,
2026-05-28T06:58:30+00:00,https://recherche-collection-search.bac-lac.canada.ca/ajax/download?DataSource=Genealogy%7CBirMarDivDea%7CDivInCan&format=csv&lang=eng&downloadtoken=x&LastName=P,200,application/csv,K4QYYMLLNEQ6FTLBAJ5CHB7NYMNC3FDR,SAWP5,save-merged-p105.arquivo.pt-20260528164536-V24R9QWX87.warc.gz,True,
2026-05-28T06:58:31+00:00,https://central.bac-lac.gc.ca/api/?app=divincan&id=91&op=json,404,unk,3I42H3S6NNFQ2MSVX7XZKYAYSCX5QBYJ,SAWP5,save-merged-p108.arquivo.pt-20260528165051-N7VDFW0Y0V.warc.gz,True,
2026-05-28T06:58:31+00:00,https://recherche-collection-search.bac-lac.canada.ca/ajax/download?DataSource=Genealogy%7CBirMarDivDea%7CDivInCan&format=csv&lang=eng&downloadtoken=x&LastName=R,200,application/csv,K4QYYMLLNEQ6FTLBAJ5CHB7NYMNC3FDR,SAWP5,save-merged-p105.arquivo.pt-20260528164536-V24R9QWX87.warc.gz,True,
2026-05-28T06:58:32+00:00,https://central.bac-lac.gc.ca/api/?app=divincan&id=91&op=record,404,unk,3I42H3S6NNFQ2MSVX7XZKYAYSCX5QBYJ,SAWP5,save-merged-p106.arquivo.pt-20260528164916-3NRHB2RM5V.warc.gz,True,
2026-05-28T06:58:32+00:00,https://recherche-collection-search.bac-lac.canada.ca/ajax/download?DataSource=Genealogy%7CBirMarDivDea%7CDivInCan&format=csv&lang=eng&downloadtoken=x&LastName=W,200,application/csv,K4QYYMLLNEQ6FTLBAJ5CHB7NYMNC3FDR,SAWP5,save-merged-p107.arquivo.pt-20260528164722-OYX4BCZF9S.warc.gz,True,
2026-05-28T06:58:33+00:00,https://recherche-collection-search.bac-lac.canada.ca/ajax/download?DataSource=Genealogy%7CBirMarDivDea%7CDivInCan&format=csv&lang=eng&downloadtoken=x&LastName=M,200,application/csv,K4QYYMLLNEQ6FTLBAJ5CHB7NYMNC3FDR,SAWP5,save-merged-p107.arquivo.pt-20260528164717-CK7C8KK985.warc.gz,True,
2026-05-28T06:58:34+00:00,https://recherche-collection-search.bac-lac.canada.ca/ajax/download?DataSource=Genealogy%7CBirMarDivDea%7CDivInCan&format=csv&lang=eng&downloadtoken=x&LastName=S,200,application/csv,K4QYYMLLNEQ6FTLBAJ5CHB7NYMNC3FDR,SAWP5,save-merged-p107.arquivo.pt-20260528164717-CK7C8KK985.warc.gz,True,
2026-05-28T06:58:35+00:00,https://recherche-collection-search.bac-lac.canada.ca/ajax/download?DataSource=Genealogy%7CBirMarDivDea%7CDivInCan&format=csv&lang=eng&downloadtoken=x&LastName=S,200,application/csv,K4QYYMLLNEQ6FTLBAJ5CHB7NYMNC3FDR,SAWP5,save-merged-p108.arquivo.pt-20260528165051-N7VDFW0Y0V.warc.gz,True,
2026-05-28T06:58:50+00:00,https://recherche-collection-search.bac-lac.canada.ca/ajax/download?DataSource=Genealogy%7CBirMarDivDea%7CDivInCan&DateBucket=1910-1919%7C1910&format=json,200,application/json,TVEXQQKZNBBUPERYRLNCMD2GNFJFL6OW,SAWP5,save-merged-p108.arquivo.pt-20260528165056-H7HMVMY0SM.warc.gz,True,
2026-05-28T06:58:53+00:00,https://recherche-collection-search.bac-lac.canada.ca/ajax/download?DataSource=Genealogy%7CBirMarDivDea%7CDivInCan&format=csv&lang=eng&downloadtoken=x&LastName=Pe,200,application/csv,NDUJWNANYSIIHJMOXYMRQZENAACM2CWF,SAWP5,save-merged-p108.arquivo.pt-20260528165056-H7HMVMY0SM.warc.gz,True,
2026-05-28T06:58:53+00:00,https://recherche-collection-search.bac-lac.canada.ca/eng/Home/Record?app=divincan&IdNumber=109&print=true,200,text/html,GEGCMNRH7OVNOSLFNOGVW264NT46U52B,SAWP5,save-merged-p107.arquivo.pt-20260528164717-CK7C8KK985.warc.gz,True,
2026-05-28T06:58:54+00:00,https://recherche-collection-search.bac-lac.canada.ca/ajax/download?DataSource=Genealogy%7CBirMarDivDea%7CDivInCan&format=csv&lang=eng&downloadtoken=x&LastName=Pa,200,application/csv,K4QYYMLLNEQ6FTLBAJ5CHB7NYMNC3FDR,SAWP5,save-merged-p106.arquivo.pt-20260528164916-3NRHB2RM5V.warc.gz,True,
2026-05-28T06:58:55+00:00,https://recherche-collection-search.bac-lac.canada.ca/ajax/download?DataSource=Genealogy%7CBirMarDivDea%7CDivInCan&format=csv&lang=eng&downloadtoken=x&LastName=Pr,200,application/csv,K4QYYMLLNEQ6FTLBAJ5CHB7NYMNC3FDR,SAWP5,save-merged-p106.arquivo.pt-20260528164916-3NRHB2RM5V.warc.gz,True,
2026-05-28T06:58:55+00:00,https://recherche-collection-search.bac-lac.canada.ca/eng/Home/Record?app=divincan&IdNumber=109&view=print,200,text/html,ZFVULBTRW5QWH4W3ALX5NBCZFXYB5JMJ,SAWP5,save-merged-p106.arquivo.pt-20260528164916-3NRHB2RM5V.warc.gz,True,
2026-05-28T06:58:56+00:00,https://recherche-collection-search.bac-lac.canada.ca/ajax/download?DataSource=Genealogy%7CBirMarDivDea%7CDivInCan&format=csv&lang=eng&downloadtoken=x&LastName=Ro,200,application/csv,HQUK2FXPDUTIMQ24JTK6QQJYFBOA6P43,SAWP5,save-merged-p108.arquivo.pt-20260528165051-N7VDFW0Y0V.warc.gz,True,
2026-05-28T06:58:57+00:00,https://recherche-collection-search.bac-lac.canada.ca/ajax/download?DataSource=Genealogy%7CBirMarDivDea%7CDivInCan&format=csv&lang=eng&downloadtoken=x&LastName=Mo,200,application/csv,K4QYYMLLNEQ6FTLBAJ5CHB7NYMNC3FDR,SAWP5,save-merged-p106.arquivo.pt-20260528164916-3NRHB2RM5V.warc.gz,True,
2026-05-28T06:58:57+00:00,https://recherche-collection-search.bac-lac.canada.ca/eng/Home/RecordPrint?app=divincan&IdNumber=109,404,text/html,CHJJF4UBWIPAE4OII54HX5F32JDN5EEK,SAWP5,save-merged-p105.arquivo.pt-20260528164536-V24R9QWX87.warc.gz,True,
2026-05-28T06:58:58+00:00,https://recherche-collection-search.bac-lac.canada.ca/ajax/download?DataSource=Genealogy%7CBirMarDivDea%7CDivInCan&format=csv&lang=eng&downloadtoken=x&LastName=Wa,200,application/csv,QQBYRPOTWQ3V2RF2TLI7ULMHJRSJBHM3,SAWP5,save-merged-p106.arquivo.pt-20260528164916-3NRHB2RM5V.warc.gz,True,
2026-05-28T06:58:59+00:00,https://recherche-collection-search.bac-lac.canada.ca/ajax/download?DataSource=Genealogy%7CBirMarDivDea%7CDivInCan&format=csv&lang=eng&downloadtoken=x&LastName=Wh,200,application/csv,K4QYYMLLNEQ6FTLBAJ5CHB7NYMNC3FDR,SAWP5,save-merged-p105.arquivo.pt-20260528164536-V24R9QWX87.warc.gz,True,
2026-05-28T06:58:59+00:00,https://recherche-collection-search.bac-lac.canada.ca/eng/Home/PrintRecord?app=divincan&IdNumber=109,404,text/html,EGKFTGFEUVYPL5IIQWTLQI4P4IOXW5Y2,SAWP5,save-merged-p108.arquivo.pt-20260528165056-H7HMVMY0SM.warc.gz,True,
2026-05-28T06:59:00+00:00,https://recherche-collection-search.bac-lac.canada.ca/ajax/download?DataSource=Genealogy%7CBirMarDivDea%7CDivInCan&format=csv&lang=eng&downloadtoken=x&LastName=Gr,200,application/csv,SMEGWNN7XT6GC5736NUQJLHEZMHGP5T2,SAWP5,save-merged-p107.arquivo.pt-20260528164717-CK7C8KK985.warc.gz,True,
2026-05-28T06:59:00+00:00,https://recherche-collection-search.bac-lac.canada.ca/ajax/download?DataSource=Genealogy%7CBirMarDivDea%7CDivInCan&format=csv&lang=eng&downloadtoken=x&LastName=Sh,200,application/csv,WS3NEQSFIGLDDCDY2PTZBWULFRBYKVHO,SAWP5,save-merged-p107.arquivo.pt-20260528164722-OYX4BCZF9S.warc.gz,True,
2026-05-28T06:59:00+00:00,https://recherche-collection-search.bac-lac.canada.ca/eng/Home/Record/Print?app=divincan&IdNumber=109,404,text/html,KQJ6K3XZB6PN2M6FNEEMQKHZ7USHATGL,SAWP5,save-merged-p107.arquivo.pt-20260528164722-OYX4BCZF9S.warc.gz,True,
2026-05-28T06:59:01+00:00,https://recherche-collection-search.bac-lac.canada.ca/ajax/record-display?app=divincan&IdNumber=109,404,text/html,7OQRVXQWRFM252VJKDX3JRNQEDD3RUPP,SAWP5,save-merged-p107.arquivo.pt-20260528164649-ZCIVTSEF04.warc.gz,True,
2026-05-28T06:59:03+00:00,https://recherche-collection-search.bac-lac.canada.ca/ajax/record?DataSource=Genealogy%7CBirMarDivDea%7CDivInCan&IdNumber=109,404,text/html,YBLAXVYU4DLBBEEPSJSTLTBL4CUBBUV4,SAWP5,save-merged-p108.arquivo.pt-20260528165056-H7HMVMY0SM.warc.gz,True,
2026-05-28T06:59:12+00:00,https://recherche-collection-search.bac-lac.canada.ca/api/record?app=divincan&IdNumber=164,404,text/html,6GTF47AKAWBMG2Q5ZIG7HUFHJCP2P4J6,SAWP5,save-merged-p105.arquivo.pt-20260528164536-V24R9QWX87.warc.gz,True,
2026-05-28T06:59:14+00:00,https://recherche-collection-search.bac-lac.canada.ca/api/Record?app=divincan&IdNumber=164,404,text/html,XNWSJPA672YCTBAHJ4QQXI22BC26RYD5,SAWP5,save-merged-p108.arquivo.pt-20260528165056-H7HMVMY0SM.warc.gz,True,
2026-05-28T06:59:15+00:00,https://recherche-collection-search.bac-lac.canada.ca/ajax/record?app=divincan&IdNumber=164,404,text/html,NBLKYXYP7EIP62HH2IOZHRBG6QMGF6XO,SAWP5,save-merged-p107.arquivo.pt-20260528164722-OYX4BCZF9S.warc.gz,True,
2026-05-28T06:59:16+00:00,https://recherche-collection-search.bac-lac.canada.ca/eng/Home/RecordXml?app=divincan&IdNumber=164,404,text/html,33M3XTDXUHPYUGJC23AU4NICPLPUOWWX,SAWP5,save-merged-p107.arquivo.pt-20260528164705-3LSDIMAH79.warc.gz,True,
2026-05-28T06:59:18+00:00,https://recherche-collection-search.bac-lac.canada.ca/ajax/container-lazy?app=divincan&IdNumber=164&section=brief&lang=eng,200,text/html,CYKN7HZ4WG26DXAEBMWX3WKC6NKZSRIJ,SAWP5,save-merged-p106.arquivo.pt-20260528164916-3NRHB2RM5V.warc.gz,True,
2026-05-28T06:59:18+00:00,https://recherche-collection-search.bac-lac.canada.ca/ajax/download?DataSource=Genealogy%7CBirMarDivDea%7CDivInCan&IdNumber=164&format=html,200,text/html,4CEOAWACRY3XKLTNANOTQ6PZA4QCJVBR,SAWP5,save-merged-p106.arquivo.pt-20260528164916-3NRHB2RM5V.warc.gz,True,
2026-05-28T06:59:30+00:00,https://recherche-collection-search.bac-lac.canada.ca/ajax/download?DataSource=Genealogy%7CBirMarDivDea%7CDivInCan&format=csv&lang=eng&downloadtoken=x&q=1906,200,application/csv,N7MXLKRNTP5LWAJSFTPVJNPBGCJBKJ4K,SAWP5,save-merged-p107.arquivo.pt-20260528164705-3LSDIMAH79.warc.gz,True,
2026-05-28T06:59:31+00:00,https://recherche-collection-search.bac-lac.canada.ca/ajax/download?DataSource=Genealogy%7CBirMarDivDea%7CDivInCan&format=csv&lang=eng&downloadtoken=x&q=1908,200,application/csv,H43S7ELNR5BDMISGNVLLJMZMPE7GD6O3,SAWP5,save-merged-p106.arquivo.pt-20260528164916-3NRHB2RM5V.warc.gz,True,
2026-05-28T06:59:32+00:00,https://recherche-collection-search.bac-lac.canada.ca/ajax/download?DataSource=Genealogy%7CBirMarDivDea%7CDivInCan&format=csv&lang=eng&downloadtoken=x&q=1909,200,application/csv,EGNL7U2CL4VVNLAVUEOY4YTMQEB6IWY6,SAWP5,save-merged-p106.arquivo.pt-20260528164916-3NRHB2RM5V.warc.gz,True,
2026-05-28T06:59:33+00:00,https://recherche-collection-search.bac-lac.canada.ca/ajax/download?DataSource=Genealogy%7CBirMarDivDea%7CDivInCan&format=csv&lang=eng&downloadtoken=x&q=1910,200,application/csv,WGZFVTIWIPYPQRXTADNUHRP7DLMSYE6Y,SAWP5,save-merged-p106.arquivo.pt-20260528164916-3NRHB2RM5V.warc.gz,True,
2026-05-28T06:59:34+00:00,https://recherche-collection-search.bac-lac.canada.ca/ajax/download?DataSource=Genealogy%7CBirMarDivDea%7CDivInCan&format=csv&lang=eng&downloadtoken=x&q=1911,200,application/csv,FXPNZSILJGKGN77HQXNGKSHOOULJRWIR,SAWP5,save-merged-p105.arquivo.pt-20260528164536-V24R9QWX87.warc.gz,True,
2026-05-28T06:59:55+00:00,https://recherche-collection-search.bac-lac.canada.ca/ajax/count?DataSource=Genealogy%7CBirMarDivDea%7CDivInCan&DateBucket=1900-1909%7C1907&fId=jqP___,200,text/plain,YQCWZF7XUUPIV77WP5AVBNGQPK4CN3CW,SAWP5,save-merged-p106.arquivo.pt-20260528164916-3NRHB2RM5V.warc.gz,True,
2026-05-28T07:00:41+00:00,https://recherche-collection-search.bac-lac.canada.ca/ajax/count?DataSource=Genealogy%7CBirMarDivDea%7CDivInCan,200,text/plain,LYX66WTLANSXJRRGDVE4D56KDDEPZZ6Q,SAWP5,save-merged-p106.arquivo.pt-20260528164916-3NRHB2RM5V.warc.gz,True,
2026-05-28T07:00:43+00:00,https://recherche-collection-search.bac-lac.canada.ca/ajax/download?DataSource=Genealogy%7CBirMarDivDea%7CDivInCan&format=json&lang=eng&downloadtoken=x,200,application/json,EIUJDLQL7QACFKRGJ3SF7YFHAQCAA7UW,SAWP5,save-merged-p107.arquivo.pt-20260528164705-3LSDIMAH79.warc.gz,True,
2026-05-28T07:00:59+00:00,https://recherche-collection-search.bac-lac.canada.ca/ajax/download?DataSource=Genealogy%7CBirMarDivDea%7CDivInCan&format=xml&lang=eng&downloadtoken=x,200,application/xml,VJLWJJQSEW4S6AFEINYEU5KNT3OX2Z5V,SAWP5,save-merged-p105.arquivo.pt-20260528164536-V24R9QWX87.warc.gz,True,
2026-05-28T07:01:09+00:00,https://recherche-collection-search.bac-lac.canada.ca/ajax/result?DataSource=Genealogy%7CBirMarDivDea%7CDivInCan,404,text/html,O4KIQIT4LGEE6INAC37DE2X6TJ6EZX3T,SAWP5,save-merged-p108.arquivo.pt-20260528165056-H7HMVMY0SM.warc.gz,True,
2026-05-28T07:01:10+00:00,https://recherche-collection-search.bac-lac.canada.ca/ajax/search?DataSource=Genealogy%7CBirMarDivDea%7CDivInCan,404,text/html,Q2OR6UOAH2GMZRVKMEKIE3LFLUYO7Z33,SAWP5,save-merged-p106.arquivo.pt-20260528164916-3NRHB2RM5V.warc.gz,True,
2026-05-28T07:01:12+00:00,https://recherche-collection-search.bac-lac.canada.ca/api/search?DataSource=Genealogy%7CBirMarDivDea%7CDivInCan,404,text/html,DGAQEADUSBKSGQYLSMVTO2NFYOEVGTP6,SAWP5,save-merged-p106.arquivo.pt-20260528164916-3NRHB2RM5V.warc.gz,True,
2026-05-28T07:01:42+00:00,https://recherche-collection-search.bac-lac.canada.ca/ajax/download?DataSource=Genealogy%7CBirMarDivDea%7CDivInCan&DateBucket=1900-1909%7C1905&format=json&lang=eng&downloadtoken=x,200,application/json,33DLAF76NCR6AWVJWXYHBRX5N6TBREYG,SAWP5,save-merged-p106.arquivo.pt-20260528164916-3NRHB2RM5V.warc.gz,True,
2026-05-28T07:01:43+00:00,https://recherche-collection-search.bac-lac.canada.ca/ajax/download?DataSource=Genealogy%7CBirMarDivDea%7CDivInCan&DateBucket=1900-1909%7C1905--1911&format=json&lang=eng&downloadtoken=x,200,application/json,JOVLULNM5JCZVNNKDFY7WKWVLIQ5FJRQ,SAWP5,save-merged-p106.arquivo.pt-20260528164916-3NRHB2RM5V.warc.gz,True,
2026-05-28T07:01:44+00:00,https://recherche-collection-search.bac-lac.canada.ca/ajax/download?DataSource=Genealogy%7CBirMarDivDea%7CDivInCan&DateBucket=1910-1919%7C1911&format=json&lang=eng&downloadtoken=x,200,application/json,7NPDWX5BWIDVBXFLDVKGTYH2XUMPBKZZ,SAWP5,save-merged-p105.arquivo.pt-20260528164516-QXR8GNAOK0.warc.gz,True,
2026-05-28T07:02:45+00:00,https://recherche-collection-search.bac-lac.canada.ca/ajax/count?DataSource=Genealogy%7CBirMarDivDea%7CDivInCan&DateBucket=1900-1909%7C1907&fId=jqP___&format=json,200,text/plain,P5QCENWMXSIQM7BC6SKKGGUPWZIUSPGX,SAWP5,save-merged-p108.arquivo.pt-20260528165051-N7VDFW0Y0V.warc.gz,True,
2026-05-28T07:02:45+00:00,https://recherche-collection-search.bac-lac.canada.ca/js/search-field-autocomplete.js?v=rBGv9zRzm6O8ud9JjDH1JCWWyLM,200,text/javascript,NIRL7XMROG2HNTI3OEH35ZG6CZ7SLOOB,SAWP5,save-merged-p108.arquivo.pt-20260528165051-N7VDFW0Y0V.warc.gz,True,
2026-05-28T07:02:46+00:00,https://recherche-collection-search.bac-lac.canada.ca/js/site.js?v=_sK3VaadPdMplwrHZyCQRhnpHhM,200,text/javascript,VXC5PBVVUTTGS2VPCEJF2IMN6WSKRCCE,SAWP5,save-merged-p107.arquivo.pt-20260528164717-CK7C8KK985.warc.gz,True,
2026-05-28T07:02:47+00:00,https://recherche-collection-search.bac-lac.canada.ca/ajax/count?DataSource=Genealogy%7CBirMarDivDea%7CDivInCan&DateBucket=1900-1909%7C1907&fId=jqP___&output=json,200,text/plain,KZRS44PZLDPHQ7FJBCP4PI4CPMT2CWE5,SAWP5,save-merged-p107.arquivo.pt-20260528164722-OYX4BCZF9S.warc.gz,True,
2026-05-28T07:02:47+00:00,https://recherche-collection-search.bac-lac.canada.ca/js/search-form.js?v=1l3RDMo1iD4-KfgRSAumb9vT54E,200,text/javascript,IZQE7SVLC6PPQ6Q3KA3NXL7JQGJEAP6C,SAWP5,save-merged-p107.arquivo.pt-20260528164717-CK7C8KK985.warc.gz,True,
2026-05-28T07:02:48+00:00,https://recherche-collection-search.bac-lac.canada.ca/ajax/count?DataSource=Genealogy%7CBirMarDivDea%7CDivInCan&DateBucket=1900-1909%7C1907&fId=jqP___&Accept=json,200,text/plain,KZRS44PZLDPHQ7FJBCP4PI4CPMT2CWE5,SAWP5,save-merged-p105.arquivo.pt-20260528164527-5ZDEHG9O0J.warc.gz,True,
2026-05-28T07:02:49+00:00,https://recherche-collection-search.bac-lac.canada.ca/js/my-research.js?v=BXYY80mFm3TQTDlccCldbP65bSw,200,text/javascript,MK2HMZJ2OLVLWBGLHVLTBKD3NT4N66RV,SAWP5,save-merged-p108.arquivo.pt-20260528165056-H7HMVMY0SM.warc.gz,True,
2026-05-28T07:02:50+00:00,https://recherche-collection-search.bac-lac.canada.ca/ajax/count?DataSource=Genealogy%7CBirMarDivDea%7CDivInCan&DateBucket=1900-1909%7C1907&fId=jqP___&wt=json,200,text/plain,MOVML5JG6EHHQTXE2FZPEONGLDIHJ24I,SAWP5,save-merged-p106.arquivo.pt-20260528164916-3NRHB2RM5V.warc.gz,True,
2026-05-28T07:02:50+00:00,https://recherche-collection-search.bac-lac.canada.ca/bootstrap-5.0.2-dist/js/bootstrap.bundle.min.js,200,text/javascript,SAIWSUTVA77Z4ZRM6ZGY4NQ7GWJQRFYN,SAWP5,save-merged-p106.arquivo.pt-20260528164916-3NRHB2RM5V.warc.gz,True,
2026-05-28T07:02:50+00:00,https://recherche-collection-search.bac-lac.canada.ca/js/suggest-correction.js?v=w1rTaU8rrh_Bjh8cdwFt9O_9IM0,200,text/javascript,YENB4OEPVCQ7PUCY6TWL2IKPOYEZXACQ,SAWP5,save-merged-p107.arquivo.pt-20260528164722-OYX4BCZF9S.warc.gz,True,
2026-05-28T07:02:52+00:00,https://recherche-collection-search.bac-lac.canada.ca/ajax/count?DataSource=Genealogy%7CBirMarDivDea%7CDivInCan&DateBucket=1900-1909%7C1907&fId=jqP___&debug=1,200,text/plain,KZRS44PZLDPHQ7FJBCP4PI4CPMT2CWE5,SAWP5,save-merged-p105.arquivo.pt-20260528164536-V24R9QWX87.warc.gz,True,
2026-05-28T07:02:52+00:00,https://recherche-collection-search.bac-lac.canada.ca/js/search-field-range-slider.js?v=Teh_mhqo2nsCT8CxrD8-h6NlWSA,200,text/javascript,GKNRHUGOOY7KVCKFDKV77QZRFKYG2VLV,SAWP5,save-merged-p107.arquivo.pt-20260528164705-3LSDIMAH79.warc.gz,True,
2026-05-28T07:02:54+00:00,https://recherche-collection-search.bac-lac.canada.ca/js/search-field-checkboxes.js?v=zARUjJ3tSfwOOB7eDlnme69E99M,200,text/javascript,EEIVTYEF3JCY4YEVTOOTXUORUPG5K6KV,SAWP5,save-merged-p108.arquivo.pt-20260528165056-H7HMVMY0SM.warc.gz,True,
2026-05-28T07:02:55+00:00,https://recherche-collection-search.bac-lac.canada.ca/lib/jquery-ui-1.13.2/jquery-ui.js,200,text/javascript,B25LZUWG3JD33YI7VXZTDIBMTCCFWCUN,SAWP5,save-merged-p107.arquivo.pt-20260528164717-CK7C8KK985.warc.gz,True,
2026-05-28T07:02:57+00:00,https://recherche-collection-search.bac-lac.canada.ca/eng/Home/Record?app=divincan&IdNumber=147&_escaped_fragment_=,200,text/html,GEPAOV6WL42X763ZGU2RVDZLLU7MBS3S,SAWP5,save-merged-p106.arquivo.pt-20260528164916-3NRHB2RM5V.warc.gz,True,
2026-05-28T07:02:59+00:00,https://recherche-collection-search.bac-lac.canada.ca/eng/Home/Record?app=divincan&IdNumber=147&amp=1,200,text/html,NTZTFTMRNAHN2EXHVGPLV6ZW2DWUF3HD,SAWP5,save-merged-p107.arquivo.pt-20260528164717-CK7C8KK985.warc.gz,True,
2026-05-28T07:02:59+00:00,https://recherche-collection-search.bac-lac.canada.ca/js/search-field-range.js?v=opTfhz7IMzH6RNU80HU2hCqdLFk,200,text/javascript,J7C3NZ3ZYUCXJYBYYXHNZRXN6HIOMDJS,SAWP5,save-merged-p108.arquivo.pt-20260528165056-H7HMVMY0SM.warc.gz,True,
2026-05-28T07:03:00+00:00,https://recherche-collection-search.bac-lac.canada.ca/eng/Home/Record?app=divincan&IdNumber=147&output=1,200,text/html,MTLYYFCU3NFVFCIE46R5LL64YT64PPEC,SAWP5,save-merged-p107.arquivo.pt-20260528164717-CK7C8KK985.warc.gz,True,
2026-05-28T07:03:00+00:00,https://recherche-collection-search.bac-lac.canada.ca/js/search-field-date-range.js?v=ej_ea5s-Uhc6qGa164d274lUr68,200,text/javascript,Y3LIO35TTQLEYTE7TU54UA26MBNUFIJ2,SAWP5,save-merged-p105.arquivo.pt-20260528164516-QXR8GNAOK0.warc.gz,True,
2026-05-28T07:03:01+00:00,https://recherche-collection-search.bac-lac.canada.ca/ajax/download?DataSource=Genealogy%7CBirMarDivDea%7CDivInCan&IdNumber=164&format=xml&lang=eng,200,application/xml,7DOEBLF5464ICQBWBFVF34SVE6HUUDVI,SAWP5,save-merged-p107.arquivo.pt-20260528164717-CK7C8KK985.warc.gz,True,
2026-05-28T07:03:01+00:00,https://recherche-collection-search.bac-lac.canada.ca/js/search-field-terms.js?v=tgUj2Dz4z146CEEDyen1IjIo5Zw,200,text/javascript,45KYIZSUGTQPMTY23PX7GZM6CUKNU3I6,SAWP5,save-merged-p105.arquivo.pt-20260528164536-V24R9QWX87.warc.gz,True,
2026-05-28T07:03:02+00:00,https://recherche-collection-search.bac-lac.canada.ca/ajax/download?DataSource=Genealogy%7CBirMarDivDea%7CDivInCan&IdNumber=164&format=json&lang=eng,200,application/json,K2FVUAEQDHYBB6SL7GR234MIBFQPCYRI,SAWP5,save-merged-p108.arquivo.pt-20260528165056-H7HMVMY0SM.warc.gz,True,
2026-05-28T07:03:02+00:00,https://recherche-collection-search.bac-lac.canada.ca/eng/Home/Record?app=divincan&IdNumber=147&partial=true,200,text/html,EIFKO4LSXXH3GTY2Y47MBHLYI6WSUYZ2,SAWP5,save-merged-p105.arquivo.pt-20260528164536-V24R9QWX87.warc.gz,True,
2026-05-28T07:03:02+00:00,https://recherche-collection-search.bac-lac.canada.ca/js/site.js?v=0WuZVA2ISjfcynklHBn8AePH_2Y,200,text/javascript,VXC5PBVVUTTGS2VPCEJF2IMN6WSKRCCE,SAWP5,save-merged-p105.arquivo.pt-20260528164536-V24R9QWX87.warc.gz,True,
2026-05-28T07:03:03+00:00,https://recherche-collection-search.bac-lac.canada.ca/ajax/download?DataSource=Genealogy%7CBirMarDivDea%7CDivInCan&IdNumber=164&format=csv&lang=eng,200,application/csv,EZ66YUGOEGZTDBLKJH6WMLZLDNTZX3F7,SAWP5,save-merged-p105.arquivo.pt-20260528164536-V24R9QWX87.warc.gz,True,
2026-05-28T07:03:03+00:00,https://recherche-collection-search.bac-lac.canada.ca/eng/Home/Record?app=divincan&IdNumber=147&ajax=true,200,text/html,DRUEHCOIJ33BHGO2GBQBYRMSAYCNYB53,SAWP5,save-merged-p105.arquivo.pt-20260528164516-QXR8GNAOK0.warc.gz,True,
2026-05-28T07:03:04+00:00,https://recherche-collection-search.bac-lac.canada.ca/ajax/download?DataSource=Genealogy%7CBirMarDivDea%7CDivInCan&IdNumber=164&format=txt&lang=eng,400,text/plain,OKPHY75EVL2MJ5XW5TXWV2J7CFURA3RN,SAWP5,save-merged-p107.arquivo.pt-20260528164717-CK7C8KK985.warc.gz,True,
2026-05-28T07:03:04+00:00,https://recherche-collection-search.bac-lac.canada.ca/eng/Home/Record?app=divincan&IdNumber=147&mobile=1,200,text/html,J6XHMOQH63HAPIFO5TDNQWPCFMVFXYAJ,SAWP5,save-merged-p108.arquivo.pt-20260528165056-H7HMVMY0SM.warc.gz,True,
2026-05-28T07:03:05+00:00,https://recherche-collection-search.bac-lac.canada.ca/ajax/download?DataSource=Genealogy%7CBirMarDivDea%7CDivInCan&IdNumber=164&format=html&lang=eng,200,text/html,4CEOAWACRY3XKLTNANOTQ6PZA4QCJVBR,SAWP5,save-merged-p106.arquivo.pt-20260528164916-3NRHB2RM5V.warc.gz,True,
2026-05-28T07:03:05+00:00,https://recherche-collection-search.bac-lac.canada.ca/eng/Home/Record?app=divincan&IdNumber=147&print=1,200,text/html,VT4HSBU7YVBPJSW2HYEHRS636WAL5LUH,SAWP5,save-merged-p106.arquivo.pt-20260528164911-I4ZFBB8BRZ.warc.gz,True,
2026-05-28T07:03:06+00:00,https://recherche-collection-search.bac-lac.canada.ca/ajax/download?DataSource=Genealogy%7CBirMarDivDea%7CDivInCan&IdNumber=164&format=xlsx&lang=eng,400,text/plain,OKPHY75EVL2MJ5XW5TXWV2J7CFURA3RN,SAWP5,save-merged-p108.arquivo.pt-20260528165051-N7VDFW0Y0V.warc.gz,True,
2026-05-28T07:03:07+00:00,https://recherche-collection-search.bac-lac.canada.ca/eng/Home/Record?app=divincan&IdNumber=147&layout=false,200,text/html,G3DAMR7DBQN7GLF2IANLJTOGGD4XWDPV,SAWP5,save-merged-p107.arquivo.pt-20260528164722-OYX4BCZF9S.warc.gz,True,
2026-05-28T07:03:08+00:00,https://recherche-collection-search.bac-lac.canada.ca/ajax/download?DataSource=Genealogy%7CBirMarDivDea%7CDivInCan&IdNumber=164&format=atom&lang=eng,400,text/plain,OKPHY75EVL2MJ5XW5TXWV2J7CFURA3RN,SAWP5,save-merged-p106.arquivo.pt-20260528164916-3NRHB2RM5V.warc.gz,True,
2026-05-28T07:03:08+00:00,https://recherche-collection-search.bac-lac.canada.ca/ajax/download?DataSource=Genealogy%7CBirMarDivDea%7CDivInCan&IdNumber=164&format=rss&lang=eng,400,text/plain,OKPHY75EVL2MJ5XW5TXWV2J7CFURA3RN,SAWP5,save-merged-p107.arquivo.pt-20260528164705-3LSDIMAH79.warc.gz,True,
2026-05-28T07:03:08+00:00,https://recherche-collection-search.bac-lac.canada.ca/eng/Home/Record?app=divincan&IdNumber=147&downloadtoken=x,200,text/html,GHYSP62CYIP7WYQ3P4LW2KLZNZUQT5KH,SAWP5,save-merged-p107.arquivo.pt-20260528164717-CK7C8KK985.warc.gz,True,
2026-05-28T07:03:09+00:00,https://recherche-collection-search.bac-lac.canada.ca/ajax/download?DataSource=Genealogy%7CBirMarDivDea%7CDivInCan&IdNumber=164&format=marc&lang=eng,400,text/plain,OKPHY75EVL2MJ5XW5TXWV2J7CFURA3RN,SAWP5,save-merged-p107.arquivo.pt-20260528164722-OYX4BCZF9S.warc.gz,True,
2026-05-28T07:03:10+00:00,https://recherche-collection-search.bac-lac.canada.ca/ajax/download?DataSource=Genealogy%7CBirMarDivDea%7CDivInCan&IdNumber=164&format=jsonld&lang=eng,400,text/plain,OKPHY75EVL2MJ5XW5TXWV2J7CFURA3RN,SAWP5,save-merged-p108.arquivo.pt-20260528165051-N7VDFW0Y0V.warc.gz,True,
2026-05-28T07:03:38+00:00,https://recherche-collection-search.bac-lac.canada.ca/ajax/download?DataSource=Genealogy%7CBirMarDivDea%7CDivInCan&DateBucket=1900-1909%7C1906&format=json&lang=eng&downloadtoken=x,200,application/json,V3ASZUXFZZWB2OWA7IWEPIRBX6L5PRHY,SAWP5,save-merged-p105.arquivo.pt-20260528164536-V24R9QWX87.warc.gz,True,
2026-05-28T07:03:39+00:00,https://recherche-collection-search.bac-lac.canada.ca/ajax/download?DataSource=Genealogy%7CBirMarDivDea%7CDivInCan&DateBucket=1900-1909%7C1907&format=json&lang=eng&downloadtoken=x,200,application/json,P5QCENWMXSIQM7BC6SKKGGUPWZIUSPGX,SAWP5,save-merged-p106.arquivo.pt-20260528164911-I4ZFBB8BRZ.warc.gz,True,
2026-05-28T07:03:40+00:00,https://recherche-collection-search.bac-lac.canada.ca/ajax/download?DataSource=Genealogy%7CBirMarDivDea%7CDivInCan&DateBucket=1900-1909%7C1908&format=json&lang=eng&downloadtoken=x,200,application/json,PGHDUJU563BCDIESMARBTDKFCHLKG7ZE,SAWP5,save-merged-p108.arquivo.pt-20260528165056-H7HMVMY0SM.warc.gz,True,
2026-05-28T07:03:41+00:00,https://recherche-collection-search.bac-lac.canada.ca/ajax/download?DataSource=Genealogy%7CBirMarDivDea%7CDivInCan&DateBucket=1900-1909%7C1909&format=json&lang=eng&downloadtoken=x,200,application/json,CHLC7RADHBCWKOP43OC36FVKFRCP7NVQ,SAWP5,save-merged-p107.arquivo.pt-20260528164654-9UC75IZ8UH.warc.gz,True,
2026-05-28T07:03:42+00:00,https://recherche-collection-search.bac-lac.canada.ca/ajax/download?DataSource=Genealogy%7CBirMarDivDea%7CDivInCan&DateBucket=1910-1919%7C1910&format=json&lang=eng&downloadtoken=x,200,application/json,TVEXQQKZNBBUPERYRLNCMD2GNFJFL6OW,SAWP5,save-merged-p108.arquivo.pt-20260528165056-H7HMVMY0SM.warc.gz,True,
2026-05-28T07:03:47+00:00,https://recherche-collection-search.bac-lac.canada.ca/ajax/count?DataSource=Genealogy%7CBirMarDivDea%7CDivInCan&DateBucket=1900-1909%7C1907&fId=jqP___&format=raw,200,text/plain,DBLOVWJASCCCUPFDDSSHNJY3NXNQB62Y,SAWP5,save-merged-p105.arquivo.pt-20260528164527-5ZDEHG9O0J.warc.gz,True,
2026-05-28T07:03:48+00:00,https://recherche-collection-search.bac-lac.canada.ca/ajax/count?DataSource=Genealogy%7CBirMarDivDea%7CDivInCan&DateBucket=1900-1909%7C1907&fId=jqP___&format=full,200,text/plain,ARFCD6RF57TRQYVESTAYSWDDTX3TANZ5,SAWP5,save-merged-p107.arquivo.pt-20260528164722-OYX4BCZF9S.warc.gz,True,
2026-05-28T07:03:49+00:00,https://recherche-collection-search.bac-lac.canada.ca/ajax/count?DataSource=Genealogy%7CBirMarDivDea%7CDivInCan&DateBucket=1900-1909%7C1907&fId=jqP___&format=all,200,text/plain,METWMOJUJHM4EPLS4UP6UONLQVTEFPO2,SAWP5,save-merged-p105.arquivo.pt-20260528164536-V24R9QWX87.warc.gz,True,
2026-05-28T07:03:51+00:00,https://recherche-collection-search.bac-lac.canada.ca/ajax/count?DataSource=Genealogy%7CBirMarDivDea%7CDivInCan&DateBucket=1900-1909%7C1907&fId=jqP___&format=xmlraw,200,text/plain,CG56FBRSSTACWAGDVQJ257C5NEQ72SO3,SAWP5,save-merged-p106.arquivo.pt-20260528164916-3NRHB2RM5V.warc.gz,True,
2026-05-28T07:03:52+00:00,https://recherche-collection-search.bac-lac.canada.ca/ajax/count?DataSource=Genealogy%7CBirMarDivDea%7CDivInCan&DateBucket=1900-1909%7C1907&fId=jqP___&format=es,200,text/plain,DQOSJIVUGANFWC7AY526EU7ULX2AE6AT,SAWP5,save-merged-p105.arquivo.pt-20260528164536-V24R9QWX87.warc.gz,True,
2026-05-28T07:03:53+00:00,https://recherche-collection-search.bac-lac.canada.ca/ajax/count?DataSource=Genealogy%7CBirMarDivDea%7CDivInCan&DateBucket=1900-1909%7C1907&fId=jqP___&format=jsonraw,200,text/plain,METWMOJUJHM4EPLS4UP6UONLQVTEFPO2,SAWP5,save-merged-p108.arquivo.pt-20260528165056-H7HMVMY0SM.warc.gz,True,
2026-05-28T07:03:54+00:00,https://recherche-collection-search.bac-lac.canada.ca/ajax/count?DataSource=Genealogy%7CBirMarDivDea%7CDivInCan&DateBucket=1900-1909%7C1907&fId=jqP___&format=csv,200,text/plain,YVXJH5GGIIHKBQU73MX2I7KZ43IV2CKB,SAWP5,save-merged-p105.arquivo.pt-20260528164527-5ZDEHG9O0J.warc.gz,True,
2026-05-28T07:03:55+00:00,https://recherche-collection-search.bac-lac.canada.ca/ajax/count?DataSource=Genealogy%7CBirMarDivDea%7CDivInCan&DateBucket=1900-1909%7C1907&fId=jqP___&format=html,200,text/plain,5A7YJ62R2GXYUSGXNQ2ZMJQ4U5FP36UC,SAWP5,save-merged-p105.arquivo.pt-20260528164536-V24R9QWX87.warc.gz,True,
2026-05-28T07:03:56+00:00,https://recherche-collection-search.bac-lac.canada.ca/ajax/count?DataSource=Genealogy%7CBirMarDivDea%7CDivInCan&DateBucket=1900-1909%7C1907&fId=jqP___&format=rss,200,text/plain,DBLOVWJASCCCUPFDDSSHNJY3NXNQB62Y,SAWP5,save-merged-p105.arquivo.pt-20260528164536-V24R9QWX87.warc.gz,True,
2026-06-09T17:16:24+00:00,https://recherche-collection-search.bac-lac.canada.ca/ajax/count?DataSource=Genealogy%7CBirMarDivDea%7CDivInCan&DateBucket=1900-1909%7C1906,200,text/plain,NORVXXQLTKT3KV73MIALNC25LNWSJ6IL,SAWP5,save-merged-p106.arquivo.pt-20260610165246-CJ6Y95F9QS.warc.gz,True,
2026-06-09T17:16:37+00:00,https://recherche-collection-search.bac-lac.canada.ca/ajax/count?DataSource=Genealogy%7CBirMarDivDea%7CDivInCan&DateBucket=1900-1909%7C1906,200,text/plain,ICUFBZXN5XST3YSQNBL44F4DZAZYBBKT,SAWP5,save-merged-p106.arquivo.pt-20260610165251-O5OH08X0VU.warc.gz,True,
2026-06-09T17:21:14+00:00,https://recherche-collection-search.bac-lac.canada.ca/ajax/download?DataSource=Genealogy%7CBirMarDivDea%7CDivInCan&DateBucket=1900-1909%7C1906&num=100&start=0&format=csv&lang=eng&downloadtoken=DT--123--DT,200,application/csv,22SKXQYZEZYNU4UVBBZYZYPWP6SXQ5V3,SAWP5,save-merged-p105.arquivo.pt-20260610164630-UK0HS0QD7C.warc.gz,True,
2026-06-09T17:21:54+00:00,https://recherche-collection-search.bac-lac.canada.ca/ajax/download?DataSource=Genealogy%7CBirMarDivDea%7CDivInCan&DateBucket=1900-1909%7C1905&num=100&start=0&format=csv&lang=eng&downloadtoken=DT--1781025713785--DT,200,application/csv,S33GASZQ6CWA4CZVRUXDJKDG7VQ232EO,SAWP5,save-merged-p107.arquivo.pt-20260610164941-HZUJSJYF84.warc.gz,True,
2026-06-09T17:21:56+00:00,https://recherche-collection-search.bac-lac.canada.ca/ajax/download?DataSource=Genealogy%7CBirMarDivDea%7CDivInCan&DateBucket=1900-1909%7C1906&num=100&start=0&format=csv&lang=eng&downloadtoken=DT--1781025715569--DT,200,application/csv,22SKXQYZEZYNU4UVBBZYZYPWP6SXQ5V3,SAWP5,save-merged-p106.arquivo.pt-20260610165246-CJ6Y95F9QS.warc.gz,True,
2026-06-09T17:21:57+00:00,https://recherche-collection-search.bac-lac.canada.ca/ajax/download?DataSource=Genealogy%7CBirMarDivDea%7CDivInCan&DateBucket=1900-1909%7C1907&num=100&start=0&format=csv&lang=eng&downloadtoken=DT--1781025716979--DT,200,application/csv,FLQDJDHSYQCIXAUXRXQBDQ3AOVIAC3TW,SAWP5,save-merged-p106.arquivo.pt-20260610165246-CJ6Y95F9QS.warc.gz,True,
2026-06-09T17:21:58+00:00,https://recherche-collection-search.bac-lac.canada.ca/ajax/download?DataSource=Genealogy%7CBirMarDivDea%7CDivInCan&DateBucket=1900-1909%7C1908&num=100&start=0&format=csv&lang=eng&downloadtoken=DT--1781025718384--DT,200,application/csv,HGVCX37LXJLEL5T2V4OE4AR7XH52AECX,SAWP5,save-merged-p105.arquivo.pt-20260610164619-I801KUBTIY.warc.gz,True,
2026-06-09T17:22:00+00:00,https://recherche-collection-search.bac-lac.canada.ca/ajax/download?DataSource=Genealogy%7CBirMarDivDea%7CDivInCan&DateBucket=1900-1909%7C1909&num=100&start=0&format=csv&lang=eng&downloadtoken=DT--1781025719731--DT,200,application/csv,IRXZEIFXLYFNAICDXLT7MGBN6FUHWBOK,SAWP5,save-merged-p106.arquivo.pt-20260610165256-15J7E23A7V.warc.gz,True,
2026-06-09T17:22:01+00:00,https://recherche-collection-search.bac-lac.canada.ca/ajax/download?DataSource=Genealogy%7CBirMarDivDea%7CDivInCan&DateBucket=1910-1919%7C1910&num=100&start=0&format=csv&lang=eng&downloadtoken=DT--1781025720615--DT,200,application/csv,VLQV6DM5CTHYYTFYCDI4NPDUHHUQXSVY,SAWP5,save-merged-p105.arquivo.pt-20260610164630-UK0HS0QD7C.warc.gz,True,
2026-06-09T17:22:02+00:00,https://recherche-collection-search.bac-lac.canada.ca/ajax/download?DataSource=Genealogy%7CBirMarDivDea%7CDivInCan&DateBucket=1910-1919%7C1911&num=100&start=0&format=csv&lang=eng&downloadtoken=DT--1781025722127--DT,200,application/csv,W2G2WTIVMNOD6ONS6RXQFPPZJ6QYPJRG,SAWP5,save-merged-p105.arquivo.pt-20260610164605-YRV1WRP7M5.warc.gz,True,
2026-06-09T17:24:15+00:00,https://recherche-collection-search.bac-lac.canada.ca/ajax/download?DataSource=Genealogy%7CBirMarDivDea%7CDivInCan&DateBucket=1900-1909%7C1908&num=100&start=0&format=json&lang=eng&downloadtoken=DT--x--DT,200,application/json,PGHDUJU563BCDIESMARBTDKFCHLKG7ZE,SAWP5,save-merged-p105.arquivo.pt-20260610164605-YRV1WRP7M5.warc.gz,True,
2026-06-09T17:25:05+00:00,https://recherche-collection-search.bac-lac.canada.ca/eng/Home/Record?app=divincan&IdNumber=118,200,text/html,5JXKYYOXJSLQAWM6THIP7JCV2HAUH2ZQ,SAWP5,save-merged-p105.arquivo.pt-20260610164600-BM7UBGMCH5.warc.gz,True,
2026-06-09T17:29:00+00:00,https://recherche-collection-search.bac-lac.canada.ca/ajax/download?DataSource=Genealogy%7CBirMarDivDea%7CDivInCan&LastName=Allen&num=100&start=0&format=json&lang=eng&downloadtoken=DT--1781026140094--DT,200,application/json,7XAWMAPTEVTGLVIKELZ6EGND7MNJFOZD,SAWP5,save-merged-p108.arquivo.pt-20260610165531-ESH7NE54ZI.warc.gz,True,
2026-06-09T17:29:02+00:00,https://recherche-collection-search.bac-lac.canada.ca/ajax/download?DataSource=Genealogy%7CBirMarDivDea%7CDivInCan&FirstName=James&LastName=Allen&num=100&start=0&format=json&lang=eng&downloadtoken=DT--1781026142373--DT,200,application/json,AG4ZOV73GRL4WNZERECJLO46HU325IUR,SAWP5,save-merged-p105.arquivo.pt-20260610164614-H0WQ6ZXAD3.warc.gz,True,
2026-06-09T17:29:04+00:00,https://recherche-collection-search.bac-lac.canada.ca/ajax/download?DataSource=Genealogy%7CBirMarDivDea%7CDivInCan&q=James%20Allen&num=100&start=0&format=json&lang=eng&downloadtoken=DT--1781026143770--DT,200,application/json,TF743WIX74BRMANANQ7ES2MSFT2J6YFV,SAWP5,save-merged-p105.arquivo.pt-20260610164610-WBVMZWKMY5.warc.gz,True,
2026-06-09T17:29:25+00:00,https://recherche-collection-search.bac-lac.canada.ca/ajax/download?DataSource=Genealogy%7CBirMarDivDea%7CDivInCan&FirstName=James&LastName=Allen&num=100&start=0&format=json&lang=eng&downloadtoken=DT--1781026164872--DT,200,application/json,AG4ZOV73GRL4WNZERECJLO46HU325IUR,SAWP5,save-merged-p107.arquivo.pt-20260610164947-ZXK74X2RX2.warc.gz,True,
2026-06-09T17:29:27+00:00,https://recherche-collection-search.bac-lac.canada.ca/ajax/download?DataSource=Genealogy%7CBirMarDivDea%7CDivInCan&q=James%20Allen&num=100&start=0&format=json&lang=eng&downloadtoken=DT--1781026166610--DT,200,application/json,TF743WIX74BRMANANQ7ES2MSFT2J6YFV,SAWP5,save-merged-p105.arquivo.pt-20260610164619-I801KUBTIY.warc.gz,True,
2026-06-09T17:30:37+00:00,https://recherche-collection-search.bac-lac.canada.ca/eng/Home/Record?app=divincan&IdNumber=91,200,text/html,TD2FGAT5QB2QH2QOMADRRBQUMW6X2F63,SAWP5,save-merged-p105.arquivo.pt-20260610164619-I801KUBTIY.warc.gz,True,
2026-06-09T17:30:39+00:00,https://recherche-collection-search.bac-lac.canada.ca/eng/Home/Record?app=divincan&IdNumber=92,200,text/html,R5BUOO66PZDU5GJEA2ZU5ADURNN45E4K,SAWP5,save-merged-p105.arquivo.pt-20260610164630-UK0HS0QD7C.warc.gz,True,
2026-06-09T17:30:40+00:00,https://recherche-collection-search.bac-lac.canada.ca/eng/Home/Record?app=divincan&IdNumber=95,200,text/html,4DKFL2CSJF5LNSGZBXHHZGBCSB7BKAXA,SAWP5,save-merged-p105.arquivo.pt-20260610164630-UK0HS0QD7C.warc.gz,True,
2026-06-09T17:30:42+00:00,https://recherche-collection-search.bac-lac.canada.ca/eng/Home/Record?app=divincan&IdNumber=105,200,text/html,K3DEJLLHKXC44OLZCVPHBM6SLWYSD3NG,SAWP5,save-merged-p105.arquivo.pt-20260610164630-UK0HS0QD7C.warc.gz,True,
2026-06-09T17:30:43+00:00,https://recherche-collection-search.bac-lac.canada.ca/eng/Home/Record?app=divincan&IdNumber=114,200,text/html,BWSWGXE6KBPUHXMXLMRDOCYSD7ZTCG4X,SAWP5,save-merged-p107.arquivo.pt-20260610164926-AE3QQ7PGNU.warc.gz,True,
2026-06-09T17:30:45+00:00,https://recherche-collection-search.bac-lac.canada.ca/eng/Home/Record?app=divincan&IdNumber=119,200,text/html,43PXMBOEZXHF5JYX2IHCBOXSPWZUOAFV,SAWP5,save-merged-p108.arquivo.pt-20260610165531-ESH7NE54ZI.warc.gz,True,
2026-06-09T17:30:46+00:00,https://recherche-collection-search.bac-lac.canada.ca/eng/Home/Record?app=divincan&IdNumber=121,200,text/html,2WYXKGQT32LKNQMRKGOFLX3MFFP4BM7R,SAWP5,save-merged-p108.arquivo.pt-20260610165531-ESH7NE54ZI.warc.gz,True,
2026-06-09T17:30:48+00:00,https://recherche-collection-search.bac-lac.canada.ca/eng/Home/Record?app=divincan&IdNumber=130,200,text/html,EJ27XUY776YSFJ3XVWZ7AGG2UOARNJZH,SAWP5,save-merged-p105.arquivo.pt-20260610164619-I801KUBTIY.warc.gz,True,
2026-06-09T17:30:49+00:00,https://recherche-collection-search.bac-lac.canada.ca/eng/Home/Record?app=divincan&IdNumber=131,200,text/html,5GYJJ3AUAA2BM46JOF76XIUOQ63QNKIH,SAWP5,save-merged-p106.arquivo.pt-20260610165251-O5OH08X0VU.warc.gz,True,
2026-06-09T17:30:52+00:00,https://recherche-collection-search.bac-lac.canada.ca/eng/Home/Record?app=divincan&IdNumber=123,200,text/html,D3ZWPNTTREF2REGSLBYAD25L2DBN4FAL,SAWP5,save-merged-p105.arquivo.pt-20260610164610-WBVMZWKMY5.warc.gz,True,
2026-06-09T17:30:54+00:00,https://recherche-collection-search.bac-lac.canada.ca/eng/Home/Record?app=divincan&IdNumber=129,200,text/html,74J23GJ44JDZ6AM4VCTMDB5546VBOQHX,SAWP5,save-merged-p106.arquivo.pt-20260610165256-15J7E23A7V.warc.gz,True,
2026-06-09T17:30:56+00:00,https://recherche-collection-search.bac-lac.canada.ca/eng/Home/Record?app=divincan&IdNumber=136,200,text/html,DZ5KWYAEAK7OL2SYQSEPPGFQFURIBC4V,SAWP5,save-merged-p105.arquivo.pt-20260610164610-WBVMZWKMY5.warc.gz,True,
2026-06-09T17:30:57+00:00,https://recherche-collection-search.bac-lac.canada.ca/eng/Home/Record?app=divincan&IdNumber=147,200,text/html,OED2HCXZWJ5GL7ZKL5QQWVJ6HRM7NMD4,SAWP5,save-merged-p105.arquivo.pt-20260610164619-I801KUBTIY.warc.gz,True,
2026-06-09T17:30:58+00:00,https://recherche-collection-search.bac-lac.canada.ca/eng/Home/Record?app=divincan&IdNumber=149,200,text/html,YVEFW7W4UCAZWWFBLIGK3GTNRGM7NPRA,SAWP5,save-merged-p108.arquivo.pt-20260610165523-18XCP2L9W9.warc.gz,True,
2026-06-09T17:31:00+00:00,https://recherche-collection-search.bac-lac.canada.ca/eng/Home/Record?app=divincan&IdNumber=157,200,text/html,BFELYYOQSXC4ON72LHH3N6O6SPQP5LII,SAWP5,save-merged-p105.arquivo.pt-20260610164610-WBVMZWKMY5.warc.gz,True,
2026-06-09T17:31:01+00:00,https://recherche-collection-search.bac-lac.canada.ca/eng/Home/Record?app=divincan&IdNumber=164,200,text/html,PA2DGEX56ODMIVHCEFILUC2E7PJ27NJO,SAWP5,save-merged-p105.arquivo.pt-20260610164605-YRV1WRP7M5.warc.gz,True,
2026-06-09T17:31:02+00:00,https://recherche-collection-search.bac-lac.canada.ca/eng/Home/Record?app=divincan&IdNumber=179,200,text/html,EOYV7L6MWB2ZVUP7IX5NGRQP33GREREE,SAWP5,save-merged-p105.arquivo.pt-20260610164630-UK0HS0QD7C.warc.gz,True,
2026-06-09T17:31:04+00:00,https://recherche-collection-search.bac-lac.canada.ca/eng/Home/Record?app=divincan&IdNumber=177,200,text/html,6E2VGYW73NXWXBM4ORMIDVLQL74HLED5,SAWP5,save-merged-p108.arquivo.pt-20260610165517-4TTSRU7AAV.warc.gz,True,
2026-06-09T17:31:24+00:00,https://recherche-collection-search.bac-lac.canada.ca/ajax/download?DataSource=Genealogy%7CBirMarDivDea%7CDivInCan&DateBucket=%7C1905-1911&num=100&start=0&format=json&lang=eng&downloadtoken=DT--1781026283186--DT,200,application/json,EVPO25YHG7SDXXVRICLFNPA5SDQ55OJY,SAWP5,save-merged-p108.arquivo.pt-20260610165531-ESH7NE54ZI.warc.gz,True,
2026-06-09T17:56:22+00:00,https://recherche-collection-search.bac-lac.canada.ca/eng/Home/Record?app=divincan&IdNumber=118,200,text/html,6EJGWEJOSUI3P36YMNWAWHM5RCROBAHN,SAWP5,save-merged-p105.arquivo.pt-20260610164605-YRV1WRP7M5.warc.gz,True,
2026-06-09T17:56:25+00:00,https://colabapi.bac-lac.gc.ca/hv/colab/lac-harmonized-viewer-module/lac-harmonized-viewer-module.esm.js,200,text/javascript,BYEZNZRE2RSTGVSCJ4PVCSCT7ZOYCLME,SAWP5,save-merged-p105.arquivo.pt-20260610164605-YRV1WRP7M5.warc.gz,True,
2026-06-09T17:56:25+00:00,https://colabapi.bac-lac.gc.ca//hv/uv/uv.css,200,text/css,Q5FOSJDGKSGQI56VZUXI6A3QRWRAVV2U,SAWP5,save-merged-p107.arquivo.pt-20260610165003-7PLENZZTQI.warc.gz,True,
2026-06-09T17:56:25+00:00,https://recherche-collection-search.bac-lac.canada.ca/css/HVContainer.css?v=GmQqNj3RCC3nAUF9J6effLIMhsA,200,text/css,43D7R5VX4PPXSMETALGUUPYSDAEXHOAL,SAWP5,save-merged-p106.arquivo.pt-20260610165251-O5OH08X0VU.warc.gz,True,
2026-06-09T17:56:25+00:00,https://recherche-collection-search.bac-lac.canada.ca/css/RecordDisplay.css?v=_bxZgZPU8_l9qP4BH4hE28IR4DM,200,text/css,HR2UE4626UHIE77PVBAWVRLV2IE2OY2E,SAWP5,save-merged-p105.arquivo.pt-20260610164605-YRV1WRP7M5.warc.gz,True,
2026-06-09T17:56:25+00:00,https://recherche-collection-search.bac-lac.canada.ca/css/site.css?v=JuHmsmCwQuMee4SmH9ncR-Uy2ZE,200,text/css,AG52KLJD63NNHICFETVNQVQQRRN2RSZ2,SAWP5,save-merged-p107.arquivo.pt-20260610165003-7PLENZZTQI.warc.gz,True,
2026-06-09T17:56:25+00:00,https://recherche-collection-search.bac-lac.canada.ca/js/suggest-correction.js?v=w1rTaU8rrh_Bjh8cdwFt9O_9IM0,200,text/javascript,YENB4OEPVCQ7PUCY6TWL2IKPOYEZXACQ,SAWP5,save-merged-p108.arquivo.pt-20260610165536-W5T79DDYCS.warc.gz,True,
2026-06-09T17:56:25+00:00,https://recherche-collection-search.bac-lac.canada.ca/lib/jquery-ui-1.13.2/jquery-ui.min.css,200,text/css,OTRUF6YQ6A3ENRY2IB22ETLTEIRSUPQF,SAWP5,save-merged-p108.arquivo.pt-20260610165536-W5T79DDYCS.warc.gz,True,
2026-06-09T17:56:26+00:00,https://colabapi.bac-lac.gc.ca//hv/uv/umd/UV.js,200,text/javascript,2GBBNBRUYNGG7ZO4Q4GBI7SMGOYTRUFM,SAWP5,save-merged-p108.arquivo.pt-20260610165531-ESH7NE54ZI.warc.gz,True,
2026-06-09T17:56:26+00:00,https://recherche-collection-search.bac-lac.canada.ca/GcWeb/css/site.min.css,200,text/css,TWSRAA3VIJ3DLWS2J4YJ2BULAWRZGQ7E,SAWP5,save-merged-p106.arquivo.pt-20260610165251-O5OH08X0VU.warc.gz,True,
2026-06-09T17:56:26+00:00,https://recherche-collection-search.bac-lac.canada.ca/images/generic.jpg,200,image/jpeg,D36Q2VMNANG5Z4JHTNSMXY36MW4K7JX5,SAWP5,save-merged-p106.arquivo.pt-20260610165256-15J7E23A7V.warc.gz,True,
2026-06-09T17:56:27+00:00,https://recherche-collection-search.bac-lac.canada.ca/js/record-display.js?v=g26YfZkgZiBRpvvRzb4eUNGJv0E,200,text/javascript,WZTLDSNFE7LFZCREPOW5F7WX7P7H4Y7V,SAWP5,save-merged-p105.arquivo.pt-20260610164605-YRV1WRP7M5.warc.gz,True,
2026-06-09T17:57:12+00:00,https://recherche-collection-search.bac-lac.canada.ca/eng/Home/Record?app=divincan&IdNumber=118,200,text/html,SAH7YNXGRFPWE5Q2HK3L7E2V4YX3Q2WE,SAWP5,save-merged-p107.arquivo.pt-20260610165003-7PLENZZTQI.warc.gz,True,
2026-06-09T18:03:56+00:00,https://recherche-collection-search.bac-lac.canada.ca/eng/Home/Result?DataSource=Genealogy%7CBirMarDivDea%7CDivInCan&SearchType=SAD&DateBucket=1900-1909%7C1906&num=100&start=0,301,text/html,TWMGH2WZL42AKH4MKUEEMEBR7R77EVFT,SAWP5,save-merged-p107.arquivo.pt-20260610164919-PLE3CY4RV9.warc.gz,True,
2026-06-09T18:03:58+00:00,https://recherche-collection-search.bac-lac.canada.ca/eng/home/nobots?requesturi=/eng/Home/Result?DataSource=Genealogy%7CBirMarDivDea%7CDivInCan&SearchType=SAD&DateBucket=1900-1909%7C1906&num=100&start=0,200,text/html,I3WRSNSEESQBIHELO7JKJLFFWQWFL6SG,SAWP5,save-merged-p106.arquivo.pt-20260610165256-15J7E23A7V.warc.gz,True,
2026-06-09T18:04:00+00:00,https://recherche-collection-search.bac-lac.canada.ca/eng/Home/Result?DataSource=Genealogy%7CBirMarDivDea%7CDivInCan&SearchType=SAD&DateBucket=1900-1909%7C1907&num=100&start=0,301,text/html,TAEORMIM4GJTSJ5FT2Z5P4HOW5HWEIPH,SAWP5,save-merged-p107.arquivo.pt-20260610164947-ZXK74X2RX2.warc.gz,True,
2026-06-09T18:04:01+00:00,https://recherche-collection-search.bac-lac.canada.ca/eng/home/nobots?requesturi=/eng/Home/Result?DataSource=Genealogy%7CBirMarDivDea%7CDivInCan&SearchType=SAD&DateBucket=1900-1909%7C1907&num=100&start=0,200,text/html,BALZI7VQA7XZI77Q5D3VP2NDTI3XFVGA,SAWP5,save-merged-p107.arquivo.pt-20260610165003-7PLENZZTQI.warc.gz,True,
2026-06-09T18:04:03+00:00,https://recherche-collection-search.bac-lac.canada.ca/eng/Home/Result?DataSource=Genealogy%7CBirMarDivDea%7CDivInCan&SearchType=SAD&DateBucket=1900-1909%7C1908&num=100&start=0,301,text/html,P3AMH2CLR7QTZQPXFQTI3SC3WP6N7GWN,SAWP5,save-merged-p107.arquivo.pt-20260610165003-7PLENZZTQI.warc.gz,True,
2026-06-09T18:04:05+00:00,https://recherche-collection-search.bac-lac.canada.ca/eng/home/nobots?requesturi=/eng/Home/Result?DataSource=Genealogy%7CBirMarDivDea%7CDivInCan&SearchType=SAD&DateBucket=1900-1909%7C1908&num=100&start=0,200,text/html,BJXXJ67PTMU4D4YGWOMCREYEZEST4MHD,SAWP5,save-merged-p105.arquivo.pt-20260610164610-WBVMZWKMY5.warc.gz,True,
2026-06-09T18:04:06+00:00,https://recherche-collection-search.bac-lac.canada.ca/eng/Home/Result?DataSource=Genealogy%7CBirMarDivDea%7CDivInCan&SearchType=SAD&DateBucket=1900-1909%7C1909&num=100&start=0,301,text/html,3HDWAB6EFYMH5ZIO3JYXNKOXLLXAPJXD,SAWP5,save-merged-p107.arquivo.pt-20260610164919-PLE3CY4RV9.warc.gz,True,
2026-06-09T18:04:07+00:00,https://recherche-collection-search.bac-lac.canada.ca/eng/home/nobots?requesturi=/eng/Home/Result?DataSource=Genealogy%7CBirMarDivDea%7CDivInCan&SearchType=SAD&DateBucket=1900-1909%7C1909&num=100&start=0,200,text/html,MIE2X37KWDV6VQ6Q54JG4D67GU2HJIX4,SAWP5,save-merged-p106.arquivo.pt-20260610165251-O5OH08X0VU.warc.gz,True,
2026-06-09T18:04:09+00:00,https://recherche-collection-search.bac-lac.canada.ca/eng/Home/Result?DataSource=Genealogy%7CBirMarDivDea%7CDivInCan&SearchType=SAD&DateBucket=1910-1919%7C1910&num=100&start=0,301,text/html,K3GY6MWCMMQZYTWMYT73K76LKTKKZLUD,SAWP5,save-merged-p106.arquivo.pt-20260610165251-O5OH08X0VU.warc.gz,True,
2026-06-09T18:04:11+00:00,https://recherche-collection-search.bac-lac.canada.ca/eng/home/nobots?requesturi=/eng/Home/Result?DataSource=Genealogy%7CBirMarDivDea%7CDivInCan&SearchType=SAD&DateBucket=1910-1919%7C1910&num=100&start=0,200,text/html,JUTZHKDLO7PDWBLLTZFHM5CCJYSF3QUA,SAWP5,save-merged-p107.arquivo.pt-20260610164919-PLE3CY4RV9.warc.gz,True,
2026-06-09T18:04:12+00:00,https://recherche-collection-search.bac-lac.canada.ca/eng/Home/Result?DataSource=Genealogy%7CBirMarDivDea%7CDivInCan&SearchType=SAD&DateBucket=1910-1919%7C1911&num=100&start=0,301,text/html,KTJEMFTEKROFBFE5YRCVYG65T4NL47ZB,SAWP5,save-merged-p105.arquivo.pt-20260610164625-VWRFR8WN98.warc.gz,True,
2026-06-09T18:04:13+00:00,https://recherche-collection-search.bac-lac.canada.ca/eng/home/nobots?requesturi=/eng/Home/Result?DataSource=Genealogy%7CBirMarDivDea%7CDivInCan&SearchType=SAD&DateBucket=1910-1919%7C1911&num=100&start=0,200,text/html,SMGXP25HFMGHI4TLABMTYSIGG7YF2QF5,SAWP5,save-merged-p107.arquivo.pt-20260610165003-7PLENZZTQI.warc.gz,True,
2026-06-09T18:05:01+00:00,https://recherche-collection-search.bac-lac.canada.ca/eng/Home/Result?DataSource=Genealogy%7CBirMarDivDea%7CDivInCan&SearchType=SAD&DateBucket=1900-1909%7C1906,301,text/html,MLPUJRM72FSPDDATZR3Q2BFKWMOAKAIS,SAWP5,save-merged-p108.arquivo.pt-20260610165552-FL406L6MI7.warc.gz,True,
2026-06-09T18:05:03+00:00,https://recherche-collection-search.bac-lac.canada.ca/eng/home/nobots?requesturi=/eng/Home/Result?DataSource=Genealogy%7CBirMarDivDea%7CDivInCan&SearchType=SAD&DateBucket=1900-1909%7C1906,200,text/html,JGM3Q5GKSEDIRHFTKCKTCRWCT7D4EOJA,SAWP5,save-merged-p108.arquivo.pt-20260610165544-HUDJOP1VEP.warc.gz,True,
2026-06-09T18:05:05+00:00,https://recherche-collection-search.bac-lac.canada.ca/eng/Home/Result?DataSource=Genealogy%7CBirMarDivDea%7CDivInCan&SearchType=SAD&DateBucket=1900-1909%7C1906&tag=021412,301,text/html,GL4R2RMCF6RQWUZBCBZ3EBXAKCOML3HS,SAWP5,save-merged-p106.arquivo.pt-20260610165256-15J7E23A7V.warc.gz,True,
2026-06-09T18:05:07+00:00,https://recherche-collection-search.bac-lac.canada.ca/eng/home/nobots?requesturi=/eng/Home/Result?DataSource=Genealogy%7CBirMarDivDea%7CDivInCan&SearchType=SAD&DateBucket=1900-1909%7C1906&tag=021412,200,text/html,UFQOWXAYJY6O4CJJTRWXPWW3YXOYNB4E,SAWP5,save-merged-p108.arquivo.pt-20260610165544-HUDJOP1VEP.warc.gz,True,
2026-06-09T18:05:09+00:00,https://recherche-collection-search.bac-lac.canada.ca/eng/Home/Result?DataSource=Genealogy%7CBirMarDivDea%7CDivInCan&jq-search-type=SAD&DateBucket=1900-1909%7C1906,301,text/html,VKU5YE7NO2U5722KEZPJ6TWN7CTECHKS,SAWP5,save-merged-p105.arquivo.pt-20260610164605-YRV1WRP7M5.warc.gz,True,
2026-06-09T18:05:10+00:00,https://recherche-collection-search.bac-lac.canada.ca/eng/home/nobots?requesturi=/eng/Home/Result?DataSource=Genealogy%7CBirMarDivDea%7CDivInCan&jq-search-type=SAD&DateBucket=1900-1909%7C1906,200,text/html,IJRGSDBXUMDUVA7QJFCKWJNBMECCWIKJ,SAWP5,save-merged-p108.arquivo.pt-20260610165558-G7R6P603FU.warc.gz,True,
2026-06-09T18:05:12+00:00,https://recherche-collection-search.bac-lac.canada.ca/eng/Home/Result?DataSource=Genealogy%7CBirMarDivDea%7CDivInCan&DateBucket=1900-1909%7C1906,301,text/html,62RP5YOUTDKQ2NRQOR5DBQRSNTUY46FT,SAWP5,save-merged-p107.arquivo.pt-20260610165003-7PLENZZTQI.warc.gz,True,
2026-06-09T18:05:13+00:00,https://recherche-collection-search.bac-lac.canada.ca/eng/home/nobots?requesturi=/eng/Home/Result?DataSource=Genealogy%7CBirMarDivDea%7CDivInCan&DateBucket=1900-1909%7C1906,200,text/html,YQGXBTNEV3DMHSU2HVN75R45SYSWIY7D,SAWP5,save-merged-p105.arquivo.pt-20260610164635-TW6AZ5RLGA.warc.gz,True,
2026-06-09T18:05:15+00:00,https://recherche-collection-search.bac-lac.canada.ca/eng/Home/Result?DataSource=Genealogy%7CBirMarDivDea%7CDivInCan&DateBucket=1906&jq-search-type=SAD,301,text/html,UNMBKLRKIXIQHKPYQPA2MK5GX7BLJKZL,SAWP5,save-merged-p107.arquivo.pt-20260610165003-7PLENZZTQI.warc.gz,True,
2026-06-09T18:05:17+00:00,https://recherche-collection-search.bac-lac.canada.ca/eng/home/nobots?requesturi=/eng/Home/Result?DataSource=Genealogy%7CBirMarDivDea%7CDivInCan&DateBucket=1906&jq-search-type=SAD,200,text/html,D53SKRKCHAUFYKNC5WEMD6X6DNSPUTKK,SAWP5,save-merged-p105.arquivo.pt-20260610164635-TW6AZ5RLGA.warc.gz,True,
2026-06-09T18:05:18+00:00,https://recherche-collection-search.bac-lac.canada.ca/eng/Home/Result?DataSource=Genealogy%7CBirMarDivDea%7CDivInCan&SearchType=SAD&DateBucket=1900-1909%7C1906&num=25&start=0&tag=023324,301,text/html,SYCMJVWQFU2ZIJFLGKPJLAEGZ6N5G6N5,SAWP5,save-merged-p107.arquivo.pt-20260610165003-7PLENZZTQI.warc.gz,True,
2026-06-09T18:05:19+00:00,https://recherche-collection-search.bac-lac.canada.ca/eng/home/nobots?requesturi=/eng/Home/Result?DataSource=Genealogy%7CBirMarDivDea%7CDivInCan&SearchType=SAD&DateBucket=1900-1909%7C1906&num=25&start=0&tag=023324,200,text/html,G63ENCJ23U33IZCOLXHU6C6OHJQOARJI,SAWP5,save-merged-p107.arquivo.pt-20260610164947-ZXK74X2RX2.warc.gz,True,
2026-06-09T18:06:45+00:00,https://recherche-collection-search.bac-lac.canada.ca/ajax/download?DataSource=Genealogy%7CBirMarDivDea%7CDivInCan&DateBucket=1900-1909%7C1906&num=100&start=0&format=csv&lang=eng&downloadtoken=DT--abc--DT,200,application/csv,22SKXQYZEZYNU4UVBBZYZYPWP6SXQ5V3,SAWP5,save-merged-p106.arquivo.pt-20260610165306-T8DRWO9XCJ.warc.gz,True,
2026-06-09T18:08:09+00:00,https://recherche-collection-search.bac-lac.canada.ca/ajax/download?DataSource=Genealogy|BirMarDivDea|DivInCan&DateBucket=1900-1909|1906&num=100&start=0&format=csv&lang=eng&downloadtoken=DT--abc--DT,200,application/csv,22SKXQYZEZYNU4UVBBZYZYPWP6SXQ5V3,SAWP5,save-merged-p105.arquivo.pt-20260610164635-TW6AZ5RLGA.warc.gz,True,
2026-06-09T18:09:21+00:00,https://recherche-collection-search.bac-lac.canada.ca/ajax/download?DataSource=Genealogy%7CBirMarDivDea%7CDivInCan&DateBucket=1900-1909%7C1906&num=100&start=0&format=html&lang=eng&downloadtoken=DT--abc--DT,200,text/html,AFCAC7W7EBNUH6KD7YCPQAKAK5THIFLN,SAWP5,save-merged-p106.arquivo.pt-20260610165321-MKR93W1YZA.warc.gz,True,
2026-06-09T18:09:23+00:00,https://recherche-collection-search.bac-lac.canada.ca/ajax/download?DataSource=Genealogy%7CBirMarDivDea%7CDivInCan&DateBucket=1900-1909%7C1906&num=100&start=0&format=xml&lang=eng&downloadtoken=DT--abc--DT,200,application/xml,XCSAX43IE4ZLK7JQAKEHSGNPMNOIYAPX,SAWP5,save-merged-p108.arquivo.pt-20260610165536-W5T79DDYCS.warc.gz,True,
2026-06-09T18:09:25+00:00,https://recherche-collection-search.bac-lac.canada.ca/ajax/download?DataSource=Genealogy%7CBirMarDivDea%7CDivInCan&DateBucket=1900-1909%7C1906&num=100&start=0&format=json&lang=eng&downloadtoken=DT--abc--DT,200,application/json,V3ASZUXFZZWB2OWA7IWEPIRBX6L5PRHY,SAWP5,save-merged-p105.arquivo.pt-20260610164630-UK0HS0QD7C.warc.gz,True,
2026-06-09T18:10:44+00:00,https://recherche-collection-search.bac-lac.canada.ca/ajax/download?DataSource=Genealogy|BirMarDivDea|DivInCan&DateBucket=1900-1909|1906&num=100&start=0&format=html&lang=eng&downloadtoken=DT--abc--DT,200,text/html,AFCAC7W7EBNUH6KD7YCPQAKAK5THIFLN,SAWP5,save-merged-p108.arquivo.pt-20260610165531-ESH7NE54ZI.warc.gz,True,
2026-06-09T18:13:30+00:00,https://recherche-collection-search.bac-lac.canada.ca/ajax/download?DataSource=Genealogy%7CBirMarDivDea%7CDivInCan&DateBucket=1900-1909%7C1906&num=100&start=0&format=html&lang=eng&downloadtoken=DT--abc--DT,200,text/html,AFCAC7W7EBNUH6KD7YCPQAKAK5THIFLN,PATCHING2026,patching-merged-p108.arquivo.pt-20260610131716-W9DYF257KN.warc.gz,True,
2026-06-09T18:14:02+00:00,https://recherche-collection-search.bac-lac.canada.ca/ajax/download?DataSource=Genealogy%7CBirMarDivDea%7CDivInCan&DateBucket=1900-1909%7C1906&num=100&start=0&format=html&lang=eng&downloadtoken=DT--abc--DT,200,text/html,AFCAC7W7EBNUH6KD7YCPQAKAK5THIFLN,PATCHING2026,patching-merged-p107.arquivo.pt-20260610131656-5IA7ISDZ7I.warc.gz,True,
2026-06-09T18:14:39+00:00,https://recherche-collection-search.bac-lac.canada.ca/ajax/download?DataSource=Genealogy%7CBirMarDivDea%7CDivInCan&DateBucket=1900-1909%7C1906&num=100&start=0&format=html&lang=eng&downloadtoken=DT--abc--DT,200,text/html,AFCAC7W7EBNUH6KD7YCPQAKAK5THIFLN,PATCHING2026,patching-merged-p105.arquivo.pt-20260610131647-QJ82BNJ589.warc.gz,True,
2026-06-09T18:15:51+00:00,https://recherche-collection-search.bac-lac.canada.ca/ajax/count?DataSource=Genealogy%7CBirMarDivDea%7CDivInCan&DateBucket=%7C1905-1911&num=100,200,text/plain,V2A4TATOJEOCZYHSSX2P7NXEKNBAM25D,SAWP5,save-merged-p105.arquivo.pt-20260610164651-Z5EYD91P4K.warc.gz,True,
2026-06-09T18:15:53+00:00,https://recherche-collection-search.bac-lac.canada.ca/ajax/count?DataSource=Genealogy%7CBirMarDivDea%7CDivInCan&DateBucket=%7C1905-1911&size=100,200,text/plain,NSXQHIX65VVC7KGPNLV5TDLWC4WC2W6M,SAWP5,save-merged-p106.arquivo.pt-20260610165321-MKR93W1YZA.warc.gz,True,
2026-06-09T18:15:55+00:00,https://recherche-collection-search.bac-lac.canada.ca/ajax/count?DataSource=Genealogy%7CBirMarDivDea%7CDivInCan&DateBucket=%7C1905-1911&rows=100,200,text/plain,WQ7FUGMPK7ALDZYT3G4EWB2BAY2ESA4P,SAWP5,save-merged-p107.arquivo.pt-20260610165003-7PLENZZTQI.warc.gz,True,
2026-06-09T18:15:57+00:00,https://recherche-collection-search.bac-lac.canada.ca/ajax/count?DataSource=Genealogy%7CBirMarDivDea%7CDivInCan&DateBucket=%7C1905-1911&start=10,200,text/plain,2OMNMHF762SKJVFY7VRSWLHGUNWFY3PO,SAWP5,save-merged-p106.arquivo.pt-20260610165251-O5OH08X0VU.warc.gz,True,
2026-06-09T18:15:58+00:00,https://recherche-collection-search.bac-lac.canada.ca/ajax/count?DataSource=Genealogy%7CBirMarDivDea%7CDivInCan&DateBucket=%7C1905-1911&from=10,200,text/plain,WQ7FUGMPK7ALDZYT3G4EWB2BAY2ESA4P,SAWP5,save-merged-p105.arquivo.pt-20260610164614-H0WQ6ZXAD3.warc.gz,True,
2026-06-09T18:16:00+00:00,https://recherche-collection-search.bac-lac.canada.ca/ajax/count?DataSource=Genealogy%7CBirMarDivDea%7CDivInCan&DateBucket=%7C1905-1911&page=2,200,text/plain,OV4CN2B6YRE4NZMVRRXR6RQ5YJ3IYG5J,SAWP5,save-merged-p106.arquivo.pt-20260610165321-MKR93W1YZA.warc.gz,True,
2026-06-09T18:16:01+00:00,https://recherche-collection-search.bac-lac.canada.ca/ajax/count?DataSource=Genealogy%7CBirMarDivDea%7CDivInCan&DateBucket=%7C1905-1911&perpage=100,200,text/plain,W6VWGULLORL4NRHZDOH442H6ZPMDT2GO,SAWP5,save-merged-p105.arquivo.pt-20260610164635-TW6AZ5RLGA.warc.gz,True,
2026-06-09T18:35:38+00:00,https://recherche-collection-search.bac-lac.canada.ca/ajax/download?DataSource=Genealogy%7CBirMarDivDea%7CDivInCan&DateBucket=1900-1909%7C1906&num=100&start=0&format=html&lang=eng&downloadtoken=DT--abc--DT,200,text/html,AFCAC7W7EBNUH6KD7YCPQAKAK5THIFLN,SAWP5,save-merged-p108.arquivo.pt-20260610165607-XJ7EXRCEDC.warc.gz,True,
2026-06-09T18:35:40+00:00,https://recherche-collection-search.bac-lac.canada.ca/ajax/download?DataSource=Genealogy%7CBirMarDivDea%7CDivInCan&DateBucket=1900-1909%7C1906&num=100&start=0&format=html&lang=eng&downloadtoken=DT--abc--DT,200,text/html,AFCAC7W7EBNUH6KD7YCPQAKAK5THIFLN,SAWP5,save-merged-p105.arquivo.pt-20260610164635-TW6AZ5RLGA.warc.gz,True,
2026-06-09T18:35:49+00:00,https://recherche-collection-search.bac-lac.canada.ca/ajax/download?DataSource=Genealogy%7CBirMarDivDea%7CDivInCan&DateBucket=1900-1909%7C1906&num=100&start=0&format=html&lang=eng&downloadtoken=DT--abc--DT,200,text/html,AFCAC7W7EBNUH6KD7YCPQAKAK5THIFLN,PATCHING2026,patching-merged-p106.arquivo.pt-20260610131705-95VG6FJKMJ.warc.gz,True,
2026-06-09T18:35:51+00:00,https://recherche-collection-search.bac-lac.canada.ca/ajax/download%3FDataSource%3DGenealogy%257CBirMarDivDea%257CDivInCan%26DateBucket%3D1900-1909%257C1906%26num%3D100%26start%3D0%26format%3Dhtml%26lang%3Deng%26downloadtoken%3DDT--abc--DT,404,text/html,AS23RBWCBWELK7XKNWH7RATCJJFMDZI5,SAWP5,save-merged-p108.arquivo.pt-20260610165607-XJ7EXRCEDC.warc.gz,True,
2026-06-09T18:38:12+00:00,https://recherche-collection-search.bac-lac.canada.ca/ajax/count?DataSource=Genealogy%7CBirMarDivDea%7CDivInCan&DateBucket=%7C1905-1911&num=100,200,text/plain,AZ3BWCLVPPS4LXMRSI3IDPKZ64P7YKSQ,PATCHING2026,patching-merged-p107.arquivo.pt-20260610131656-5IA7ISDZ7I.warc.gz,True,
2026-06-09T18:38:41+00:00,https://recherche-collection-search.bac-lac.canada.ca/ajax/count?DataSource=Genealogy|BirMarDivDea|DivInCan&DateBucket=|1905-1911&num=100,200,text/plain,VRUZ3UM7EKDJUZBUB5PQD27TCOMSAEI3,PATCHING2026,patching-merged-p108.arquivo.pt-20260610131716-W9DYF257KN.warc.gz,True,
2026-06-09T18:45:22+00:00,https://recherche-collection-search.bac-lac.canada.ca/ajax/count?DataSource=Genealogy%7CBirMarDivDea%7CDivInCan&DateBucket=1900-1909%7C1905&num=100,200,text/plain,MRQ5S3OC4W2LDQD7HZMUWWDYF2JIS3IX,PATCHING2026,patching-merged-p105.arquivo.pt-20260610131647-QJ82BNJ589.warc.gz,True,
2026-06-09T18:45:24+00:00,https://recherche-collection-search.bac-lac.canada.ca/ajax/count?DataSource=Genealogy%7CBirMarDivDea%7CDivInCan&DateBucket=1900-1909%7C1906&num=100,200,text/plain,7CTNVE7K5D52ZCYZQQF6RLLAN4XSOIMX,PATCHING2026,patching-merged-p105.arquivo.pt-20260610131647-QJ82BNJ589.warc.gz,True,
2026-06-09T18:45:27+00:00,https://recherche-collection-search.bac-lac.canada.ca/ajax/count?DataSource=Genealogy%7CBirMarDivDea%7CDivInCan&DateBucket=1900-1909%7C1907&num=100,200,text/plain,HOUAEZL7IW5VHZ3JDC5HWXVWYITGGM56,PATCHING2026,patching-merged-p108.arquivo.pt-20260610131716-W9DYF257KN.warc.gz,True,
2026-06-09T18:45:29+00:00,https://recherche-collection-search.bac-lac.canada.ca/ajax/count?DataSource=Genealogy%7CBirMarDivDea%7CDivInCan&DateBucket=1900-1909%7C1908&num=100,200,text/plain,FHQPP2NLUJQIJEQLXDFK2SLG6WZ2TPM3,PATCHING2026,patching-merged-p108.arquivo.pt-20260610131716-W9DYF257KN.warc.gz,True,
2026-06-09T18:45:31+00:00,https://recherche-collection-search.bac-lac.canada.ca/ajax/count?DataSource=Genealogy%7CBirMarDivDea%7CDivInCan&DateBucket=1900-1909%7C1909&num=100,200,text/plain,Y4UG77CZQHYFNX6K64ZVM2RKAZWMK6N3,PATCHING2026,patching-merged-p105.arquivo.pt-20260610131647-QJ82BNJ589.warc.gz,True,
2026-06-09T18:45:35+00:00,https://recherche-collection-search.bac-lac.canada.ca/ajax/count?DataSource=Genealogy%7CBirMarDivDea%7CDivInCan&DateBucket=1910-1919%7C1910&num=100,200,text/plain,6VPSERO43BZY7O5XZD5QM3QVPA3QZW7J,PATCHING2026,patching-merged-p106.arquivo.pt-20260610131705-95VG6FJKMJ.warc.gz,True,
2026-06-09T18:45:38+00:00,https://recherche-collection-search.bac-lac.canada.ca/ajax/count?DataSource=Genealogy%7CBirMarDivDea%7CDivInCan&DateBucket=1910-1919%7C1911&num=100,200,text/plain,PNMBWTE6TFZ4LITPG2RMPGQBSBB434F3,PATCHING2026,patching-merged-p108.arquivo.pt-20260610131716-W9DYF257KN.warc.gz,True,
2026-06-09T18:46:07+00:00,https://recherche-collection-search.bac-lac.canada.ca/ajax/count?DataSource=Genealogy|BirMarDivDea|DivInCan&DateBucket=1900-1909|1908&num=100,200,text/plain,HPBLKKFQXISVKYJSUZEBZVZKY4QCMBCW,PATCHING2026,patching-merged-p105.arquivo.pt-20260610131647-QJ82BNJ589.warc.gz,True,
2026-06-09T18:46:53+00:00,https://recherche-collection-search.bac-lac.canada.ca/ajax/count?DataSource=Genealogy|BirMarDivDea|DivInCan&DateBucket=1900-1909|1905&num=100,200,text/plain,CHQFGPBQRVWUH47YF37NAWH3Y57ELF6W,PATCHING2026,patching-merged-p108.arquivo.pt-20260610131716-W9DYF257KN.warc.gz,True,
2026-06-09T18:47:12+00:00,https://recherche-collection-search.bac-lac.canada.ca/ajax/count?DataSource=Genealogy|BirMarDivDea|DivInCan&DateBucket=1900-1909|1906&num=100,200,text/plain,MQZOFWXTBB3SHNOFUFYFOICTYBZCNTNU,PATCHING2026,patching-merged-p107.arquivo.pt-20260610131656-5IA7ISDZ7I.warc.gz,True,
2026-06-09T18:47:32+00:00,https://recherche-collection-search.bac-lac.canada.ca/ajax/count?DataSource=Genealogy|BirMarDivDea|DivInCan&DateBucket=1900-1909|1907&num=100,200,text/plain,INEBE5K3BSX35DNXQBCPUINVDZZEPJSG,PATCHING2026,patching-merged-p105.arquivo.pt-20260610131647-QJ82BNJ589.warc.gz,True,
