iso_ts,url,status,mime,digest,collection,filename,in_incident_window,out_window_side
2026-05-16T11:55:38+00:00,https://data.nysed.gov/enrollment.php?year=2019%26instid=800000050976%26gender%5B%5D=M%26x=/,200,text/html,YTGR7HCTR65YBG7HJZBV4Q5PNMAN25AE,SAWP5,save-merged-p108.arquivo.pt-20260516164600-9K842Y8FH8.warc.gz,False,before
2026-05-16T11:56:46+00:00,https://data.nysed.gov/enrollment.php?year=2019&instid=800000050976&gender%5B%5D=M&x=/,200,text/html,7JOELYKQ7S76GDPD7VJJZORNEQIKUZZG,SAWP5,save-merged-p108.arquivo.pt-20260516164624-U0QN3WKCOS.warc.gz,False,before
2026-05-16T12:12:31+00:00,https://data.nysed.gov/enrollment.php?year=2018&instid=800000050976&gender%5B%5D=M&x=/,200,text/html,QRXRD5YORRQZMCOTHFM6PI3ACZ7K2LTL,SAWP5,save-merged-p106.arquivo.pt-20260516164528-L6OTNMXSHO.warc.gz,False,before
2026-05-16T12:14:16+00:00,https://data.nysed.gov/enrollment.php?year=2018&instid=800000050976&gender%5B%5D=M&x=/,200,text/html,TPBMNNLWJUWU2JYEHU7HW5EKTVC4CWHX,SAWP5,save-merged-p108.arquivo.pt-20260516164613-03HDNSY34K.warc.gz,False,before
2026-05-16T13:25:26+00:00,https://data.nysed.gov/enrollment.php?year=2019&instid=800000050976&gender%5B%5D=M&x=/,200,text/html,YT7MUJACWAHZI7EQ6JRYBU4VQLQTJSBJ,SAWP5,save-merged-p106.arquivo.pt-20260516164539-WLVP5WC1FM.warc.gz,False,before
2026-05-16T13:26:35+00:00,https://data.nysed.gov/enrollment.php?year=2019&instid=800000050976&gender%5B%5D=M&x=/,200,text/html,TVDQJURKKNER6AXHMNDDQF32L4TOQIC5,SAWP5,save-merged-p108.arquivo.pt-20260516164634-061WNMN2RZ.warc.gz,False,before
2026-05-16T14:56:32+00:00,https://data.nysed.gov/enrollment.php?instid=800000050976%26year=2017%26gender%5B%5D=M%26foo=bar/,200,text/html,HKXUKOXB7SCN434Z3R7434AGCSH35657,SAWP5,save-merged-p106.arquivo.pt-20260516164528-L6OTNMXSHO.warc.gz,False,before
2026-05-16T14:58:06+00:00,https://data.nysed.gov/enrollment.php?year=2017&instid=800000050976&gender%5B%5D=M&x=/,200,text/html,ZXYZZ5G3MVPLXZUP6JWLUWJP6NEZMODP,SAWP5,save-merged-p108.arquivo.pt-20260516164629-7EE7F5OF7F.warc.gz,False,before
2026-05-16T18:04:30+00:00,https://data.nysed.gov/enrollment.php?year=2019&instid=800000050976&gender%5B%5D=M&x=/,200,text/html,UBXIT7SWR5RSVQWM6RV5SBDVLZWJVCQ2,SAWP5,save-merged-p108.arquivo.pt-20260517165149-ZC2DKQ7FDI.warc.gz,False,before
2026-05-16T18:32:10+00:00,https://data.nysed.gov/enrollment.php?year=2019&instid=800000050976&gender%5B%5D=M,200,text/html,YXIOJR2F7ISRBVUSTVVCRPWDOZOWSNEW,SAWP5,save-merged-p106.arquivo.pt-20260517165052-6RAOJN940V.warc.gz,False,before
2026-05-16T18:59:59+00:00,https://data.nysed.gov/enrollment.php?year=2019%26instid=800000050976%26gender%5B%5D=M,200,text/html,IYVYJXFQNOXDHVI2P6UCJYAKVM6LKGHT,SAWP5,save-merged-p106.arquivo.pt-20260517165100-NJKOXPCINF.warc.gz,False,before
2026-05-16T19:30:07+00:00,https://data.nysed.gov/enrollment.php?year=2019&instid=800000050976&gender%5B%5D=M&x=/,200,text/html,CQU5UBK56ZHFJYXGIIU2AOMMMFJ76HN6,SAWP5,save-merged-p108.arquivo.pt-20260517165158-NV7DL576B5.warc.gz,False,before
2026-05-17T02:45:56+00:00,https://data.nysed.gov/enrollment.php?gender%5B%5D=M&instid=800000050976&x=/&year=2017,403,text/html,W5X7PCTZONUBA5D45ECV6SOIXGHPN23Q,SAWP5,save-merged-p106.arquivo.pt-20260517165110-48MHU7D6MA.warc.gz,True,
2026-05-17T02:47:10+00:00,https://data.nysed.gov/enrollment.php?gender%5B%5D=M&instid=800000050976&x=%2F&year=2017,200,text/html,H5YJZI2IJRFTGNIDDPU26J2UXDWMPHWM,SAWP5,save-merged-p105.arquivo.pt-20260517164549-3QRXZU6IU0.warc.gz,True,
2026-05-17T02:47:12+00:00,https://data.nysed.gov/enrollment.php?year=2017&instid=800000050976&gender%5B%5D=M&x=/,200,text/html,DU7YE3AQRVOBCGYTRY5OAACYXGWD2P4P,SAWP5,save-merged-p106.arquivo.pt-20260517165110-48MHU7D6MA.warc.gz,True,
2026-05-17T02:47:46+00:00,https://data.nysed.gov/enrollment.php?gender%5B%5D=M&instid=800000050976&x=%2F&year=2017,200,text/html,MOIJQ7XPW5XOMUO3AS3VLL53DX3AB6VM,SAWP5,save-merged-p108.arquivo.pt-20260517165149-ZC2DKQ7FDI.warc.gz,True,
2026-05-17T02:49:03+00:00,https://data.nysed.gov/enrollment.php?gender%5B%5D=M&instid=800000050976&x=/&year=2017,403,text/html,W5X7PCTZONUBA5D45ECV6SOIXGHPN23Q,SAWP5,save-merged-p105.arquivo.pt-20260517164450-Y7SRS21JGH.warc.gz,True,
2026-05-17T03:10:01+00:00,https://data.nysed.gov/enrollment.php?gender%5B%5D=M&instid=800000050976&x=/&year=2017,403,text/html,W5X7PCTZONUBA5D45ECV6SOIXGHPN23Q,SAWP5,save-merged-p106.arquivo.pt-20260517165110-48MHU7D6MA.warc.gz,True,
2026-05-17T03:12:38+00:00,http://data.nysed.gov/enrollment.php?year=2017&instid=800000050976&gender%5B%5D=M,301,text/html,HLNR6AWVWYCU3YAENY3HYHLIPNWN66X7,SAWP5,save-merged-p107.arquivo.pt-20260517164742-F0L2WS2K57.warc.gz,True,
2026-05-17T03:14:18+00:00,https://data.nysed.gov/enrollment.php?year=2017&instid=800000050976&gender%5B%5D=M&x=/,200,text/html,4IFMXAFO4ECMT4GNPHX36WIPV62I3MN5,SAWP5,save-merged-p107.arquivo.pt-20260517164737-UR1NQJ71OZ.warc.gz,True,
2026-05-17T03:14:54+00:00,https://data.nysed.gov/enrollment.php?year=2017&instid=800000050976&gender%5B%5D=M&x=/,200,text/html,PW2NWMJLQRB6IF5RUKKF664O7OMAHEK7,SAWP5,save-merged-p106.arquivo.pt-20260517165105-8OQVO0YPA5.warc.gz,True,
2026-05-17T03:16:56+00:00,https://data.nysed.gov/enrollment.php?gender%5B%5D=M&instid=800000050976&x=/&year=2017,403,text/html,W5X7PCTZONUBA5D45ECV6SOIXGHPN23Q,SAWP5,save-merged-p105.arquivo.pt-20260517164455-7ZR1WY7RVJ.warc.gz,True,
2026-05-17T03:25:11+00:00,https://data.nysed.gov/enrollment.php?year=2017&instid=800000050976&gender%5B%5D=M&x=/,200,text/html,7BNEBXLZT3HGCLBO7J44XD2MKMDRHQGH,SAWP5,save-merged-p106.arquivo.pt-20260517165041-HLN9O2I19U.warc.gz,True,
2026-05-17T03:25:14+00:00,https://data.nysed.gov/enrollment.php?year=2017&instid=800000050976&gender%5B%5D=M&x=/,200,text/html,6LILCL7MCEAY4YZP6IPXOLOFC234MIZB,SAWP5,save-merged-p107.arquivo.pt-20260517164737-UR1NQJ71OZ.warc.gz,True,
2026-05-17T03:25:17+00:00,https://data.nysed.gov/enrollment.php?year=2017&instid=800000050976&gender%5B%5D=M&x=/,200,text/html,RA44CBMUQ7YTSCNS245YO7E2FZTYWDVO,SAWP5,save-merged-p106.arquivo.pt-20260517165041-HLN9O2I19U.warc.gz,True,
2026-05-17T03:25:20+00:00,https://data.nysed.gov/enrollment.php?year=2017&instid=800000050976&gender%5B%5D=M&x=/,200,text/html,7WCBZOLJIT6XO52EL24MEGCYQJKJDMGR,SAWP5,save-merged-p107.arquivo.pt-20260517164753-LJXDKE99LY.warc.gz,True,
2026-05-17T03:25:23+00:00,https://data.nysed.gov/enrollment.php?year=2017&instid=800000050976&gender%5B%5D=M&x=/,200,text/html,A2VSSF6PGGUOQ2FQMTHGBY6NKDWQZJAJ,SAWP5,save-merged-p105.arquivo.pt-20260517164549-3QRXZU6IU0.warc.gz,True,
2026-05-17T03:25:26+00:00,https://data.nysed.gov/enrollment.php?year=2017&instid=800000050976&gender[]=M&x=/,403,text/html,6B2PDXS5YIAFUGZLLMQ6DI6HPIHKS222,SAWP5,save-merged-p105.arquivo.pt-20260517164455-7ZR1WY7RVJ.warc.gz,True,
2026-05-17T03:25:27+00:00,https://data.nysed.gov/enrollment.php?year=2017&instid=800000050976&gender[]=M&x=/,403,text/html,6B2PDXS5YIAFUGZLLMQ6DI6HPIHKS222,SAWP5,save-merged-p105.arquivo.pt-20260517164437-RJCCCAZCYF.warc.gz,True,
2026-05-17T03:27:18+00:00,https://data.nysed.gov/enrollment.php?gender%5B%5D=M&instid=800000050976&x=/&year=2017,403,text/html,W5X7PCTZONUBA5D45ECV6SOIXGHPN23Q,SAWP5,save-merged-p105.arquivo.pt-20260517164437-RJCCCAZCYF.warc.gz,True,
2026-05-17T03:28:50+00:00,http://data.nysed.gov/enrollment.php?year=2017&instid=800000050976&gender%5B%5D=M&x=/,301,text/html,HLNR6AWVWYCU3YAENY3HYHLIPNWN66X7,SAWP5,save-merged-p105.arquivo.pt-20260517164437-RJCCCAZCYF.warc.gz,True,
2026-05-17T03:28:55+00:00,https://data.nysed.gov/enrollment.php?year=2017&instid=800000050976&gender%5B%5D=M&x=/,200,text/html,ALPYO4YFUPALORZXUVPGCSYTVPYEJ3DR,SAWP5,save-merged-p106.arquivo.pt-20260517165110-48MHU7D6MA.warc.gz,True,
2026-05-17T03:28:59+00:00,https://data.nysed.gov/enrollment.php?year=2017&instid=800000050976&gender%5B%5D=M&x=/,200,text/html,67UB5AVGJUXTLA7RB3VHBTRJBR5UB7VU,SAWP5,save-merged-p105.arquivo.pt-20260517164549-3QRXZU6IU0.warc.gz,True,
2026-05-17T03:29:01+00:00,https://data.nysed.gov:443/enrollment.php?year=2017&instid=800000050976&gender%5B%5D=M&x=/,200,text/html,G5FUTYXBMTA5MKSDAJA7EHCNDCM3TNV4,SAWP5,save-merged-p107.arquivo.pt-20260517164737-UR1NQJ71OZ.warc.gz,True,
2026-05-17T03:29:04+00:00,https://data.nysed.gov//enrollment.php?year=2017&instid=800000050976&gender%5B%5D=M&x=/,200,text/html,MD7T7DIS2CXZH6LFXVT2SNBHM2SKEXCQ,SAWP5,save-merged-p107.arquivo.pt-20260517164742-F0L2WS2K57.warc.gz,True,
2026-05-17T03:34:48+00:00,http://data.nysed.gov/enrollment.php?year=2017&instid=800000050976&gender%5B%5D=M,301,text/html,HLNR6AWVWYCU3YAENY3HYHLIPNWN66X7,SAWP5,save-merged-p108.arquivo.pt-20260517165158-NV7DL576B5.warc.gz,True,
2026-05-17T03:34:53+00:00,http://data.nysed.gov/enrollment.php?year=2017%26instid=800000050976%26gender%255B%255D%3DM%26x%3D/,301,text/html,HLNR6AWVWYCU3YAENY3HYHLIPNWN66X7,SAWP5,save-merged-p106.arquivo.pt-20260517165041-HLN9O2I19U.warc.gz,True,
2026-05-17T03:35:27+00:00,http://data.nysed.gov/enrollment.php?year=2017%26instid%3D800000050976%26gender%255B%255D%3DM,301,text/html,HLNR6AWVWYCU3YAENY3HYHLIPNWN66X7,SAWP5,save-merged-p105.arquivo.pt-20260517164549-3QRXZU6IU0.warc.gz,True,
2026-05-17T03:35:30+00:00,http://data.nysed.gov/enrollment.php?year=2017%2526instid%253D800000050976%2526gender%25255B%25255D%253DM,301,text/html,HLNR6AWVWYCU3YAENY3HYHLIPNWN66X7,SAWP5,save-merged-p107.arquivo.pt-20260517164742-F0L2WS2K57.warc.gz,True,
2026-05-17T03:37:01+00:00,http://data.nysed.gov/enrollment.php?year=2017&instid=800000050976&gender%5B%5D=M,301,text/html,HLNR6AWVWYCU3YAENY3HYHLIPNWN66X7,SAWP5,save-merged-p105.arquivo.pt-20260517164549-3QRXZU6IU0.warc.gz,True,
2026-05-17T03:37:03+00:00,http://data.nysed.gov/enrollment.php?year=2017&instid=800000050976&gender%5B%5D=M,301,text/html,HLNR6AWVWYCU3YAENY3HYHLIPNWN66X7,SAWP5,save-merged-p106.arquivo.pt-20260517165110-48MHU7D6MA.warc.gz,True,
2026-05-17T03:37:08+00:00,http://data.nysed.gov/enrollment.php?year=2017&instid=800000050976&gender%5B%5D=M,301,text/html,HLNR6AWVWYCU3YAENY3HYHLIPNWN66X7,SAWP5,save-merged-p105.arquivo.pt-20260517164455-7ZR1WY7RVJ.warc.gz,True,
2026-05-17T03:39:47+00:00,http://data.nysed.gov/enrollment.php?gender%5B0%5D=M&instid=800000050976&year=2017,403,text/html,W5X7PCTZONUBA5D45ECV6SOIXGHPN23Q,SAWP5,save-merged-p106.arquivo.pt-20260517165110-48MHU7D6MA.warc.gz,True,
2026-05-17T03:43:03+00:00,http://data.nysed.gov/enrollment.php?gender%5B0%5D=M&instid=800000050976&year=2017,301,text/html,HLNR6AWVWYCU3YAENY3HYHLIPNWN66X7,SAWP5,save-merged-p108.arquivo.pt-20260517165208-OJEYQNFXRG.warc.gz,True,
2026-05-17T03:44:48+00:00,http://data.nysed.gov/enrollment.php?gender%5B0%5D=M&instid=800000050976&year=2017,403,text/html,W5X7PCTZONUBA5D45ECV6SOIXGHPN23Q,SAWP5,save-merged-p105.arquivo.pt-20260517164455-7ZR1WY7RVJ.warc.gz,True,
2026-05-17T03:52:06+00:00,http://data.nysed.gov/enrollment.php?gender%5B0%5D=M&instid=800000050976&year=2017,403,text/html,W5X7PCTZONUBA5D45ECV6SOIXGHPN23Q,SAWP5,save-merged-p105.arquivo.pt-20260517164549-3QRXZU6IU0.warc.gz,True,
2026-05-17T04:01:26+00:00,http://data.nysed.gov/enrollment.php?year=2017&instid=800000050976&gender%5B%5D=M,301,text/html,HLNR6AWVWYCU3YAENY3HYHLIPNWN66X7,SAWP5,save-merged-p107.arquivo.pt-20260517164748-O3I2JWGKTI.warc.gz,True,
2026-05-17T04:04:18+00:00,https://data.nysed.gov/enrollment.php?gender%5B%5D=M%26instid=800000050976%26x=%252F%26year=2017,200,text/html,4FMVZOO4M677HBSKKQT2IOCVARTSTP5L,SAWP5,save-merged-p107.arquivo.pt-20260517164748-O3I2JWGKTI.warc.gz,True,
2026-05-17T04:11:45+00:00,https://data.nysed.gov/enrollment.php?gender%5B%5D=M&instid=800000050976&x=/&year=2017,403,text/html,W5X7PCTZONUBA5D45ECV6SOIXGHPN23Q,SAWP5,save-merged-p105.arquivo.pt-20260517164437-RJCCCAZCYF.warc.gz,True,
2026-05-17T04:39:04+00:00,https://data.nysed.gov/?x=/,403,text/html,W5X7PCTZONUBA5D45ECV6SOIXGHPN23Q,SAWP5,save-merged-p105.arquivo.pt-20260517164555-D8H2YEMODD.warc.gz,True,
2026-05-17T04:39:37+00:00,https://data.nysed.gov/?x=%2F,200,text/html,JFQBYJEX5FKW53KCNM7OBWA7AN5QAQN2,SAWP5,save-merged-p107.arquivo.pt-20260517164753-LJXDKE99LY.warc.gz,True,
2026-05-17T04:46:57+00:00,https://data.nysed.gov/enrollment.php?gender%5B%5D=M&instid=800000050976&x=%2F&year=2017,200,text/html,EKQQAP4RYOSR527DG4NUJ3SAAGR7CN2D,SAWP5,save-merged-p107.arquivo.pt-20260517164753-LJXDKE99LY.warc.gz,True,
2026-05-17T04:47:02+00:00,https://data.nysed.gov/enrollment.php?gender%5B%5D=M&instid=800000050976&x=%2F&year=2017,200,text/html,FRTHDOYXMEAOHNSYSN4W3DPXTORBFGEO,SAWP5,save-merged-p106.arquivo.pt-20260517165110-48MHU7D6MA.warc.gz,True,
2026-05-17T04:47:05+00:00,https://data.nysed.gov/enrollment.php?gender%5B%5D=M&instid=800000050976&x=%2F&year=2017,200,text/html,GBQEZIQD2QNBMXP5P25Z2ZTMRPXK5IL7,SAWP5,save-merged-p107.arquivo.pt-20260517164753-LJXDKE99LY.warc.gz,True,
2026-05-17T04:48:59+00:00,https://data.nysed.gov/?x=/,403,text/html,W5X7PCTZONUBA5D45ECV6SOIXGHPN23Q,SAWP5,save-merged-p105.arquivo.pt-20260517164555-D8H2YEMODD.warc.gz,True,
2026-05-17T04:50:15+00:00,https://data.nysed.gov/?x=/,403,text/html,W5X7PCTZONUBA5D45ECV6SOIXGHPN23Q,SAWP5,save-merged-p106.arquivo.pt-20260517165041-HLN9O2I19U.warc.gz,True,
2026-05-17T04:51:00+00:00,https://data.nysed.gov/?x=%2F,200,text/html,REAWZKG3JZOPBZVV4DNXFNR3OULXUFX4,SAWP5,save-merged-p107.arquivo.pt-20260517164753-LJXDKE99LY.warc.gz,True,
2026-05-17T04:55:46+00:00,https://data.nysed.gov/enrollment.php?gender%5B%5D=M&instid=800000050976&x=%2F&year=2017,200,text/html,YNB2KDD5JCSU5AODMZOPNTOJJTQ3KB56,SAWP5,save-merged-p106.arquivo.pt-20260517165110-48MHU7D6MA.warc.gz,True,
2026-05-17T05:15:02+00:00,https://data.nysed.gov/enrollment.php?year=2017%26instid=800000050976%26gender%255B%255D=M,200,text/html,EFBNW7X4YJZTDZ27TNFGZA7ZDRLA5AII,SAWP5,save-merged-p106.arquivo.pt-20260517165110-48MHU7D6MA.warc.gz,True,
2026-05-17T05:50:03+00:00,https://data.nysed.gov/enrollment.php?year=2017&instid=800000050976&gender%5B%5D=M&x=/,403,text/html,W5X7PCTZONUBA5D45ECV6SOIXGHPN23Q,SAWP5,save-merged-p106.arquivo.pt-20260517165115-VO5CJKKYS0.warc.gz,True,
2026-05-17T05:51:24+00:00,https://data.nysed.gov/enrollment.php?year=2017%26instid=800000050976%26gender%255B%255D=M,200,text/html,NDH2L5E7PD63N6RO77TOATDZHNSFTI3T,SAWP5,save-merged-p106.arquivo.pt-20260517165041-HLN9O2I19U.warc.gz,True,
2026-05-17T05:57:07+00:00,https://data.nysed.gov/enrollment.php?year=2017&instid=800000050976&gender%5B%5D=M&x=/,403,text/html,W5X7PCTZONUBA5D45ECV6SOIXGHPN23Q,SAWP5,save-merged-p105.arquivo.pt-20260517164555-D8H2YEMODD.warc.gz,True,
2026-05-17T05:59:13+00:00,https://data.nysed.gov/enrollment.php?year=2017&x=/,200,text/html,NEPIQUE3GEV2KSPQ4Z3H6DKDGMZATCFA,SAWP5,save-merged-p107.arquivo.pt-20260517164737-UR1NQJ71OZ.warc.gz,True,
2026-05-17T06:01:00+00:00,https://data.nysed.gov/enrollment.php?year=2017&instid=800000050976&gender%5B%5D=M&x=/,403,text/html,W5X7PCTZONUBA5D45ECV6SOIXGHPN23Q,SAWP5,save-merged-p105.arquivo.pt-20260517164555-D8H2YEMODD.warc.gz,True,
2026-05-17T08:05:02+00:00,https://data.nysed.gov/enrollment.php?year=2019&instid=800000050976&gender%5B%5D=M&ethnicity%5B%5D=B,200,text/html,KX2MX6UYWHF7WCB22UHRG2KFT4BSVXOR,PATCHING2026,patching-merged-p107.arquivo.pt-20260518131543-72I3QZ0NGV.warc.gz,True,
2026-05-17T17:31:01+00:00,https://data.nysed.gov/enrollment.php?instid=800000050976&year=2017&gender%5B%5D=M,200,text/html,YDI5H737VSJSIV4C7FUPZUJP2DA4VK3P,SAWP5,save-merged-p107.arquivo.pt-20260518165006-6Q4Q5OTABF.warc.gz,True,
2026-05-17T17:31:05+00:00,https://data.nysed.gov/enrollment.php?instid=800000050976%26year=2017%26gender%5B%5D=M,200,text/html,KQ5K3SUXDI5S6W5KKAYJKHC72HGYQH7L,SAWP5,save-merged-p107.arquivo.pt-20260518165006-6Q4Q5OTABF.warc.gz,True,
2026-05-17T17:31:07+00:00,https://data.nysed.gov/enrollment.php?instid=800000050976&year=2017&gender%5B%5D=M,200,text/html,GU3DIOHASNNQANCJCWXN6DPGVGZX4X5K,SAWP5,save-merged-p107.arquivo.pt-20260518165006-6Q4Q5OTABF.warc.gz,True,
2026-05-17T17:31:25+00:00,https://data.nysed.gov/enrollment.php?instid=800000050976&year=2017&gender%5B%5D=M&x=1,200,text/html,XU65RDW4C5DBFU65B2LX46VODR66CX7Y,SAWP5,save-merged-p107.arquivo.pt-20260518165001-A8WA0QW9DB.warc.gz,True,
2026-05-17T17:55:07+00:00,https://data.nysed.gov/enrollment.php?instid=800000050976%26year=2017,200,text/html,DTNBAX5ETTGUO6WH3HPJ2PGMLXYDXHH7,PATCHING2026,patching-merged-p106.arquivo.pt-20260518131552-KUSXGSFUZZ.warc.gz,True,
2026-05-17T18:23:46+00:00,https://data.nysed.gov/enrollment.php?year=2017,200,text/html,FDKRM6GBVCKCHD2DTYX2VW5IYQAXG2WP,SAWP5,save-merged-p105.arquivo.pt-20260518164622-P3HNOUHCZP.warc.gz,True,
2026-05-17T18:25:26+00:00,https://data.nysed.gov/enrollment.php?year=2017&instid=800000050976&gender[]=M&ethnicity[]=W,200,text/html,DYB4UM6AS5RPTVJBYGYXR72LRYBRTQYW,SAWP5,save-merged-p105.arquivo.pt-20260518164622-P3HNOUHCZP.warc.gz,True,
2026-05-17T18:25:27+00:00,https://data.nysed.gov/enrollment.php?year=2017&instid=800000050976&gender[]=M&ethnicity[]=B,200,text/html,2XMJSSAFL5FEXNRDPHHUXKCPMGK7QYGE,SAWP5,save-merged-p105.arquivo.pt-20260518164613-U6827NP64C.warc.gz,True,
2026-05-17T18:25:29+00:00,https://data.nysed.gov/enrollment.php?year=2018&instid=800000050976&gender[]=M&ethnicity[]=W,200,text/html,VEHUI5Z6SG2GX3UEQKBHRHPYL3OTCNT3,SAWP5,save-merged-p105.arquivo.pt-20260518164536-IPBOBMRD3Q.warc.gz,True,
2026-05-17T18:25:31+00:00,https://data.nysed.gov/enrollment.php?year=2018&instid=800000050976&gender[]=M&ethnicity[]=B,200,text/html,ZP7CM47AZZMIROOR4LTHPOSKXGURQNQF,SAWP5,save-merged-p105.arquivo.pt-20260518164626-F5QF8DXM2E.warc.gz,True,
2026-05-17T18:25:32+00:00,https://data.nysed.gov/enrollment.php?year=2019&instid=800000050976&gender[]=M&ethnicity[]=W,200,text/html,VDWLLBHG5UH4CHF2JSNRFOBVT7AE5OER,SAWP5,save-merged-p105.arquivo.pt-20260518164626-F5QF8DXM2E.warc.gz,True,
2026-05-17T18:25:34+00:00,https://data.nysed.gov/enrollment.php?year=2019&instid=800000050976&gender[]=M&ethnicity[]=B,200,text/html,LUTPLOK4N465UZV6EXNIZPX7M3U6PYZC,SAWP5,save-merged-p105.arquivo.pt-20260518164618-WE1G1I8ROW.warc.gz,True,
2026-05-17T18:25:37+00:00,https://data.nysed.gov/stylesheets/normalize.css,200,text/css,AL7FGKDNA4LDOU2NLKRMK7DWYFUMBVJB,SAWP5,save-merged-p105.arquivo.pt-20260518164626-F5QF8DXM2E.warc.gz,True,
2026-05-17T18:25:40+00:00,https://data.nysed.gov/stylesheets/pure-drawer.css,200,text/css,N5PJRW4F6ZMAKCEQSA5BDGZHVD26XU3A,SAWP5,save-merged-p105.arquivo.pt-20260518164613-U6827NP64C.warc.gz,True,
2026-05-17T18:25:41+00:00,https://data.nysed.gov/stylesheets/font-awesome.min.css,200,text/css,VS6BS77SEX2PWETAWALIYXFH7OCI47ER,SAWP5,save-merged-p105.arquivo.pt-20260518164613-U6827NP64C.warc.gz,True,
2026-05-17T18:25:42+00:00,https://data.nysed.gov/includes/vendor/slick/slick.css,200,text/css,VFFALGZRPC2K33AJ4MUBVTRIDGRQBFNE,SAWP5,save-merged-p105.arquivo.pt-20260518164613-U6827NP64C.warc.gz,True,
2026-05-17T18:25:44+00:00,https://data.nysed.gov/stylesheets/animate.min.css,200,text/css,CNQIOBZMHRXXSB6SCOIOYGZPQP332PCI,SAWP5,save-merged-p105.arquivo.pt-20260518164626-F5QF8DXM2E.warc.gz,True,
2026-05-17T18:25:48+00:00,https://data.nysed.gov/includes/vendor/slick/slick-theme.css,200,text/css,QGSDJ6KPFMISJ4ZDFO4G6KKE7AX3EOWA,SAWP5,save-merged-p105.arquivo.pt-20260518164523-JR9L2O3FA7.warc.gz,True,
2026-05-17T18:25:48+00:00,https://data.nysed.gov/stylesheets/datanysedgov-jqueryui/jquery-ui-1.10.4.custom.css,200,text/css,4DNW74VDG5ICRRSKWPWEYGLPXCNWGACN,SAWP5,save-merged-p105.arquivo.pt-20260518164613-U6827NP64C.warc.gz,True,
2026-05-17T18:25:48+00:00,https://data.nysed.gov/stylesheets/foundation.css,200,text/css,IL2DG2KQTZFOUYJXUTJZCVYSSWNYYAIN,SAWP5,save-merged-p105.arquivo.pt-20260518164518-AYJV7BEPPP.warc.gz,True,
2026-05-17T18:25:48+00:00,https://data.nysed.gov/stylesheets/jquery.jscrollpane.css,200,text/css,VFPOTK5BY4LLGPZAOPUW7P4422WX3JLM,SAWP5,save-merged-p105.arquivo.pt-20260518164626-F5QF8DXM2E.warc.gz,True,
2026-05-17T18:25:48+00:00,https://data.nysed.gov/stylesheets/morphext.css,200,text/css,JQYVX4AA5OIYYLLPXUKSB24TIEDUGZ2L,SAWP5,save-merged-p105.arquivo.pt-20260518164613-U6827NP64C.warc.gz,True,
2026-05-17T18:25:48+00:00,https://data.nysed.gov/stylesheets/owl.carousel.css,200,text/css,TBVDL2J6OGO5BCZVZDEHMJRGZ22JKQMK,SAWP5,save-merged-p105.arquivo.pt-20260518164536-IPBOBMRD3Q.warc.gz,True,
2026-05-17T18:25:48+00:00,https://data.nysed.gov/stylesheets/owl.theme.css,200,text/css,2XBS3N3ML4NW3AVICUFV6ISN5MPZOB7H,SAWP5,save-merged-p105.arquivo.pt-20260518164626-F5QF8DXM2E.warc.gz,True,
2026-05-17T18:25:48+00:00,https://data.nysed.gov/stylesheets/owl.transitions.css,200,text/css,CSGOSUY2RW4QDR2VEVS6H6ISFDK4RH2K,SAWP5,save-merged-p105.arquivo.pt-20260518164618-WE1G1I8ROW.warc.gz,True,
2026-05-17T18:25:48+00:00,https://data.nysed.gov/stylesheets/slicknav.css,200,text/css,AVQA3OSPOJYCMH3BS5HR26RJFCAXWXIU,SAWP5,save-merged-p105.arquivo.pt-20260518164532-KCXXVZJCXM.warc.gz,True,
2026-05-17T18:25:48+00:00,https://data.nysed.gov/stylesheets/slidemenu.css,200,text/css,NEMBHZ6IVWS5TBXI7CC4SBHR3RKUIDPA,SAWP5,save-merged-p105.arquivo.pt-20260518164626-F5QF8DXM2E.warc.gz,True,
2026-05-17T18:25:48+00:00,https://data.nysed.gov/stylesheets/style.css?v=ewrv2,200,text/css,2N22EJH67AJAZI3HAQX5ZXTK32DGJC3P,SAWP5,save-merged-p105.arquivo.pt-20260518164622-P3HNOUHCZP.warc.gz,True,
2026-05-17T18:39:16+00:00,https://data.nysed.gov/enrollment.php?year=2017%26instid=800000050976%26gender%5B%5D=M%26ethnicity%5B%5D=W,200,text/html,75JF5T2ZV4HPHKXJOIBUIT6WZAN5I2LL,SAWP5,save-merged-p107.arquivo.pt-20260518165001-A8WA0QW9DB.warc.gz,True,
2026-05-17T18:39:19+00:00,https://data.nysed.gov/enrollment.php?year=2017%26instid=800000050976%26gender%5B%5D=M%26ethnicity%5B%5D=W,200,text/html,AQVFHFL2UUADY2QLZNXRN3EMYIYOENND,SAWP5,save-merged-p107.arquivo.pt-20260518164943-SXII2UYZO0.warc.gz,True,
2026-05-17T18:39:23+00:00,https://data.nysed.gov/enrollment.php?year=2017%26instid=800000050976%26gender%5B%5D=M%26ethnicity%5B%5D=W,200,text/html,XPYTP6MVRPJ53UUVU5S2U4NLVGNZ66FR,SAWP5,save-merged-p107.arquivo.pt-20260518165011-2523CF2VSV.warc.gz,True,
2026-05-17T18:39:56+00:00,https://data.nysed.gov/enrollment.php?year=2017&instid=800000050976&gender%5B%5D=M&ethnicity%5B%5D=W,200,text/html,EYQA7POQZKGZZE4OT2STKINXKIW5ZLTI,SAWP5,save-merged-p107.arquivo.pt-20260518165001-A8WA0QW9DB.warc.gz,True,
2026-05-17T18:40:00+00:00,https://data.nysed.gov/enrollment.php?year=2017&instid=800000050976&gender%5B%5D=M&ethnicity%5B%5D=W,200,text/html,FAOSQP7X3EFGOAAFFKSZIZM5ZQ2OF6WL,SAWP5,save-merged-p107.arquivo.pt-20260518165001-A8WA0QW9DB.warc.gz,True,
2026-05-17T18:40:34+00:00,https://data.nysed.gov/enrollment.php?year=2017&instid=800000050976&gender%5B%5D=M&ethnicity%5B%5D=W,200,text/html,2QQD5LCDV4V3CGMW6ZGXVCR3LGZMONUP,SAWP5,save-merged-p107.arquivo.pt-20260518165001-A8WA0QW9DB.warc.gz,True,
2026-05-17T18:44:17+00:00,https://data.nysed.gov/enrollment.php?/instid=800000050976,200,text/html,FC53FEH3EP5CV7EJNIRFBHPWX7CGPXQD,SAWP5,save-merged-p108.arquivo.pt-20260518165507-M9WEGD46AY.warc.gz,True,
2026-05-17T18:45:18+00:00,https://data.nysed.gov//,200,text/html,3BZBIZURIT5JW74ALWA6MBGAOTPI4SAH,SAWP5,save-merged-p107.arquivo.pt-20260518165011-2523CF2VSV.warc.gz,True,
2026-05-17T18:45:21+00:00,https://data.nysed.gov//,200,text/html,3BZBIZURIT5JW74ALWA6MBGAOTPI4SAH,SAWP5,save-merged-p107.arquivo.pt-20260518165011-2523CF2VSV.warc.gz,True,
2026-05-17T18:45:25+00:00,https://data.nysed.gov/enrollment.php/,404,text/html,H4FF2M3BYGTBI4PZFQGA4MGQWI4STZOM,SAWP5,save-merged-p107.arquivo.pt-20260518165011-2523CF2VSV.warc.gz,True,
2026-05-17T18:45:28+00:00,https://data.nysed.gov/enrollment.php/,404,text/html,H4FF2M3BYGTBI4PZFQGA4MGQWI4STZOM,SAWP5,save-merged-p107.arquivo.pt-20260518165011-2523CF2VSV.warc.gz,True,
2026-05-17T18:45:30+00:00,https://data.nysed.gov/enrollment.php?instid=800000050976/,200,text/html,3LIKFHHG4LV4QX24KJLADX5N4LSODQQP,SAWP5,save-merged-p107.arquivo.pt-20260518165001-A8WA0QW9DB.warc.gz,True,
2026-05-17T18:46:05+00:00,https://data.nysed.gov/enrollment.php?instid=800000050976,200,text/html,U6S4DUQOGVW5PCFEAC5ZOQULJV7ALVSZ,SAWP5,save-merged-p105.arquivo.pt-20260518164622-P3HNOUHCZP.warc.gz,True,
2026-05-17T18:46:08+00:00,https://data.nysed.gov/enrollment.php?instid=800000050976,200,text/html,DY7XOQ7QCHS7XATFD7F5WPFUYAZWBC4J,SAWP5,save-merged-p105.arquivo.pt-20260518164631-36XKJYTNQI.warc.gz,True,
2026-05-17T18:48:10+00:00,https://data.nysed.gov/enrollment.php?instid=800000050976&year=2019,200,text/html,3YCI76XE5Q2ERDZ5WVPLBTFO7NN3AOYY,SAWP5,save-merged-p107.arquivo.pt-20260518165001-A8WA0QW9DB.warc.gz,True,
2026-05-17T18:48:57+00:00,https://data.nysed.gov/,200,text/html,XW7Z5B26SGT2JTBXSI4KGKVXQFT4WXXD,SAWP5,save-merged-p107.arquivo.pt-20260518164943-SXII2UYZO0.warc.gz,True,
2026-05-17T18:50:18+00:00,https://data.nysed.gov/enrollment.php?instid=800000050976&year=2019&gender[]=M,200,text/html,2OXBASLEVVW6LTBI5IIC2VT4LKCQYHW5,SAWP5,save-merged-p107.arquivo.pt-20260518164943-SXII2UYZO0.warc.gz,True,
2026-05-17T18:52:29+00:00,https://data.nysed.gov/enrollment.php?instid=800000050976&year=2019&gender%5B%5D=M,200,text/html,6OPC7JTO655WA6C5ZX33VMDQNO2O6LSP,SAWP5,save-merged-p107.arquivo.pt-20260518165011-2523CF2VSV.warc.gz,True,
2026-05-17T18:54:23+00:00,https://data.nysed.gov/enrollment.php?instid=800000050976&year=2019&gender%5B%5D=M/,200,text/html,5KHYOEJSQQB7VW7XU6R6TC4XXBSLPY32,SAWP5,save-merged-p107.arquivo.pt-20260518164948-UM181XMLGL.warc.gz,True,
2026-05-17T19:01:58+00:00,https://data.nysed.gov/enrollment.php?instid=800000050976&year=2019&gender%5B%5D=M,200,text/html,OEJQJ4RFYDHGMPTFL6ICRIZQB6U7THI7,SAWP5,save-merged-p105.arquivo.pt-20260518164713-UQZMDVH4G2.warc.gz,True,
2026-05-17T19:07:26+00:00,https://data.nysed.gov/enrollment.php?year=2017,200,text/html,S5HHJPK4AZBWMUHO5JBX7VI6XAQF5WGR,SAWP5,save-merged-p107.arquivo.pt-20260518165011-2523CF2VSV.warc.gz,True,
2026-05-17T19:10:12+00:00,https://data.nysed.gov/enrollment.php?instid=800000050976&year=2019&gender[]=M,200,text/html,Q42LJL64MMEJ7LWHQ4V6DQBR5NHWCBLO,SAWP5,save-merged-p107.arquivo.pt-20260518165011-2523CF2VSV.warc.gz,True,
2026-05-17T19:10:14+00:00,https://data.nysed.gov/enrollment.php?instid=800000050976&year=2019&gender[]=M,200,text/html,VCHL2C46WLNLRI3NLAX3O7NKUEYFVEUF,SAWP5,save-merged-p107.arquivo.pt-20260518164943-SXII2UYZO0.warc.gz,True,
2026-05-17T19:10:16+00:00,https://data.nysed.gov/enrollment.php?instid=800000050976&year=2019&gender%5B%5D=M,200,text/html,WG7FO6DZPIWZ56WIFPHA5GKNWNOHDONE,SAWP5,save-merged-p107.arquivo.pt-20260518164937-2K6FJZIC7K.warc.gz,True,
2026-05-17T19:10:16+00:00,https://data.nysed.gov/stylesheets/animate.min.css,200,text/css,CNQIOBZMHRXXSB6SCOIOYGZPQP332PCI,SAWP5,save-merged-p107.arquivo.pt-20260518165011-2523CF2VSV.warc.gz,True,
2026-05-17T19:10:16+00:00,https://data.nysed.gov/stylesheets/font-awesome.min.css,200,text/css,VS6BS77SEX2PWETAWALIYXFH7OCI47ER,SAWP5,save-merged-p107.arquivo.pt-20260518165006-6Q4Q5OTABF.warc.gz,True,
2026-05-17T19:10:16+00:00,https://data.nysed.gov/stylesheets/foundation.css,200,text/css,IL2DG2KQTZFOUYJXUTJZCVYSSWNYYAIN,SAWP5,save-merged-p107.arquivo.pt-20260518165011-2523CF2VSV.warc.gz,True,
2026-05-17T19:10:16+00:00,https://data.nysed.gov/stylesheets/morphext.css,200,text/css,JQYVX4AA5OIYYLLPXUKSB24TIEDUGZ2L,SAWP5,save-merged-p107.arquivo.pt-20260518164948-UM181XMLGL.warc.gz,True,
2026-05-17T19:10:16+00:00,https://data.nysed.gov/stylesheets/normalize.css,200,text/css,AL7FGKDNA4LDOU2NLKRMK7DWYFUMBVJB,SAWP5,save-merged-p107.arquivo.pt-20260518164902-TBL965SIMQ.warc.gz,True,
2026-05-17T19:10:16+00:00,https://data.nysed.gov/stylesheets/owl.carousel.css,200,text/css,TBVDL2J6OGO5BCZVZDEHMJRGZ22JKQMK,SAWP5,save-merged-p107.arquivo.pt-20260518165011-2523CF2VSV.warc.gz,True,
2026-05-17T19:10:17+00:00,https://data.nysed.gov/includes/vendor/slick/slick.css,200,text/css,VFFALGZRPC2K33AJ4MUBVTRIDGRQBFNE,SAWP5,save-merged-p107.arquivo.pt-20260518164943-SXII2UYZO0.warc.gz,True,
2026-05-17T19:10:17+00:00,https://data.nysed.gov/stylesheets/datanysedgov-jqueryui/jquery-ui-1.10.4.custom.css,200,text/css,4DNW74VDG5ICRRSKWPWEYGLPXCNWGACN,SAWP5,save-merged-p107.arquivo.pt-20260518165011-2523CF2VSV.warc.gz,True,
2026-05-17T19:10:17+00:00,https://data.nysed.gov/stylesheets/owl.theme.css,200,text/css,2XBS3N3ML4NW3AVICUFV6ISN5MPZOB7H,SAWP5,save-merged-p107.arquivo.pt-20260518165006-6Q4Q5OTABF.warc.gz,True,
2026-05-17T19:10:17+00:00,https://data.nysed.gov/stylesheets/owl.transitions.css,200,text/css,CSGOSUY2RW4QDR2VEVS6H6ISFDK4RH2K,SAWP5,save-merged-p107.arquivo.pt-20260518164937-2K6FJZIC7K.warc.gz,True,
2026-05-17T19:10:17+00:00,https://data.nysed.gov/stylesheets/slicknav.css,200,text/css,AVQA3OSPOJYCMH3BS5HR26RJFCAXWXIU,SAWP5,save-merged-p107.arquivo.pt-20260518165011-2523CF2VSV.warc.gz,True,
2026-05-17T19:10:18+00:00,https://data.nysed.gov/images/logo.png,200,image/png,YHKX26NZG5YDNOBTYHCHY7YXXYASOPY5,SAWP5,save-merged-p107.arquivo.pt-20260518164943-SXII2UYZO0.warc.gz,True,
2026-05-17T19:10:18+00:00,https://data.nysed.gov/includes/vendor/slick/slick-theme.css,200,text/css,QGSDJ6KPFMISJ4ZDFO4G6KKE7AX3EOWA,SAWP5,save-merged-p107.arquivo.pt-20260518165006-6Q4Q5OTABF.warc.gz,True,
2026-05-17T19:10:18+00:00,https://data.nysed.gov/javascripts/contrib/jquery.blockUI.js,200,application/javascript,3BLXNT2MG3FLMOQHLKMAFHYULREG5GTU,SAWP5,save-merged-p107.arquivo.pt-20260518165006-6Q4Q5OTABF.warc.gz,True,
2026-05-17T19:10:18+00:00,https://data.nysed.gov/javascripts/contrib/jquery.js,200,application/javascript,FLNEFSH5PCEIUDIMR3AN2CHFR7QTNMGS,SAWP5,save-merged-p107.arquivo.pt-20260518164948-UM181XMLGL.warc.gz,True,
2026-05-17T19:10:18+00:00,https://data.nysed.gov/stylesheets/jquery.jscrollpane.css,200,text/css,VFPOTK5BY4LLGPZAOPUW7P4422WX3JLM,SAWP5,save-merged-p107.arquivo.pt-20260518165011-2523CF2VSV.warc.gz,True,
2026-05-17T19:10:18+00:00,https://data.nysed.gov/stylesheets/pure-drawer.css,200,text/css,N5PJRW4F6ZMAKCEQSA5BDGZHVD26XU3A,SAWP5,save-merged-p107.arquivo.pt-20260518164943-SXII2UYZO0.warc.gz,True,
2026-05-17T19:10:18+00:00,https://data.nysed.gov/stylesheets/slidemenu.css,200,text/css,NEMBHZ6IVWS5TBXI7CC4SBHR3RKUIDPA,SAWP5,save-merged-p107.arquivo.pt-20260518165011-2523CF2VSV.warc.gz,True,
2026-05-17T19:10:18+00:00,https://data.nysed.gov/stylesheets/style.css?v=ewrv2,200,text/css,2N22EJH67AJAZI3HAQX5ZXTK32DGJC3P,SAWP5,save-merged-p107.arquivo.pt-20260518165006-6Q4Q5OTABF.warc.gz,True,
2026-05-17T19:10:19+00:00,https://data.nysed.gov/enrollment.php?instid=800000050976&year=2019&gender[]=M,200,text/html,362CLZ5QXNODI5PXLWDDCGFA5A6L4GDI,SAWP5,save-merged-p107.arquivo.pt-20260518164937-2K6FJZIC7K.warc.gz,True,
2026-05-17T19:10:19+00:00,https://data.nysed.gov/javascripts/contrib/jquery.blockUI.js,200,application/javascript,3BLXNT2MG3FLMOQHLKMAFHYULREG5GTU,SAWP5,save-merged-p107.arquivo.pt-20260518164943-SXII2UYZO0.warc.gz,True,
2026-05-17T19:10:20+00:00,https://data.nysed.gov/enrollment.php?instid=800000050976&year=2019&gender%5B%5D=M,200,text/html,PRXRUXBZKUWLJFG4AIUDKOFQDTOTFLOM,SAWP5,save-merged-p107.arquivo.pt-20260518165011-2523CF2VSV.warc.gz,True,
2026-05-17T19:10:20+00:00,https://data.nysed.gov/images/logo.png,200,image/png,YHKX26NZG5YDNOBTYHCHY7YXXYASOPY5,SAWP5,save-merged-p107.arquivo.pt-20260518164943-SXII2UYZO0.warc.gz,True,
2026-05-17T19:10:20+00:00,https://data.nysed.gov/includes/vendor/slick/slick-theme.css,200,text/css,QGSDJ6KPFMISJ4ZDFO4G6KKE7AX3EOWA,SAWP5,save-merged-p107.arquivo.pt-20260518164937-2K6FJZIC7K.warc.gz,True,
2026-05-17T19:10:20+00:00,https://data.nysed.gov/javascripts/contrib/classie.js,200,application/javascript,G7PKBGARWIEKF4GQCBZ3XIJTZIHQ6JGO,SAWP5,save-merged-p107.arquivo.pt-20260518164913-8T537U2AO3.warc.gz,True,
2026-05-17T19:10:20+00:00,https://data.nysed.gov/javascripts/contrib/jquery.cookie.js,200,application/javascript,OT37NBKQ5EFB333PVJW6NYEDB4NLGSLQ,SAWP5,save-merged-p107.arquivo.pt-20260518165011-2523CF2VSV.warc.gz,True,
2026-05-17T19:10:20+00:00,https://data.nysed.gov/javascripts/contrib/jquery.js,200,application/javascript,FLNEFSH5PCEIUDIMR3AN2CHFR7QTNMGS,SAWP5,save-merged-p107.arquivo.pt-20260518164948-UM181XMLGL.warc.gz,True,
2026-05-17T19:10:20+00:00,https://data.nysed.gov/stylesheets/slidemenu.css,200,text/css,NEMBHZ6IVWS5TBXI7CC4SBHR3RKUIDPA,SAWP5,save-merged-p107.arquivo.pt-20260518164943-SXII2UYZO0.warc.gz,True,
2026-05-17T19:10:21+00:00,https://data.nysed.gov/enrollment.php?instid=800000050976&year=2019&gender[]=M,200,text/html,DMATZN24GPOYSOBO3DHHSQB4CY3PZC5M,SAWP5,save-merged-p107.arquivo.pt-20260518165011-2523CF2VSV.warc.gz,True,
2026-05-17T19:10:21+00:00,https://data.nysed.gov/javascripts/contrib/jquery-ui.min.js,200,application/javascript,PBEJ4WAK3LXZGHTOLMJR3K2VNQ4X4SQ2,SAWP5,save-merged-p107.arquivo.pt-20260518164913-8T537U2AO3.warc.gz,True,
2026-05-17T19:10:21+00:00,https://data.nysed.gov/javascripts/contrib/jquery.expander.js,200,application/javascript,3GUJJEXZFKMVCGKJM32DGCLQJKWLK7CX,SAWP5,save-merged-p107.arquivo.pt-20260518165011-2523CF2VSV.warc.gz,True,
2026-05-17T19:10:21+00:00,https://data.nysed.gov/javascripts/contrib/modernizr.js,200,application/javascript,7ZSUICFV3RC6JMGJQGLUQIJ7OWUFFWA2,SAWP5,save-merged-p107.arquivo.pt-20260518164948-UM181XMLGL.warc.gz,True,
2026-05-17T19:10:21+00:00,https://data.nysed.gov/javascripts/foundation.min.js,200,application/javascript,HHKPZAILRSFGUGBE4W743UEKSIOKAHMO,SAWP5,save-merged-p107.arquivo.pt-20260518164943-SXII2UYZO0.warc.gz,True,
2026-05-17T19:10:21+00:00,https://data.nysed.gov/javascripts/foundation/foundation.accordion.js,200,application/javascript,ZFSB3RKL7NQAQD36IE4NR5CBVAFQOXBN,SAWP5,save-merged-p107.arquivo.pt-20260518165011-2523CF2VSV.warc.gz,True,
2026-05-17T19:10:21+00:00,https://data.nysed.gov/stylesheets/animate.min.css,200,text/css,CNQIOBZMHRXXSB6SCOIOYGZPQP332PCI,SAWP5,save-merged-p107.arquivo.pt-20260518164943-SXII2UYZO0.warc.gz,True,
2026-05-17T19:10:21+00:00,https://data.nysed.gov/stylesheets/font-awesome.min.css,200,text/css,VS6BS77SEX2PWETAWALIYXFH7OCI47ER,SAWP5,save-merged-p107.arquivo.pt-20260518164948-UM181XMLGL.warc.gz,True,
2026-05-17T19:10:21+00:00,https://data.nysed.gov/stylesheets/fonts/fontawesome-webfont.woff?v=4.2.0,200,font/woff,PVS6AIT5BV6NYFYYCGONFJ644BRY6FI4,SAWP5,save-merged-p107.arquivo.pt-20260518164913-8T537U2AO3.warc.gz,True,
2026-05-17T19:10:21+00:00,https://data.nysed.gov/stylesheets/foundation.css,200,text/css,IL2DG2KQTZFOUYJXUTJZCVYSSWNYYAIN,SAWP5,save-merged-p107.arquivo.pt-20260518164948-UM181XMLGL.warc.gz,True,
2026-05-17T19:10:21+00:00,https://data.nysed.gov/stylesheets/morphext.css,200,text/css,JQYVX4AA5OIYYLLPXUKSB24TIEDUGZ2L,SAWP5,save-merged-p107.arquivo.pt-20260518165011-2523CF2VSV.warc.gz,True,
2026-05-17T19:10:21+00:00,https://data.nysed.gov/stylesheets/normalize.css,200,text/css,AL7FGKDNA4LDOU2NLKRMK7DWYFUMBVJB,SAWP5,save-merged-p107.arquivo.pt-20260518165011-2523CF2VSV.warc.gz,True,
2026-05-17T19:10:22+00:00,https://data.nysed.gov/includes/vendor/slick/slick-theme.css,200,text/css,QGSDJ6KPFMISJ4ZDFO4G6KKE7AX3EOWA,SAWP5,save-merged-p107.arquivo.pt-20260518165011-2523CF2VSV.warc.gz,True,
2026-05-17T19:10:22+00:00,https://data.nysed.gov/includes/vendor/slick/slick.css,200,text/css,VFFALGZRPC2K33AJ4MUBVTRIDGRQBFNE,SAWP5,save-merged-p107.arquivo.pt-20260518165011-2523CF2VSV.warc.gz,True,
2026-05-17T19:10:22+00:00,https://data.nysed.gov/javascripts/contrib/hoverIntent.js,200,application/javascript,NUAVBXHDH4I2ISVRKATUFMKGH6IKIXIS,SAWP5,save-merged-p107.arquivo.pt-20260518165006-6Q4Q5OTABF.warc.gz,True,
2026-05-17T19:10:22+00:00,https://data.nysed.gov/javascripts/contrib/jquery.animateNumber.min.js,200,application/javascript,3VSW5G5DFIEYEISTLN4HBKJ377GL7WQR,SAWP5,save-merged-p107.arquivo.pt-20260518164948-UM181XMLGL.warc.gz,True,
2026-05-17T19:10:22+00:00,https://data.nysed.gov/javascripts/contrib/jquery.slicknav.min.js,200,application/javascript,HWRJTT3JBSHYADQLT46NO3ET3K3PCYTN,SAWP5,save-merged-p107.arquivo.pt-20260518164943-SXII2UYZO0.warc.gz,True,
2026-05-17T19:10:22+00:00,https://data.nysed.gov/javascripts/contrib/morphext.min.js,200,application/javascript,S3T6LMXG7ELWXSEEEIJBLY6KOL4N2P7P,SAWP5,save-merged-p107.arquivo.pt-20260518164948-UM181XMLGL.warc.gz,True,
2026-05-17T19:10:22+00:00,https://data.nysed.gov/javascripts/contrib/owl.carousel.min.js,200,application/javascript,7FDVCLSR7DXUWFN3UP3QDXTE4U5H6743,SAWP5,save-merged-p107.arquivo.pt-20260518165011-2523CF2VSV.warc.gz,True,
2026-05-17T19:10:22+00:00,https://data.nysed.gov/javascripts/contrib/superfish.min.js,200,application/javascript,IE7FDCSQSZOV6GDIKEBGOGA2CK7MJEPA,SAWP5,save-merged-p107.arquivo.pt-20260518165011-2523CF2VSV.warc.gz,True,
2026-05-17T19:10:22+00:00,https://data.nysed.gov/javascripts/contrib/waypoints.min.js,200,application/javascript,3NEFZIIEAZ27PZ5SNZ5KQACYLMAUSNGY,SAWP5,save-merged-p107.arquivo.pt-20260518164948-UM181XMLGL.warc.gz,True,
2026-05-17T19:10:22+00:00,https://data.nysed.gov/javascripts/contrib/wow.min.js,200,application/javascript,COEVC5P6R7B3WNA26AL2DF6OQWM6LFCR,SAWP5,save-merged-p107.arquivo.pt-20260518164948-UM181XMLGL.warc.gz,True,
2026-05-17T19:10:22+00:00,https://data.nysed.gov/javascripts/foundation/foundation.joyride.js,200,application/javascript,URJXXSVNCMT563ZHI6AKYV5P554FITGE,SAWP5,save-merged-p107.arquivo.pt-20260518165011-2523CF2VSV.warc.gz,True,
2026-05-17T19:10:22+00:00,https://data.nysed.gov/stylesheets/animate.min.css,200,text/css,CNQIOBZMHRXXSB6SCOIOYGZPQP332PCI,SAWP5,save-merged-p107.arquivo.pt-20260518164943-SXII2UYZO0.warc.gz,True,
2026-05-17T19:10:22+00:00,https://data.nysed.gov/stylesheets/datanysedgov-jqueryui/jquery-ui-1.10.4.custom.css,200,text/css,4DNW74VDG5ICRRSKWPWEYGLPXCNWGACN,SAWP5,save-merged-p107.arquivo.pt-20260518165006-6Q4Q5OTABF.warc.gz,True,
2026-05-17T19:10:22+00:00,https://data.nysed.gov/stylesheets/font-awesome.min.css,200,text/css,VS6BS77SEX2PWETAWALIYXFH7OCI47ER,SAWP5,save-merged-p107.arquivo.pt-20260518164937-2K6FJZIC7K.warc.gz,True,
2026-05-17T19:10:22+00:00,https://data.nysed.gov/stylesheets/foundation.css,200,text/css,IL2DG2KQTZFOUYJXUTJZCVYSSWNYYAIN,SAWP5,save-merged-p107.arquivo.pt-20260518164943-SXII2UYZO0.warc.gz,True,
2026-05-17T19:10:22+00:00,https://data.nysed.gov/stylesheets/jquery.jscrollpane.css,200,text/css,VFPOTK5BY4LLGPZAOPUW7P4422WX3JLM,SAWP5,save-merged-p107.arquivo.pt-20260518164937-2K6FJZIC7K.warc.gz,True,
2026-05-17T19:10:22+00:00,https://data.nysed.gov/stylesheets/morphext.css,200,text/css,JQYVX4AA5OIYYLLPXUKSB24TIEDUGZ2L,SAWP5,save-merged-p107.arquivo.pt-20260518164937-2K6FJZIC7K.warc.gz,True,
2026-05-17T19:10:22+00:00,https://data.nysed.gov/stylesheets/normalize.css,200,text/css,AL7FGKDNA4LDOU2NLKRMK7DWYFUMBVJB,SAWP5,save-merged-p107.arquivo.pt-20260518165011-2523CF2VSV.warc.gz,True,
2026-05-17T19:10:22+00:00,https://data.nysed.gov/stylesheets/owl.carousel.css,200,text/css,TBVDL2J6OGO5BCZVZDEHMJRGZ22JKQMK,SAWP5,save-merged-p107.arquivo.pt-20260518164948-UM181XMLGL.warc.gz,True,
2026-05-17T19:10:22+00:00,https://data.nysed.gov/stylesheets/owl.theme.css,200,text/css,2XBS3N3ML4NW3AVICUFV6ISN5MPZOB7H,SAWP5,save-merged-p107.arquivo.pt-20260518165006-6Q4Q5OTABF.warc.gz,True,
2026-05-17T19:10:22+00:00,https://data.nysed.gov/stylesheets/owl.transitions.css,200,text/css,CSGOSUY2RW4QDR2VEVS6H6ISFDK4RH2K,SAWP5,save-merged-p107.arquivo.pt-20260518164937-2K6FJZIC7K.warc.gz,True,
2026-05-17T19:10:22+00:00,https://data.nysed.gov/stylesheets/pure-drawer.css,200,text/css,N5PJRW4F6ZMAKCEQSA5BDGZHVD26XU3A,SAWP5,save-merged-p107.arquivo.pt-20260518164913-8T537U2AO3.warc.gz,True,
2026-05-17T19:10:22+00:00,https://data.nysed.gov/stylesheets/slicknav.css,200,text/css,AVQA3OSPOJYCMH3BS5HR26RJFCAXWXIU,SAWP5,save-merged-p107.arquivo.pt-20260518164913-8T537U2AO3.warc.gz,True,
2026-05-17T19:10:22+00:00,https://data.nysed.gov/stylesheets/slidemenu.css,200,text/css,NEMBHZ6IVWS5TBXI7CC4SBHR3RKUIDPA,SAWP5,save-merged-p107.arquivo.pt-20260518164913-8T537U2AO3.warc.gz,True,
2026-05-17T19:10:22+00:00,https://data.nysed.gov/stylesheets/style.css?v=ewrv2,200,text/css,2N22EJH67AJAZI3HAQX5ZXTK32DGJC3P,SAWP5,save-merged-p107.arquivo.pt-20260518165006-6Q4Q5OTABF.warc.gz,True,
2026-05-17T19:10:23+00:00,https://data.nysed.gov/enrollment.php?instid=800000050976&year=2019&gender%5B%5D=M,200,text/html,FSK2AM4O7USYFA6EANNL5CHC6KLLP64S,SAWP5,save-merged-p107.arquivo.pt-20260518165011-2523CF2VSV.warc.gz,True,
2026-05-17T19:10:23+00:00,https://data.nysed.gov/includes/vendor/slick/slick-theme.css,200,text/css,QGSDJ6KPFMISJ4ZDFO4G6KKE7AX3EOWA,SAWP5,save-merged-p107.arquivo.pt-20260518164937-2K6FJZIC7K.warc.gz,True,
2026-05-17T19:10:23+00:00,https://data.nysed.gov/includes/vendor/slick/slick.css,200,text/css,VFFALGZRPC2K33AJ4MUBVTRIDGRQBFNE,SAWP5,save-merged-p107.arquivo.pt-20260518165011-2523CF2VSV.warc.gz,True,
2026-05-17T19:10:23+00:00,https://data.nysed.gov/includes/vendor/slick/slick.min.js,200,application/javascript,HNA3HPEVM2CQCWRUPIRDRZY5WKO7UDN3,SAWP5,save-merged-p107.arquivo.pt-20260518164948-UM181XMLGL.warc.gz,True,
2026-05-17T19:10:23+00:00,https://data.nysed.gov/javascripts/chartCreation.js,200,application/javascript,MQDMCTBIGLNILQNJ3BY5SE7ZVY7TUX4P,SAWP5,save-merged-p107.arquivo.pt-20260518164943-SXII2UYZO0.warc.gz,True,
2026-05-17T19:10:23+00:00,https://data.nysed.gov/javascripts/contrib/jquery.js,200,application/javascript,FLNEFSH5PCEIUDIMR3AN2CHFR7QTNMGS,SAWP5,save-merged-p107.arquivo.pt-20260518165011-2523CF2VSV.warc.gz,True,
2026-05-17T19:10:23+00:00,https://data.nysed.gov/javascripts/contrib/jquery.jscrollpane.min.js,200,application/javascript,KELVOQZIXOFQTE23KLPFTNGAG4HYMGLI,SAWP5,save-merged-p107.arquivo.pt-20260518165006-6Q4Q5OTABF.warc.gz,True,
2026-05-17T19:10:23+00:00,https://data.nysed.gov/javascripts/contrib/jquery.mousewheel.js,200,application/javascript,3ESSCAZS56Z5NOSWP5JYTCLP7P3WVJNR,SAWP5,save-merged-p107.arquivo.pt-20260518164913-8T537U2AO3.warc.gz,True,
2026-05-17T19:10:23+00:00,https://data.nysed.gov/javascripts/contrib/mwheelIntent.js,200,application/javascript,4EGOPJGPKU6AVJ7F4UWQHJPA6F7JSRJU,SAWP5,save-merged-p107.arquivo.pt-20260518164948-UM181XMLGL.warc.gz,True,
2026-05-17T19:10:23+00:00,https://data.nysed.gov/javascripts/contrib/retina.min.js,200,application/javascript,IU2IPGQFFUKNZOVTGRZCB7DQP7MUAZID,SAWP5,save-merged-p107.arquivo.pt-20260518164937-2K6FJZIC7K.warc.gz,True,
2026-05-17T19:10:23+00:00,https://data.nysed.gov/javascripts/custom.js,200,application/javascript,6CYBRBAPKRPT4HD33INSMLZTBS2CKUI2,SAWP5,save-merged-p107.arquivo.pt-20260518164943-SXII2UYZO0.warc.gz,True,
2026-05-17T19:10:23+00:00,https://data.nysed.gov/stylesheets/datanysedgov-jqueryui/jquery-ui-1.10.4.custom.css,200,text/css,4DNW74VDG5ICRRSKWPWEYGLPXCNWGACN,SAWP5,save-merged-p107.arquivo.pt-20260518165011-2523CF2VSV.warc.gz,True,
2026-05-17T19:10:23+00:00,https://data.nysed.gov/stylesheets/jquery.jscrollpane.css,200,text/css,VFPOTK5BY4LLGPZAOPUW7P4422WX3JLM,SAWP5,save-merged-p107.arquivo.pt-20260518164937-2K6FJZIC7K.warc.gz,True,
2026-05-17T19:10:23+00:00,https://data.nysed.gov/stylesheets/pure-drawer.css,200,text/css,N5PJRW4F6ZMAKCEQSA5BDGZHVD26XU3A,SAWP5,save-merged-p107.arquivo.pt-20260518164943-SXII2UYZO0.warc.gz,True,
2026-05-17T19:10:23+00:00,https://data.nysed.gov/stylesheets/slidemenu.css,200,text/css,NEMBHZ6IVWS5TBXI7CC4SBHR3RKUIDPA,SAWP5,save-merged-p107.arquivo.pt-20260518165011-2523CF2VSV.warc.gz,True,
2026-05-17T19:10:23+00:00,https://data.nysed.gov/stylesheets/style.css?v=ewrv2,200,text/css,2N22EJH67AJAZI3HAQX5ZXTK32DGJC3P,SAWP5,save-merged-p107.arquivo.pt-20260518164943-SXII2UYZO0.warc.gz,True,
2026-05-17T19:10:24+00:00,https://data.nysed.gov/enrollment.php?instid=800000050976&year=2019&gender[]=M,200,text/html,AAFHDIYG65FGKSB7M3E467DTDUAD2YN7,SAWP5,save-merged-p107.arquivo.pt-20260518165006-6Q4Q5OTABF.warc.gz,True,
2026-05-17T19:10:24+00:00,https://data.nysed.gov/includes/vendor/slick/slick-theme.css,200,text/css,QGSDJ6KPFMISJ4ZDFO4G6KKE7AX3EOWA,SAWP5,save-merged-p107.arquivo.pt-20260518165011-2523CF2VSV.warc.gz,True,
2026-05-17T19:10:24+00:00,https://data.nysed.gov/javascripts/contrib/jquery.js,200,application/javascript,FLNEFSH5PCEIUDIMR3AN2CHFR7QTNMGS,SAWP5,save-merged-p107.arquivo.pt-20260518165011-2523CF2VSV.warc.gz,True,
2026-05-17T19:10:24+00:00,https://data.nysed.gov/stylesheets/jquery.jscrollpane.css,200,text/css,VFPOTK5BY4LLGPZAOPUW7P4422WX3JLM,SAWP5,save-merged-p107.arquivo.pt-20260518165011-2523CF2VSV.warc.gz,True,
2026-05-17T19:10:24+00:00,https://data.nysed.gov/stylesheets/pure-drawer.css,200,text/css,N5PJRW4F6ZMAKCEQSA5BDGZHVD26XU3A,SAWP5,save-merged-p107.arquivo.pt-20260518164913-8T537U2AO3.warc.gz,True,
2026-05-17T19:10:24+00:00,https://data.nysed.gov/stylesheets/slidemenu.css,200,text/css,NEMBHZ6IVWS5TBXI7CC4SBHR3RKUIDPA,SAWP5,save-merged-p107.arquivo.pt-20260518165006-6Q4Q5OTABF.warc.gz,True,
2026-05-17T19:10:24+00:00,https://data.nysed.gov/stylesheets/style.css?v=ewrv2,200,text/css,2N22EJH67AJAZI3HAQX5ZXTK32DGJC3P,SAWP5,save-merged-p107.arquivo.pt-20260518165011-2523CF2VSV.warc.gz,True,
2026-05-17T19:10:25+00:00,https://data.nysed.gov/images/logo.png,200,image/png,YHKX26NZG5YDNOBTYHCHY7YXXYASOPY5,SAWP5,save-merged-p107.arquivo.pt-20260518165011-2523CF2VSV.warc.gz,True,
2026-05-17T19:10:25+00:00,https://data.nysed.gov/javascripts/contrib/classie.js,200,application/javascript,G7PKBGARWIEKF4GQCBZ3XIJTZIHQ6JGO,SAWP5,save-merged-p107.arquivo.pt-20260518165006-6Q4Q5OTABF.warc.gz,True,
2026-05-17T19:10:25+00:00,https://data.nysed.gov/javascripts/contrib/jquery.blockUI.js,200,application/javascript,3BLXNT2MG3FLMOQHLKMAFHYULREG5GTU,SAWP5,save-merged-p107.arquivo.pt-20260518165006-6Q4Q5OTABF.warc.gz,True,
2026-05-17T19:10:25+00:00,https://data.nysed.gov/javascripts/contrib/jquery.cookie.js,200,application/javascript,OT37NBKQ5EFB333PVJW6NYEDB4NLGSLQ,SAWP5,save-merged-p107.arquivo.pt-20260518165006-6Q4Q5OTABF.warc.gz,True,
2026-05-17T19:10:25+00:00,https://data.nysed.gov/stylesheets/datanysedgov-jqueryui/jquery-ui-1.10.4.custom.css,200,text/css,4DNW74VDG5ICRRSKWPWEYGLPXCNWGACN,SAWP5,save-merged-p107.arquivo.pt-20260518164948-UM181XMLGL.warc.gz,True,
2026-05-17T19:10:25+00:00,https://data.nysed.gov/stylesheets/pure-drawer.css,200,text/css,N5PJRW4F6ZMAKCEQSA5BDGZHVD26XU3A,SAWP5,save-merged-p107.arquivo.pt-20260518164948-UM181XMLGL.warc.gz,True,
2026-05-17T19:10:25+00:00,https://data.nysed.gov/stylesheets/slidemenu.css,200,text/css,NEMBHZ6IVWS5TBXI7CC4SBHR3RKUIDPA,SAWP5,save-merged-p107.arquivo.pt-20260518164948-UM181XMLGL.warc.gz,True,
2026-05-17T19:10:25+00:00,https://data.nysed.gov/stylesheets/style.css?v=ewrv2,200,text/css,2N22EJH67AJAZI3HAQX5ZXTK32DGJC3P,SAWP5,save-merged-p107.arquivo.pt-20260518164913-8T537U2AO3.warc.gz,True,
2026-05-17T19:10:26+00:00,https://data.nysed.gov/javascripts/contrib/hoverIntent.js,200,application/javascript,NUAVBXHDH4I2ISVRKATUFMKGH6IKIXIS,SAWP5,save-merged-p107.arquivo.pt-20260518164937-2K6FJZIC7K.warc.gz,True,
2026-05-17T19:10:26+00:00,https://data.nysed.gov/javascripts/contrib/jquery-ui.min.js,200,application/javascript,PBEJ4WAK3LXZGHTOLMJR3K2VNQ4X4SQ2,SAWP5,save-merged-p107.arquivo.pt-20260518165006-6Q4Q5OTABF.warc.gz,True,
2026-05-17T19:10:26+00:00,https://data.nysed.gov/javascripts/contrib/jquery.expander.js,200,application/javascript,3GUJJEXZFKMVCGKJM32DGCLQJKWLK7CX,SAWP5,save-merged-p107.arquivo.pt-20260518165011-2523CF2VSV.warc.gz,True,
2026-05-17T19:10:26+00:00,https://data.nysed.gov/javascripts/contrib/modernizr.js,200,application/javascript,7ZSUICFV3RC6JMGJQGLUQIJ7OWUFFWA2,SAWP5,save-merged-p107.arquivo.pt-20260518165006-6Q4Q5OTABF.warc.gz,True,
2026-05-17T19:10:26+00:00,https://data.nysed.gov/javascripts/contrib/superfish.min.js,200,application/javascript,IE7FDCSQSZOV6GDIKEBGOGA2CK7MJEPA,SAWP5,save-merged-p107.arquivo.pt-20260518164948-UM181XMLGL.warc.gz,True,
2026-05-17T19:10:26+00:00,https://data.nysed.gov/javascripts/foundation.min.js,200,application/javascript,HHKPZAILRSFGUGBE4W743UEKSIOKAHMO,SAWP5,save-merged-p107.arquivo.pt-20260518165011-2523CF2VSV.warc.gz,True,
2026-05-17T19:10:26+00:00,https://data.nysed.gov/javascripts/foundation/foundation.accordion.js,200,application/javascript,ZFSB3RKL7NQAQD36IE4NR5CBVAFQOXBN,SAWP5,save-merged-p107.arquivo.pt-20260518164943-SXII2UYZO0.warc.gz,True,
2026-05-17T19:10:26+00:00,https://data.nysed.gov/javascripts/foundation/foundation.joyride.js,200,application/javascript,URJXXSVNCMT563ZHI6AKYV5P554FITGE,SAWP5,save-merged-p107.arquivo.pt-20260518164913-8T537U2AO3.warc.gz,True,
2026-05-17T19:10:26+00:00,https://data.nysed.gov/stylesheets/fonts/fontawesome-webfont.woff?v=4.2.0,200,font/woff,PVS6AIT5BV6NYFYYCGONFJ644BRY6FI4,SAWP5,save-merged-p107.arquivo.pt-20260518165006-6Q4Q5OTABF.warc.gz,True,
2026-05-17T19:10:27+00:00,https://data.nysed.gov/includes/vendor/slick/slick.min.js,200,application/javascript,HNA3HPEVM2CQCWRUPIRDRZY5WKO7UDN3,SAWP5,save-merged-p107.arquivo.pt-20260518165011-2523CF2VSV.warc.gz,True,
2026-05-17T19:10:27+00:00,https://data.nysed.gov/javascripts/chartCreation.js,200,application/javascript,MQDMCTBIGLNILQNJ3BY5SE7ZVY7TUX4P,SAWP5,save-merged-p107.arquivo.pt-20260518164902-TBL965SIMQ.warc.gz,True,
2026-05-17T19:10:27+00:00,https://data.nysed.gov/javascripts/contrib/hoverIntent.js,200,application/javascript,NUAVBXHDH4I2ISVRKATUFMKGH6IKIXIS,SAWP5,save-merged-p107.arquivo.pt-20260518164937-2K6FJZIC7K.warc.gz,True,
2026-05-17T19:10:27+00:00,https://data.nysed.gov/javascripts/contrib/jquery.animateNumber.min.js,200,application/javascript,3VSW5G5DFIEYEISTLN4HBKJ377GL7WQR,SAWP5,save-merged-p107.arquivo.pt-20260518164943-SXII2UYZO0.warc.gz,True,
2026-05-17T19:10:27+00:00,https://data.nysed.gov/javascripts/contrib/jquery.jscrollpane.min.js,200,application/javascript,KELVOQZIXOFQTE23KLPFTNGAG4HYMGLI,SAWP5,save-merged-p107.arquivo.pt-20260518165011-2523CF2VSV.warc.gz,True,
2026-05-17T19:10:27+00:00,https://data.nysed.gov/javascripts/contrib/jquery.mousewheel.js,200,application/javascript,3ESSCAZS56Z5NOSWP5JYTCLP7P3WVJNR,SAWP5,save-merged-p107.arquivo.pt-20260518164943-SXII2UYZO0.warc.gz,True,
2026-05-17T19:10:27+00:00,https://data.nysed.gov/javascripts/contrib/jquery.slicknav.min.js,200,application/javascript,HWRJTT3JBSHYADQLT46NO3ET3K3PCYTN,SAWP5,save-merged-p107.arquivo.pt-20260518164948-UM181XMLGL.warc.gz,True,
2026-05-17T19:10:27+00:00,https://data.nysed.gov/javascripts/contrib/morphext.min.js,200,application/javascript,S3T6LMXG7ELWXSEEEIJBLY6KOL4N2P7P,SAWP5,save-merged-p107.arquivo.pt-20260518164913-8T537U2AO3.warc.gz,True,
2026-05-17T19:10:27+00:00,https://data.nysed.gov/javascripts/contrib/mwheelIntent.js,200,application/javascript,4EGOPJGPKU6AVJ7F4UWQHJPA6F7JSRJU,SAWP5,save-merged-p107.arquivo.pt-20260518164943-SXII2UYZO0.warc.gz,True,
2026-05-17T19:10:27+00:00,https://data.nysed.gov/javascripts/contrib/owl.carousel.min.js,200,application/javascript,7FDVCLSR7DXUWFN3UP3QDXTE4U5H6743,SAWP5,save-merged-p107.arquivo.pt-20260518165006-6Q4Q5OTABF.warc.gz,True,
2026-05-17T19:10:27+00:00,https://data.nysed.gov/javascripts/contrib/retina.min.js,200,application/javascript,IU2IPGQFFUKNZOVTGRZCB7DQP7MUAZID,SAWP5,save-merged-p107.arquivo.pt-20260518165006-6Q4Q5OTABF.warc.gz,True,
2026-05-17T19:10:27+00:00,https://data.nysed.gov/javascripts/contrib/superfish.min.js,200,application/javascript,IE7FDCSQSZOV6GDIKEBGOGA2CK7MJEPA,SAWP5,save-merged-p107.arquivo.pt-20260518164948-UM181XMLGL.warc.gz,True,
2026-05-17T19:10:27+00:00,https://data.nysed.gov/javascripts/contrib/waypoints.min.js,200,application/javascript,3NEFZIIEAZ27PZ5SNZ5KQACYLMAUSNGY,SAWP5,save-merged-p107.arquivo.pt-20260518165006-6Q4Q5OTABF.warc.gz,True,
2026-05-17T19:10:27+00:00,https://data.nysed.gov/javascripts/contrib/wow.min.js,200,application/javascript,COEVC5P6R7B3WNA26AL2DF6OQWM6LFCR,SAWP5,save-merged-p107.arquivo.pt-20260518165011-2523CF2VSV.warc.gz,True,
2026-05-17T19:10:27+00:00,https://data.nysed.gov/javascripts/custom.js,200,application/javascript,6CYBRBAPKRPT4HD33INSMLZTBS2CKUI2,SAWP5,save-merged-p107.arquivo.pt-20260518165006-6Q4Q5OTABF.warc.gz,True,
2026-05-17T19:10:27+00:00,https://data.nysed.gov/javascripts/foundation.min.js,200,application/javascript,HHKPZAILRSFGUGBE4W743UEKSIOKAHMO,SAWP5,save-merged-p107.arquivo.pt-20260518165011-2523CF2VSV.warc.gz,True,
2026-05-17T19:10:27+00:00,https://data.nysed.gov/javascripts/foundation/foundation.accordion.js,200,application/javascript,ZFSB3RKL7NQAQD36IE4NR5CBVAFQOXBN,SAWP5,save-merged-p107.arquivo.pt-20260518164913-8T537U2AO3.warc.gz,True,
2026-05-17T19:10:27+00:00,https://data.nysed.gov/javascripts/foundation/foundation.joyride.js,200,application/javascript,URJXXSVNCMT563ZHI6AKYV5P554FITGE,SAWP5,save-merged-p107.arquivo.pt-20260518165011-2523CF2VSV.warc.gz,True,
2026-05-17T19:10:27+00:00,https://data.nysed.gov/stylesheets/datanysedgov-jqueryui/images/ui-bg_flat_75_ffffff_40x100.png,200,image/png,2KVAC3WMFF6ZV3XA7BQI2ZSRXHYWZHDX,SAWP5,save-merged-p107.arquivo.pt-20260518164948-UM181XMLGL.warc.gz,True,
2026-05-17T19:10:28+00:00,https://data.nysed.gov/includes/vendor/slick/slick.min.js,200,application/javascript,HNA3HPEVM2CQCWRUPIRDRZY5WKO7UDN3,SAWP5,save-merged-p107.arquivo.pt-20260518165011-2523CF2VSV.warc.gz,True,
2026-05-17T19:10:28+00:00,https://data.nysed.gov/javascripts/chartCreation.js,200,application/javascript,MQDMCTBIGLNILQNJ3BY5SE7ZVY7TUX4P,SAWP5,save-merged-p107.arquivo.pt-20260518164913-8T537U2AO3.warc.gz,True,
2026-05-17T19:10:28+00:00,https://data.nysed.gov/javascripts/contrib/jquery.jscrollpane.min.js,200,application/javascript,KELVOQZIXOFQTE23KLPFTNGAG4HYMGLI,SAWP5,save-merged-p107.arquivo.pt-20260518164948-UM181XMLGL.warc.gz,True,
2026-05-17T19:10:28+00:00,https://data.nysed.gov/javascripts/contrib/jquery.mousewheel.js,200,application/javascript,3ESSCAZS56Z5NOSWP5JYTCLP7P3WVJNR,SAWP5,save-merged-p107.arquivo.pt-20260518164913-8T537U2AO3.warc.gz,True,
2026-05-17T19:10:28+00:00,https://data.nysed.gov/javascripts/contrib/mwheelIntent.js,200,application/javascript,4EGOPJGPKU6AVJ7F4UWQHJPA6F7JSRJU,SAWP5,save-merged-p107.arquivo.pt-20260518165011-2523CF2VSV.warc.gz,True,
2026-05-17T19:10:28+00:00,https://data.nysed.gov/javascripts/contrib/owl.carousel.min.js,200,application/javascript,7FDVCLSR7DXUWFN3UP3QDXTE4U5H6743,SAWP5,save-merged-p107.arquivo.pt-20260518164948-UM181XMLGL.warc.gz,True,
2026-05-17T19:10:28+00:00,https://data.nysed.gov/javascripts/contrib/retina.min.js,200,application/javascript,IU2IPGQFFUKNZOVTGRZCB7DQP7MUAZID,SAWP5,save-merged-p107.arquivo.pt-20260518164948-UM181XMLGL.warc.gz,True,
2026-05-17T19:10:28+00:00,https://data.nysed.gov/javascripts/custom.js,200,application/javascript,6CYBRBAPKRPT4HD33INSMLZTBS2CKUI2,SAWP5,save-merged-p107.arquivo.pt-20260518165006-6Q4Q5OTABF.warc.gz,True,
2026-05-17T19:10:29+00:00,https://data.nysed.gov/stylesheets/fonts/fontawesome-webfont.woff?v=4.2.0,200,font/woff,PVS6AIT5BV6NYFYYCGONFJ644BRY6FI4,SAWP5,save-merged-p107.arquivo.pt-20260518165011-2523CF2VSV.warc.gz,True,
2026-05-17T19:10:32+00:00,https://data.nysed.gov/stylesheets/datanysedgov-jqueryui/images/ui-bg_flat_75_ffffff_40x100.png,200,image/png,2KVAC3WMFF6ZV3XA7BQI2ZSRXHYWZHDX,SAWP5,save-merged-p107.arquivo.pt-20260518164943-SXII2UYZO0.warc.gz,True,
2026-05-17T19:10:33+00:00,https://data.nysed.gov/stylesheets/datanysedgov-jqueryui/images/ui-bg_flat_75_ffffff_40x100.png,200,image/png,2KVAC3WMFF6ZV3XA7BQI2ZSRXHYWZHDX,SAWP5,save-merged-p107.arquivo.pt-20260518165011-2523CF2VSV.warc.gz,True,
2026-05-17T19:12:41+00:00,https://data.nysed.gov/enrollment.php?instid=800000050976&year=2019&gender[]=M,200,text/html,RQWJISBG7BL3BD34H2AARVMC4G6GMPLA,SAWP5,save-merged-p107.arquivo.pt-20260518165011-2523CF2VSV.warc.gz,True,
2026-05-17T19:13:23+00:00,https://data.nysed.gov/enrollment.php?instid=800000050976&year=2019&gender[]=M,200,text/html,G5PZI6ZVJ2ZCYG2KGI6Z5LRQTN46O2VN,SAWP5,save-merged-p107.arquivo.pt-20260518164937-2K6FJZIC7K.warc.gz,True,
2026-05-17T19:13:34+00:00,https://data.nysed.gov/enrollment.php?instid=800000050976&year=2019&gender[]=M,200,text/html,DK5RITU6GVWQOA2S55OXIXDTZECPNNXS,SAWP5,save-merged-p107.arquivo.pt-20260518164937-2K6FJZIC7K.warc.gz,True,
2026-05-17T19:14:47+00:00,https://data.nysed.gov/enrollment.php?year=2019&instid=800000050976&gender%5B%5D=M&ethnicity%5B%5D=W,200,text/html,TRLVKMHWR2EGD63V56EYQM6CR6PWOHYK,SAWP5,save-merged-p107.arquivo.pt-20260518165006-6Q4Q5OTABF.warc.gz,True,
2026-05-17T19:14:50+00:00,https://data.nysed.gov/enrollment.php?year=2019&instid=800000050976&gender%5B%5D=M&ethnicity%5B%5D=B,200,text/html,3CQWGBBKYNAG5BQR7TI7XLNMNZ7LVTYU,SAWP5,save-merged-p107.arquivo.pt-20260518165011-2523CF2VSV.warc.gz,True,
2026-05-17T20:00:48+00:00,https://data.nysed.gov/profile.php?instid=800000050976&year=2018&createreport=1&enroll=1,200,text/html,K2S2YYXRNSAXWGKO2DIK5AYFOY3TG52H,SAWP5,save-merged-p107.arquivo.pt-20260518164937-2K6FJZIC7K.warc.gz,True,
2026-05-17T20:03:01+00:00,https://data.nysed.gov/profile.php?instid=800000050976&year=2018&createreport=1&enroll=1,200,text/html,TDSPVW326P6MDSGR4HEZZHD3A5CEV4H5,SAWP5,save-merged-p108.arquivo.pt-20260518165507-M9WEGD46AY.warc.gz,True,
2026-05-17T20:03:11+00:00,https://data.nysed.gov/enrollment.php?instid=800000050976&year=2019&gender%5B%5D=M,200,text/html,SV7TFVR7DHMC3JNZIYNSWLGLV477HQ3X,SAWP5,save-merged-p105.arquivo.pt-20260518164708-YTVQXUB8U4.warc.gz,True,
2026-05-17T20:03:41+00:00,https://data.nysed.gov/profile.php?instid=800000050976&year=2018&createreport=1&enroll=1,200,text/html,TDSPVW326P6MDSGR4HEZZHD3A5CEV4H5,SAWP5,save-merged-p108.arquivo.pt-20260518165525-BRWX2VWFZC.warc.gz,True,
2026-05-17T20:06:09+00:00,https://data.nysed.gov/,200,text/html,F3RCALEF2B2HJYAWNQV4FRTMGJFTDCBZ,SAWP5,save-merged-p107.arquivo.pt-20260518165011-2523CF2VSV.warc.gz,True,
2026-05-17T20:06:10+00:00,https://data.nysed.gov/enrollment.php?instid=800000050976&year=2017&gender[]=M&ethnicity[]=B,200,text/html,HZB3R3VIM5FMUFA62SG5OOFOFSXXPDQX,SAWP5,save-merged-p107.arquivo.pt-20260518165011-2523CF2VSV.warc.gz,True,
2026-05-17T20:06:37+00:00,https://data.nysed.gov/enrollment.php?instid=800000050976&year=2018&gender[]=M&ethnicity[]=W,200,text/html,GGI2VNPKD6PXXBRQBBHQO4GF7JM5WVOP,SAWP5,save-merged-p107.arquivo.pt-20260518165006-6Q4Q5OTABF.warc.gz,True,
2026-05-17T20:07:25+00:00,https://data.nysed.gov/enrollment.php?instid=800000050976&year=2019&gender[]=M&ethnicity[]=W,200,text/html,4RRXWIAFVQYGVQL3YMW6QIMREP56DXMT,SAWP5,save-merged-p108.arquivo.pt-20260518165525-BRWX2VWFZC.warc.gz,True,
2026-05-17T20:07:44+00:00,https://data.nysed.gov/enrollment.php?instid=800000050976&year=2019&gender[]=M&ethnicity[]=B,200,text/html,RLWN3NO247F4SDEN23X5PXITKIE2X22O,SAWP5,save-merged-p107.arquivo.pt-20260518165011-2523CF2VSV.warc.gz,True,
2026-05-17T20:09:26+00:00,https://data.nysed.gov/enrollment.php?instid=800000050976&year=2017&gender%5B%5D=M,200,text/html,AN7XMLKQNOOLUDF3XGOJO3QGHAWZBAM5,SAWP5,save-merged-p107.arquivo.pt-20260518165011-2523CF2VSV.warc.gz,True,
2026-05-17T20:09:34+00:00,https://data.nysed.gov/enrollment.php?instid=800000050976&year=2018&gender%5B%5D=M,200,text/html,4S6XCWLO2RPJJMYU4WPEZMDAKXLRKCJF,SAWP5,save-merged-p107.arquivo.pt-20260518165011-2523CF2VSV.warc.gz,True,
2026-05-17T20:10:14+00:00,https://data.nysed.gov/,200,text/html,G6QAG2CNHIRZHROIYNP25W2BPTXGEY4F,SAWP5,save-merged-p107.arquivo.pt-20260518164937-2K6FJZIC7K.warc.gz,True,
2026-05-17T20:10:19+00:00,https://data.nysed.gov/,200,text/html,G6QAG2CNHIRZHROIYNP25W2BPTXGEY4F,SAWP5,save-merged-p106.arquivo.pt-20260518165308-X3EPQET4XN.warc.gz,True,
2026-05-17T20:10:36+00:00,https://data.nysed.gov/enrollment.php,200,text/html,UKLLNI6ALX4T3XJVF5UPKPOHGGTMRCVC,SAWP5,save-merged-p107.arquivo.pt-20260518165011-2523CF2VSV.warc.gz,True,
2026-05-17T20:11:59+00:00,https://data.nysed.gov/enrollment.php?year=2017%26instid=800000050976,200,text/html,K65PVKXPS6NNTNH2AM5D4I7TFL3SSEVL,SAWP5,save-merged-p107.arquivo.pt-20260518165011-2523CF2VSV.warc.gz,True,
2026-05-17T20:12:05+00:00,https://data.nysed.gov/enrollment.php?year=2017&instid=800000050976,200,text/html,OQHYIGAFKUP5EXUNL7WYB4UMPETWAB7X,SAWP5,save-merged-p107.arquivo.pt-20260518164937-2K6FJZIC7K.warc.gz,True,
2026-05-17T20:12:15+00:00,https://data.nysed.gov/enrollment.php?year=2017&instid=800000050976&gender[]=M&ethnicity[]=W,200,text/html,AKZNILCKDEGMA2AO5U3SSI3YEJ23KNPH,SAWP5,save-merged-p107.arquivo.pt-20260518165011-2523CF2VSV.warc.gz,True,
2026-05-17T20:12:15+00:00,https://data.nysed.gov/enrollment.php?year=2017&instid=800000050976,200,text/html,L62UO2YC2LACFYMUFWSVX6JZSLDYSX54,SAWP5,save-merged-p107.arquivo.pt-20260518165011-2523CF2VSV.warc.gz,True,
2026-05-17T20:12:20+00:00,https://data.nysed.gov/enrollment.php?year=2018&instid=800000050976&gender[]=M&ethnicity[]=B,200,text/html,446EG2XN3SK7G6XNLP3Y37NMZ46J5GK6,SAWP5,save-merged-p107.arquivo.pt-20260518164943-SXII2UYZO0.warc.gz,True,
2026-05-17T20:12:24+00:00,https://data.nysed.gov/enrollment.php?year=2017%26instid=800000050976%26gender%255B%255D=M%26ethnicity%255B%255D=W,200,text/html,243ZCHJR45RJ6L7PMSHUU245QQX3NMQ5,SAWP5,save-merged-p107.arquivo.pt-20260518165011-2523CF2VSV.warc.gz,True,
2026-05-17T20:12:39+00:00,https://data.nysed.gov/enrollment.php?year=2017&instid=800000050976&gender%5B%5D=M&ethnicity%5B%5D=W,200,text/html,FQY6LNZZUMTVVNHOSVX5VSLJ3MDQ6DAE,SAWP5,save-merged-p107.arquivo.pt-20260518165011-2523CF2VSV.warc.gz,True,
2026-05-17T20:15:35+00:00,https://data.nysed.gov/enrollment.php?year=2017&instid=800000050976&gender[]=M&ethnicity[]=W,200,text/html,XEB6V7QV5EBDY5UVZH5V5MV73PM24VVK,SAWP5,save-merged-p107.arquivo.pt-20260518165011-2523CF2VSV.warc.gz,True,
2026-05-17T20:15:42+00:00,https://data.nysed.gov/enrollment.php?instid=800000050976&year=2017&gender[]=M&ethnicity[]=B,200,text/html,7QCL4EZEI472HDF47VWAZO7HWEKRGT2G,SAWP5,save-merged-p107.arquivo.pt-20260518165006-6Q4Q5OTABF.warc.gz,True,
2026-05-17T20:15:57+00:00,https://data.nysed.gov/enrollment.php?instid=800000050976&year=2018&gender[]=M&ethnicity[]=W,200,text/html,SNZ3AVFQXSH2DNX7B3HEGLLOQYRNARKT,SAWP5,save-merged-p107.arquivo.pt-20260518165011-2523CF2VSV.warc.gz,True,
2026-05-17T20:16:00+00:00,https://data.nysed.gov/enrollment.php?year=2017&instid=800000050976&gender%5B%5D=M&ethnicity%5B%5D=B,200,text/html,NPEHE5XIFFFSDTSAFJOCOO72Q5HJOVUX,SAWP5,save-merged-p107.arquivo.pt-20260518165011-2523CF2VSV.warc.gz,True,
2026-05-17T20:16:04+00:00,https://data.nysed.gov/enrollment.php?year=2018&instid=800000050976&gender[]=M&ethnicity[]=B,200,text/html,3F5RCIBBTHH7FMTJSNKXTWDHS2TRQPEJ,SAWP5,save-merged-p107.arquivo.pt-20260518165006-6Q4Q5OTABF.warc.gz,True,
2026-05-17T20:16:09+00:00,https://data.nysed.gov/enrollment.php?year=2018&instid=800000050976&gender%5B%5D=M&ethnicity%5B%5D=W,200,text/html,NQHUUNTMRPTUS2IDXM2IGY2H63T4HPUD,SAWP5,save-merged-p107.arquivo.pt-20260518164913-8T537U2AO3.warc.gz,True,
2026-05-17T20:16:18+00:00,https://data.nysed.gov/enrollment.php?year=2018&instid=800000050976&gender%5B%5D=M&ethnicity%5B%5D=B,200,text/html,DUPUIVKMLNKXLTS2YCJC74PG4UGVC6IR,SAWP5,save-merged-p107.arquivo.pt-20260518165006-6Q4Q5OTABF.warc.gz,True,
2026-05-17T20:16:22+00:00,https://data.nysed.gov/enrollment.php?year=2017&instid=800000050976&gender%5B%5D=M&ethnicity%5B%5D=W,200,text/html,EW5D7Q7MV2RQ4KHCEPWOZH7DMODXQERZ,SAWP5,save-merged-p107.arquivo.pt-20260518165011-2523CF2VSV.warc.gz,True,
2026-05-17T20:16:23+00:00,https://data.nysed.gov/enrollment.php?instid=800000050976&year=2019&gender[]=M&ethnicity[]=W,200,text/html,FXS5AO5IQDQTACBDEI5GWLODKYLBRKK3,SAWP5,save-merged-p107.arquivo.pt-20260518164937-2K6FJZIC7K.warc.gz,True,
2026-05-17T20:16:30+00:00,https://data.nysed.gov/enrollment.php?instid=800000050976&year=2019&gender[]=M&ethnicity[]=B,200,text/html,JZJYTQERJUTFTDO7IGH5ANRGFDOOZOTG,SAWP5,save-merged-p107.arquivo.pt-20260518165011-2523CF2VSV.warc.gz,True,
2026-05-17T20:16:34+00:00,https://data.nysed.gov/enrollment.php?year=2017&instid=800000050976,200,text/html,HEQH3EZPTYPYOOBDCA3RUB4UOIGRK4KP,SAWP5,save-merged-p107.arquivo.pt-20260518164937-2K6FJZIC7K.warc.gz,True,
2026-05-17T20:16:42+00:00,https://data.nysed.gov/enrollment.php?year=2017&instid=800000050976,200,text/html,674D6B2UHSQOSLKQNKZRLSQCPYQZHDSU,SAWP5,save-merged-p108.arquivo.pt-20260518165507-M9WEGD46AY.warc.gz,True,
2026-05-17T20:18:47+00:00,http://data.nysed.gov/enrollment.php?year=2017&instid=800000050976,301,text/html,HLNR6AWVWYCU3YAENY3HYHLIPNWN66X7,SAWP5,save-merged-p107.arquivo.pt-20260518165006-6Q4Q5OTABF.warc.gz,True,
2026-05-17T20:18:55+00:00,http://data.nysed.gov/enrollment.php?year=2017&instid=800000050976,301,text/html,HLNR6AWVWYCU3YAENY3HYHLIPNWN66X7,SAWP5,save-merged-p107.arquivo.pt-20260518164937-2K6FJZIC7K.warc.gz,True,
2026-05-17T20:19:01+00:00,http://data.nysed.gov/enrollment.php?year=2017&instid=800000050976,301,text/html,HLNR6AWVWYCU3YAENY3HYHLIPNWN66X7,SAWP5,save-merged-p107.arquivo.pt-20260518165011-2523CF2VSV.warc.gz,True,
2026-05-17T20:19:08+00:00,https://data.nysed.gov/enrollment.php?year=2017&instid=800000050976,200,text/html,H44JHYPGV2UKIK7JZLZG5WIK2N5J2H6W,SAWP5,save-merged-p107.arquivo.pt-20260518165006-6Q4Q5OTABF.warc.gz,True,
2026-05-17T20:28:48+00:00,https://data.nysed.gov/enrollment.php?instid=800000050976&year=2017&gender[]=M,200,text/html,5AFRV377OL47DW5LJMLYNXMOGN3AF4BY,SAWP5,save-merged-p107.arquivo.pt-20260518165011-2523CF2VSV.warc.gz,True,
2026-05-17T20:29:13+00:00,https://data.nysed.gov/enrollment.php?instid=800000050976&year=2017&gender[]=M,200,text/html,BRZ6VXDXSHPINQ4VM67ZZOXYBAFQBVDJ,SAWP5,save-merged-p106.arquivo.pt-20260518165308-X3EPQET4XN.warc.gz,True,
2026-05-17T20:29:15+00:00,https://data.nysed.gov/enrollment.php?instid=800000050976&year=2017&gender[]=M,200,text/html,6PCL6TIWD5N7LT637Q7KT7YVX6VGEB4D,SAWP5,save-merged-p108.arquivo.pt-20260518165525-BRWX2VWFZC.warc.gz,True,
2026-05-17T20:29:16+00:00,https://data.nysed.gov/stylesheets/animate.min.css,200,text/css,CNQIOBZMHRXXSB6SCOIOYGZPQP332PCI,SAWP5,save-merged-p108.arquivo.pt-20260518165525-BRWX2VWFZC.warc.gz,True,
2026-05-17T20:29:16+00:00,https://data.nysed.gov/stylesheets/font-awesome.min.css,200,text/css,VS6BS77SEX2PWETAWALIYXFH7OCI47ER,SAWP5,save-merged-p108.arquivo.pt-20260518165507-M9WEGD46AY.warc.gz,True,
2026-05-17T20:29:16+00:00,https://data.nysed.gov/stylesheets/foundation.css,200,text/css,IL2DG2KQTZFOUYJXUTJZCVYSSWNYYAIN,SAWP5,save-merged-p108.arquivo.pt-20260518165507-M9WEGD46AY.warc.gz,True,
2026-05-17T20:29:16+00:00,https://data.nysed.gov/stylesheets/morphext.css,200,text/css,JQYVX4AA5OIYYLLPXUKSB24TIEDUGZ2L,SAWP5,save-merged-p108.arquivo.pt-20260518165525-BRWX2VWFZC.warc.gz,True,
2026-05-17T20:29:17+00:00,https://data.nysed.gov/includes/vendor/slick/slick-theme.css,200,text/css,QGSDJ6KPFMISJ4ZDFO4G6KKE7AX3EOWA,SAWP5,save-merged-p108.arquivo.pt-20260518165507-M9WEGD46AY.warc.gz,True,
2026-05-17T20:29:17+00:00,https://data.nysed.gov/includes/vendor/slick/slick.css,200,text/css,VFFALGZRPC2K33AJ4MUBVTRIDGRQBFNE,SAWP5,save-merged-p108.arquivo.pt-20260518165507-M9WEGD46AY.warc.gz,True,
2026-05-17T20:29:17+00:00,https://data.nysed.gov/stylesheets/datanysedgov-jqueryui/jquery-ui-1.10.4.custom.css,200,text/css,4DNW74VDG5ICRRSKWPWEYGLPXCNWGACN,SAWP5,save-merged-p108.arquivo.pt-20260518165525-BRWX2VWFZC.warc.gz,True,
2026-05-17T20:29:17+00:00,https://data.nysed.gov/stylesheets/normalize.css,200,text/css,AL7FGKDNA4LDOU2NLKRMK7DWYFUMBVJB,SAWP5,save-merged-p108.arquivo.pt-20260518165507-M9WEGD46AY.warc.gz,True,
2026-05-17T20:29:17+00:00,https://data.nysed.gov/stylesheets/owl.carousel.css,200,text/css,TBVDL2J6OGO5BCZVZDEHMJRGZ22JKQMK,SAWP5,save-merged-p108.arquivo.pt-20260518165507-M9WEGD46AY.warc.gz,True,
2026-05-17T20:29:17+00:00,https://data.nysed.gov/stylesheets/owl.theme.css,200,text/css,2XBS3N3ML4NW3AVICUFV6ISN5MPZOB7H,SAWP5,save-merged-p108.arquivo.pt-20260518165507-M9WEGD46AY.warc.gz,True,
2026-05-17T20:29:17+00:00,https://data.nysed.gov/stylesheets/owl.transitions.css,200,text/css,CSGOSUY2RW4QDR2VEVS6H6ISFDK4RH2K,SAWP5,save-merged-p108.arquivo.pt-20260518165525-BRWX2VWFZC.warc.gz,True,
2026-05-17T20:29:17+00:00,https://data.nysed.gov/stylesheets/slicknav.css,200,text/css,AVQA3OSPOJYCMH3BS5HR26RJFCAXWXIU,SAWP5,save-merged-p108.arquivo.pt-20260518165507-M9WEGD46AY.warc.gz,True,
2026-05-17T20:29:17+00:00,https://data.nysed.gov/stylesheets/style.css?v=ewrv2,200,text/css,2N22EJH67AJAZI3HAQX5ZXTK32DGJC3P,SAWP5,save-merged-p108.arquivo.pt-20260518165507-M9WEGD46AY.warc.gz,True,
2026-05-17T20:29:18+00:00,https://data.nysed.gov/enrollment.php?instid=800000050976&year=2017&gender[]=M,200,text/html,EXW6DOPY2H4KEFHDUA7GYM7HVQQXZ3GP,SAWP5,save-merged-p108.arquivo.pt-20260518165525-BRWX2VWFZC.warc.gz,True,
2026-05-17T20:29:18+00:00,https://data.nysed.gov/images/logo.png,200,image/png,YHKX26NZG5YDNOBTYHCHY7YXXYASOPY5,SAWP5,save-merged-p108.arquivo.pt-20260518165507-M9WEGD46AY.warc.gz,True,
2026-05-17T20:29:18+00:00,https://data.nysed.gov/javascripts/contrib/jquery.blockUI.js,200,application/javascript,3BLXNT2MG3FLMOQHLKMAFHYULREG5GTU,SAWP5,save-merged-p108.arquivo.pt-20260518165525-BRWX2VWFZC.warc.gz,True,
2026-05-17T20:29:18+00:00,https://data.nysed.gov/javascripts/contrib/jquery.js,200,application/javascript,FLNEFSH5PCEIUDIMR3AN2CHFR7QTNMGS,SAWP5,save-merged-p108.arquivo.pt-20260518165525-BRWX2VWFZC.warc.gz,True,
2026-05-17T20:29:18+00:00,https://data.nysed.gov/stylesheets/jquery.jscrollpane.css,200,text/css,VFPOTK5BY4LLGPZAOPUW7P4422WX3JLM,SAWP5,save-merged-p108.arquivo.pt-20260518165507-M9WEGD46AY.warc.gz,True,
2026-05-17T20:29:18+00:00,https://data.nysed.gov/stylesheets/pure-drawer.css,200,text/css,N5PJRW4F6ZMAKCEQSA5BDGZHVD26XU3A,SAWP5,save-merged-p108.arquivo.pt-20260518165507-M9WEGD46AY.warc.gz,True,
2026-05-17T20:29:18+00:00,https://data.nysed.gov/stylesheets/slidemenu.css,200,text/css,NEMBHZ6IVWS5TBXI7CC4SBHR3RKUIDPA,SAWP5,save-merged-p108.arquivo.pt-20260518165507-M9WEGD46AY.warc.gz,True,
2026-05-17T20:29:19+00:00,https://data.nysed.gov/images/logo.png,200,image/png,YHKX26NZG5YDNOBTYHCHY7YXXYASOPY5,SAWP5,save-merged-p108.arquivo.pt-20260518165525-BRWX2VWFZC.warc.gz,True,
2026-05-17T20:29:19+00:00,https://data.nysed.gov/javascripts/contrib/jquery.blockUI.js,200,application/javascript,3BLXNT2MG3FLMOQHLKMAFHYULREG5GTU,SAWP5,save-merged-p108.arquivo.pt-20260518165525-BRWX2VWFZC.warc.gz,True,
2026-05-17T20:29:19+00:00,https://data.nysed.gov/javascripts/contrib/jquery.cookie.js,200,application/javascript,OT37NBKQ5EFB333PVJW6NYEDB4NLGSLQ,SAWP5,save-merged-p108.arquivo.pt-20260518165525-BRWX2VWFZC.warc.gz,True,
2026-05-17T20:29:19+00:00,https://data.nysed.gov/javascripts/contrib/jquery.js,200,application/javascript,FLNEFSH5PCEIUDIMR3AN2CHFR7QTNMGS,SAWP5,save-merged-p108.arquivo.pt-20260518165507-M9WEGD46AY.warc.gz,True,
2026-05-17T20:29:19+00:00,https://data.nysed.gov/stylesheets/pure-drawer.css,200,text/css,N5PJRW4F6ZMAKCEQSA5BDGZHVD26XU3A,SAWP5,save-merged-p108.arquivo.pt-20260518165507-M9WEGD46AY.warc.gz,True,
2026-05-17T20:29:20+00:00,https://data.nysed.gov/javascripts/contrib/classie.js,200,application/javascript,G7PKBGARWIEKF4GQCBZ3XIJTZIHQ6JGO,SAWP5,save-merged-p108.arquivo.pt-20260518165525-BRWX2VWFZC.warc.gz,True,
2026-05-17T20:29:20+00:00,https://data.nysed.gov/javascripts/contrib/jquery-ui.min.js,200,application/javascript,PBEJ4WAK3LXZGHTOLMJR3K2VNQ4X4SQ2,SAWP5,save-merged-p108.arquivo.pt-20260518165507-M9WEGD46AY.warc.gz,True,
2026-05-17T20:29:20+00:00,https://data.nysed.gov/javascripts/contrib/jquery.expander.js,200,application/javascript,3GUJJEXZFKMVCGKJM32DGCLQJKWLK7CX,SAWP5,save-merged-p108.arquivo.pt-20260518165507-M9WEGD46AY.warc.gz,True,
2026-05-17T20:29:20+00:00,https://data.nysed.gov/javascripts/contrib/modernizr.js,200,application/javascript,7ZSUICFV3RC6JMGJQGLUQIJ7OWUFFWA2,SAWP5,save-merged-p108.arquivo.pt-20260518165507-M9WEGD46AY.warc.gz,True,
2026-05-17T20:29:20+00:00,https://data.nysed.gov/javascripts/foundation.min.js,200,application/javascript,HHKPZAILRSFGUGBE4W743UEKSIOKAHMO,SAWP5,save-merged-p108.arquivo.pt-20260518165507-M9WEGD46AY.warc.gz,True,
2026-05-17T20:29:21+00:00,https://data.nysed.gov/javascripts/contrib/hoverIntent.js,200,application/javascript,NUAVBXHDH4I2ISVRKATUFMKGH6IKIXIS,SAWP5,save-merged-p108.arquivo.pt-20260518165525-BRWX2VWFZC.warc.gz,True,
2026-05-17T20:29:21+00:00,https://data.nysed.gov/javascripts/contrib/jquery.animateNumber.min.js,200,application/javascript,3VSW5G5DFIEYEISTLN4HBKJ377GL7WQR,SAWP5,save-merged-p108.arquivo.pt-20260518165507-M9WEGD46AY.warc.gz,True,
2026-05-17T20:29:21+00:00,https://data.nysed.gov/javascripts/contrib/jquery.slicknav.min.js,200,application/javascript,HWRJTT3JBSHYADQLT46NO3ET3K3PCYTN,SAWP5,save-merged-p108.arquivo.pt-20260518165507-M9WEGD46AY.warc.gz,True,
2026-05-17T20:29:21+00:00,https://data.nysed.gov/javascripts/contrib/morphext.min.js,200,application/javascript,S3T6LMXG7ELWXSEEEIJBLY6KOL4N2P7P,SAWP5,save-merged-p108.arquivo.pt-20260518165507-M9WEGD46AY.warc.gz,True,
2026-05-17T20:29:21+00:00,https://data.nysed.gov/javascripts/contrib/superfish.min.js,200,application/javascript,IE7FDCSQSZOV6GDIKEBGOGA2CK7MJEPA,SAWP5,save-merged-p108.arquivo.pt-20260518165507-M9WEGD46AY.warc.gz,True,
2026-05-17T20:29:21+00:00,https://data.nysed.gov/javascripts/contrib/waypoints.min.js,200,application/javascript,3NEFZIIEAZ27PZ5SNZ5KQACYLMAUSNGY,SAWP5,save-merged-p108.arquivo.pt-20260518165507-M9WEGD46AY.warc.gz,True,
2026-05-17T20:29:21+00:00,https://data.nysed.gov/javascripts/contrib/wow.min.js,200,application/javascript,COEVC5P6R7B3WNA26AL2DF6OQWM6LFCR,SAWP5,save-merged-p108.arquivo.pt-20260518165507-M9WEGD46AY.warc.gz,True,
2026-05-17T20:29:21+00:00,https://data.nysed.gov/javascripts/foundation/foundation.accordion.js,200,application/javascript,ZFSB3RKL7NQAQD36IE4NR5CBVAFQOXBN,SAWP5,save-merged-p108.arquivo.pt-20260518165507-M9WEGD46AY.warc.gz,True,
2026-05-17T20:29:21+00:00,https://data.nysed.gov/javascripts/foundation/foundation.joyride.js,200,application/javascript,URJXXSVNCMT563ZHI6AKYV5P554FITGE,SAWP5,save-merged-p108.arquivo.pt-20260518165525-BRWX2VWFZC.warc.gz,True,
2026-05-17T20:29:21+00:00,https://data.nysed.gov/stylesheets/fonts/fontawesome-webfont.woff?v=4.2.0,200,font/woff,PVS6AIT5BV6NYFYYCGONFJ644BRY6FI4,SAWP5,save-merged-p108.arquivo.pt-20260518165525-BRWX2VWFZC.warc.gz,True,
2026-05-17T20:29:22+00:00,https://data.nysed.gov/includes/vendor/slick/slick.min.js,200,application/javascript,HNA3HPEVM2CQCWRUPIRDRZY5WKO7UDN3,SAWP5,save-merged-p108.arquivo.pt-20260518165507-M9WEGD46AY.warc.gz,True,
2026-05-17T20:29:22+00:00,https://data.nysed.gov/javascripts/chartCreation.js,200,application/javascript,MQDMCTBIGLNILQNJ3BY5SE7ZVY7TUX4P,SAWP5,save-merged-p108.arquivo.pt-20260518165525-BRWX2VWFZC.warc.gz,True,
2026-05-17T20:29:22+00:00,https://data.nysed.gov/javascripts/contrib/jquery.jscrollpane.min.js,200,application/javascript,KELVOQZIXOFQTE23KLPFTNGAG4HYMGLI,SAWP5,save-merged-p108.arquivo.pt-20260518165525-BRWX2VWFZC.warc.gz,True,
2026-05-17T20:29:22+00:00,https://data.nysed.gov/javascripts/contrib/jquery.mousewheel.js,200,application/javascript,3ESSCAZS56Z5NOSWP5JYTCLP7P3WVJNR,SAWP5,save-merged-p108.arquivo.pt-20260518165507-M9WEGD46AY.warc.gz,True,
2026-05-17T20:29:22+00:00,https://data.nysed.gov/javascripts/contrib/mwheelIntent.js,200,application/javascript,4EGOPJGPKU6AVJ7F4UWQHJPA6F7JSRJU,SAWP5,save-merged-p108.arquivo.pt-20260518165507-M9WEGD46AY.warc.gz,True,
2026-05-17T20:29:22+00:00,https://data.nysed.gov/javascripts/contrib/owl.carousel.min.js,200,application/javascript,7FDVCLSR7DXUWFN3UP3QDXTE4U5H6743,SAWP5,save-merged-p108.arquivo.pt-20260518165507-M9WEGD46AY.warc.gz,True,
2026-05-17T20:29:22+00:00,https://data.nysed.gov/javascripts/contrib/retina.min.js,200,application/javascript,IU2IPGQFFUKNZOVTGRZCB7DQP7MUAZID,SAWP5,save-merged-p108.arquivo.pt-20260518165525-BRWX2VWFZC.warc.gz,True,
2026-05-17T20:29:22+00:00,https://data.nysed.gov/javascripts/custom.js,200,application/javascript,6CYBRBAPKRPT4HD33INSMLZTBS2CKUI2,SAWP5,save-merged-p108.arquivo.pt-20260518165525-BRWX2VWFZC.warc.gz,True,
2026-05-17T20:29:24+00:00,https://data.nysed.gov/enrollment.php?instid=800000050976&year=2017&gender[]=M,200,text/html,36FGCSGEOFKWCKVMX4WDXO4AUPD3LGV3,SAWP5,save-merged-p107.arquivo.pt-20260518165011-2523CF2VSV.warc.gz,True,
2026-05-17T20:29:24+00:00,https://data.nysed.gov/stylesheets/datanysedgov-jqueryui/images/ui-bg_flat_75_ffffff_40x100.png,200,image/png,2KVAC3WMFF6ZV3XA7BQI2ZSRXHYWZHDX,SAWP5,save-merged-p108.arquivo.pt-20260518165507-M9WEGD46AY.warc.gz,True,
2026-05-17T20:29:27+00:00,https://data.nysed.gov/enrollment.php?instid=800000050976&year=2017&gender[]=M,200,text/html,XKHY755L2ZXFEOPB5O63QC33SCEQX5OR,SAWP5,save-merged-p107.arquivo.pt-20260518165011-2523CF2VSV.warc.gz,True,
2026-05-17T20:31:13+00:00,https://data.nysed.gov/enrollment.php,200,text/html,KGWIHXDX4CC6WVIMYQBS3P5EGHOGNGGJ,SAWP5,save-merged-p107.arquivo.pt-20260518165011-2523CF2VSV.warc.gz,True,
2026-05-17T20:31:16+00:00,https://data.nysed.gov/enrollmentXblah.php,404,text/html,2RQCP5RAVGK7LTN37HRE7THJCVX5AUBJ,SAWP5,save-merged-p107.arquivo.pt-20260518165011-2523CF2VSV.warc.gz,True,
2026-05-17T20:44:27+00:00,https://data.nysed.gov/enrollment.php?year=2017&instid=800000050976&gender%5B%5D=M&ethnicity%5B%5D=B,200,text/html,VWX4ZM45EHSIU46XTPOPNQOKJF2G5QFD,SAWP5,save-merged-p107.arquivo.pt-20260518164937-2K6FJZIC7K.warc.gz,True,
2026-05-17T20:44:32+00:00,https://data.nysed.gov/enrollment.php?year=2018&instid=800000050976&gender%5B%5D=M&ethnicity%5B%5D=W,200,text/html,5D7OWAD2U47TKJDQGD7DLL7FVIG4DNHA,SAWP5,save-merged-p108.arquivo.pt-20260518165507-M9WEGD46AY.warc.gz,True,
2026-05-17T20:44:38+00:00,https://data.nysed.gov/enrollment.php?year=2018&instid=800000050976&gender%5B%5D=M&ethnicity%5B%5D=B,200,text/html,TKO37TEXS3DN2F45YE2RSJH6DLUMRL7L,SAWP5,save-merged-p107.arquivo.pt-20260518165011-2523CF2VSV.warc.gz,True,
2026-05-17T20:44:44+00:00,https://data.nysed.gov/enrollment.php?year=2019&instid=800000050976&gender%5B%5D=M&ethnicity%5B%5D=W,200,text/html,HPOWPVTQPDVV22GJI3SIPLPBL4KWMOAV,SAWP5,save-merged-p107.arquivo.pt-20260518165011-2523CF2VSV.warc.gz,True,
2026-05-17T20:44:49+00:00,https://data.nysed.gov/enrollment.php?year=2019&instid=800000050976&gender%5B%5D=M&ethnicity%5B%5D=B,200,text/html,ITKB27YRSIWTH4I6IR5OIKMC3HMU3SSA,SAWP5,save-merged-p107.arquivo.pt-20260518164943-SXII2UYZO0.warc.gz,True,
2026-05-17T21:04:35+00:00,https://data.nysed.gov/enrollment.php?year=2019&instid=800000050976&gender%5B%5D=M&ethnicity%5B%5D=WHITE&x=/,200,text/html,5GDWH4BZ4XQHCYBHRL5NBXVOMTQBYFKK,SAWP5,save-merged-p108.arquivo.pt-20260518165525-BRWX2VWFZC.warc.gz,True,
2026-05-17T21:06:26+00:00,https://data.nysed.gov/enrollment.php?year=2017&instid=800000050976&gender%5B%5D=M&ethnicity%5B%5D=B&x=/,200,text/html,CR775A66G3A7KN6JWO2A635ZJ2IK73WW,SAWP5,save-merged-p108.arquivo.pt-20260518165507-M9WEGD46AY.warc.gz,True,
2026-05-17T21:06:31+00:00,https://data.nysed.gov/enrollment.php?year=2018&instid=800000050976&gender%5B%5D=M&ethnicity%5B%5D=W&x=/,200,text/html,WJQGB6IA3QASAE5YC3CG4ZIUY4R2ZLQL,SAWP5,save-merged-p105.arquivo.pt-20260518164645-FDAS8P6SCN.warc.gz,True,
2026-05-17T21:06:36+00:00,https://data.nysed.gov/enrollment.php?year=2018&instid=800000050976&gender%5B%5D=M&ethnicity%5B%5D=B&x=/,200,text/html,47JLJ6HN2YQEKFKIMP2FU74OWUVX3CAI,SAWP5,save-merged-p107.arquivo.pt-20260518164913-8T537U2AO3.warc.gz,True,
2026-05-17T21:06:40+00:00,https://data.nysed.gov/enrollment.php?year=2019&instid=800000050976&gender%5B%5D=M&ethnicity%5B%5D=W&x=/,200,text/html,2G57F4AUQUSNCDNI6YSH4LIOXKH7CKN4,SAWP5,save-merged-p107.arquivo.pt-20260518165011-2523CF2VSV.warc.gz,True,
2026-05-17T21:06:45+00:00,https://data.nysed.gov/enrollment.php?year=2019&instid=800000050976&gender%5B%5D=M&ethnicity%5B%5D=B&x=/,200,text/html,DXUJIIBDYKTCPR2Z3P66NJ5IUQAAYXTY,SAWP5,save-merged-p107.arquivo.pt-20260518165017-J91VNTT3FZ.warc.gz,True,
2026-05-17T21:09:36+00:00,https://data.nysed.gov/enrollment.php?instid=800000050976&year=2017&gender%5B%5D=M&ethnicity%5B%5D=W&x=/,200,text/html,4CVCYTTNMKZGTHSPAFT5B2ZI5EPMR7HB,SAWP5,save-merged-p107.arquivo.pt-20260518165017-J91VNTT3FZ.warc.gz,True,
2026-05-17T21:09:41+00:00,https://data.nysed.gov/enrollment.php?year=2017&instid=800000050976&ethnicity%5B%5D=W&gender%5B%5D=M&x=/,200,text/html,YTRGYHCFMSVTLDBXH5KGQM5LIEJ57XAH,SAWP5,save-merged-p107.arquivo.pt-20260518164943-SXII2UYZO0.warc.gz,True,
2026-05-17T21:10:00+00:00,https://data.nysed.gov/enrollment.php?year=2017&instid=800000050976&gender%5B0%5D=M&ethnicity%5B0%5D=W&x=/,200,text/html,NV2F5W65KRG55EVYL3VS6R443JWRNGQM,SAWP5,save-merged-p107.arquivo.pt-20260518165011-2523CF2VSV.warc.gz,True,
2026-05-17T21:10:05+00:00,https://data.nysed.gov/enrollment.php?year=2017&instid=800000050976&gender%5B%5D=M&ethnicity%5B%5D=W&x=foo,200,text/html,RH6YFSHWGSZFHRWFT7TWYFDGESETZPIG,SAWP5,save-merged-p107.arquivo.pt-20260518164943-SXII2UYZO0.warc.gz,True,
2026-05-17T21:11:12+00:00,https://data.nysed.gov/enrollment.php?year=2018&instid=800000050976&gender%5B%5D=M&x=/,200,text/html,GT7CGX63VCCXG2TB4TNOMBFJ3FVQQLYM,SAWP5,save-merged-p108.arquivo.pt-20260518165525-BRWX2VWFZC.warc.gz,True,
2026-05-17T21:42:56+00:00,https://data.nysed.gov/enrollment.php?year=2019&instid=800000050976&gender%5B%5D=M&ethnicity%5B%5D=B&foo=/,200,text/html,P2QB45X4X5P36QMYND2IPOMO46H4CSAO,SAWP5,save-merged-p107.arquivo.pt-20260518165017-J91VNTT3FZ.warc.gz,True,
2026-05-17T21:42:58+00:00,https://data.nysed.gov/enrollment.php?year=2019&instid=800000050976&gender%5B%5D=M&ethnicity%5B%5D=B&foo=/,200,text/html,UA3N4SC43G6C23JA6WRUXKOOXVUKBLW3,SAWP5,save-merged-p107.arquivo.pt-20260518164943-SXII2UYZO0.warc.gz,True,
2026-05-17T21:45:42+00:00,https://data.nysed.gov/enrollment.php?year=2019&instid=800000050976&gender%5B%5D=M&ethnicity%5B%5D=B&foo=/,200,text/html,JCNRQDAH3CDUHDL6SHFZL5RSFYK4BY42,SAWP5,save-merged-p105.arquivo.pt-20260518164713-UQZMDVH4G2.warc.gz,True,
2026-05-17T21:45:44+00:00,https://data.nysed.gov/enrollment.php?year=2019&instid=800000050976&gender%5B%5D=M&ethnicity%5B%5D=B&foo=/,200,text/html,337TYZ73ZZAIP6UKZOGRXTHJ4BT7JG4L,SAWP5,save-merged-p107.arquivo.pt-20260518165017-J91VNTT3FZ.warc.gz,True,
2026-05-17T21:46:09+00:00,https://data.nysed.gov/enrollment.php?year=2018%26instid=800000050976%26gender%255B%255D=M%26ethnicity%255B%255D=W%26x=/,200,text/html,Q3IH33IWH4UDBDOLWW3AKVJTWIOPZ4G3,SAWP5,save-merged-p107.arquivo.pt-20260518164937-2K6FJZIC7K.warc.gz,True,
2026-05-17T21:46:14+00:00,https://data.nysed.gov/enrollment.php?year=2018&x=/,200,text/html,NF4YIDP42MD3GDBI65RJ4UFALK4J6KMA,SAWP5,save-merged-p107.arquivo.pt-20260518165017-J91VNTT3FZ.warc.gz,True,
2026-05-17T22:02:56+00:00,https://data.nysed.gov/,200,text/html,3I42H3S6NNFQ2MSVX7XZKYAYSCX5QBYJ,SAWP5,save-merged-p107.arquivo.pt-20260518164943-SXII2UYZO0.warc.gz,True,
2026-05-17T22:05:51+00:00,https://data.nysed.gov/,200,text/html,ZSXU2IL4DSXZNE5B24WHNEXAVKAR3YPX,SAWP5,save-merged-p107.arquivo.pt-20260518165011-2523CF2VSV.warc.gz,True,
2026-05-17T22:06:14+00:00,https://data.nysed.gov/enrollment.php?year=2018%26instid=800000050976%26gender%255B%255D=M%26ethnicity%255B%255D=W%26x=/,200,text/html,L7VYLQUQ4BHV2EZ5UYILVPNHL44WT3V2,SAWP5,save-merged-p107.arquivo.pt-20260518165017-J91VNTT3FZ.warc.gz,True,
2026-05-17T22:06:23+00:00,https://data.nysed.gov/enrollment.php?ethnicity%5B%5D=B&gender%5B%5D=M&instid=800000050976&year=2019,403,text/html,W5X7PCTZONUBA5D45ECV6SOIXGHPN23Q,SAWP5,save-merged-p108.arquivo.pt-20260518165507-M9WEGD46AY.warc.gz,True,
2026-05-17T22:08:50+00:00,https://data.nysed.gov/,200,text/html,3I42H3S6NNFQ2MSVX7XZKYAYSCX5QBYJ,SAWP5,save-merged-p106.arquivo.pt-20260518165344-UVNPPW4WVJ.warc.gz,True,
2026-05-17T22:11:27+00:00,https://data.nysed.gov/enrollment.php?year=2019&instid=800000050976&gender[]=M&x=/,200,text/html,ELWJMMOIAK2PYUAWYIR3BSGEIGJCM5T2,SAWP5,save-merged-p107.arquivo.pt-20260518164937-2K6FJZIC7K.warc.gz,True,
2026-05-17T22:11:30+00:00,https://data.nysed.gov/enrollment.php?year=2019%26instid=800000050976%26gender%255B%255D=M,200,text/html,FFOIKW2OECUFMLZURARFWOFR7Z6F2L2W,SAWP5,save-merged-p107.arquivo.pt-20260518165011-2523CF2VSV.warc.gz,True,
2026-05-17T22:17:28+00:00,https://data.nysed.gov/enrollment.php?year=2017%26instid=800000050976%26gender%255B%255D=M%26ethnicity%255B%255D=W,200,text/html,4ASBQOP346DTYOELFGQMFOLLOFKRYOWP,SAWP5,save-merged-p107.arquivo.pt-20260518165011-2523CF2VSV.warc.gz,True,
2026-05-17T22:17:31+00:00,https://data.nysed.gov/enrollment.php?year=2017%26instid=800000050976%26gender%255B%255D=M%26ethnicity%255B%255D=W%26x=/,200,text/html,XUFVLBJCIABU4J4HSRZKPGFC5BYGKSTT,SAWP5,save-merged-p107.arquivo.pt-20260518165011-2523CF2VSV.warc.gz,True,
2026-05-17T22:17:33+00:00,https://data.nysed.gov/enrollment.php?year=2017&instid=800000050976&gender[]=M&ethnicity[]=B&x=/,200,text/html,A4VDHBHAL4W5YZPDIVW3HMFGG3V6I7SD,SAWP5,save-merged-p107.arquivo.pt-20260518165017-J91VNTT3FZ.warc.gz,True,
2026-05-17T22:17:35+00:00,https://data.nysed.gov/enrollment.php?year=2017&instid=800000050976&gender%5B%5D=M&ethnicity%5B%5D=B&x=/,200,text/html,B5OGSLY6B2Z7MIWAFNZJA6CHQAQF7LO6,SAWP5,save-merged-p107.arquivo.pt-20260518165011-2523CF2VSV.warc.gz,True,
2026-05-17T22:17:37+00:00,https://data.nysed.gov/enrollment.php?year=2017%26instid=800000050976%26gender%255B%255D=M%26ethnicity%255B%255D=B,200,text/html,MOSSENSE4X7GXQBXIPAJ6NZ4HTHR2J2A,SAWP5,save-merged-p107.arquivo.pt-20260518165011-2523CF2VSV.warc.gz,True,
2026-05-17T22:17:39+00:00,https://data.nysed.gov/enrollment.php?year=2017%26instid=800000050976%26gender%255B%255D=M%26ethnicity%255B%255D=B%26x=/,200,text/html,WHNGJ7ACBKJEZRINKOMCDFQ3G5FSXDFJ,SAWP5,save-merged-p107.arquivo.pt-20260518165017-J91VNTT3FZ.warc.gz,True,
2026-05-17T22:17:56+00:00,https://data.nysed.gov/enrollment.php?year=2018&instid=800000050976&gender[]=M&ethnicity[]=W&x=/,200,text/html,Q4CYFRLYAAXY246DJW2DPCL5ZNZXQ6W3,SAWP5,save-merged-p107.arquivo.pt-20260518165011-2523CF2VSV.warc.gz,True,
2026-05-17T22:17:58+00:00,https://data.nysed.gov/enrollment.php?year=2018&instid=800000050976&gender%5B%5D=M&ethnicity%5B%5D=W&x=/,200,text/html,JHPRXHZQXFRO2KS44AIAHVTRTAAB5PTS,SAWP5,save-merged-p107.arquivo.pt-20260518165017-J91VNTT3FZ.warc.gz,True,
2026-05-17T22:20:20+00:00,https://data.nysed.gov/enrollment.php?year=2018&instid=800000050976&gender[]=M&ethnicity[]=B&x=/,200,text/html,HAQARHXUIYNPKTJKTGEHOKMQ7FNRIGAX,SAWP5,save-merged-p107.arquivo.pt-20260518165017-J91VNTT3FZ.warc.gz,True,
2026-05-17T22:20:53+00:00,https://data.nysed.gov/enrollment.php?year=2018&instid=800000050976&gender%5B%5D=M&ethnicity%5B%5D=B&x=/,200,text/html,VIEALMREPZ2435RMEF7SVQJPJMH27ABL,SAWP5,save-merged-p107.arquivo.pt-20260518164943-SXII2UYZO0.warc.gz,True,
2026-05-17T22:20:56+00:00,https://data.nysed.gov/enrollment.php?year=2018%26instid=800000050976%26gender%255B%255D=M%26ethnicity%255B%255D=B,200,text/html,2B3YIYPJTQL5NBEHTZHGGXSF4NWEQU6D,SAWP5,save-merged-p107.arquivo.pt-20260518165011-2523CF2VSV.warc.gz,True,
2026-05-17T22:23:31+00:00,https://data.nysed.gov/enrollment.php?year=2019%26instid=800000050976%26gender%255B%255D=M%26ethnicity%255B%255D=W,200,text/html,Z4J5NGB4J2SQFLRIC4LCKZCNXE3PBCVU,SAWP5,save-merged-p107.arquivo.pt-20260518165017-J91VNTT3FZ.warc.gz,True,
2026-05-17T22:23:34+00:00,https://data.nysed.gov/enrollment.php?year=2019%26instid=800000050976%26gender%255B%255D=M%26ethnicity%255B%255D=W%26x=/,200,text/html,N46YLQRL46SXVFORBP6HVVCK75A3HZW5,SAWP5,save-merged-p107.arquivo.pt-20260518165011-2523CF2VSV.warc.gz,True,
2026-05-17T22:23:37+00:00,https://data.nysed.gov/enrollment.php?year=2019&instid=800000050976&gender[]=M&ethnicity[]=B&x=/,200,text/html,C7OBKO4MOPVE2U6UDQL23D7WSF53MNDV,SAWP5,save-merged-p107.arquivo.pt-20260518164937-2K6FJZIC7K.warc.gz,True,
2026-05-17T22:24:49+00:00,https://data.nysed.gov/enrollment.php?year=2019%26instid=800000050976%26gender%255B%255D=M%26ethnicity%255B%255D=B,200,text/html,SY77XE5H7CJCJQ46ASP4TANGUTJYH36C,SAWP5,save-merged-p107.arquivo.pt-20260518164937-2K6FJZIC7K.warc.gz,True,
2026-05-17T22:24:53+00:00,https://data.nysed.gov/enrollment.php?year=2019%26instid=800000050976%26gender%255B%255D=M%26ethnicity%255B%255D=B%26x=/,200,text/html,ZFOUUJORJ2LAASZT4QJASCB3KS7J32JJ,SAWP5,save-merged-p107.arquivo.pt-20260518165011-2523CF2VSV.warc.gz,True,
2026-05-17T22:25:48+00:00,https://data.nysed.gov/enrollment.php?year=2017&instid=800000050976&gender[]=M&ethnicity[]=W&x=/0,200,text/html,NYNNPKAXFGEMTFCROKZY4KFI4EEXJ6RH,SAWP5,save-merged-p107.arquivo.pt-20260518165017-J91VNTT3FZ.warc.gz,True,
2026-05-17T22:25:53+00:00,https://data.nysed.gov/enrollment.php?year=2019&instid=800000050976&gender[]=M&ethnicity[]=W&x=/0,200,text/html,XFHCICVILBV3TABKPO6E3QTGDPYLACVK,SAWP5,save-merged-p107.arquivo.pt-20260518164943-SXII2UYZO0.warc.gz,True,
2026-05-17T22:25:57+00:00,https://data.nysed.gov/enrollment.php?year=2017&instid=800000050976&gender[]=M&ethnicity[]=W&x=/1,200,text/html,IODNVWTBHIXVFFVMOUUCGH3ECRHWHYWO,SAWP5,save-merged-p107.arquivo.pt-20260518165011-2523CF2VSV.warc.gz,True,
2026-05-17T22:26:01+00:00,https://data.nysed.gov/enrollment.php?year=2019&instid=800000050976&gender[]=M&ethnicity[]=W&x=/1,200,text/html,FS5T5WO66P6ESDXE6XYPKWTGXHYXVIAP,SAWP5,save-merged-p107.arquivo.pt-20260518165011-2523CF2VSV.warc.gz,True,
2026-05-17T22:27:00+00:00,https://data.nysed.gov/enrollment.php?year=2019&instid=800000050976&gender[]=M&ethnicity[]=W&x=/2,200,text/html,NEJEB2ZZEDY5Y36RJS4ELVKBXCFGS2OK,SAWP5,save-merged-p105.arquivo.pt-20260518164518-AYJV7BEPPP.warc.gz,True,
2026-05-17T22:27:34+00:00,https://data.nysed.gov/enrollment.php?year=2017&instid=800000050976&gender[]=M&ethnicity[]=W&x=/3,200,text/html,D2X4GUCJOEDC6LCFFJBHF7WSIQIYDJS5,SAWP5,save-merged-p107.arquivo.pt-20260518164937-2K6FJZIC7K.warc.gz,True,
2026-05-17T22:27:36+00:00,https://data.nysed.gov/enrollment.php?year=2019&instid=800000050976&gender[]=M&ethnicity[]=W&x=/3,200,text/html,I46ZQUTQ66SOGLFLSCCUQF2AR436QATM,SAWP5,save-merged-p107.arquivo.pt-20260518165011-2523CF2VSV.warc.gz,True,
2026-05-17T22:40:04+00:00,https://data.nysed.gov/enrollment.php?instid=800000050976&year=2017&gender%5B%5D=M,200,text/html,BNKNWGLEAUMBWK4SNP5CPKULWZAVEWEL,SAWP5,save-merged-p107.arquivo.pt-20260518164937-2K6FJZIC7K.warc.gz,True,
2026-05-17T22:40:07+00:00,https://data.nysed.gov/enrollment.php?instid=800000050976&year=2017&gender%5B%5D=M,200,text/html,WQJQ3PHT462GYKCJ73KEBSPFUQFAAQY2,SAWP5,save-merged-p107.arquivo.pt-20260518165011-2523CF2VSV.warc.gz,True,
2026-05-17T22:40:08+00:00,https://data.nysed.gov/stylesheets/morphext.css,200,text/css,JQYVX4AA5OIYYLLPXUKSB24TIEDUGZ2L,SAWP5,save-merged-p107.arquivo.pt-20260518164943-SXII2UYZO0.warc.gz,True,
2026-05-17T22:40:09+00:00,https://data.nysed.gov/stylesheets/animate.min.css,200,text/css,CNQIOBZMHRXXSB6SCOIOYGZPQP332PCI,SAWP5,save-merged-p107.arquivo.pt-20260518164937-2K6FJZIC7K.warc.gz,True,
2026-05-17T22:40:09+00:00,https://data.nysed.gov/stylesheets/datanysedgov-jqueryui/jquery-ui-1.10.4.custom.css,200,text/css,4DNW74VDG5ICRRSKWPWEYGLPXCNWGACN,SAWP5,save-merged-p107.arquivo.pt-20260518164948-UM181XMLGL.warc.gz,True,
2026-05-17T22:40:09+00:00,https://data.nysed.gov/stylesheets/font-awesome.min.css,200,text/css,VS6BS77SEX2PWETAWALIYXFH7OCI47ER,SAWP5,save-merged-p107.arquivo.pt-20260518165017-J91VNTT3FZ.warc.gz,True,
2026-05-17T22:40:09+00:00,https://data.nysed.gov/stylesheets/foundation.css,200,text/css,IL2DG2KQTZFOUYJXUTJZCVYSSWNYYAIN,SAWP5,save-merged-p107.arquivo.pt-20260518165011-2523CF2VSV.warc.gz,True,
2026-05-17T22:40:09+00:00,https://data.nysed.gov/stylesheets/normalize.css,200,text/css,AL7FGKDNA4LDOU2NLKRMK7DWYFUMBVJB,SAWP5,save-merged-p107.arquivo.pt-20260518164913-8T537U2AO3.warc.gz,True,
2026-05-17T22:40:09+00:00,https://data.nysed.gov/stylesheets/owl.carousel.css,200,text/css,TBVDL2J6OGO5BCZVZDEHMJRGZ22JKQMK,SAWP5,save-merged-p107.arquivo.pt-20260518164937-2K6FJZIC7K.warc.gz,True,
2026-05-17T22:40:09+00:00,https://data.nysed.gov/stylesheets/owl.theme.css,200,text/css,2XBS3N3ML4NW3AVICUFV6ISN5MPZOB7H,SAWP5,save-merged-p107.arquivo.pt-20260518165011-2523CF2VSV.warc.gz,True,
2026-05-17T22:40:09+00:00,https://data.nysed.gov/stylesheets/owl.transitions.css,200,text/css,CSGOSUY2RW4QDR2VEVS6H6ISFDK4RH2K,SAWP5,save-merged-p107.arquivo.pt-20260518165011-2523CF2VSV.warc.gz,True,
2026-05-17T22:40:09+00:00,https://data.nysed.gov/stylesheets/slicknav.css,200,text/css,AVQA3OSPOJYCMH3BS5HR26RJFCAXWXIU,SAWP5,save-merged-p107.arquivo.pt-20260518165011-2523CF2VSV.warc.gz,True,
2026-05-17T22:40:10+00:00,https://data.nysed.gov/enrollment.php?instid=800000050976&year=2017&gender[]=M,200,text/html,K6VNNEZ3EFJFTXD5ITYUFF3OUKAC3I5H,SAWP5,save-merged-p107.arquivo.pt-20260518165017-J91VNTT3FZ.warc.gz,True,
2026-05-17T22:40:10+00:00,https://data.nysed.gov/images/logo.png,200,image/png,YHKX26NZG5YDNOBTYHCHY7YXXYASOPY5,SAWP5,save-merged-p107.arquivo.pt-20260518165017-J91VNTT3FZ.warc.gz,True,
2026-05-17T22:40:10+00:00,https://data.nysed.gov/includes/vendor/slick/slick-theme.css,200,text/css,QGSDJ6KPFMISJ4ZDFO4G6KKE7AX3EOWA,SAWP5,save-merged-p107.arquivo.pt-20260518165011-2523CF2VSV.warc.gz,True,
2026-05-17T22:40:10+00:00,https://data.nysed.gov/includes/vendor/slick/slick.css,200,text/css,VFFALGZRPC2K33AJ4MUBVTRIDGRQBFNE,SAWP5,save-merged-p107.arquivo.pt-20260518164913-8T537U2AO3.warc.gz,True,
2026-05-17T22:40:10+00:00,https://data.nysed.gov/javascripts/contrib/jquery.js,200,application/javascript,FLNEFSH5PCEIUDIMR3AN2CHFR7QTNMGS,SAWP5,save-merged-p107.arquivo.pt-20260518165011-2523CF2VSV.warc.gz,True,
2026-05-17T22:40:10+00:00,https://data.nysed.gov/stylesheets/jquery.jscrollpane.css,200,text/css,VFPOTK5BY4LLGPZAOPUW7P4422WX3JLM,SAWP5,save-merged-p107.arquivo.pt-20260518164913-8T537U2AO3.warc.gz,True,
2026-05-17T22:40:10+00:00,https://data.nysed.gov/stylesheets/pure-drawer.css,200,text/css,N5PJRW4F6ZMAKCEQSA5BDGZHVD26XU3A,SAWP5,save-merged-p107.arquivo.pt-20260518165017-J91VNTT3FZ.warc.gz,True,
2026-05-17T22:40:10+00:00,https://data.nysed.gov/stylesheets/slidemenu.css,200,text/css,NEMBHZ6IVWS5TBXI7CC4SBHR3RKUIDPA,SAWP5,save-merged-p107.arquivo.pt-20260518165011-2523CF2VSV.warc.gz,True,
2026-05-17T22:40:10+00:00,https://data.nysed.gov/stylesheets/style.css?v=ewrv2,200,text/css,2N22EJH67AJAZI3HAQX5ZXTK32DGJC3P,SAWP5,save-merged-p107.arquivo.pt-20260518165011-2523CF2VSV.warc.gz,True,
2026-05-17T22:40:11+00:00,https://data.nysed.gov/enrollment.php?instid=800000050976&year=2017&gender%5B%5D=M,200,text/html,22RSEZQHPHA5W54WGGOBBDZV5WDLQGDK,SAWP5,save-merged-p107.arquivo.pt-20260518164943-SXII2UYZO0.warc.gz,True,
2026-05-17T22:40:12+00:00,https://data.nysed.gov/enrollment.php?instid=800000050976&year=2017&gender[]=M,200,text/html,I4BYQALKDDNQTKXCF4OT2MAYV4HWT552,SAWP5,save-merged-p107.arquivo.pt-20260518164937-2K6FJZIC7K.warc.gz,True,
2026-05-17T22:40:12+00:00,https://data.nysed.gov/images/logo.png,200,image/png,YHKX26NZG5YDNOBTYHCHY7YXXYASOPY5,SAWP5,save-merged-p107.arquivo.pt-20260518165011-2523CF2VSV.warc.gz,True,
2026-05-17T22:40:12+00:00,https://data.nysed.gov/javascripts/contrib/classie.js,200,application/javascript,G7PKBGARWIEKF4GQCBZ3XIJTZIHQ6JGO,SAWP5,save-merged-p107.arquivo.pt-20260518165017-J91VNTT3FZ.warc.gz,True,
2026-05-17T22:40:12+00:00,https://data.nysed.gov/javascripts/contrib/jquery.blockUI.js,200,application/javascript,3BLXNT2MG3FLMOQHLKMAFHYULREG5GTU,SAWP5,save-merged-p107.arquivo.pt-20260518165011-2523CF2VSV.warc.gz,True,
2026-05-17T22:40:12+00:00,https://data.nysed.gov/javascripts/contrib/jquery.cookie.js,200,application/javascript,OT37NBKQ5EFB333PVJW6NYEDB4NLGSLQ,SAWP5,save-merged-p107.arquivo.pt-20260518164937-2K6FJZIC7K.warc.gz,True,
2026-05-17T22:40:12+00:00,https://data.nysed.gov/javascripts/contrib/jquery.js,200,application/javascript,FLNEFSH5PCEIUDIMR3AN2CHFR7QTNMGS,SAWP5,save-merged-p107.arquivo.pt-20260518165011-2523CF2VSV.warc.gz,True,
2026-05-17T22:40:12+00:00,https://data.nysed.gov/stylesheets/pure-drawer.css,200,text/css,N5PJRW4F6ZMAKCEQSA5BDGZHVD26XU3A,SAWP5,save-merged-p107.arquivo.pt-20260518165011-2523CF2VSV.warc.gz,True,
2026-05-17T22:40:12+00:00,https://data.nysed.gov/stylesheets/slidemenu.css,200,text/css,NEMBHZ6IVWS5TBXI7CC4SBHR3RKUIDPA,SAWP5,save-merged-p107.arquivo.pt-20260518165011-2523CF2VSV.warc.gz,True,
2026-05-17T22:40:12+00:00,https://data.nysed.gov/stylesheets/style.css?v=ewrv2,200,text/css,2N22EJH67AJAZI3HAQX5ZXTK32DGJC3P,SAWP5,save-merged-p107.arquivo.pt-20260518165011-2523CF2VSV.warc.gz,True,
2026-05-17T22:40:13+00:00,https://data.nysed.gov/javascripts/contrib/jquery-ui.min.js,200,application/javascript,PBEJ4WAK3LXZGHTOLMJR3K2VNQ4X4SQ2,SAWP5,save-merged-p107.arquivo.pt-20260518164943-SXII2UYZO0.warc.gz,True,
2026-05-17T22:40:13+00:00,https://data.nysed.gov/javascripts/contrib/jquery.expander.js,200,application/javascript,3GUJJEXZFKMVCGKJM32DGCLQJKWLK7CX,SAWP5,save-merged-p107.arquivo.pt-20260518164937-2K6FJZIC7K.warc.gz,True,
2026-05-17T22:40:13+00:00,https://data.nysed.gov/javascripts/contrib/modernizr.js,200,application/javascript,7ZSUICFV3RC6JMGJQGLUQIJ7OWUFFWA2,SAWP5,save-merged-p107.arquivo.pt-20260518165017-J91VNTT3FZ.warc.gz,True,
2026-05-17T22:40:13+00:00,https://data.nysed.gov/javascripts/foundation.min.js,200,application/javascript,HHKPZAILRSFGUGBE4W743UEKSIOKAHMO,SAWP5,save-merged-p107.arquivo.pt-20260518165011-2523CF2VSV.warc.gz,True,
2026-05-17T22:40:13+00:00,https://data.nysed.gov/javascripts/foundation/foundation.accordion.js,200,application/javascript,ZFSB3RKL7NQAQD36IE4NR5CBVAFQOXBN,SAWP5,save-merged-p107.arquivo.pt-20260518165011-2523CF2VSV.warc.gz,True,
2026-05-17T22:40:13+00:00,https://data.nysed.gov/stylesheets/animate.min.css,200,text/css,CNQIOBZMHRXXSB6SCOIOYGZPQP332PCI,SAWP5,save-merged-p107.arquivo.pt-20260518164943-SXII2UYZO0.warc.gz,True,
2026-05-17T22:40:13+00:00,https://data.nysed.gov/stylesheets/font-awesome.min.css,200,text/css,VS6BS77SEX2PWETAWALIYXFH7OCI47ER,SAWP5,save-merged-p107.arquivo.pt-20260518164943-SXII2UYZO0.warc.gz,True,
2026-05-17T22:40:13+00:00,https://data.nysed.gov/stylesheets/fonts/fontawesome-webfont.woff?v=4.2.0,200,font/woff,PVS6AIT5BV6NYFYYCGONFJ644BRY6FI4,SAWP5,save-merged-p107.arquivo.pt-20260518165011-2523CF2VSV.warc.gz,True,
2026-05-17T22:40:13+00:00,https://data.nysed.gov/stylesheets/foundation.css,200,text/css,IL2DG2KQTZFOUYJXUTJZCVYSSWNYYAIN,SAWP5,save-merged-p107.arquivo.pt-20260518165011-2523CF2VSV.warc.gz,True,
2026-05-17T22:40:13+00:00,https://data.nysed.gov/stylesheets/morphext.css,200,text/css,JQYVX4AA5OIYYLLPXUKSB24TIEDUGZ2L,SAWP5,save-merged-p107.arquivo.pt-20260518165011-2523CF2VSV.warc.gz,True,
2026-05-17T22:40:13+00:00,https://data.nysed.gov/stylesheets/normalize.css,200,text/css,AL7FGKDNA4LDOU2NLKRMK7DWYFUMBVJB,SAWP5,save-merged-p107.arquivo.pt-20260518165011-2523CF2VSV.warc.gz,True,
2026-05-17T22:40:13+00:00,https://data.nysed.gov/stylesheets/owl.carousel.css,200,text/css,TBVDL2J6OGO5BCZVZDEHMJRGZ22JKQMK,SAWP5,save-merged-p107.arquivo.pt-20260518165017-J91VNTT3FZ.warc.gz,True,
2026-05-17T22:40:13+00:00,https://data.nysed.gov/stylesheets/owl.theme.css,200,text/css,2XBS3N3ML4NW3AVICUFV6ISN5MPZOB7H,SAWP5,save-merged-p107.arquivo.pt-20260518164943-SXII2UYZO0.warc.gz,True,
2026-05-17T22:40:13+00:00,https://data.nysed.gov/stylesheets/owl.transitions.css,200,text/css,CSGOSUY2RW4QDR2VEVS6H6ISFDK4RH2K,SAWP5,save-merged-p107.arquivo.pt-20260518165011-2523CF2VSV.warc.gz,True,
2026-05-17T22:40:14+00:00,https://data.nysed.gov/includes/vendor/slick/slick-theme.css,200,text/css,QGSDJ6KPFMISJ4ZDFO4G6KKE7AX3EOWA,SAWP5,save-merged-p107.arquivo.pt-20260518165017-J91VNTT3FZ.warc.gz,True,
2026-05-17T22:40:14+00:00,https://data.nysed.gov/includes/vendor/slick/slick.css,200,text/css,VFFALGZRPC2K33AJ4MUBVTRIDGRQBFNE,SAWP5,save-merged-p107.arquivo.pt-20260518164943-SXII2UYZO0.warc.gz,True,
2026-05-17T22:40:14+00:00,https://data.nysed.gov/javascripts/contrib/hoverIntent.js,200,application/javascript,NUAVBXHDH4I2ISVRKATUFMKGH6IKIXIS,SAWP5,save-merged-p107.arquivo.pt-20260518165011-2523CF2VSV.warc.gz,True,
2026-05-17T22:40:14+00:00,https://data.nysed.gov/javascripts/contrib/jquery.animateNumber.min.js,200,application/javascript,3VSW5G5DFIEYEISTLN4HBKJ377GL7WQR,SAWP5,save-merged-p107.arquivo.pt-20260518165017-J91VNTT3FZ.warc.gz,True,
2026-05-17T22:40:14+00:00,https://data.nysed.gov/javascripts/contrib/jquery.slicknav.min.js,200,application/javascript,HWRJTT3JBSHYADQLT46NO3ET3K3PCYTN,SAWP5,save-merged-p107.arquivo.pt-20260518165017-J91VNTT3FZ.warc.gz,True,
2026-05-17T22:40:14+00:00,https://data.nysed.gov/javascripts/contrib/morphext.min.js,200,application/javascript,S3T6LMXG7ELWXSEEEIJBLY6KOL4N2P7P,SAWP5,save-merged-p107.arquivo.pt-20260518165017-J91VNTT3FZ.warc.gz,True,
2026-05-17T22:40:14+00:00,https://data.nysed.gov/javascripts/contrib/superfish.min.js,200,application/javascript,IE7FDCSQSZOV6GDIKEBGOGA2CK7MJEPA,SAWP5,save-merged-p107.arquivo.pt-20260518164943-SXII2UYZO0.warc.gz,True,
2026-05-17T22:40:14+00:00,https://data.nysed.gov/javascripts/contrib/waypoints.min.js,200,application/javascript,3NEFZIIEAZ27PZ5SNZ5KQACYLMAUSNGY,SAWP5,save-merged-p107.arquivo.pt-20260518165011-2523CF2VSV.warc.gz,True,
2026-05-17T22:40:14+00:00,https://data.nysed.gov/javascripts/contrib/wow.min.js,200,application/javascript,COEVC5P6R7B3WNA26AL2DF6OQWM6LFCR,SAWP5,save-merged-p107.arquivo.pt-20260518164943-SXII2UYZO0.warc.gz,True,
2026-05-17T22:40:14+00:00,https://data.nysed.gov/javascripts/foundation/foundation.joyride.js,200,application/javascript,URJXXSVNCMT563ZHI6AKYV5P554FITGE,SAWP5,save-merged-p107.arquivo.pt-20260518165011-2523CF2VSV.warc.gz,True,
2026-05-17T22:40:14+00:00,https://data.nysed.gov/stylesheets/datanysedgov-jqueryui/jquery-ui-1.10.4.custom.css,200,text/css,4DNW74VDG5ICRRSKWPWEYGLPXCNWGACN,SAWP5,save-merged-p107.arquivo.pt-20260518165011-2523CF2VSV.warc.gz,True,
2026-05-17T22:40:14+00:00,https://data.nysed.gov/stylesheets/jquery.jscrollpane.css,200,text/css,VFPOTK5BY4LLGPZAOPUW7P4422WX3JLM,SAWP5,save-merged-p107.arquivo.pt-20260518164948-UM181XMLGL.warc.gz,True,
2026-05-17T22:40:14+00:00,https://data.nysed.gov/stylesheets/pure-drawer.css,200,text/css,N5PJRW4F6ZMAKCEQSA5BDGZHVD26XU3A,SAWP5,save-merged-p107.arquivo.pt-20260518165011-2523CF2VSV.warc.gz,True,
2026-05-17T22:40:14+00:00,https://data.nysed.gov/stylesheets/slicknav.css,200,text/css,AVQA3OSPOJYCMH3BS5HR26RJFCAXWXIU,SAWP5,save-merged-p107.arquivo.pt-20260518165017-J91VNTT3FZ.warc.gz,True,
2026-05-17T22:40:14+00:00,https://data.nysed.gov/stylesheets/slidemenu.css,200,text/css,NEMBHZ6IVWS5TBXI7CC4SBHR3RKUIDPA,SAWP5,save-merged-p107.arquivo.pt-20260518164943-SXII2UYZO0.warc.gz,True,
2026-05-17T22:40:14+00:00,https://data.nysed.gov/stylesheets/style.css?v=ewrv2,200,text/css,2N22EJH67AJAZI3HAQX5ZXTK32DGJC3P,SAWP5,save-merged-p107.arquivo.pt-20260518165017-J91VNTT3FZ.warc.gz,True,
2026-05-17T22:40:15+00:00,https://data.nysed.gov/enrollment.php?instid=800000050976&year=2017&gender[]=M,200,text/html,PL2VI3MLZOUMSJUANBMJTJ7JXPJIIX4Z,SAWP5,save-merged-p107.arquivo.pt-20260518165017-J91VNTT3FZ.warc.gz,True,
2026-05-17T22:40:15+00:00,https://data.nysed.gov/includes/vendor/slick/slick.min.js,200,application/javascript,HNA3HPEVM2CQCWRUPIRDRZY5WKO7UDN3,SAWP5,save-merged-p107.arquivo.pt-20260518165017-J91VNTT3FZ.warc.gz,True,
2026-05-17T22:40:15+00:00,https://data.nysed.gov/javascripts/chartCreation.js,200,application/javascript,MQDMCTBIGLNILQNJ3BY5SE7ZVY7TUX4P,SAWP5,save-merged-p107.arquivo.pt-20260518165011-2523CF2VSV.warc.gz,True,
2026-05-17T22:40:15+00:00,https://data.nysed.gov/javascripts/contrib/jquery.jscrollpane.min.js,200,application/javascript,KELVOQZIXOFQTE23KLPFTNGAG4HYMGLI,SAWP5,save-merged-p107.arquivo.pt-20260518165011-2523CF2VSV.warc.gz,True,
2026-05-17T22:40:15+00:00,https://data.nysed.gov/javascripts/contrib/jquery.mousewheel.js,200,application/javascript,3ESSCAZS56Z5NOSWP5JYTCLP7P3WVJNR,SAWP5,save-merged-p107.arquivo.pt-20260518165011-2523CF2VSV.warc.gz,True,
2026-05-17T22:40:15+00:00,https://data.nysed.gov/javascripts/contrib/mwheelIntent.js,200,application/javascript,4EGOPJGPKU6AVJ7F4UWQHJPA6F7JSRJU,SAWP5,save-merged-p107.arquivo.pt-20260518164943-SXII2UYZO0.warc.gz,True,
2026-05-17T22:40:15+00:00,https://data.nysed.gov/javascripts/contrib/owl.carousel.min.js,200,application/javascript,7FDVCLSR7DXUWFN3UP3QDXTE4U5H6743,SAWP5,save-merged-p107.arquivo.pt-20260518165011-2523CF2VSV.warc.gz,True,
2026-05-17T22:40:15+00:00,https://data.nysed.gov/javascripts/contrib/retina.min.js,200,application/javascript,IU2IPGQFFUKNZOVTGRZCB7DQP7MUAZID,SAWP5,save-merged-p107.arquivo.pt-20260518165011-2523CF2VSV.warc.gz,True,
2026-05-17T22:40:15+00:00,https://data.nysed.gov/javascripts/custom.js,200,application/javascript,6CYBRBAPKRPT4HD33INSMLZTBS2CKUI2,SAWP5,save-merged-p107.arquivo.pt-20260518164937-2K6FJZIC7K.warc.gz,True,
2026-05-17T22:40:15+00:00,https://data.nysed.gov/stylesheets/slidemenu.css,200,text/css,NEMBHZ6IVWS5TBXI7CC4SBHR3RKUIDPA,SAWP5,save-merged-p107.arquivo.pt-20260518165011-2523CF2VSV.warc.gz,True,
2026-05-17T22:40:16+00:00,https://data.nysed.gov/images/logo.png,200,image/png,YHKX26NZG5YDNOBTYHCHY7YXXYASOPY5,SAWP5,save-merged-p107.arquivo.pt-20260518165017-J91VNTT3FZ.warc.gz,True,
2026-05-17T22:40:16+00:00,https://data.nysed.gov/javascripts/contrib/jquery.blockUI.js,200,application/javascript,3BLXNT2MG3FLMOQHLKMAFHYULREG5GTU,SAWP5,save-merged-p107.arquivo.pt-20260518165011-2523CF2VSV.warc.gz,True,
2026-05-17T22:40:16+00:00,https://data.nysed.gov/javascripts/contrib/jquery.cookie.js,200,application/javascript,OT37NBKQ5EFB333PVJW6NYEDB4NLGSLQ,SAWP5,save-merged-p107.arquivo.pt-20260518165011-2523CF2VSV.warc.gz,True,
2026-05-17T22:40:16+00:00,https://data.nysed.gov/javascripts/contrib/jquery.js,200,application/javascript,FLNEFSH5PCEIUDIMR3AN2CHFR7QTNMGS,SAWP5,save-merged-p107.arquivo.pt-20260518164943-SXII2UYZO0.warc.gz,True,
2026-05-17T22:40:16+00:00,https://data.nysed.gov/stylesheets/datanysedgov-jqueryui/jquery-ui-1.10.4.custom.css,200,text/css,4DNW74VDG5ICRRSKWPWEYGLPXCNWGACN,SAWP5,save-merged-p107.arquivo.pt-20260518164937-2K6FJZIC7K.warc.gz,True,
2026-05-17T22:40:16+00:00,https://data.nysed.gov/stylesheets/jquery.jscrollpane.css,200,text/css,VFPOTK5BY4LLGPZAOPUW7P4422WX3JLM,SAWP5,save-merged-p107.arquivo.pt-20260518164937-2K6FJZIC7K.warc.gz,True,
2026-05-17T22:40:16+00:00,https://data.nysed.gov/stylesheets/pure-drawer.css,200,text/css,N5PJRW4F6ZMAKCEQSA5BDGZHVD26XU3A,SAWP5,save-merged-p107.arquivo.pt-20260518165011-2523CF2VSV.warc.gz,True,
2026-05-17T22:40:16+00:00,https://data.nysed.gov/stylesheets/style.css?v=ewrv2,200,text/css,2N22EJH67AJAZI3HAQX5ZXTK32DGJC3P,SAWP5,save-merged-p107.arquivo.pt-20260518165001-A8WA0QW9DB.warc.gz,True,
2026-05-17T22:40:17+00:00,https://data.nysed.gov/javascripts/contrib/classie.js,200,application/javascript,G7PKBGARWIEKF4GQCBZ3XIJTZIHQ6JGO,SAWP5,save-merged-p107.arquivo.pt-20260518164943-SXII2UYZO0.warc.gz,True,
2026-05-17T22:40:17+00:00,https://data.nysed.gov/javascripts/contrib/hoverIntent.js,200,application/javascript,NUAVBXHDH4I2ISVRKATUFMKGH6IKIXIS,SAWP5,save-merged-p107.arquivo.pt-20260518165011-2523CF2VSV.warc.gz,True,
2026-05-17T22:40:17+00:00,https://data.nysed.gov/javascripts/contrib/jquery-ui.min.js,200,application/javascript,PBEJ4WAK3LXZGHTOLMJR3K2VNQ4X4SQ2,SAWP5,save-merged-p107.arquivo.pt-20260518164913-8T537U2AO3.warc.gz,True,
2026-05-17T22:40:17+00:00,https://data.nysed.gov/javascripts/contrib/jquery.expander.js,200,application/javascript,3GUJJEXZFKMVCGKJM32DGCLQJKWLK7CX,SAWP5,save-merged-p107.arquivo.pt-20260518165017-J91VNTT3FZ.warc.gz,True,
2026-05-17T22:40:17+00:00,https://data.nysed.gov/javascripts/contrib/modernizr.js,200,application/javascript,7ZSUICFV3RC6JMGJQGLUQIJ7OWUFFWA2,SAWP5,save-merged-p107.arquivo.pt-20260518165011-2523CF2VSV.warc.gz,True,
2026-05-17T22:40:17+00:00,https://data.nysed.gov/javascripts/foundation.min.js,200,application/javascript,HHKPZAILRSFGUGBE4W743UEKSIOKAHMO,SAWP5,save-merged-p107.arquivo.pt-20260518164948-UM181XMLGL.warc.gz,True,
2026-05-17T22:40:17+00:00,https://data.nysed.gov/javascripts/foundation/foundation.accordion.js,200,application/javascript,ZFSB3RKL7NQAQD36IE4NR5CBVAFQOXBN,SAWP5,save-merged-p107.arquivo.pt-20260518165011-2523CF2VSV.warc.gz,True,
2026-05-17T22:40:17+00:00,https://data.nysed.gov/javascripts/foundation/foundation.joyride.js,200,application/javascript,URJXXSVNCMT563ZHI6AKYV5P554FITGE,SAWP5,save-merged-p107.arquivo.pt-20260518165017-J91VNTT3FZ.warc.gz,True,
2026-05-17T22:40:17+00:00,https://data.nysed.gov/stylesheets/datanysedgov-jqueryui/images/ui-bg_flat_75_ffffff_40x100.png,200,image/png,2KVAC3WMFF6ZV3XA7BQI2ZSRXHYWZHDX,SAWP5,save-merged-p107.arquivo.pt-20260518165011-2523CF2VSV.warc.gz,True,
2026-05-17T22:40:17+00:00,https://data.nysed.gov/stylesheets/fonts/fontawesome-webfont.woff?v=4.2.0,200,font/woff,PVS6AIT5BV6NYFYYCGONFJ644BRY6FI4,SAWP5,save-merged-p107.arquivo.pt-20260518164913-8T537U2AO3.warc.gz,True,
2026-05-17T22:40:18+00:00,https://data.nysed.gov/includes/vendor/slick/slick.min.js,200,application/javascript,HNA3HPEVM2CQCWRUPIRDRZY5WKO7UDN3,SAWP5,save-merged-p107.arquivo.pt-20260518165011-2523CF2VSV.warc.gz,True,
2026-05-17T22:40:18+00:00,https://data.nysed.gov/javascripts/chartCreation.js,200,application/javascript,MQDMCTBIGLNILQNJ3BY5SE7ZVY7TUX4P,SAWP5,save-merged-p107.arquivo.pt-20260518165011-2523CF2VSV.warc.gz,True,
2026-05-17T22:40:18+00:00,https://data.nysed.gov/javascripts/contrib/jquery.animateNumber.min.js,200,application/javascript,3VSW5G5DFIEYEISTLN4HBKJ377GL7WQR,SAWP5,save-merged-p107.arquivo.pt-20260518165011-2523CF2VSV.warc.gz,True,
2026-05-17T22:40:18+00:00,https://data.nysed.gov/javascripts/contrib/jquery.jscrollpane.min.js,200,application/javascript,KELVOQZIXOFQTE23KLPFTNGAG4HYMGLI,SAWP5,save-merged-p107.arquivo.pt-20260518165011-2523CF2VSV.warc.gz,True,
2026-05-17T22:40:18+00:00,https://data.nysed.gov/javascripts/contrib/jquery.mousewheel.js,200,application/javascript,3ESSCAZS56Z5NOSWP5JYTCLP7P3WVJNR,SAWP5,save-merged-p107.arquivo.pt-20260518164913-8T537U2AO3.warc.gz,True,
2026-05-17T22:40:18+00:00,https://data.nysed.gov/javascripts/contrib/jquery.slicknav.min.js,200,application/javascript,HWRJTT3JBSHYADQLT46NO3ET3K3PCYTN,SAWP5,save-merged-p107.arquivo.pt-20260518165011-2523CF2VSV.warc.gz,True,
2026-05-17T22:40:18+00:00,https://data.nysed.gov/javascripts/contrib/morphext.min.js,200,application/javascript,S3T6LMXG7ELWXSEEEIJBLY6KOL4N2P7P,SAWP5,save-merged-p107.arquivo.pt-20260518164943-SXII2UYZO0.warc.gz,True,
2026-05-17T22:40:18+00:00,https://data.nysed.gov/javascripts/contrib/mwheelIntent.js,200,application/javascript,4EGOPJGPKU6AVJ7F4UWQHJPA6F7JSRJU,SAWP5,save-merged-p107.arquivo.pt-20260518165011-2523CF2VSV.warc.gz,True,
2026-05-17T22:40:18+00:00,https://data.nysed.gov/javascripts/contrib/owl.carousel.min.js,200,application/javascript,7FDVCLSR7DXUWFN3UP3QDXTE4U5H6743,SAWP5,save-merged-p107.arquivo.pt-20260518165011-2523CF2VSV.warc.gz,True,
2026-05-17T22:40:18+00:00,https://data.nysed.gov/javascripts/contrib/retina.min.js,200,application/javascript,IU2IPGQFFUKNZOVTGRZCB7DQP7MUAZID,SAWP5,save-merged-p107.arquivo.pt-20260518165011-2523CF2VSV.warc.gz,True,
2026-05-17T22:40:18+00:00,https://data.nysed.gov/javascripts/contrib/superfish.min.js,200,application/javascript,IE7FDCSQSZOV6GDIKEBGOGA2CK7MJEPA,SAWP5,save-merged-p107.arquivo.pt-20260518164948-UM181XMLGL.warc.gz,True,
2026-05-17T22:40:18+00:00,https://data.nysed.gov/javascripts/contrib/waypoints.min.js,200,application/javascript,3NEFZIIEAZ27PZ5SNZ5KQACYLMAUSNGY,SAWP5,save-merged-p107.arquivo.pt-20260518164937-2K6FJZIC7K.warc.gz,True,
2026-05-17T22:40:18+00:00,https://data.nysed.gov/javascripts/contrib/wow.min.js,200,application/javascript,COEVC5P6R7B3WNA26AL2DF6OQWM6LFCR,SAWP5,save-merged-p107.arquivo.pt-20260518165011-2523CF2VSV.warc.gz,True,
2026-05-17T22:40:18+00:00,https://data.nysed.gov/javascripts/custom.js,200,application/javascript,6CYBRBAPKRPT4HD33INSMLZTBS2CKUI2,SAWP5,save-merged-p107.arquivo.pt-20260518165017-J91VNTT3FZ.warc.gz,True,
2026-05-17T22:40:20+00:00,https://data.nysed.gov/stylesheets/datanysedgov-jqueryui/images/ui-bg_flat_75_ffffff_40x100.png,200,image/png,2KVAC3WMFF6ZV3XA7BQI2ZSRXHYWZHDX,SAWP5,save-merged-p107.arquivo.pt-20260518164937-2K6FJZIC7K.warc.gz,True,
2026-05-17T22:49:00+00:00,https://mundonaescola.pt@data.nysed.gov/enrollment.php?instid=800000050976&year=2017&gender[]=M&ethnicity[]=W,403,text/html,KXCU5Z4WIWZ5TEXKQ4MVPNGH4F6AZKEO,SAWP5,save-merged-p107.arquivo.pt-20260518164937-2K6FJZIC7K.warc.gz,True,
2026-05-17T22:55:31+00:00,https://data.nysed.gov/enrollment.php?year=2017&instid=800000050976&gender[]=M&ethnicity[]=W,200,text/html,G5C5G34VRFSJBOOI466RJAH3WCVQWT3X,SAWP5,save-merged-p107.arquivo.pt-20260518164943-SXII2UYZO0.warc.gz,True,
2026-05-18T00:06:09+00:00,https://data.nysed.gov/enrollment.php%3Fyear=2019%26instid=800000050976%26gender%255B%255D=M%26ethnicity%255B%255D=W%26x=/,404,text/html,N53EQUMRGDO7IISP5AWT463JJQH7ZBCE,SAWP5,save-merged-p107.arquivo.pt-20260518164913-8T537U2AO3.warc.gz,False,after
2026-05-18T00:07:19+00:00,https://data.nysed.gov/enrollment.php%3Fyear=2019%26instid=800000050976%26gender%255B%255D=M%26ethnicity%255B%255D=W%26x=/,404,text/html,67ZN6T3LHSKB3RCIAMQIMS34FGFEGAGD,SAWP5,save-merged-p107.arquivo.pt-20260518164902-TBL965SIMQ.warc.gz,False,after
2026-05-18T00:08:33+00:00,https://data.nysed.gov/enrollment.php?year=2019%26instid=800000050976%26gender%255B%255D=M%26ethnicity%255B%255D=W%26x=/,200,text/html,3J6HM4ASY7ZJ3WIB5WE66BNDFRDPZ5ZJ,SAWP5,save-merged-p107.arquivo.pt-20260518165011-2523CF2VSV.warc.gz,False,after
2026-05-18T00:08:35+00:00,https://data.nysed.gov/enrollment.php?year=2019&instid=800000050976&gender%5B%5D=M&ethnicity%5B%5D=W&x=/,200,text/html,IQTAJZ4U7LNC2T5K5I7UB56ZOMA7J6RT,SAWP5,save-merged-p107.arquivo.pt-20260518165011-2523CF2VSV.warc.gz,False,after
2026-05-18T00:14:48+00:00,https://data.nysed.gov/enrollment.php?year=2017%26instid=800000050976%26gender%255B%255D=M,200,text/html,YSTZFPAM4LSM2PFYGKTDHTYFCTYYGMQP,SAWP5,save-merged-p107.arquivo.pt-20260518164913-8T537U2AO3.warc.gz,False,after
2026-05-18T00:15:59+00:00,https://data.nysed.gov/enrollment.php?year=2017%26instid=800000050976%26gender%255B%255D=M,200,text/html,VYKCPTHMGNV7D4BU4QLQ2Y7GRLG5PTXI,SAWP5,save-merged-p107.arquivo.pt-20260518164902-TBL965SIMQ.warc.gz,False,after
2026-05-18T00:17:14+00:00,https://data.nysed.gov/enrollment.php?year=2017&instid=800000050976&gender%5B%5D=M,200,text/html,IU2RDMZR3NRRHPDWB6EF5U7M7WWAZA6L,SAWP5,save-merged-p107.arquivo.pt-20260518164943-SXII2UYZO0.warc.gz,False,after
2026-05-18T00:17:31+00:00,https://data.nysed.gov/enrollment.php?instid=800000050976&year=2018&gender%5B%5D=M,200,text/html,ESYCRQHGM3YRUZCK73OWZ2P3HABTQCHI,SAWP5,save-merged-p107.arquivo.pt-20260518164948-UM181XMLGL.warc.gz,False,after
2026-05-18T00:17:33+00:00,https://data.nysed.gov/enrollment.php?instid=800000050976%26year=2017%26gender%5B%5D=M,200,text/html,C4LL75GCYM5I3K5L6VSC4UWM6YJ76HCF,SAWP5,save-merged-p107.arquivo.pt-20260518165017-J91VNTT3FZ.warc.gz,False,after
2026-05-18T00:18:06+00:00,https://data.nysed.gov/enrollment.php?year=2017&instid=800000050976&gender%5B%5D=M,200,text/html,A4UJ2I2WM53ALIL5JN5V7RMX6AAGKSX5,SAWP5,save-merged-p107.arquivo.pt-20260518165017-J91VNTT3FZ.warc.gz,False,after
2026-05-18T00:18:44+00:00,https://data.nysed.gov/enrollment.php?instid=800000050976&year=2019&gender%5B%5D=M,200,text/html,JEGUQMOMVYQ6AV74T7BEQKTUYKUJIGEC,SAWP5,save-merged-p107.arquivo.pt-20260518165017-J91VNTT3FZ.warc.gz,False,after
2026-05-18T00:19:27+00:00,https://data.nysed.gov/enrollment.php?year=2017&instid=800000050976&gender%5B%5D=M,200,text/html,6YJ2QED45LYR2QN5TTD6LF4MUQYWFXHF,SAWP5,save-merged-p107.arquivo.pt-20260518164902-TBL965SIMQ.warc.gz,False,after
2026-05-18T00:32:21+00:00,https://data.nysed.gov/enrollment.php?year=2017&instid=800000050976&gender%5B%5D=M,200,text/html,52DB26RZ733QOJEI5SKEZ2IA3WA7FD6A,SAWP5,save-merged-p107.arquivo.pt-20260518165017-J91VNTT3FZ.warc.gz,False,after
2026-05-18T00:34:47+00:00,https://data.nysed.gov/enrollment.php?year=2019&instid=800000050976&gender%5B%5D=M&ethnicity%5B%5D=W,200,text/html,HUOCVX2CWFBH4DFJFZWHHXTZA2GWUPDI,SAWP5,save-merged-p107.arquivo.pt-20260518165011-2523CF2VSV.warc.gz,False,after
2026-05-18T00:35:04+00:00,https://data.nysed.gov/enrollment.php?year=2019%26instid=800000050976%26gender%5B%5D=M%26ethnicity%5B%5D=W,200,text/html,S42ZN3WOVHN446J423A5PQDCOWZZ2K7E,SAWP5,save-merged-p107.arquivo.pt-20260518165017-J91VNTT3FZ.warc.gz,False,after
2026-05-18T00:36:23+00:00,https://data.nysed.gov/enrollment.php?year=2019%26instid=800000050976%26gender%5B%5D=M%26ethnicity%5B%5D=W,200,text/html,Y4QPH4AAU5MYBFS24X2MD3T4U7K3Q6LX,SAWP5,save-merged-p107.arquivo.pt-20260518164948-UM181XMLGL.warc.gz,False,after
2026-05-18T00:55:20+00:00,https://data.nysed.gov/enrollment.php?year=2017&instid=800000050976&gender%5B%5D=M,200,text/html,32WNS2BBOZ53OWWVCJGT2SL6HTVKBC7B,SAWP5,save-merged-p107.arquivo.pt-20260518165017-J91VNTT3FZ.warc.gz,False,after
2026-05-18T01:14:34+00:00,https://mundonaescola.pt@data.nysed.gov/enrollment.php?year=2017,403,text/html,KXCU5Z4WIWZ5TEXKQ4MVPNGH4F6AZKEO,SAWP5,save-merged-p107.arquivo.pt-20260518164943-SXII2UYZO0.warc.gz,False,after
2026-05-18T01:14:36+00:00,https://mundonaescola.pt%2F@data.nysed.gov/enrollment.php?year=2017,403,text/html,KXCU5Z4WIWZ5TEXKQ4MVPNGH4F6AZKEO,SAWP5,save-merged-p107.arquivo.pt-20260518165033-N1BI53GH2L.warc.gz,False,after
2026-05-18T01:28:18+00:00,https://data.nysed.gov/enrollment.php?instid=800000050976&year=2018&gender%5B%5D=M&ethnicity%5B%5D=W&James=Davis&x=/,200,text/html,GEQKV7VV2QI2ZA7CZU7OIURUWCZ6FWCD,SAWP5,save-merged-p107.arquivo.pt-20260518165033-N1BI53GH2L.warc.gz,False,after
2026-05-18T01:33:57+00:00,https://data.nysed.gov/enrollment.php?year=2017&instid=800000050976&gender%5B%5D=M&ethnicity%5B%5D=W,200,text/html,MT5FVXUGW4XYLNZ3ZLJUP7PVA3AS7NSA,SAWP5,save-merged-p107.arquivo.pt-20260518165017-J91VNTT3FZ.warc.gz,False,after
2026-05-18T02:06:48+00:00,https://data.nysed.gov/enrollment.php?year=2017&instid=800000050976&gender%5B%5D=M&foo=UNIQZORP12345,200,text/html,AETHSCGYQNB2ZAK4DFHGPCRGJYRWJK3M,SAWP5,save-merged-p107.arquivo.pt-20260518165033-N1BI53GH2L.warc.gz,False,after
2026-05-18T02:07:01+00:00,https://data.nysed.gov/enrollment.php?year=2017&instid=800000050976&gender%5B%5D=M&foo=UNIQZORP12345,200,text/html,Z52TAIBTHS5NOUJOX5QXKU5UUYDALAEQ,SAWP5,save-merged-p105.arquivo.pt-20260518164713-UQZMDVH4G2.warc.gz,False,after
2026-05-18T02:21:12+00:00,https://data.nysed.gov/enrollment.php?year=2017&instid=800000050976&gender%5B%5D=M&soccer=soccer%20soccer%20soccer%20soccer%20soccer%20soccer%20soccer,200,text/html,UTH6B732JLIHPR3QFWSDX3RF4XK6T5SL,SAWP5,save-merged-p107.arquivo.pt-20260518165033-N1BI53GH2L.warc.gz,False,after
2026-05-18T02:34:21+00:00,https://data.nysed.gov/enrollment.php?year=2019&instid=800000050976&gender%5B%5D=M,200,text/html,QHVKOVFNSL7FF2PNSUDDAOREG664DZ65,SAWP5,save-merged-p107.arquivo.pt-20260518165038-04I2WFUROC.warc.gz,False,after
2026-05-18T02:35:00+00:00,https://data.nysed.gov/enrollment.php?year=2018&instid=800000050976&gender%5B%5D=M,200,text/html,Q4WCZPFLC5V3WDWACSEYNYXKEK2L2SZM,SAWP5,save-merged-p107.arquivo.pt-20260518165038-04I2WFUROC.warc.gz,False,after
2026-05-18T02:35:56+00:00,https://data.nysed.gov/enrollment.php?year=2017&instid=800000050976&gender%5B%5D=M,200,text/html,7L2QRNGJ6YMVK766EDNSDMDOLP3XF43E,SAWP5,save-merged-p107.arquivo.pt-20260518165033-N1BI53GH2L.warc.gz,False,after
2026-05-18T02:37:59+00:00,https://data.nysed.gov/enrollment.php?year=2019&instid=800000050976&gender%5B%5D=M,200,text/html,54FBVHYOEKO76WM56UVQ7DMWSZEGIKQC,SAWP5,save-merged-p107.arquivo.pt-20260518165038-04I2WFUROC.warc.gz,False,after
2026-05-18T03:38:26+00:00,https://data.nysed.gov/enrollment.php?year=2017&instid=800000050976&gender%5B%5D=M,200,text/html,F3ZJIBMFYNMRNAH7ANWSJDXRNCS676MG,SAWP5,save-merged-p107.arquivo.pt-20260518165033-N1BI53GH2L.warc.gz,False,after
2026-05-18T03:40:38+00:00,https://data.nysed.gov/enrollment.php?year=2018&instid=800000050976&gender%5B%5D=M,200,text/html,U6DOOH6JY5PV2GPESJO3QTWDD3VCQUDQ,SAWP5,save-merged-p107.arquivo.pt-20260518165033-N1BI53GH2L.warc.gz,False,after
2026-05-18T03:41:48+00:00,https://data.nysed.gov/enrollment.php?year=2017&instid=800000050976&gender%5B%5D=M,200,text/html,YU4KXNFKEGY23UKEZCVD2UPDCXRQDHNO,SAWP5,save-merged-p107.arquivo.pt-20260518165038-04I2WFUROC.warc.gz,False,after
2026-05-18T04:03:21+00:00,https://data.nysed.gov/enrollment.php?year=2017%26instid=800000050976%26gender%5B%5D=M,200,text/html,KIGBQTCHMX7ESFOIERG3N53HYA37AIKI,SAWP5,save-merged-p107.arquivo.pt-20260518165038-04I2WFUROC.warc.gz,False,after
2026-05-18T04:06:52+00:00,https://data.nysed.gov/enrollment.php?gender%5B%5D=M&instid=800000050976&year=2017,200,text/html,N7B74VAELWC67QZT55DD6YEHYUU5YJW2,SAWP5,save-merged-p107.arquivo.pt-20260518165038-04I2WFUROC.warc.gz,False,after
2026-05-18T04:09:49+00:00,https://data.nysed.gov/enrollment.php?year=2017&instid=800000050976&gender%5B%5D=M,200,text/html,KFPT34XWPQYGOPRRLHHLKIFU5TDRDWE4,SAWP5,save-merged-p107.arquivo.pt-20260518165038-04I2WFUROC.warc.gz,False,after
2026-05-18T04:38:54+00:00,https://data.nysed.gov/enrollment.php?year=2017&instid=800000050976&gender%5B%5D=M,200,text/html,ZJRBM3C7TGYIFKBMOBVZ7GMNTSZ6WFPM,SAWP5,save-merged-p107.arquivo.pt-20260518165038-04I2WFUROC.warc.gz,False,after
2026-05-18T04:52:28+00:00,https://data.nysed.gov/enrollment.php?year=2017&instid=800000050976&gender[]=M&ethnicity[]=W&James_Davis=James%20Davis&x=/1779079947,200,text/html,7NFT4ZFZD4MNVPJZ35QAAJIOPLY6N24B,SAWP5,save-merged-p107.arquivo.pt-20260518165038-04I2WFUROC.warc.gz,False,after
2026-05-18T04:52:30+00:00,https://data.nysed.gov/enrollment.php?year=2017&instid=800000050976&gender[]=M&ethnicity[]=W&James_Davis=James+Davis&x=/1779079949,200,text/html,T2JJMDD4ZTOZJ7S6KYLV5A67LBDH2U34,SAWP5,save-merged-p107.arquivo.pt-20260518165038-04I2WFUROC.warc.gz,False,after
2026-05-18T04:53:28+00:00,https://data.nysed.gov/enrollment.php?year=2017&instid=800000050976&gender[]=M&ethnicity[]=B&James_Davis=James+Davis&x=/1779080006,200,text/html,JMTHRE4YOHM5UJS6XVNFRJ4N42F4BDMV,SAWP5,save-merged-p107.arquivo.pt-20260518165033-N1BI53GH2L.warc.gz,False,after
2026-05-18T04:53:31+00:00,https://data.nysed.gov/enrollment.php?year=2018&instid=800000050976&gender[]=M&ethnicity[]=W&James_Davis=James%20Davis&x=/1779080009,200,text/html,CFWR52XGK2II45LTTRQP6VM6RPIKDHNN,SAWP5,save-merged-p107.arquivo.pt-20260518165011-2523CF2VSV.warc.gz,False,after
2026-05-18T04:53:33+00:00,https://data.nysed.gov/enrollment.php?year=2018&instid=800000050976&gender[]=M&ethnicity[]=W&James_Davis=James+Davis&x=/1779080012,200,text/html,OA2WTEGQAYAKVB44DEHKHFVOU5RFEUFX,SAWP5,save-merged-p107.arquivo.pt-20260518165011-2523CF2VSV.warc.gz,False,after
2026-05-18T04:53:36+00:00,https://data.nysed.gov/enrollment.php?year=2018&instid=800000050976&gender[]=M&ethnicity[]=B&James_Davis=James%20Davis&x=/1779080014,200,text/html,TZ72JNRHEJXS3CZQF5Q3LILO4QRCOCDE,SAWP5,save-merged-p107.arquivo.pt-20260518165011-2523CF2VSV.warc.gz,False,after
2026-05-18T04:53:40+00:00,https://data.nysed.gov/enrollment.php?year=2018&instid=800000050976&gender[]=M&ethnicity[]=B&James_Davis=James+Davis&x=/1779080017,200,text/html,UET4WOQ4VZPDGO2OWA4ABTNOU62I3BSL,SAWP5,save-merged-p107.arquivo.pt-20260518165038-04I2WFUROC.warc.gz,False,after
2026-05-18T04:53:42+00:00,https://data.nysed.gov/enrollment.php?year=2019&instid=800000050976&gender[]=M&ethnicity[]=W&James_Davis=James%20Davis&x=/1779080021,200,text/html,KDOUBI4RCWBI6AWYI7MGDE5FBQEQHRAZ,SAWP5,save-merged-p107.arquivo.pt-20260518164943-SXII2UYZO0.warc.gz,False,after
2026-05-18T04:54:41+00:00,https://data.nysed.gov/enrollment.php?year=2019&instid=800000050976&gender[]=M&ethnicity[]=B&James_Davis=James%20Davis&x=/1779080078,200,text/html,OR26FOCUY5P2EKIWAQKN7PQCMPMLG62Q,SAWP5,save-merged-p107.arquivo.pt-20260518165033-N1BI53GH2L.warc.gz,False,after
2026-05-18T04:54:44+00:00,https://data.nysed.gov/enrollment.php?year=2019&instid=800000050976&gender[]=M&ethnicity[]=B&James_Davis=James+Davis&x=/1779080082,200,text/html,C2GOW4YFJE7VQ5WIX6FCUZOIET5BWL6J,SAWP5,save-merged-p107.arquivo.pt-20260518165038-04I2WFUROC.warc.gz,False,after
2026-05-18T05:01:56+00:00,https://data.nysed.gov/comparison.php?type=enrollment%26comparison%5B%5D=800000050976_2019_District%26comparison%5B%5D=800000050976_2018_District%26comparison%5B%5D=800000050976_2017_District%26gender%5B%5D=M%26x=/,200,text/html,2T7IY3OMXZENHMJKCECRLEFKSMBPIJE5,SAWP5,save-merged-p107.arquivo.pt-20260518165033-N1BI53GH2L.warc.gz,False,after
2026-05-18T05:02:18+00:00,https://data.nysed.gov/enrollment.php?year=2019%26instid=800000050976%26gender%5B%5D=M%26ethnicity%5B%5D=B,200,text/html,5X7Q7HSHN7VPNIX5WMT7IG4YSJXX2KEJ,SAWP5,save-merged-p107.arquivo.pt-20260518165038-04I2WFUROC.warc.gz,False,after
2026-05-18T05:02:20+00:00,https://data.nysed.gov/enrollment.php?year=2019%26instid=800000050976%26gender%5B%5D=M%26ethnicity%5B%5D=B,200,text/html,K2RPIIUU2HTYTPMLSVHGX36C7IXNXAVC,SAWP5,save-merged-p107.arquivo.pt-20260518165038-04I2WFUROC.warc.gz,False,after
2026-05-18T05:02:22+00:00,https://data.nysed.gov/enrollment.php?year=2019%26instid=800000050976%26gender%5B%5D=M%26ethnicity%5B%5D=B,200,text/html,QDLQGTTMSSUXHUMJZ5FPOASKUV3AATLG,SAWP5,save-merged-p107.arquivo.pt-20260518165038-04I2WFUROC.warc.gz,False,after
2026-05-18T05:03:00+00:00,https://data.nysed.gov/comparison.php?type=enrollment%26comparison%5B%5D=800000050976_2019_District%26comparison%5B%5D=800000050976_2018_District%26comparison%5B%5D=800000050976_2017_District%26gender%5B%5D=M%26x=/,200,text/html,PNAFNVZ4TKEMNJBNCYY6NYUH24WPKIQM,SAWP5,save-merged-p107.arquivo.pt-20260518165038-04I2WFUROC.warc.gz,False,after
2026-05-18T05:04:59+00:00,https://data.nysed.gov/comparison.php?type=enrollment&comparison%5B%5D=800000050976_2019_District&comparison%5B%5D=800000050976_2018_District&comparison%5B%5D=800000050976_2017_District&gender%5B%5D=M&x=/,200,text/html,I4MPUL4DPTZHZKT6UIGAEVJWH6P6THTD,SAWP5,save-merged-p107.arquivo.pt-20260518164943-SXII2UYZO0.warc.gz,False,after
2026-05-18T05:07:00+00:00,https://data.nysed.gov/enrollment.php?year=2019&instid=800000050976&gender%5B%5D=M&ethnicity%5B%5D=B,200,text/html,2LOOLB7YLBLSNMGYKCXXGT4UMFMFOUMH,SAWP5,save-merged-p107.arquivo.pt-20260518165038-04I2WFUROC.warc.gz,False,after
2026-05-18T05:09:46+00:00,https://data.nysed.gov/enrollment.php?year=2019%26instid=800000050976%26gender%255B%255D=M%26ethnicity%255B%255D=B,200,text/html,UBVRTXH4DJYX6HAZEJ3TJW7S6U622KUZ,SAWP5,save-merged-p107.arquivo.pt-20260518165033-N1BI53GH2L.warc.gz,False,after
2026-05-18T05:09:49+00:00,https://data.nysed.gov/enrollment.php?year=2019&instid=800000050976&gender%255B%255D=M&ethnicity%255B%255D=B,200,text/html,SURN6BMYJ3P6GHZKCILHPNIWLSAH2AQN,SAWP5,save-merged-p107.arquivo.pt-20260518164943-SXII2UYZO0.warc.gz,False,after
2026-05-18T05:09:52+00:00,https://data.nysed.gov/enrollment.php?year%3D2019%26instid%3D800000050976%26gender%255B%255D%3DM%26ethnicity%255B%255D%3DB,200,text/html,3KATSQM4QCHUKCAM6EZQ36OCMO7TK4KB,SAWP5,save-merged-p107.arquivo.pt-20260518165038-04I2WFUROC.warc.gz,False,after
2026-05-18T05:17:44+00:00,https://data.nysed.gov/enrollment.php?year=2019%26instid=800000050976%26gender%5B%5D=M%26ethnicity%5B%5D=B,200,text/html,DL5QXG3YZHDFL6ZWNPRCOGHUAPQITFD3,SAWP5,save-merged-p107.arquivo.pt-20260518165038-04I2WFUROC.warc.gz,False,after
2026-05-18T05:25:43+00:00,https://data.nysed.gov/enrollment.php?ethnicity%5B%5D=B&gender%5B%5D=M&instid=800000050976&year=2019,403,text/html,W5X7PCTZONUBA5D45ECV6SOIXGHPN23Q,SAWP5,save-merged-p105.arquivo.pt-20260518164713-UQZMDVH4G2.warc.gz,False,after
2026-05-18T05:28:04+00:00,https://data.nysed.gov/enrollment.php?year=2019&ethnicity%5B%5D=B&gender%5B%5D=M&instid=800000050976,200,text/html,HHKJDOH42FHD46TOS224PE63B7DDFE66,SAWP5,save-merged-p107.arquivo.pt-20260518164943-SXII2UYZO0.warc.gz,False,after
2026-05-18T05:29:55+00:00,https://data.nysed.gov/enrollment.php?ethnicity%5B%5D=B&gender%5B%5D=M&instid=800000050976&year=2019,403,text/html,W5X7PCTZONUBA5D45ECV6SOIXGHPN23Q,SAWP5,save-merged-p105.arquivo.pt-20260518164713-UQZMDVH4G2.warc.gz,False,after
2026-05-18T05:31:04+00:00,https://data.nysed.gov/enrollment.php?ethnicity%5B%5D=B&gender%5B%5D=M&instid=800000050976&year=2019,200,text/html,K4C3H2L7ZM6PYBRJOFOSV66IFHJ6YJUZ,SAWP5,save-merged-p107.arquivo.pt-20260518165038-04I2WFUROC.warc.gz,False,after
2026-05-18T05:35:45+00:00,https://data.nysed.gov/enrollment.php?year=2017%26instid=800000050976%26gender%255B%255D=M,200,text/html,XRJLZFMR525PHD5EUSEVXPQEGMMIYBZ2,SAWP5,save-merged-p107.arquivo.pt-20260518165038-04I2WFUROC.warc.gz,False,after
2026-05-18T05:41:22+00:00,https://data.nysed.gov/enrollment.php?year=2019&instid=800000050976&gender%5B%5D=M&ethnicity%5B%5D=B,200,text/html,75N2ZQ4SQBQPMDF5424T3X7KDOVSFA6L,SAWP5,save-merged-p107.arquivo.pt-20260518165038-04I2WFUROC.warc.gz,False,after
2026-05-18T05:51:31+00:00,https://data.nysed.gov/enrollment.php?instid=800000050976&year=2017&gender%5B%5D=M&ethnicity%5B%5D=B,200,text/html,OD6SPSIC7VFP26YKXNUDOZOOFELCXVPW,SAWP5,save-merged-p107.arquivo.pt-20260518165038-04I2WFUROC.warc.gz,False,after
2026-05-18T05:59:55+00:00,https://data.nysed.gov/enrollment.php?year=2019&instid=800000050976&gender%5B%5D=M&ethnicity%5B%5D=B,200,text/html,GPU4USGYJJVCN6BSPLSUV723CCEKQASQ,SAWP5,save-merged-p107.arquivo.pt-20260518165043-MNTGOAW73R.warc.gz,False,after
2026-05-18T06:13:47+00:00,https://data.nysed.gov/enrollment.php?year=2019&instid=800000050976&gender%5B%5D=M&ethnicity%5B%5D=B,200,text/html,ESFC4YIFCSPEG7PUU2W6KS6FYUDOYUWG,SAWP5,save-merged-p107.arquivo.pt-20260518165048-HE8ASIHNYC.warc.gz,False,after
2026-05-18T06:13:49+00:00,https://data.nysed.gov/enrollment.php?year=2019&instid=800000050976&gender%5B%5D=M&ethnicity%5B%5D=B,200,text/html,HCXPWYCCL22AEORJGQUEJ5Q7Y75TN5HO,SAWP5,save-merged-p107.arquivo.pt-20260518165043-MNTGOAW73R.warc.gz,False,after
2026-05-18T06:33:38+00:00,https://data.nysed.gov/enrollment.php?instid=800000050976%26year=2017%26gender%5B%5D=M,200,text/html,4LYSM5IS6VWU7IJ45YQTPTCDBB2DQ2E2,SAWP5,save-merged-p107.arquivo.pt-20260518164948-UM181XMLGL.warc.gz,False,after
2026-05-18T06:36:33+00:00,https://data.nysed.gov/enrollment.php?instid=800000050976%26year=2017%26gender%5B%5D=M,200,text/html,QYEWNIH4BFQUH3UKRLSZWZND27A3CIBI,SAWP5,save-merged-p107.arquivo.pt-20260518165103-KSCPTH36NK.warc.gz,False,after
2026-05-18T06:38:24+00:00,http://data.nysed.gov/enrollment.php?year=2017%26instid=800000050976%26gender%5B%5D=M,301,text/html,HLNR6AWVWYCU3YAENY3HYHLIPNWN66X7,SAWP5,save-merged-p107.arquivo.pt-20260518165118-TSRMNGSOHT.warc.gz,False,after
2026-05-18T06:43:50+00:00,https://data.nysed.gov/enrollment.php?year=2018&instid=800000050976&gender%5B%5D=M&ethnicity%5B%5D=B,200,text/html,5PDKOG7LSVSFKI36BEODQ6CSNP7FJDVM,SAWP5,save-merged-p107.arquivo.pt-20260518165043-MNTGOAW73R.warc.gz,False,after
2026-05-18T06:43:53+00:00,https://data.nysed.gov/enrollment.php?year=2018&instid=800000050976&gender%5B%5D=M&ethnicity%5B%5D=W,200,text/html,FCLSCYLQDIDXSHNZGRL3HWXCJ2FJM5J2,SAWP5,save-merged-p107.arquivo.pt-20260518165122-VFYMQJTJR4.warc.gz,False,after
2026-05-18T06:43:59+00:00,https://data.nysed.gov/enrollment.php?year=2019&instid=800000050976&gender%5B%5D=M&ethnicity%5B%5D=W,200,text/html,VA4QVKIKSEZ5NYZN2T43W4E3UYCWAHDT,SAWP5,save-merged-p107.arquivo.pt-20260518165122-VFYMQJTJR4.warc.gz,False,after
2026-05-18T06:44:47+00:00,https://data.nysed.gov/enrollment.php?year=2017&instid=800000050976&gender%5B%5D=M&ethnicity%5B%5D=B,200,text/html,SE37SYS233XHUEQEDK4LCC6AQ6VMEIA6,SAWP5,save-merged-p107.arquivo.pt-20260518165127-5F7C82HZA0.warc.gz,False,after
2026-05-18T06:46:07+00:00,https://data.nysed.gov/enrollment.php?year=2019%26instid=800000050976%26gender%255B%255D=M,200,text/html,KATK4NL4FHFQ3GRN5FCVMOOB7RZDPWWJ,SAWP5,save-merged-p107.arquivo.pt-20260518165122-VFYMQJTJR4.warc.gz,False,after
2026-05-18T06:46:11+00:00,https://data.nysed.gov/enrollment.php?year=2019%26instid=800000050976%26gender%255B%255D=M,200,text/html,Y5QIKO4LHFE5L5URW4AVSI64N743EEOS,SAWP5,save-merged-p107.arquivo.pt-20260518165122-VFYMQJTJR4.warc.gz,False,after
2026-05-18T06:46:56+00:00,https://data.nysed.gov/enrollment.php?year=2019%26instid=800000050976%26gender%255B%255D=M%26foo=James,200,text/html,YBRU7HNUQXHNUNRBM2ADLSXXC2HUJBTU,SAWP5,save-merged-p107.arquivo.pt-20260518165118-TSRMNGSOHT.warc.gz,False,after
2026-05-18T06:47:34+00:00,https://data.nysed.gov/enrollment.php?year=2019%26instid=800000050976%26gender%255B%255D=M%26foo=JamesDavisNEW42,200,text/html,G5I24E4UHGLKM7SP3U2GKGUDZNZHFRIF,SAWP5,save-merged-p107.arquivo.pt-20260518164943-SXII2UYZO0.warc.gz,False,after
2026-05-18T06:47:55+00:00,https://data.nysed.gov/enrollment.php?year=2017&instid=800000050976&gender%5B%5D=M&ethnicity%5B%5D=W,200,text/html,WINY4XV7QFFSHIBRMOLVBP77QXA3N5CH,SAWP5,save-merged-p107.arquivo.pt-20260518165127-5F7C82HZA0.warc.gz,False,after
2026-05-18T06:48:44+00:00,https://data.nysed.gov/enrollment.php?ethnicity%5B%5D=B&gender%5B%5D=M&instid=800000050976&year=2019,403,text/html,W5X7PCTZONUBA5D45ECV6SOIXGHPN23Q,SAWP5,save-merged-p105.arquivo.pt-20260518164713-UQZMDVH4G2.warc.gz,False,after
2026-05-18T06:49:09+00:00,https://data.nysed.gov/enrollment.php?year=2017&instid=800000050976&gender%5B%5D=M&ethnicity%5B%5D=B,200,text/html,RCKPIBQW6Z24IRFYYAY2Z4PCTHHTGDZL,SAWP5,save-merged-p107.arquivo.pt-20260518165118-TSRMNGSOHT.warc.gz,False,after
2026-05-18T06:49:09+00:00,https://data.nysed.gov/enrollment.php?year=2019&instid=800000050976&gender%5B%5D=M&foo=James_Davis_NewUnique81,200,text/html,7CL6AOFANO3QIAPXZUFCLVYZAAPLML4D,SAWP5,save-merged-p107.arquivo.pt-20260518165127-5F7C82HZA0.warc.gz,False,after
2026-05-18T06:49:12+00:00,https://data.nysed.gov/enrollment.php?year=2017&instid=800000050976&gender%5B%5D=M&ethnicity%5B%5D=W,200,text/html,RERD4XVKHBIQEMBUX2XYJCZY3PTIVY3I,SAWP5,save-merged-p107.arquivo.pt-20260518165122-VFYMQJTJR4.warc.gz,False,after
2026-05-18T06:49:12+00:00,https://data.nysed.gov/enrollment.php?year=2019%26instid=800000050976%26gender%5B%5D=M%26foo=James,200,text/html,P3AV4X74DBSQLLDF2B3ASPA47PZF7BUV,SAWP5,save-merged-p107.arquivo.pt-20260518165127-5F7C82HZA0.warc.gz,False,after
2026-05-18T06:49:15+00:00,https://data.nysed.gov/enrollment.php?year=2018&instid=800000050976&gender%5B%5D=M&ethnicity%5B%5D=B,200,text/html,GANEVJMWLGLVB4ZOLM3YMWUCPIIOEXMB,SAWP5,save-merged-p107.arquivo.pt-20260518165127-5F7C82HZA0.warc.gz,False,after
2026-05-18T06:49:24+00:00,https://data.nysed.gov/enrollment.php?year=2018&instid=800000050976&gender%5B%5D=M&ethnicity%5B%5D=W,200,text/html,EAB5AJPKDNVBWKKVEECVGWSOJU5HOZSR,SAWP5,save-merged-p107.arquivo.pt-20260518165118-TSRMNGSOHT.warc.gz,False,after
2026-05-18T06:49:25+00:00,https://data.nysed.gov/enrollment.php?year=2019&instid=800000050976&gender%5B%5D=M&x=/&foo=James_Davis_82,200,text/html,6TYJZ5VXX3EPUYG5OKMZKWF5CGHFJZXG,SAWP5,save-merged-p107.arquivo.pt-20260518165122-VFYMQJTJR4.warc.gz,False,after
2026-05-18T07:00:02+00:00,https://data.nysed.gov/enrollment.php?ethnicity%5B%5D=W&gender%5B%5D=M&instid=800000050976&year=2017,403,text/html,W5X7PCTZONUBA5D45ECV6SOIXGHPN23Q,SAWP5,save-merged-p105.arquivo.pt-20260518164713-UQZMDVH4G2.warc.gz,False,after
2026-05-18T07:06:27+00:00,https://data.nysed.gov/enrollment.php?ethnicity%5B%5D=B&gender%5B%5D=M&instid=800000050976&year=2018,403,text/html,W5X7PCTZONUBA5D45ECV6SOIXGHPN23Q,SAWP5,save-merged-p105.arquivo.pt-20260518164708-YTVQXUB8U4.warc.gz,False,after
2026-05-18T07:08:10+00:00,https://data.nysed.gov/enrollment.php?ethnicity%5B%5D=B&gender%5B%5D=M&instid=800000050976&year=2018,403,text/html,W5X7PCTZONUBA5D45ECV6SOIXGHPN23Q,SAWP5,save-merged-p105.arquivo.pt-20260518164708-YTVQXUB8U4.warc.gz,False,after
2026-05-18T07:16:18+00:00,https://data.nysed.gov/enrollment.php?ethnicity%5B%5D=B&gender%5B%5D=M&instid=800000050976&year=2019,403,text/html,W5X7PCTZONUBA5D45ECV6SOIXGHPN23Q,SAWP5,save-merged-p105.arquivo.pt-20260518164713-UQZMDVH4G2.warc.gz,False,after
2026-05-18T07:16:46+00:00,https://data.nysed.gov/enrollment.php?ethnicity%5B%5D=B&gender%5B%5D=M&instid=800000050976&year=2019,403,text/html,W5X7PCTZONUBA5D45ECV6SOIXGHPN23Q,SAWP5,save-merged-p105.arquivo.pt-20260518164713-UQZMDVH4G2.warc.gz,False,after
2026-05-18T07:20:11+00:00,https://data.nysed.gov/enrollment.php?ethnicity%5B%5D=B&gender%5B%5D=M&instid=800000050976&year=2018,403,text/html,W5X7PCTZONUBA5D45ECV6SOIXGHPN23Q,SAWP5,save-merged-p108.arquivo.pt-20260518165525-BRWX2VWFZC.warc.gz,False,after
2026-05-18T07:21:16+00:00,https://data.nysed.gov/enrollment.php?year=2019%2526instid=800000050976%2526gender%255B%255D=M%2526ethnicity%255B%255D=W,200,text/html,YRT27J6TOHUNQDPNZ3APXBKITWVTR3FT,SAWP5,save-merged-p107.arquivo.pt-20260518165127-5F7C82HZA0.warc.gz,False,after
2026-05-18T07:22:16+00:00,https://data.nysed.gov/enrollment.php?ethnicity%5B%5D=B&gender%5B%5D=M&instid=800000050976&year=2017,403,text/html,W5X7PCTZONUBA5D45ECV6SOIXGHPN23Q,SAWP5,save-merged-p105.arquivo.pt-20260518164708-YTVQXUB8U4.warc.gz,False,after
2026-05-18T07:22:17+00:00,https://data.nysed.gov/enrollment.php?ethnicity%5B%5D=W&gender%5B%5D=M&instid=800000050976&year=2017,403,text/html,W5X7PCTZONUBA5D45ECV6SOIXGHPN23Q,SAWP5,save-merged-p105.arquivo.pt-20260518164713-UQZMDVH4G2.warc.gz,False,after
2026-05-18T07:22:44+00:00,https://data.nysed.gov/enrollment.php?ethnicity%5B%5D=W&gender%5B%5D=M&instid=800000050976&year=2019,403,text/html,W5X7PCTZONUBA5D45ECV6SOIXGHPN23Q,SAWP5,save-merged-p107.arquivo.pt-20260518165127-5F7C82HZA0.warc.gz,False,after
2026-05-18T07:23:40+00:00,https://data.nysed.gov/enrollment.php?ethnicity%5B%5D=W&gender%5B%5D=M&instid=800000050976&year=2019,200,text/html,TBWDONQJMKLNSFNQOLV5FGXS5QCCF3IS,SAWP5,save-merged-p107.arquivo.pt-20260518165118-TSRMNGSOHT.warc.gz,False,after
2026-05-18T07:25:34+00:00,https://data.nysed.gov/enrollment.php?ethnicity%5B%5D=B&gender%5B%5D=M&instid=800000050976&year=2018,403,text/html,W5X7PCTZONUBA5D45ECV6SOIXGHPN23Q,SAWP5,save-merged-p105.arquivo.pt-20260518164655-TPD2I1A9VW.warc.gz,False,after
2026-05-18T07:25:49+00:00,https://data.nysed.gov/enrollment.php?ethnicity%5B%5D=W%26gender%5B%5D=M%26instid=800000050976%26year=2019,200,text/html,PRTHCVVDXIGGR43UIVJLQGGLUD77DPFP,SAWP5,save-merged-p107.arquivo.pt-20260518165127-5F7C82HZA0.warc.gz,False,after
2026-05-18T07:26:42+00:00,https://data.nysed.gov/enrollment.php?ethnicity%5B%5D=B&gender%5B%5D=M&instid=800000050976&year=2018,403,text/html,W5X7PCTZONUBA5D45ECV6SOIXGHPN23Q,SAWP5,save-merged-p105.arquivo.pt-20260518164655-TPD2I1A9VW.warc.gz,False,after
2026-05-18T07:28:07+00:00,https://data.nysed.gov/enrollment.php?ethnicity%5B%5D=W&gender%5B%5D=M&instid=800000050976&year=2019,403,text/html,W5X7PCTZONUBA5D45ECV6SOIXGHPN23Q,SAWP5,save-merged-p105.arquivo.pt-20260518164708-YTVQXUB8U4.warc.gz,False,after
2026-05-18T07:28:14+00:00,https://data.nysed.gov/enrollment.php?ethnicity%5B%5D=B&gender%5B%5D=M&instid=800000050976&year=2017,403,text/html,W5X7PCTZONUBA5D45ECV6SOIXGHPN23Q,SAWP5,save-merged-p105.arquivo.pt-20260518164555-3ISIV61GBU.warc.gz,False,after
2026-05-18T07:28:14+00:00,https://data.nysed.gov/enrollment.php?ethnicity%5B%5D=B&gender%5B%5D=M&instid=800000050976&year=2018,403,text/html,W5X7PCTZONUBA5D45ECV6SOIXGHPN23Q,SAWP5,save-merged-p105.arquivo.pt-20260518164655-TPD2I1A9VW.warc.gz,False,after
2026-05-18T07:28:14+00:00,https://data.nysed.gov/enrollment.php?ethnicity%5B%5D=W&gender%5B%5D=M&instid=800000050976&year=2017,403,text/html,W5X7PCTZONUBA5D45ECV6SOIXGHPN23Q,SAWP5,save-merged-p108.arquivo.pt-20260518165525-BRWX2VWFZC.warc.gz,False,after
2026-05-18T07:28:39+00:00,https://data.nysed.gov/enrollment.php?ethnicity%5B%5D=B&gender%5B%5D=M&instid=800000050976&year=2019,403,text/html,W5X7PCTZONUBA5D45ECV6SOIXGHPN23Q,SAWP5,save-merged-p107.arquivo.pt-20260518165127-5F7C82HZA0.warc.gz,False,after
2026-05-18T07:28:59+00:00,https://data.nysed.gov/enrollment.php?ethnicity%5B%5D=W&gender%5B%5D=M&instid=800000050976&year=2017,200,text/html,MZSZAWDZKVG5MLTUPNHMBGDMMRO6BI4T,SAWP5,save-merged-p107.arquivo.pt-20260518165127-5F7C82HZA0.warc.gz,False,after
2026-05-18T07:29:32+00:00,https://data.nysed.gov/enrollment.php?ethnicity%5B%5D=W&gender%5B%5D=M&instid=800000050976&year=2017,200,text/html,H44ZRNK7CT2BYRH34M2XNZ3DNK7JQUAZ,SAWP5,save-merged-p107.arquivo.pt-20260518165127-5F7C82HZA0.warc.gz,False,after
2026-05-18T07:29:33+00:00,https://data.nysed.gov/enrollment.php?ethnicity%5B%5D=W&gender%5B%5D=M&instid=800000050976&year=2019,403,text/html,W5X7PCTZONUBA5D45ECV6SOIXGHPN23Q,SAWP5,save-merged-p108.arquivo.pt-20260518165525-BRWX2VWFZC.warc.gz,False,after
2026-05-18T07:29:48+00:00,https://data.nysed.gov/enrollment.php?ethnicity%5B%5D=W&gender%5B%5D=M&instid=800000050976&year=2019,403,text/html,W5X7PCTZONUBA5D45ECV6SOIXGHPN23Q,SAWP5,save-merged-p107.arquivo.pt-20260518165127-5F7C82HZA0.warc.gz,False,after
2026-05-18T07:30:41+00:00,https://data.nysed.gov/enrollment.php?year=2019&instid=800000050976&gender%5B%5D=M&ethnicity%5B%5D=W,200,text/html,THWCOAGCAYGEIJRKJBJAI4G6AL2YQKWF,SAWP5,save-merged-p107.arquivo.pt-20260518165127-5F7C82HZA0.warc.gz,False,after
2026-05-18T07:30:43+00:00,https://data.nysed.gov/enrollment.php?year=2019&instid=800000050976&gender%5B%5D=M&ethnicity%5B%5D=W,200,text/html,IPDZXWVYFMZZZW2SNH66RZF42LY7UOHB,SAWP5,save-merged-p107.arquivo.pt-20260518165127-5F7C82HZA0.warc.gz,False,after
2026-05-18T07:30:50+00:00,https://data.nysed.gov/enrollment.php?year=2019&instid=800000050976&gender%5B%5D=M&ethnicity%5B%5D=W,200,text/html,MT6CREDTPV7PJK6BCLV45S7HL6JNEUR3,SAWP5,save-merged-p107.arquivo.pt-20260518165122-VFYMQJTJR4.warc.gz,False,after
2026-05-18T07:30:52+00:00,https://data.nysed.gov/enrollment.php?year=2019&instid=800000050976&gender%5B%5D=M&ethnicity%5B%5D=W,200,text/html,4YYUMEKTL7V7JKQQOXKCHXJQC66PDZK2,SAWP5,save-merged-p107.arquivo.pt-20260518165127-5F7C82HZA0.warc.gz,False,after
2026-05-18T07:30:57+00:00,https://data.nysed.gov/enrollment.php?year=2019&instid=800000050976&gender%5B%5D=M&ethnicity%5B%5D=W,200,text/html,4OP6FQ24PVDKMB23EBQ2WQWY3KGPG67J,SAWP5,save-merged-p107.arquivo.pt-20260518165127-5F7C82HZA0.warc.gz,False,after
2026-05-18T07:31:00+00:00,https://data.nysed.gov/enrollment.php?year=2019&instid=800000050976&gender%5B%5D=M&ethnicity%5B%5D=W,200,text/html,QTUTAVYVCMDJWYQ6KRQFQA3QJN7VRWI4,SAWP5,save-merged-p107.arquivo.pt-20260518165127-5F7C82HZA0.warc.gz,False,after
2026-05-18T07:31:08+00:00,https://data.nysed.gov/enrollment.php?year=2018%26instid=800000050976%26gender%255B%255D=M,200,text/html,W6MWL6QT67JPDD5JJGKQSFKEWJP4AWDF,SAWP5,save-merged-p107.arquivo.pt-20260518165127-5F7C82HZA0.warc.gz,False,after
2026-05-18T07:31:16+00:00,https://data.nysed.gov/enrollment.php?year=2019&instid=800000050976&gender%5B%5D=M&ethnicity%5B%5D=W,200,text/html,XQREMX4MS6MBL72LLRQRSYSWCTOVXIZL,SAWP5,save-merged-p105.arquivo.pt-20260518164713-UQZMDVH4G2.warc.gz,False,after
2026-05-18T07:31:53+00:00,https://data.nysed.gov/enrollment.php?ethnicity%5B%5D=W&gender%5B%5D=M&instid=800000050976&year=2019,403,text/html,W5X7PCTZONUBA5D45ECV6SOIXGHPN23Q,SAWP5,save-merged-p105.arquivo.pt-20260518164546-RXXT8H0YC0.warc.gz,False,after
2026-05-18T07:32:21+00:00,https://data.nysed.gov/enrollment.php?ethnicity%5B%5D=W&gender%5B%5D=M&instid=800000050976&year=2019,403,text/html,W5X7PCTZONUBA5D45ECV6SOIXGHPN23Q,SAWP5,save-merged-p105.arquivo.pt-20260518164708-YTVQXUB8U4.warc.gz,False,after
2026-05-18T07:32:54+00:00,https://data.nysed.gov/enrollment.php?year=2018%26instid=800000050976%26gender%255B%255D=M,200,text/html,RI3FXS5WWBOWPFOLFHJEXFGFXGT4F5TJ,SAWP5,save-merged-p107.arquivo.pt-20260518165127-5F7C82HZA0.warc.gz,False,after
2026-05-18T07:33:49+00:00,https://data.nysed.gov/,403,text/html,W5X7PCTZONUBA5D45ECV6SOIXGHPN23Q,SAWP5,save-merged-p105.arquivo.pt-20260518164546-RXXT8H0YC0.warc.gz,False,after
2026-05-18T07:34:57+00:00,https://data.nysed.gov/enrollment.php?year=2018&instid=800000050976&gender%5B%5D=M&x=/,200,text/html,VR53GV6H6QLBVM6X3HJEJ3LQ33DUQMZZ,SAWP5,save-merged-p107.arquivo.pt-20260518165127-5F7C82HZA0.warc.gz,False,after
2026-05-18T07:36:53+00:00,http://data.nysed.gov/,301,text/html,HLNR6AWVWYCU3YAENY3HYHLIPNWN66X7,SAWP5,save-merged-p107.arquivo.pt-20260518165127-5F7C82HZA0.warc.gz,False,after
2026-05-18T07:36:57+00:00,https://data.nysed.gov./,200,text/html,V6K2B6PSETTAARYS6NSSR77TWY5GXUCS,SAWP5,save-merged-p107.arquivo.pt-20260518165127-5F7C82HZA0.warc.gz,False,after
2026-05-18T07:37:14+00:00,https://DATA.NYSED.GOV/,200,text/html,PJX32AOBEAGXSLPQ6ZSEATMIXVBA3J4B,SAWP5,save-merged-p107.arquivo.pt-20260518165127-5F7C82HZA0.warc.gz,False,after
2026-05-18T07:37:22+00:00,https://data.nysed.gov:443/,200,text/html,PJX32AOBEAGXSLPQ6ZSEATMIXVBA3J4B,SAWP5,save-merged-p107.arquivo.pt-20260518165127-5F7C82HZA0.warc.gz,False,after
2026-05-18T07:38:04+00:00,https://data.nysed.gov/enrollment.php?ethnicity%5B%5D=B&gender%5B%5D=M&instid=800000050976&year=2018,403,text/html,W5X7PCTZONUBA5D45ECV6SOIXGHPN23Q,SAWP5,save-merged-p105.arquivo.pt-20260518164713-UQZMDVH4G2.warc.gz,False,after
2026-05-18T07:38:05+00:00,https://data.nysed.gov./enrollment.php?year=2019&instid=800000050976&gender%5B%5D=M&ethnicity%5B%5D=W,200,text/html,ZKDZTXXGN5W7CYKGHUZDYGBQDSOTDVL7,SAWP5,save-merged-p107.arquivo.pt-20260518165127-5F7C82HZA0.warc.gz,False,after
2026-05-18T07:38:07+00:00,https://DATA.NYSED.GOV/enrollment.php?year=2019&instid=800000050976&gender%5B%5D=M&ethnicity%5B%5D=W,200,text/html,C3ORWPLF5UQZDNQGQE3SVSIZYO6UXFX6,SAWP5,save-merged-p107.arquivo.pt-20260518165127-5F7C82HZA0.warc.gz,False,after
2026-05-18T07:38:08+00:00,https://DATA.NYSED.GOV/enrollment.php?year=2019&instid=800000050976&gender%5B%5D=M&ethnicity%5B%5D=W,200,text/html,FX2SRSL62XFJ3FOWPVL2MOF5VU3YAN22,SAWP5,save-merged-p107.arquivo.pt-20260518165127-5F7C82HZA0.warc.gz,False,after
2026-05-18T07:38:28+00:00,https://data.nysed.gov:443/enrollment.php?year=2019&instid=800000050976&gender%5B%5D=M&ethnicity%5B%5D=W,200,text/html,3IZIB6RKYAHIGWTV56CWDW237Y53KOUM,SAWP5,save-merged-p107.arquivo.pt-20260518165127-5F7C82HZA0.warc.gz,False,after
2026-05-18T07:41:15+00:00,https://data.nysed.gov/enrollment.php?year=2019&instid=800000050976&gender%5B%5D=M&ethnicity%5B%5D=B,200,text/html,UNYSIQZQAJ3GJNE7X6JCLSCL75HIUXFB,SAWP5,save-merged-p107.arquivo.pt-20260518165122-VFYMQJTJR4.warc.gz,False,after
2026-05-18T07:44:10+00:00,https://data.nysed.gov/enrollment.php?ethnicity%5B%5D=W&gender%5B%5D=M&instid=800000050976&year=2017,200,text/html,TZUR5XGBTZ47I5YFM5GIRMDWTXZTHRHJ,SAWP5,save-merged-p107.arquivo.pt-20260518165127-5F7C82HZA0.warc.gz,False,after
2026-05-18T07:48:42+00:00,https://data.nysed.gov/enrollment.php?ethnicity%5B%5D=B%26gender%5B%5D=M%26instid=800000050976%26year=2019,200,text/html,6ZPHFGQ2IH2UO7YPJ3WEFJDXZSZH5ITD,SAWP5,save-merged-p107.arquivo.pt-20260518165127-5F7C82HZA0.warc.gz,False,after
2026-05-18T07:48:44+00:00,https://data.nysed.gov/enrollment.php?ethnicity%5B%5D=B%26gender%5B%5D=M%26instid=800000050976%26year=2019,200,text/html,PD22WV4I7LMHYC4DMNNOUQAOVRXAMVU4,SAWP5,save-merged-p107.arquivo.pt-20260518165127-5F7C82HZA0.warc.gz,False,after
2026-05-18T07:49:26+00:00,https://data.nysed.gov/enrollment.php?ethnicity%5B%5D=B%26gender%5B%5D=M%26instid=800000050976%26year=2019,200,text/html,HPTNNBBV4JDV5B7XBNTSQDADOB3ODN6J,SAWP5,save-merged-p107.arquivo.pt-20260518165127-5F7C82HZA0.warc.gz,False,after
2026-05-18T07:50:58+00:00,https://data.nysed.gov/enrollment.php?ethnicity%5B%5D=W&gender%5B%5D=M&instid=800000050976&year=2017,403,text/html,W5X7PCTZONUBA5D45ECV6SOIXGHPN23Q,SAWP5,save-merged-p105.arquivo.pt-20260518164713-UQZMDVH4G2.warc.gz,False,after
2026-05-18T07:51:56+00:00,https://data.nysed.gov/enrollment.php?ethnicity%5B%5D=B%26gender%5B%5D=M%26instid=800000050976%26year=2019,200,text/html,APPEMZPY7SH3VYMSO3UEE6D2CDVLL4FY,SAWP5,save-merged-p108.arquivo.pt-20260518165507-M9WEGD46AY.warc.gz,False,after
2026-05-18T07:54:04+00:00,https://data.nysed.gov/enrollment.php?ethnicity%5B%5D=B&gender%5B%5D=M&instid=800000050976&year=2019,200,text/html,HF7KMSDTNWPLDV3SMERBL57OMJQGLYRF,SAWP5,save-merged-p107.arquivo.pt-20260518165127-5F7C82HZA0.warc.gz,False,after
2026-05-18T08:04:11+00:00,https://data.nysed.gov/enrollment.php?ethnicity%5B%5D=B&gender%5B%5D=M&instid=800000050976&year=2017,403,text/html,W5X7PCTZONUBA5D45ECV6SOIXGHPN23Q,SAWP5,save-merged-p105.arquivo.pt-20260518164713-UQZMDVH4G2.warc.gz,False,after
2026-05-18T08:04:11+00:00,https://data.nysed.gov/enrollment.php?ethnicity%5B%5D=B&gender%5B%5D=M&instid=800000050976&year=2018,403,text/html,W5X7PCTZONUBA5D45ECV6SOIXGHPN23Q,SAWP5,save-merged-p105.arquivo.pt-20260518164713-UQZMDVH4G2.warc.gz,False,after
2026-05-18T08:04:11+00:00,https://data.nysed.gov/enrollment.php?ethnicity%5B%5D=W&gender%5B%5D=M&instid=800000050976&year=2017,403,text/html,W5X7PCTZONUBA5D45ECV6SOIXGHPN23Q,SAWP5,save-merged-p105.arquivo.pt-20260518164713-UQZMDVH4G2.warc.gz,False,after
2026-05-18T08:10:58+00:00,https://data.nysed.gov/enrollment.php?ethnicity%5B%5D=B&gender%5B%5D=M&instid=800000050976&year=2018,403,text/html,W5X7PCTZONUBA5D45ECV6SOIXGHPN23Q,SAWP5,save-merged-p105.arquivo.pt-20260518164713-UQZMDVH4G2.warc.gz,False,after
2026-05-18T08:19:27+00:00,https://data.nysed.gov/enrollment.php?ethnicity%5B%5D=B&gender%5B%5D=M&instid=800000050976&year=2019,200,text/html,JWD7YAXEFISWZ3IDOG6BMJ6HHSO2SGJQ,SAWP5,save-merged-p107.arquivo.pt-20260518165127-5F7C82HZA0.warc.gz,False,after
2026-05-18T08:19:30+00:00,https://data.nysed.gov/enrollment.php?ethnicity%5B%5D=B&gender%5B%5D=M&instid=800000050976&year=2019,200,text/html,MTNSBMOJYIVZFJ3YAHCTNLOSEUSFW5M7,SAWP5,save-merged-p107.arquivo.pt-20260518165127-5F7C82HZA0.warc.gz,False,after
2026-05-18T08:24:12+00:00,https://data.nysed.gov/enrollment.php?ethnicity%5B%5D=B&gender%5B%5D=M&instid=800000050976&year=2019,403,text/html,W5X7PCTZONUBA5D45ECV6SOIXGHPN23Q,SAWP5,save-merged-p105.arquivo.pt-20260518164713-UQZMDVH4G2.warc.gz,False,after
2026-05-18T08:24:46+00:00,https://data.nysed.gov/enrollment.php?ethnicity%5B%5D=B&gender%5B%5D=M&instid=800000050976&year=2019,403,text/html,W5X7PCTZONUBA5D45ECV6SOIXGHPN23Q,SAWP5,save-merged-p105.arquivo.pt-20260518164713-UQZMDVH4G2.warc.gz,False,after
2026-05-18T08:28:58+00:00,https://data.nysed.gov//enrollment.php?ethnicity%5B%5D=W&gender%5B%5D=M&instid=800000050976&year=2017,403,text/html,W5X7PCTZONUBA5D45ECV6SOIXGHPN23Q,SAWP5,save-merged-p108.arquivo.pt-20260518165507-M9WEGD46AY.warc.gz,False,after
2026-05-18T08:31:39+00:00,https://data.nysed.gov/enrollment.php?ethnicity%5B%5D=B%26gender%5B%5D=M%26instid=800000050976%26year=2019,200,text/html,DYVYGYJ32IEMPDJ7BZEK2TEER5M67PQ5,SAWP5,save-merged-p108.arquivo.pt-20260518165525-BRWX2VWFZC.warc.gz,False,after
2026-05-18T08:34:02+00:00,https://data.nysed.gov//enrollment.php?ethnicity%5B%5D=W&gender%5B%5D=M&instid=800000050976&year=2017,403,text/html,W5X7PCTZONUBA5D45ECV6SOIXGHPN23Q,SAWP5,save-merged-p105.arquivo.pt-20260518164713-UQZMDVH4G2.warc.gz,False,after
2026-05-18T08:47:15+00:00,https://data.nysed.gov/enrollment.php?ethnicity%5B%5D=W&gender%5B%5D=M&instid=800000050976&year=2017,403,text/html,W5X7PCTZONUBA5D45ECV6SOIXGHPN23Q,SAWP5,save-merged-p105.arquivo.pt-20260518164713-UQZMDVH4G2.warc.gz,False,after
2026-05-18T08:59:14+00:00,https://data.nysed.gov/enrollment.php?year=2018&instid=800000050976&gender%5B%5D=M,200,text/html,NS7GP2CDCERLI5OWCGDEEAABOZY63IMZ,SAWP5,save-merged-p107.arquivo.pt-20260518165127-5F7C82HZA0.warc.gz,False,after
2026-05-18T09:00:35+00:00,https://data.nysed.gov/enrollment.php?ethnicity%5B%5D=W&gender%5B%5D=M&instid=800000050976&year=2017,403,text/html,W5X7PCTZONUBA5D45ECV6SOIXGHPN23Q,SAWP5,save-merged-p105.arquivo.pt-20260518164713-UQZMDVH4G2.warc.gz,False,after
2026-05-18T09:00:38+00:00,https://data.nysed.gov//enrollment.php?ethnicity%5B%5D=W&gender%5B%5D=M&instid=800000050976&year=2017,403,text/html,W5X7PCTZONUBA5D45ECV6SOIXGHPN23Q,SAWP5,save-merged-p105.arquivo.pt-20260518164713-UQZMDVH4G2.warc.gz,False,after
2026-05-18T09:04:08+00:00,https://data.nysed.gov/enrollment.php?ethnicity%5B%5D=W&gender%5B%5D=M&instid=800000050976&year=2019,403,text/html,W5X7PCTZONUBA5D45ECV6SOIXGHPN23Q,SAWP5,save-merged-p105.arquivo.pt-20260518164713-UQZMDVH4G2.warc.gz,False,after
2026-05-18T09:04:31+00:00,https://data.nysed.gov/enrollment.php?ethnicity%5B%5D=W&gender%5B%5D=M&instid=800000050976&year=2017,403,text/html,W5X7PCTZONUBA5D45ECV6SOIXGHPN23Q,SAWP5,save-merged-p105.arquivo.pt-20260518164713-UQZMDVH4G2.warc.gz,False,after
2026-05-18T09:05:05+00:00,https://data.nysed.gov/enrollment.php?ethnicity%5B%5D=W&gender%5B%5D=M&instid=800000050976&year=2017,403,text/html,W5X7PCTZONUBA5D45ECV6SOIXGHPN23Q,SAWP5,save-merged-p108.arquivo.pt-20260518165525-BRWX2VWFZC.warc.gz,False,after
2026-05-18T09:05:06+00:00,https://data.nysed.gov/enrollment.php?ethnicity%5B%5D=W&gender%5B%5D=M&instid=800000050976&year=2017,403,text/html,W5X7PCTZONUBA5D45ECV6SOIXGHPN23Q,SAWP5,save-merged-p105.arquivo.pt-20260518164713-UQZMDVH4G2.warc.gz,False,after
2026-05-18T09:12:50+00:00,https://data.nysed.gov/enrollment.php?ethnicity%5B%5D=W&gender%5B%5D=M&instid=800000050976&year=2017,200,text/html,54YZCTL6WSQGEN23BWMCMWP4QZS2HIF5,SAWP5,save-merged-p107.arquivo.pt-20260518165127-5F7C82HZA0.warc.gz,False,after
2026-05-18T09:21:15+00:00,https://data.nysed.gov:443/enrollment.php?year=2019&instid=800000050976&gender%5B%5D=M&ethnicity%5B%5D=B&x=newhost2,200,text/html,ONVLTHJPSPQ56QT6OF4E24USPJST4E4R,SAWP5,save-merged-p106.arquivo.pt-20260518165344-UVNPPW4WVJ.warc.gz,False,after
2026-05-18T09:21:41+00:00,https://data.nysed.gov/enrollment.php?ethnicity%5B%5D=W&gender%5B%5D=M&instid=800000050976&year=2019,403,text/html,W5X7PCTZONUBA5D45ECV6SOIXGHPN23Q,SAWP5,save-merged-p108.arquivo.pt-20260518165525-BRWX2VWFZC.warc.gz,False,after
2026-05-18T09:32:11+00:00,https://data.nysed.gov/enrollment.php?ethnicity%5B%5D=W&gender%5B%5D=M&instid=800000050976&year=2017,403,text/html,W5X7PCTZONUBA5D45ECV6SOIXGHPN23Q,SAWP5,save-merged-p108.arquivo.pt-20260518165525-BRWX2VWFZC.warc.gz,False,after
2026-05-18T09:33:39+00:00,https://data.nysed.gov/enrollment.php?ethnicity%5B%5D=W&gender%5B%5D=M&instid=800000050976&year=2017,200,text/html,JSVCTPTR7VXLWX4FBLV3UZXBH5JOMS5G,SAWP5,save-merged-p107.arquivo.pt-20260518165127-5F7C82HZA0.warc.gz,False,after
2026-05-18T09:39:31+00:00,https://data.nysed.gov/enrollment.php?year=2019&instid=800000050976&gender%5B%5D=M&ethnicity%5B%5D=B,200,text/html,5NS7QOSJIFWUX7UHWBMD4O5RXJS6QSR6,SAWP5,save-merged-p107.arquivo.pt-20260518165127-5F7C82HZA0.warc.gz,False,after
2026-05-18T09:39:34+00:00,https://data.nysed.gov/enrollment.php?year=2019&instid=800000050976&gender%5B%5D=M&ethnicity%5B%5D=B,200,text/html,VM43LSJQNQMJQVQNJ73J47DQCVZZQ7K7,SAWP5,save-merged-p106.arquivo.pt-20260518165344-UVNPPW4WVJ.warc.gz,False,after
2026-05-18T09:40:37+00:00,https://data.nysed.gov/enrollment.php?ethnicity%5B%5D=W&gender%5B%5D=M&instid=800000050976&year=2017,403,text/html,W5X7PCTZONUBA5D45ECV6SOIXGHPN23Q,SAWP5,save-merged-p108.arquivo.pt-20260518165525-BRWX2VWFZC.warc.gz,False,after
2026-05-18T09:40:58+00:00,https://data.nysed.gov/enrollment.php?ethnicity%5B%5D=W&gender%5B%5D=M&instid=800000050976&year=2017,403,text/html,W5X7PCTZONUBA5D45ECV6SOIXGHPN23Q,SAWP5,save-merged-p108.arquivo.pt-20260518165525-BRWX2VWFZC.warc.gz,False,after
2026-05-18T09:44:18+00:00,https://data.nysed.gov/enrollment.php?ethnicity%5B%5D=W&gender%5B%5D=M&instid=800000050976&year=2017,403,text/html,W5X7PCTZONUBA5D45ECV6SOIXGHPN23Q,SAWP5,save-merged-p105.arquivo.pt-20260518164713-UQZMDVH4G2.warc.gz,False,after
2026-05-18T09:44:19+00:00,https://data.nysed.gov/enrollment.php?ethnicity%5B%5D=W&gender%5B%5D=M&instid=800000050976&year=2017,403,text/html,W5X7PCTZONUBA5D45ECV6SOIXGHPN23Q,SAWP5,save-merged-p105.arquivo.pt-20260518164713-UQZMDVH4G2.warc.gz,False,after
2026-05-18T09:44:55+00:00,https://data.nysed.gov/enrollment.php?ethnicity%5B%5D=B&gender%5B%5D=M&instid=800000050976&year=2019,200,text/html,GRKRGK6XLO4KP4ZRKKO5N54ZD36LYLN2,SAWP5,save-merged-p107.arquivo.pt-20260518165127-5F7C82HZA0.warc.gz,False,after
2026-05-18T09:45:42+00:00,https://data.nysed.gov/enrollment.php?ethnicity%5B%5D=B&gender%5B%5D=M&instid=800000050976&year=2019,403,text/html,W5X7PCTZONUBA5D45ECV6SOIXGHPN23Q,SAWP5,save-merged-p105.arquivo.pt-20260518164713-UQZMDVH4G2.warc.gz,False,after
2026-05-18T09:50:52+00:00,https://data.nysed.gov/enrollment.php?year=2019&instid=800000050976&gender[]=M&ethnicity[]=B&x=/,200,text/html,BUDRQEMU5FNWQDOEY2BRPF4ZMIMAB5SV,SAWP5,save-merged-p106.arquivo.pt-20260518165344-UVNPPW4WVJ.warc.gz,False,after
2026-05-18T09:51:39+00:00,https://data.nysed.gov/enrollment.php?year=2018&instid=800000050976&gender%5B%5D=M&x=James%20Davis,200,text/html,X25NOZGXEIOMDBUVQH6PV6YUYVE23JMF,SAWP5,save-merged-p107.arquivo.pt-20260518165127-5F7C82HZA0.warc.gz,False,after
2026-05-18T09:51:58+00:00,https://data.nysed.gov/enrollment.php?year=2019%26instid=800000050976%26gender%5B%5D=M%26ethnicity%5B%5D=B%26x=/,200,text/html,4MQ47WGKN7U3YDNOT55YGDZTZZBXZPEC,SAWP5,save-merged-p106.arquivo.pt-20260518165344-UVNPPW4WVJ.warc.gz,False,after
2026-05-18T09:53:33+00:00,https://data.nysed.gov/enrollment.php?year=2019&instid=800000050976&gender%5B%5D=M&ethnicity%5B%5D=B&x=/,200,text/html,5AWGBFQFCH63FHHCX2BVN6QKM3HTA5WF,SAWP5,save-merged-p106.arquivo.pt-20260518165344-UVNPPW4WVJ.warc.gz,False,after
2026-05-18T09:54:36+00:00,https://data.nysed.gov/enrollment.php?ethnicity%5B%5D=W&gender%5B%5D=M&instid=800000050976&year=2017,200,text/html,7ZZ2MVYTHMTYE6JV35SV2FE3MPYE4QUM,SAWP5,save-merged-p106.arquivo.pt-20260518165344-UVNPPW4WVJ.warc.gz,False,after
2026-05-18T10:05:25+00:00,https://data.nysed.gov/enrollment.php?year=2019&instid=800000050976&gender%5B%5D=M&ethnicity%5B%5D=B&x=/,200,text/html,DCPTWZKM47DDXNOMI7ZLXF2JU4R2VY5Q,SAWP5,save-merged-p107.arquivo.pt-20260518165127-5F7C82HZA0.warc.gz,False,after
2026-05-18T10:05:27+00:00,https://data.nysed.gov/enrollment.php?year=2019&instid=800000050976&gender%5B%5D=M&ethnicity%5B%5D=B&x=/,200,text/html,EBPADV5OBYP42TAAQTOFFEQEFDIP6L24,SAWP5,save-merged-p107.arquivo.pt-20260518165127-5F7C82HZA0.warc.gz,False,after
2026-05-18T10:06:58+00:00,https://data.nysed.gov/enrollment.php?year=2019%26instid=800000050976%26gender%5B%5D=M%26ethnicity%5B%5D=B%26x=%2F,200,text/html,77JSWROMNWBOBWQ3NAYCVMYDAD6UQQZ7,SAWP5,save-merged-p107.arquivo.pt-20260518165127-5F7C82HZA0.warc.gz,False,after
2026-05-18T10:11:40+00:00,https://data.nysed.gov/enrollment.php?year=2017&instid=800000050976&gender%5B%5D=M&ethnicity%5B%5D=W,200,text/html,XGP32R7TUHDCLGG72ZZJURJILR6K7KEB,SAWP5,save-merged-p107.arquivo.pt-20260518165127-5F7C82HZA0.warc.gz,False,after
2026-05-18T10:12:46+00:00,https://data.nysed.gov/enrollment.php?year=2017%26instid=800000050976%26gender%5B%5D=M%26x=%2F,200,text/html,RYJCOTO4XDVG6BXSBGDFAO7MS2RFCVGX,SAWP5,save-merged-p107.arquivo.pt-20260518165127-5F7C82HZA0.warc.gz,False,after
2026-05-18T10:12:49+00:00,https://data.nysed.gov/enrollment.php?year=2017&instid=800000050976&gender%5B%5D=M&x=/,200,text/html,WNQABR3245DNSXHAN65P5PD4VWYGKJQF,SAWP5,save-merged-p107.arquivo.pt-20260518165127-5F7C82HZA0.warc.gz,False,after
2026-05-18T10:22:08+00:00,https://data.nysed.gov/enrollment.php?ethnicity%5B%5D=B&gender%5B%5D=M&instid=800000050976&x=/&year=2019,403,text/html,W5X7PCTZONUBA5D45ECV6SOIXGHPN23Q,SAWP5,save-merged-p108.arquivo.pt-20260518165525-BRWX2VWFZC.warc.gz,False,after
2026-05-18T10:24:12+00:00,https://data.nysed.gov/enrollment.php?ethnicity%5B%5D=B&gender%5B%5D=M&instid=800000050976&x=/&year=2019,403,text/html,W5X7PCTZONUBA5D45ECV6SOIXGHPN23Q,SAWP5,save-merged-p108.arquivo.pt-20260518165525-BRWX2VWFZC.warc.gz,False,after
2026-05-18T10:44:32+00:00,https://data.nysed.gov/enrollment.php?ethnicity%5B%5D=W&gender%5B%5D=M&instid=800000050976&year=2017,403,text/html,W5X7PCTZONUBA5D45ECV6SOIXGHPN23Q,SAWP5,save-merged-p107.arquivo.pt-20260518165127-5F7C82HZA0.warc.gz,False,after
2026-05-19T08:41:12+00:00,https://data.nysed.gov/enrollment.php?year=2017&instid=800000050976&gender%5B%5D=M&ethnicity%5B%5D=W,403,text/html,6B2PDXS5YIAFUGZLLMQ6DI6HPIHKS222,SAWP5,save-merged-p106.arquivo.pt-20260519165035-IVILZFODOY.warc.gz,False,after
2026-05-20T08:43:23+00:00,https://data.nysed.gov/enrollment.php?year=2017&instid=800000050976&gender%5B%5D=M&ethnicity%5B%5D=W,403,text/html,6B2PDXS5YIAFUGZLLMQ6DI6HPIHKS222,SAWP5,save-merged-p107.arquivo.pt-20260520164822-KI68C615E5.warc.gz,False,after
2026-05-20T09:10:19+00:00,https://data.nysed.gov/enrollment.php?year=2017&instid=800000050976&gender%5B%5D=M&ethnicity%5B%5D=W,403,text/html,6B2PDXS5YIAFUGZLLMQ6DI6HPIHKS222,SAWP5,save-merged-p107.arquivo.pt-20260520164822-KI68C615E5.warc.gz,False,after
