iso_ts,url,status,mime,digest,collection,filename,in_incident_window,out_window_side
2026-06-16T09:14:25+00:00,https://apps.bea.gov/regionalcore/data/appinfo,200,text/plain,GV5JZFTZQVZUFSKI6SEKUT2PZVKIPUHP,SAWP5,save-merged-p107.arquivo.pt-20260616164858-1XYS5LJX8E.warc.gz,True,
2026-06-16T09:15:04+00:00,https://apps.bea.gov/regionalcore/data/appinfo,200,text/plain,GV5JZFTZQVZUFSKI6SEKUT2PZVKIPUHP,SAWP5,save-merged-p106.arquivo.pt-20260616165002-F43JHOV32L.warc.gz,True,
2026-06-16T09:15:06+00:00,https://apps.bea.gov/regionalcore/data/appinfo,200,text/plain,GV5JZFTZQVZUFSKI6SEKUT2PZVKIPUHP,SAWP5,save-merged-p106.arquivo.pt-20260616165002-F43JHOV32L.warc.gz,True,
2026-06-16T09:15:09+00:00,https://apps.bea.gov/regionalcore/data/appinfo,200,text/plain,GV5JZFTZQVZUFSKI6SEKUT2PZVKIPUHP,SAWP5,save-merged-p106.arquivo.pt-20260616164958-8NV4FS7YX8.warc.gz,True,
2026-06-16T09:15:11+00:00,https://apps.bea.gov/regionalcore/data/appinfo,200,text/plain,GV5JZFTZQVZUFSKI6SEKUT2PZVKIPUHP,SAWP5,save-merged-p108.arquivo.pt-20260616165312-73WGWZ9BK4.warc.gz,True,
2026-06-16T09:17:30+00:00,https://apps.bea.gov/regionalcore/data/ChartData?fips=51000&year=2023&mtype=3,200,text/plain,ON5BPCTHPYTZAZS77DQF4QDNUNCWAMDI,SAWP5,save-merged-p105.arquivo.pt-20260616164707-50B9C458E3.warc.gz,True,
2026-06-16T09:17:33+00:00,https://apps.bea.gov/regionalcore/data/ChartData?fips=51000&year=2023&mtype=3,200,text/plain,ON5BPCTHPYTZAZS77DQF4QDNUNCWAMDI,SAWP5,save-merged-p107.arquivo.pt-20260616164850-YAYRZKBHRM.warc.gz,True,
2026-06-16T09:20:57+00:00,https://apps.bea.gov/regionalcore/data/ChartData?fips=56000&year=2023&mtype=3,200,text/plain,BI4PVSPV2T3XDWWRV6VCARQHZDBNDLNQ,SAWP5,save-merged-p108.arquivo.pt-20260616165312-73WGWZ9BK4.warc.gz,True,
2026-06-16T09:21:00+00:00,https://apps.bea.gov/regionalcore/data/ChartData?fips=55000&year=2023&mtype=3,200,text/plain,ZOQT3GA2I6G3LMDMD3MQWM6O7RUAA54R,SAWP5,save-merged-p106.arquivo.pt-20260616165012-OBU1STJKNK.warc.gz,True,
2026-06-16T09:21:02+00:00,https://apps.bea.gov/regionalcore/data/ChartData?fips=54000&year=2023&mtype=3,200,text/plain,LP4WBMSP4RVVBMHX6T77ID6WM7ZG6XWQ,SAWP5,save-merged-p107.arquivo.pt-20260616164858-1XYS5LJX8E.warc.gz,True,
2026-06-16T09:21:04+00:00,https://apps.bea.gov/regionalcore/data/ChartData?fips=53000&year=2023&mtype=3,200,text/plain,Z2W3L2C4P4Q5XZDDJUOHL7Q4B6OD3HWZ,SAWP5,save-merged-p106.arquivo.pt-20260616165002-F43JHOV32L.warc.gz,True,
2026-06-16T19:03:55+00:00,https://apps.bea.gov/regionalcore/data/ChartData?fips=56000%26year=2023%26mtype=3,500,unk,3I42H3S6NNFQ2MSVX7XZKYAYSCX5QBYJ,SAWP5,save-merged-p107.arquivo.pt-20260617182324-FT452IXRBG.warc.gz,True,
2026-06-16T19:04:25+00:00,https://apps.bea.gov/regionalcore/data/ChartData?fips=56000%26year=2023%26mtype=3,500,unk,3I42H3S6NNFQ2MSVX7XZKYAYSCX5QBYJ,SAWP5,save-merged-p106.arquivo.pt-20260617192438-FJINHFSR8N.warc.gz,True,
2026-06-16T19:04:26+00:00,https://apps.bea.gov/regionalcore/data/ChartData?fips=56000%26year=2023%26mtype=3,500,unk,3I42H3S6NNFQ2MSVX7XZKYAYSCX5QBYJ,SAWP5,save-merged-p108.arquivo.pt-20260617201704-HLHN7F9FXB.warc.gz,True,
2026-06-16T19:14:22+00:00,https://apps.bea.gov/regionalcore/data/ChartData?fips=01000&year=2023&mtype=3,200,text/plain,EHCFBUWYPKVGT52LSO7SLZU7LOMC4HUF,SAWP5,save-merged-p107.arquivo.pt-20260617182647-0VM22ASYAK.warc.gz,True,
2026-06-16T19:14:24+00:00,https://apps.bea.gov/regionalcore/data/ChartData?fips=01000%26year=2023%26mtype=3,500,unk,3I42H3S6NNFQ2MSVX7XZKYAYSCX5QBYJ,SAWP5,save-merged-p106.arquivo.pt-20260617192809-P47GJ4745T.warc.gz,True,
2026-06-16T19:14:26+00:00,https://apps.bea.gov/regionalcore/data/ChartData?fips=01000&year=2023&mtype=3,200,text/plain,EHCFBUWYPKVGT52LSO7SLZU7LOMC4HUF,SAWP5,save-merged-p107.arquivo.pt-20260617182231-UJTP0SRDT3.warc.gz,True,
2026-06-16T19:14:28+00:00,https://apps.bea.gov/regionalcore/data/ChartData?fips=01000&year=2023&mtype=3,200,text/plain,EHCFBUWYPKVGT52LSO7SLZU7LOMC4HUF,SAWP5,save-merged-p106.arquivo.pt-20260617192008-YS0BDTNLW5.warc.gz,True,
2026-06-16T19:15:38+00:00,https://apps.bea.gov/regionalcore/data/ChartData?fips=01000&year=2023&mtype=3,200,text/plain,EHCFBUWYPKVGT52LSO7SLZU7LOMC4HUF,SAWP5,save-merged-p108.arquivo.pt-20260617201704-HLHN7F9FXB.warc.gz,True,
2026-06-16T19:15:40+00:00,https://apps.bea.gov/regionalcore/data/ChartData?fips=01000&year=2023&mtype=3,200,text/plain,EHCFBUWYPKVGT52LSO7SLZU7LOMC4HUF,SAWP5,save-merged-p108.arquivo.pt-20260617201658-F173KOV5US.warc.gz,True,
2026-06-16T19:15:41+00:00,https://apps.bea.gov/regionalcore/data/ChartData?fips=01000&year=2023&mtype=3,200,text/plain,EHCFBUWYPKVGT52LSO7SLZU7LOMC4HUF,SAWP5,save-merged-p108.arquivo.pt-20260617201704-HLHN7F9FXB.warc.gz,True,
2026-06-16T19:17:17+00:00,https://apps.bea.gov/regionalcore/data/ChartData?fips=02000&year=2023&mtype=3,200,text/plain,V7AEGZV2SII3WTQRS5RNPHHM4OCXZBBW,SAWP5,save-merged-p107.arquivo.pt-20260617182324-FT452IXRBG.warc.gz,True,
2026-06-16T19:17:17+00:00,https://apps.bea.gov/regionalcore/data/ChartData?fips=04000&year=2023&mtype=3,200,text/plain,5FUOYYF426XEULENMR3WP4AK6HW4ATI6,SAWP5,save-merged-p107.arquivo.pt-20260617182324-FT452IXRBG.warc.gz,True,
2026-06-16T19:17:17+00:00,https://apps.bea.gov/regionalcore/data/ChartData?fips=05000&year=2023&mtype=3,200,text/plain,BUP5PCR4YLMWJPIUQ6ERDSCKBMH2AOEG,SAWP5,save-merged-p105.arquivo.pt-20260617172421-A7W6Y7AIT4.warc.gz,True,
2026-06-16T19:17:17+00:00,https://apps.bea.gov/regionalcore/data/ChartData?fips=06000&year=2023&mtype=3,200,text/plain,IWYSXAFYRNREGUH7VMI4C5WJHEXX6U33,SAWP5,save-merged-p108.arquivo.pt-20260617201704-HLHN7F9FXB.warc.gz,True,
2026-06-16T19:17:17+00:00,https://apps.bea.gov/regionalcore/data/ChartData?fips=08000&year=2023&mtype=3,200,text/plain,J4RWVQFKOO5OB22PKT75UATAB74XEZBL,SAWP5,save-merged-p106.arquivo.pt-20260617192438-FJINHFSR8N.warc.gz,True,
2026-06-16T19:17:17+00:00,https://apps.bea.gov/regionalcore/data/ChartData?fips=09000&year=2023&mtype=3,200,text/plain,ISOPBJT5FTAFALVWO5D5TRO6G7MEOC26,SAWP5,save-merged-p105.arquivo.pt-20260617172055-ZCV0J1E7UC.warc.gz,True,
2026-06-16T19:17:17+00:00,https://apps.bea.gov/regionalcore/data/ChartData?fips=10000&year=2023&mtype=3,200,text/plain,45AHMLX4LBSCOVK4PE73QVE7I4Y2S6YO,SAWP5,save-merged-p106.arquivo.pt-20260617192809-P47GJ4745T.warc.gz,True,
2026-06-16T19:17:17+00:00,https://apps.bea.gov/regionalcore/data/ChartData?fips=11000&year=2023&mtype=3,200,text/plain,YQJGF7CDW6QYRNY5X2EZYM2OIBPNA3XO,SAWP5,save-merged-p107.arquivo.pt-20260617181905-1KFVGUIQKK.warc.gz,True,
2026-06-16T19:17:17+00:00,https://apps.bea.gov/regionalcore/data/ChartData?fips=12000&year=2023&mtype=3,200,text/plain,BS37Z6QYXBY43E3H6BJ546NCQPZMPOX6,SAWP5,save-merged-p107.arquivo.pt-20260617181905-1KFVGUIQKK.warc.gz,True,
2026-06-16T19:17:18+00:00,https://apps.bea.gov/regionalcore/data/ChartData?fips=13000&year=2023&mtype=3,200,text/plain,IY7WZ257ZUWN3BZD7RDTXWO2YRLYTZJV,SAWP5,save-merged-p107.arquivo.pt-20260617182324-FT452IXRBG.warc.gz,True,
2026-06-16T19:17:18+00:00,https://apps.bea.gov/regionalcore/data/ChartData?fips=16000&year=2023&mtype=3,200,text/plain,E7YUGQQI337M42ZC6APXEQHW7QFOCCCG,SAWP5,save-merged-p107.arquivo.pt-20260617182324-FT452IXRBG.warc.gz,True,
2026-06-16T19:17:19+00:00,https://apps.bea.gov/regionalcore/data/ChartData?fips=15000&year=2023&mtype=3,200,text/plain,75B6UUSGSEXMOQJLBKG7LO74DQJ7K74L,SAWP5,save-merged-p105.arquivo.pt-20260617172421-A7W6Y7AIT4.warc.gz,True,
2026-06-16T19:17:19+00:00,https://apps.bea.gov/regionalcore/data/ChartData?fips=17000&year=2023&mtype=3,200,text/plain,RJH7SZTGMJLMQNZXWUFNB5JQBKWNQ3F2,SAWP5,save-merged-p105.arquivo.pt-20260617172421-A7W6Y7AIT4.warc.gz,True,
2026-06-16T19:17:20+00:00,https://apps.bea.gov/regionalcore/data/ChartData?fips=18000&year=2023&mtype=3,200,text/plain,NV67O4N4QQSE2FTEFIUNI6HXIWH5Q7XE,SAWP5,save-merged-p106.arquivo.pt-20260617191946-W9IG51L4RR.warc.gz,True,
2026-06-16T19:17:20+00:00,https://apps.bea.gov/regionalcore/data/ChartData?fips=19000&year=2023&mtype=3,200,text/plain,TVFZD34Q3MOC4U35AIX2D3XZLIFB66AO,SAWP5,save-merged-p106.arquivo.pt-20260617192819-H6UKOL5KIY.warc.gz,True,
2026-06-16T19:17:20+00:00,https://apps.bea.gov/regionalcore/data/ChartData?fips=20000&year=2023&mtype=3,200,text/plain,3OY5CG4YQ4HSOXAW2ZVZG7Q243ER44AC,SAWP5,save-merged-p107.arquivo.pt-20260617182247-NW4FVP7I19.warc.gz,True,
2026-06-16T19:17:20+00:00,https://apps.bea.gov/regionalcore/data/ChartData?fips=21000&year=2023&mtype=3,200,text/plain,7NWGXAS3GOG5SUM3F33PYIN76NWKCCFK,SAWP5,save-merged-p105.arquivo.pt-20260617172055-ZCV0J1E7UC.warc.gz,True,
2026-06-16T19:17:20+00:00,https://apps.bea.gov/regionalcore/data/ChartData?fips=22000&year=2023&mtype=3,200,text/plain,Q3DDYFTVDVX6FKRUS7WURSMNJ3KD7KXC,SAWP5,save-merged-p106.arquivo.pt-20260617191946-W9IG51L4RR.warc.gz,True,
2026-06-16T19:17:20+00:00,https://apps.bea.gov/regionalcore/data/ChartData?fips=23000&year=2023&mtype=3,200,text/plain,7PSUQ3SHGODF4EREYV4MAJX7BFC5OSZL,SAWP5,save-merged-p105.arquivo.pt-20260617171737-PSG440D7OT.warc.gz,True,
2026-06-16T19:17:20+00:00,https://apps.bea.gov/regionalcore/data/ChartData?fips=24000&year=2023&mtype=3,200,text/plain,7SOLQOBA7YQCNFTEV2VR5P3RTPELRX44,SAWP5,save-merged-p107.arquivo.pt-20260617181905-1KFVGUIQKK.warc.gz,True,
2026-06-16T19:17:20+00:00,https://apps.bea.gov/regionalcore/data/ChartData?fips=25000&year=2023&mtype=3,200,text/plain,64OYP3HMKWFZDRJ7ZYBFA5EFWJY3CPAZ,SAWP5,save-merged-p106.arquivo.pt-20260617192438-FJINHFSR8N.warc.gz,True,
2026-06-16T19:17:20+00:00,https://apps.bea.gov/regionalcore/data/ChartData?fips=26000&year=2023&mtype=3,200,text/plain,ZSA4JMPALYVJCSDFHBZM4Z4VNRFVTM4G,SAWP5,save-merged-p105.arquivo.pt-20260617172421-A7W6Y7AIT4.warc.gz,True,
2026-06-16T19:17:20+00:00,https://apps.bea.gov/regionalcore/data/ChartData?fips=27000&year=2023&mtype=3,200,text/plain,UHJ5H7BWZEC7K2F32T5ROMJECX3Y7BIO,SAWP5,save-merged-p105.arquivo.pt-20260617172421-A7W6Y7AIT4.warc.gz,True,
2026-06-16T19:17:21+00:00,https://apps.bea.gov/regionalcore/data/ChartData?fips=28000&year=2023&mtype=3,200,text/plain,IJTURUEFI6VPR2H4STAT3LQYZGVDFD4C,SAWP5,save-merged-p106.arquivo.pt-20260617192809-P47GJ4745T.warc.gz,True,
2026-06-16T19:17:21+00:00,https://apps.bea.gov/regionalcore/data/ChartData?fips=29000&year=2023&mtype=3,200,text/plain,HJTSWYSSKZS4YDODHUDJYOV5W727TODM,SAWP5,save-merged-p106.arquivo.pt-20260617192438-FJINHFSR8N.warc.gz,True,
2026-06-16T19:17:21+00:00,https://apps.bea.gov/regionalcore/data/ChartData?fips=31000&year=2023&mtype=3,200,text/plain,SAUTRCB522YKNGD4CTPWCTHHHMA4NG2J,SAWP5,save-merged-p106.arquivo.pt-20260617191946-W9IG51L4RR.warc.gz,True,
2026-06-16T19:17:21+00:00,https://apps.bea.gov/regionalcore/data/ChartData?fips=32000&year=2023&mtype=3,200,text/plain,P6ARSWBQQ75DPAGA3ZT27QWOZ5PWZZCR,SAWP5,save-merged-p106.arquivo.pt-20260617191946-W9IG51L4RR.warc.gz,True,
2026-06-16T19:17:21+00:00,https://apps.bea.gov/regionalcore/data/ChartData?fips=34000&year=2023&mtype=3,200,text/plain,O6LGLI6D6YZ32LVM5YIMM6UKWKODQLK6,SAWP5,save-merged-p105.arquivo.pt-20260617171337-NN0HYMZKLX.warc.gz,True,
2026-06-16T19:17:22+00:00,https://apps.bea.gov/regionalcore/data/ChartData?fips=30000&year=2023&mtype=3,200,text/plain,HLWBMHOAE7WLPNU5HTM6PZWFEEQHYJHW,SAWP5,save-merged-p107.arquivo.pt-20260617181905-1KFVGUIQKK.warc.gz,True,
2026-06-16T19:17:22+00:00,https://apps.bea.gov/regionalcore/data/ChartData?fips=33000&year=2023&mtype=3,200,text/plain,5ILHG7QZ7S42EVKSP372VE2NDTW6LIBV,SAWP5,save-merged-p107.arquivo.pt-20260617182240-9Z3A63AWKV.warc.gz,True,
2026-06-16T19:17:22+00:00,https://apps.bea.gov/regionalcore/data/ChartData?fips=35000&year=2023&mtype=3,200,text/plain,CTDETRUYA26EKCLNCZ3VCZQRUQ5VQ6NL,SAWP5,save-merged-p107.arquivo.pt-20260617181905-1KFVGUIQKK.warc.gz,True,
2026-06-16T19:17:22+00:00,https://apps.bea.gov/regionalcore/data/ChartData?fips=36000&year=2023&mtype=3,200,text/plain,CQNYQZEMAB7LMBSEKYVS7LHBRE3ABDS2,SAWP5,save-merged-p106.arquivo.pt-20260617192438-FJINHFSR8N.warc.gz,True,
2026-06-16T19:17:22+00:00,https://apps.bea.gov/regionalcore/data/ChartData?fips=37000&year=2023&mtype=3,200,text/plain,SRLJSU3GJAP35SVDU7TDPJG3ACNJKWHL,SAWP5,save-merged-p105.arquivo.pt-20260617172421-A7W6Y7AIT4.warc.gz,True,
2026-06-16T19:17:22+00:00,https://apps.bea.gov/regionalcore/data/ChartData?fips=38000&year=2023&mtype=3,200,text/plain,2MVMLZGF4AK3OQQNHRXBON7FYZMUVU5H,SAWP5,save-merged-p108.arquivo.pt-20260617201704-HLHN7F9FXB.warc.gz,True,
2026-06-16T19:17:22+00:00,https://apps.bea.gov/regionalcore/data/ChartData?fips=39000&year=2023&mtype=3,200,text/plain,L2UTXGXRYQKHBUJ3VY5U2F7W5CSKY6ZL,SAWP5,save-merged-p106.arquivo.pt-20260617192809-P47GJ4745T.warc.gz,True,
2026-06-16T19:17:23+00:00,https://apps.bea.gov/regionalcore/data/ChartData?fips=40000&year=2023&mtype=3,200,text/plain,HR63GQRJH5LHMVQ3FJ676UJWJTOW2OZA,SAWP5,save-merged-p108.arquivo.pt-20260617201658-F173KOV5US.warc.gz,True,
2026-06-16T19:17:23+00:00,https://apps.bea.gov/regionalcore/data/ChartData?fips=41000&year=2023&mtype=3,200,text/plain,ZR4KBGSN3TPMKI43WEB3VVZMVN4DDN76,SAWP5,save-merged-p108.arquivo.pt-20260617201704-HLHN7F9FXB.warc.gz,True,
2026-06-16T19:17:23+00:00,https://apps.bea.gov/regionalcore/data/ChartData?fips=42000&year=2023&mtype=3,200,text/plain,2XDQFNBK2QQPIPYMCCYRWYORMQLOCANP,SAWP5,save-merged-p108.arquivo.pt-20260617201704-HLHN7F9FXB.warc.gz,True,
2026-06-16T19:17:23+00:00,https://apps.bea.gov/regionalcore/data/ChartData?fips=44000&year=2023&mtype=3,200,text/plain,NLZOZJVNIL6NNJ5NBU5NV46HT4SMJ4CF,SAWP5,save-merged-p106.arquivo.pt-20260617192809-P47GJ4745T.warc.gz,True,
2026-06-16T19:17:23+00:00,https://apps.bea.gov/regionalcore/data/ChartData?fips=45000&year=2023&mtype=3,403,text/html,KRBHOSQFYMESZYKVWMW6AGQWKFNTGW4M,SAWP5,save-merged-p105.arquivo.pt-20260617172421-A7W6Y7AIT4.warc.gz,True,
2026-06-16T19:17:23+00:00,https://apps.bea.gov/regionalcore/data/ChartData?fips=46000&year=2023&mtype=3,200,text/plain,4UDZ5K2TTDOP5LFHIPLPDFVCA7KI23JU,SAWP5,save-merged-p108.arquivo.pt-20260617201704-HLHN7F9FXB.warc.gz,True,
2026-06-16T19:17:23+00:00,https://apps.bea.gov/regionalcore/data/ChartData?fips=47000&year=2023&mtype=3,200,text/plain,MKIOZZB77FOXY2TKUBLUBBTCNFVFTFLH,SAWP5,save-merged-p108.arquivo.pt-20260617201637-MH3Z6T47FX.warc.gz,True,
2026-06-16T19:17:23+00:00,https://apps.bea.gov/regionalcore/data/ChartData?fips=48000&year=2023&mtype=3,200,text/plain,RIUCZU5F2627O3W3SU6DTSHGR4DDHOTT,SAWP5,save-merged-p108.arquivo.pt-20260617201704-HLHN7F9FXB.warc.gz,True,
2026-06-16T19:17:24+00:00,https://apps.bea.gov/regionalcore/data/ChartData?fips=49000&year=2023&mtype=3,200,text/plain,YDMVRSX5LJ3D4VCAGRP5UDGBBMJ4R3JI,SAWP5,save-merged-p108.arquivo.pt-20260617201704-HLHN7F9FXB.warc.gz,True,
2026-06-16T19:17:24+00:00,https://apps.bea.gov/regionalcore/data/ChartData?fips=50000&year=2023&mtype=3,200,text/plain,JTBO5J622MSTQGNX37D5QADXNJT6OZDX,SAWP5,save-merged-p105.arquivo.pt-20260617172055-ZCV0J1E7UC.warc.gz,True,
2026-06-16T19:17:24+00:00,https://apps.bea.gov/regionalcore/data/ChartData?fips=51000&year=2023&mtype=3,200,text/plain,ON5BPCTHPYTZAZS77DQF4QDNUNCWAMDI,SAWP5,save-merged-p108.arquivo.pt-20260617201704-HLHN7F9FXB.warc.gz,True,
2026-06-16T19:17:24+00:00,https://apps.bea.gov/regionalcore/data/ChartData?fips=53000&year=2023&mtype=3,200,text/plain,Z2W3L2C4P4Q5XZDDJUOHL7Q4B6OD3HWZ,SAWP5,save-merged-p108.arquivo.pt-20260617201704-HLHN7F9FXB.warc.gz,True,
2026-06-16T19:17:25+00:00,https://apps.bea.gov/regionalcore/data/ChartData?fips=54000&year=2023&mtype=3,200,text/plain,LP4WBMSP4RVVBMHX6T77ID6WM7ZG6XWQ,SAWP5,save-merged-p106.arquivo.pt-20260617192809-P47GJ4745T.warc.gz,True,
2026-06-16T19:17:25+00:00,https://apps.bea.gov/regionalcore/data/ChartData?fips=55000&year=2023&mtype=3,200,text/plain,ZOQT3GA2I6G3LMDMD3MQWM6O7RUAA54R,SAWP5,save-merged-p108.arquivo.pt-20260617201658-F173KOV5US.warc.gz,True,
2026-06-16T19:17:25+00:00,https://apps.bea.gov/regionalcore/data/ChartData?fips=56000&year=2023&mtype=3,200,text/plain,BI4PVSPV2T3XDWWRV6VCARQHZDBNDLNQ,SAWP5,save-merged-p108.arquivo.pt-20260617201704-HLHN7F9FXB.warc.gz,True,
2026-06-16T19:19:32+00:00,https://apps.bea.gov/regionalcore/data/ChartData?year=2023&mtype=3&fips=45000,200,text/plain,54GJAHW2WYF2J45H4WILPGXHT5KRARHD,SAWP5,save-merged-p107.arquivo.pt-20260617182324-FT452IXRBG.warc.gz,True,
2026-06-16T19:19:34+00:00,https://apps.bea.gov/regionalcore/data/ChartData?fips=45000&year=2023&mtype=3,200,text/plain,54GJAHW2WYF2J45H4WILPGXHT5KRARHD,SAWP5,save-merged-p106.arquivo.pt-20260617192819-H6UKOL5KIY.warc.gz,True,
2026-06-16T19:19:37+00:00,https://apps.bea.gov/regionalcore/data/ChartData?fips=45000%26year=2023%26mtype=3,500,unk,3I42H3S6NNFQ2MSVX7XZKYAYSCX5QBYJ,SAWP5,save-merged-p106.arquivo.pt-20260617191946-W9IG51L4RR.warc.gz,True,
2026-06-16T19:27:14+00:00,https://apps.bea.gov/regionalcore/data/ChartData?year=2023&mtype=3&fips=02000,200,text/plain,V7AEGZV2SII3WTQRS5RNPHHM4OCXZBBW,SAWP5,save-merged-p107.arquivo.pt-20260617182324-FT452IXRBG.warc.gz,True,
2026-06-16T19:27:16+00:00,https://apps.bea.gov/regionalcore/data/ChartData?year=2023&mtype=3&fips=12000,200,text/plain,BS37Z6QYXBY43E3H6BJ546NCQPZMPOX6,SAWP5,save-merged-p105.arquivo.pt-20260617171324-BN4NKFCTX1.warc.gz,True,
2026-06-16T19:27:17+00:00,https://apps.bea.gov/regionalcore/data/ChartData?year=2023&mtype=3&fips=16000,200,text/plain,E7YUGQQI337M42ZC6APXEQHW7QFOCCCG,SAWP5,save-merged-p107.arquivo.pt-20260617182647-0VM22ASYAK.warc.gz,True,
2026-06-16T19:27:19+00:00,https://apps.bea.gov/regionalcore/data/ChartData?year=2023&mtype=3&fips=24000,200,text/plain,7SOLQOBA7YQCNFTEV2VR5P3RTPELRX44,SAWP5,save-merged-p107.arquivo.pt-20260617182305-CS0K7OQOKG.warc.gz,True,
2026-06-16T19:34:02+00:00,https://apps.bea.gov/api/data/?UserID=samplekey&method=GETDATASETLIST&ResultFormat=JSON,200,application/json,WOQ4WZADLZJ3VOSMK4YOC7QT6CPT3O5W,SAWP5,save-merged-p106.arquivo.pt-20260617192809-P47GJ4745T.warc.gz,True,
2026-06-16T19:34:04+00:00,https://apps.bea.gov/api/data/?method=GETDATASETLIST&UserID=samplekey&ResultFormat=JSON,200,application/json,6JUVKZQGRI2OS726UY4H33DLFPH5VGWN,SAWP5,save-merged-p105.arquivo.pt-20260617172421-A7W6Y7AIT4.warc.gz,True,
2026-06-16T19:34:05+00:00,https://apps.bea.gov/api/data/?UserID=36AF5C2D-...&method=GETDATASETLIST,200,application/json,D5ZETAMVVASYVZ4UP4ALZ2M6H7PFBXMT,SAWP5,save-merged-p108.arquivo.pt-20260617201658-F173KOV5US.warc.gz,True,
2026-06-16T19:34:44+00:00,https://apps.bea.gov/regionalcore/data/ChartData?year=2024&mtype=3&fips=56000,200,text/plain,3UKZDF2XG4U3TRHGOWDJKXYL3APVPGTV,SAWP5,save-merged-p106.arquivo.pt-20260617192809-P47GJ4745T.warc.gz,True,
2026-06-16T19:34:45+00:00,https://apps.bea.gov/regionalcore/data/ChartData?year=2023&mtype=3&fips=56000,200,text/plain,BI4PVSPV2T3XDWWRV6VCARQHZDBNDLNQ,SAWP5,save-merged-p108.arquivo.pt-20260617202031-CDV59JI976.warc.gz,True,
2026-06-16T19:34:47+00:00,https://apps.bea.gov/regionalcore/data/ChartData?year=2022&mtype=3&fips=56000,200,text/plain,BMX3RCFD2NWZKIQN6RAFJMM444BPM7JT,SAWP5,save-merged-p105.arquivo.pt-20260617172055-ZCV0J1E7UC.warc.gz,True,
2026-06-16T19:34:48+00:00,https://apps.bea.gov/regionalcore/data/ChartData?year=2021&mtype=3&fips=56000,200,text/plain,MYRA6LMCDGB3YFQU3VQSLRI5HKBNUASS,SAWP5,save-merged-p108.arquivo.pt-20260617201658-F173KOV5US.warc.gz,True,
2026-06-16T19:34:50+00:00,https://apps.bea.gov/regionalcore/data/ChartData?year=2013&mtype=3&fips=56000,200,text/plain,NECEPMDYIXXTQ2UMNZNUMLTKXUO234IX,SAWP5,save-merged-p108.arquivo.pt-20260617201658-F173KOV5US.warc.gz,True,
2026-06-16T19:35:53+00:00,https://apps.bea.gov/regionalcore/data/ChartData?fips=56000&year=2023&mtype=3,200,text/plain,BI4PVSPV2T3XDWWRV6VCARQHZDBNDLNQ,SAWP5,save-merged-p105.arquivo.pt-20260617172421-A7W6Y7AIT4.warc.gz,True,
2026-06-16T19:35:57+00:00,https://apps.bea.gov/regionalcore/data/ChartData?fips=56000&year=2023&mtype=3,200,text/plain,BI4PVSPV2T3XDWWRV6VCARQHZDBNDLNQ,SAWP5,save-merged-p106.arquivo.pt-20260617192809-P47GJ4745T.warc.gz,True,
2026-06-16T19:36:00+00:00,https://apps.bea.gov/regionalcore/data/ChartData?fips=56000&year=2023&mtype=3,200,text/plain,BI4PVSPV2T3XDWWRV6VCARQHZDBNDLNQ,SAWP5,save-merged-p106.arquivo.pt-20260617192905-0D72RLBNAC.warc.gz,True,
2026-06-16T19:36:02+00:00,https://apps.bea.gov/regionalcore/data/ChartData?year=2013&mtype=3&fips=54000,200,text/plain,7GBNUEZPAF7WGOOTKJWRKZFULIWFOFOZ,SAWP5,save-merged-p105.arquivo.pt-20260617172055-ZCV0J1E7UC.warc.gz,True,
2026-06-16T19:36:03+00:00,https://apps.bea.gov/regionalcore/data/ChartData?year=2023&mtype=3&fips=54000,200,text/plain,LP4WBMSP4RVVBMHX6T77ID6WM7ZG6XWQ,SAWP5,save-merged-p106.arquivo.pt-20260617191946-W9IG51L4RR.warc.gz,True,
2026-06-16T19:36:41+00:00,https://apps.bea.gov/regionalcore/data/ChartData?fips=56000&year=2023&mtype=3,200,text/plain,BI4PVSPV2T3XDWWRV6VCARQHZDBNDLNQ,SAWP5,save-merged-p106.arquivo.pt-20260617192905-0D72RLBNAC.warc.gz,True,
2026-06-16T19:36:42+00:00,https://apps.bea.gov/regionalcore/data/ChartData?fips=56000&year=2023&mtype=3,200,text/plain,BI4PVSPV2T3XDWWRV6VCARQHZDBNDLNQ,SAWP5,save-merged-p107.arquivo.pt-20260617182324-FT452IXRBG.warc.gz,True,
2026-06-16T19:37:14+00:00,https://apps.bea.gov/regional/bearfacts/data/ChartData?fips=56000%26year=2023%26mtype=3,200,text/html,HFYPROZIQUMO6W3N3O5BDN5RUSCCONPO,SAWP5,save-merged-p108.arquivo.pt-20260617202031-CDV59JI976.warc.gz,True,
2026-06-16T19:37:36+00:00,https://apps.bea.gov/regionalcore/data/ChartData?fips=56000&year=2023&mtype=3,200,text/plain,BI4PVSPV2T3XDWWRV6VCARQHZDBNDLNQ,SAWP5,save-merged-p108.arquivo.pt-20260617201704-HLHN7F9FXB.warc.gz,True,
2026-06-16T19:37:50+00:00,https://apps.bea.gov/regional/bearfacts/data/ChartData?fips=56000%26year=2023%26mtype=3,200,text/html,HFYPROZIQUMO6W3N3O5BDN5RUSCCONPO,SAWP5,save-merged-p105.arquivo.pt-20260617172427-5KN7LNBP2F.warc.gz,True,
2026-06-16T19:37:55+00:00,https://apps.bea.gov/regionalcore/data/ChartData?fips=50000&year=2023&mtype=3,200,text/plain,JTBO5J622MSTQGNX37D5QADXNJT6OZDX,SAWP5,save-merged-p106.arquivo.pt-20260617192905-0D72RLBNAC.warc.gz,True,
2026-06-16T19:37:57+00:00,https://apps.bea.gov/regionalcore/data/ChartData?fips=50000&year=2023&mtype=3,200,text/plain,JTBO5J622MSTQGNX37D5QADXNJT6OZDX,SAWP5,save-merged-p108.arquivo.pt-20260617201642-EMSUJE6Z4U.warc.gz,True,
2026-06-16T19:38:02+00:00,http://apps.bea.gov/regionalcore/data/ChartData?fips=50000%26year=2023%26mtype=3,307,text/html,3I42H3S6NNFQ2MSVX7XZKYAYSCX5QBYJ,SAWP5,save-merged-p105.arquivo.pt-20260617172427-5KN7LNBP2F.warc.gz,True,
2026-06-16T19:38:31+00:00,https://apps.bea.gov/regional/bearfacts/data/ChartData?fips=56000&year=2023&mtype=3,200,text/html,HFYPROZIQUMO6W3N3O5BDN5RUSCCONPO,SAWP5,save-merged-p106.arquivo.pt-20260617192819-H6UKOL5KIY.warc.gz,True,
2026-06-16T19:38:33+00:00,https://apps.bea.gov/regional/bearfacts/data/ChartData?fips=56000&year=2023&mtype=3,200,text/html,HFYPROZIQUMO6W3N3O5BDN5RUSCCONPO,SAWP5,save-merged-p105.arquivo.pt-20260617172421-A7W6Y7AIT4.warc.gz,True,
2026-06-16T19:38:35+00:00,https://apps.bea.gov/regional/bearfacts/data/ChartData?fips%3D56000%26year%3D2023%26mtype%3D3,200,text/html,HFYPROZIQUMO6W3N3O5BDN5RUSCCONPO,SAWP5,save-merged-p105.arquivo.pt-20260617172427-5KN7LNBP2F.warc.gz,True,
2026-06-16T19:38:45+00:00,https://apps.bea.gov/regionalcore/data/ChartData?fips=50000&year=2023&mtype=3,200,text/plain,JTBO5J622MSTQGNX37D5QADXNJT6OZDX,SAWP5,save-merged-p106.arquivo.pt-20260617192332-SYIN6H7WKE.warc.gz,True,
2026-06-16T19:38:50+00:00,https://apps.bea.gov/regionalcore/data/ChartData?fips=50000%26year=2023%26mtype=3,500,unk,3I42H3S6NNFQ2MSVX7XZKYAYSCX5QBYJ,SAWP5,save-merged-p108.arquivo.pt-20260617201658-F173KOV5US.warc.gz,True,
2026-06-16T19:39:04+00:00,https://apps.bea.gov/regionalcore/data/ChartData?fips=56000&year=2023&mtype=3,403,text/html,4QAPDT3OJUMNUTKANC4E3YV26FNUVZ5D,SAWP5,save-merged-p106.arquivo.pt-20260617192809-P47GJ4745T.warc.gz,True,
2026-06-16T19:39:49+00:00,https://apps.bea.gov/regionalcore/data/StateList,200,text/plain,PYIBYBCG6KFN6FYXFLYEI7GKSLPCX5CI,SAWP5,save-merged-p106.arquivo.pt-20260617192826-6TL9PGLH60.warc.gz,True,
2026-06-16T19:40:58+00:00,https://apps.bea.gov/regionalcore/data/ChartData?fips=50000&year=2023&mtype=3,200,text/plain,JTBO5J622MSTQGNX37D5QADXNJT6OZDX,SAWP5,save-merged-p106.arquivo.pt-20260617192332-SYIN6H7WKE.warc.gz,True,
2026-06-16T19:41:00+00:00,https://apps.bea.gov/regionalcore/data/ChartData?fips=50000&year=2023&mtype=3,200,text/plain,JTBO5J622MSTQGNX37D5QADXNJT6OZDX,SAWP5,save-merged-p106.arquivo.pt-20260617192332-SYIN6H7WKE.warc.gz,True,
2026-06-16T19:41:32+00:00,https://apps.bea.gov/regionalcore/data/ChartData?fips=15000&year=2023&mtype=3,200,text/plain,75B6UUSGSEXMOQJLBKG7LO74DQJ7K74L,SAWP5,save-merged-p105.arquivo.pt-20260617171332-JE3X6RQGUQ.warc.gz,True,
2026-06-16T19:41:33+00:00,https://apps.bea.gov/regionalcore/data/ChartData?fips=04000&year=2023&mtype=3,200,text/plain,5FUOYYF426XEULENMR3WP4AK6HW4ATI6,SAWP5,save-merged-p105.arquivo.pt-20260617172427-5KN7LNBP2F.warc.gz,True,
2026-06-16T19:41:33+00:00,https://apps.bea.gov/regionalcore/data/ChartData?fips=09000&year=2023&mtype=3,200,text/plain,ISOPBJT5FTAFALVWO5D5TRO6G7MEOC26,SAWP5,save-merged-p106.arquivo.pt-20260617192809-P47GJ4745T.warc.gz,True,
2026-06-16T19:41:33+00:00,https://apps.bea.gov/regionalcore/data/ChartData?fips=10000&year=2023&mtype=3,200,text/plain,45AHMLX4LBSCOVK4PE73QVE7I4Y2S6YO,SAWP5,save-merged-p106.arquivo.pt-20260617192905-0D72RLBNAC.warc.gz,True,
2026-06-16T19:41:33+00:00,https://apps.bea.gov/regionalcore/data/ChartData?fips=12000&year=2023&mtype=3,200,text/plain,BS37Z6QYXBY43E3H6BJ546NCQPZMPOX6,SAWP5,save-merged-p106.arquivo.pt-20260617191958-2ZB48MKE9B.warc.gz,True,
2026-06-16T19:41:34+00:00,https://apps.bea.gov/regionalcore/data/ChartData?fips=01000&year=2023&mtype=3,200,text/plain,EHCFBUWYPKVGT52LSO7SLZU7LOMC4HUF,SAWP5,save-merged-p105.arquivo.pt-20260617171737-PSG440D7OT.warc.gz,True,
2026-06-16T19:41:34+00:00,https://apps.bea.gov/regionalcore/data/ChartData?fips=02000&year=2023&mtype=3,200,text/plain,V7AEGZV2SII3WTQRS5RNPHHM4OCXZBBW,SAWP5,save-merged-p105.arquivo.pt-20260617172055-ZCV0J1E7UC.warc.gz,True,
2026-06-16T19:41:34+00:00,https://apps.bea.gov/regionalcore/data/ChartData?fips=05000&year=2023&mtype=3,200,text/plain,BUP5PCR4YLMWJPIUQ6ERDSCKBMH2AOEG,SAWP5,save-merged-p107.arquivo.pt-20260617182240-9Z3A63AWKV.warc.gz,True,
2026-06-16T19:41:34+00:00,https://apps.bea.gov/regionalcore/data/ChartData?fips=06000&year=2023&mtype=3,200,text/plain,IWYSXAFYRNREGUH7VMI4C5WJHEXX6U33,SAWP5,save-merged-p106.arquivo.pt-20260617192905-0D72RLBNAC.warc.gz,True,
2026-06-16T19:41:34+00:00,https://apps.bea.gov/regionalcore/data/ChartData?fips=08000&year=2023&mtype=3,200,text/plain,J4RWVQFKOO5OB22PKT75UATAB74XEZBL,SAWP5,save-merged-p105.arquivo.pt-20260617172055-ZCV0J1E7UC.warc.gz,True,
2026-06-16T19:41:34+00:00,https://apps.bea.gov/regionalcore/data/ChartData?fips=11000&year=2023&mtype=3,200,text/plain,YQJGF7CDW6QYRNY5X2EZYM2OIBPNA3XO,SAWP5,save-merged-p105.arquivo.pt-20260617172421-A7W6Y7AIT4.warc.gz,True,
2026-06-16T19:41:34+00:00,https://apps.bea.gov/regionalcore/data/ChartData?fips=13000&year=2023&mtype=3,200,text/plain,IY7WZ257ZUWN3BZD7RDTXWO2YRLYTZJV,SAWP5,save-merged-p107.arquivo.pt-20260617182652-TCT3C8BDJQ.warc.gz,True,
2026-06-16T19:41:34+00:00,https://apps.bea.gov/regionalcore/data/ChartData?fips=16000&year=2023&mtype=3,200,text/plain,E7YUGQQI337M42ZC6APXEQHW7QFOCCCG,SAWP5,save-merged-p105.arquivo.pt-20260617172055-ZCV0J1E7UC.warc.gz,True,
2026-06-16T19:41:35+00:00,https://apps.bea.gov/regionalcore/data/ChartData?fips=17000&year=2023&mtype=3,200,text/plain,RJH7SZTGMJLMQNZXWUFNB5JQBKWNQ3F2,SAWP5,save-merged-p105.arquivo.pt-20260617172055-ZCV0J1E7UC.warc.gz,True,
2026-06-16T19:41:35+00:00,https://apps.bea.gov/regionalcore/data/ChartData?fips=18000&year=2023&mtype=3,200,text/plain,NV67O4N4QQSE2FTEFIUNI6HXIWH5Q7XE,SAWP5,save-merged-p107.arquivo.pt-20260617182324-FT452IXRBG.warc.gz,True,
2026-06-16T19:41:35+00:00,https://apps.bea.gov/regionalcore/data/ChartData?fips=19000&year=2023&mtype=3,200,text/plain,TVFZD34Q3MOC4U35AIX2D3XZLIFB66AO,SAWP5,save-merged-p107.arquivo.pt-20260617181905-1KFVGUIQKK.warc.gz,True,
2026-06-16T19:41:35+00:00,https://apps.bea.gov/regionalcore/data/ChartData?fips=20000&year=2023&mtype=3,200,text/plain,3OY5CG4YQ4HSOXAW2ZVZG7Q243ER44AC,SAWP5,save-merged-p106.arquivo.pt-20260617192809-P47GJ4745T.warc.gz,True,
2026-06-16T19:41:35+00:00,https://apps.bea.gov/regionalcore/data/ChartData?fips=21000&year=2023&mtype=3,200,text/plain,7NWGXAS3GOG5SUM3F33PYIN76NWKCCFK,SAWP5,save-merged-p107.arquivo.pt-20260617182652-TCT3C8BDJQ.warc.gz,True,
2026-06-16T19:41:35+00:00,https://apps.bea.gov/regionalcore/data/ChartData?fips=22000&year=2023&mtype=3,200,text/plain,Q3DDYFTVDVX6FKRUS7WURSMNJ3KD7KXC,SAWP5,save-merged-p107.arquivo.pt-20260617182652-TCT3C8BDJQ.warc.gz,True,
2026-06-16T19:41:35+00:00,https://apps.bea.gov/regionalcore/data/ChartData?fips=23000&year=2023&mtype=3,200,text/plain,7PSUQ3SHGODF4EREYV4MAJX7BFC5OSZL,SAWP5,save-merged-p106.arquivo.pt-20260617192809-P47GJ4745T.warc.gz,True,
2026-06-16T19:41:35+00:00,https://apps.bea.gov/regionalcore/data/ChartData?fips=24000&year=2023&mtype=3,200,text/plain,7SOLQOBA7YQCNFTEV2VR5P3RTPELRX44,SAWP5,save-merged-p108.arquivo.pt-20260617202031-CDV59JI976.warc.gz,True,
2026-06-16T19:41:35+00:00,https://apps.bea.gov/regionalcore/data/ChartData?fips=25000&year=2023&mtype=3,200,text/plain,64OYP3HMKWFZDRJ7ZYBFA5EFWJY3CPAZ,SAWP5,save-merged-p106.arquivo.pt-20260617191946-W9IG51L4RR.warc.gz,True,
2026-06-16T19:41:36+00:00,https://apps.bea.gov/regionalcore/data/ChartData?fips=26000&year=2023&mtype=3,200,text/plain,ZSA4JMPALYVJCSDFHBZM4Z4VNRFVTM4G,SAWP5,save-merged-p105.arquivo.pt-20260617172055-ZCV0J1E7UC.warc.gz,True,
2026-06-16T19:41:36+00:00,https://apps.bea.gov/regionalcore/data/ChartData?fips=27000&year=2023&mtype=3,200,text/plain,ODGXIMYG3VNRCPWMRZHPY2KSYE4WI6PU,SAWP5,save-merged-p106.arquivo.pt-20260617192819-H6UKOL5KIY.warc.gz,True,
2026-06-16T19:41:36+00:00,https://apps.bea.gov/regionalcore/data/ChartData?fips=28000&year=2023&mtype=3,200,text/plain,IJTURUEFI6VPR2H4STAT3LQYZGVDFD4C,SAWP5,save-merged-p106.arquivo.pt-20260617192819-H6UKOL5KIY.warc.gz,True,
2026-06-16T19:41:37+00:00,https://apps.bea.gov/regionalcore/data/ChartData?fips=29000&year=2023&mtype=3,200,text/plain,HJTSWYSSKZS4YDODHUDJYOV5W727TODM,SAWP5,save-merged-p106.arquivo.pt-20260617192819-H6UKOL5KIY.warc.gz,True,
2026-06-16T19:41:37+00:00,https://apps.bea.gov/regionalcore/data/ChartData?fips=30000&year=2023&mtype=3,200,text/plain,HLWBMHOAE7WLPNU5HTM6PZWFEEQHYJHW,SAWP5,save-merged-p107.arquivo.pt-20260617182231-UJTP0SRDT3.warc.gz,True,
2026-06-16T19:41:37+00:00,https://apps.bea.gov/regionalcore/data/ChartData?fips=32000&year=2023&mtype=3,200,text/plain,P6ARSWBQQ75DPAGA3ZT27QWOZ5PWZZCR,SAWP5,save-merged-p107.arquivo.pt-20260617182647-0VM22ASYAK.warc.gz,True,
2026-06-16T19:41:38+00:00,https://apps.bea.gov/regionalcore/data/ChartData?fips=33000&year=2023&mtype=3,200,text/plain,5ILHG7QZ7S42EVKSP372VE2NDTW6LIBV,SAWP5,save-merged-p107.arquivo.pt-20260617182652-TCT3C8BDJQ.warc.gz,True,
2026-06-16T19:41:38+00:00,https://apps.bea.gov/regionalcore/data/ChartData?fips=34000&year=2023&mtype=3,200,text/plain,O6LGLI6D6YZ32LVM5YIMM6UKWKODQLK6,SAWP5,save-merged-p105.arquivo.pt-20260617172421-A7W6Y7AIT4.warc.gz,True,
2026-06-16T19:41:39+00:00,https://apps.bea.gov/regionalcore/data/ChartData?fips=31000&year=2023&mtype=3,200,text/plain,SAUTRCB522YKNGD4CTPWCTHHHMA4NG2J,SAWP5,save-merged-p106.arquivo.pt-20260617192809-P47GJ4745T.warc.gz,True,
2026-06-16T19:41:39+00:00,https://apps.bea.gov/regionalcore/data/ChartData?fips=35000&year=2023&mtype=3,200,text/plain,CTDETRUYA26EKCLNCZ3VCZQRUQ5VQ6NL,SAWP5,save-merged-p107.arquivo.pt-20260617182324-FT452IXRBG.warc.gz,True,
2026-06-16T19:41:40+00:00,https://apps.bea.gov/regionalcore/data/ChartData?fips=36000&year=2023&mtype=3,200,text/plain,CQNYQZEMAB7LMBSEKYVS7LHBRE3ABDS2,SAWP5,save-merged-p108.arquivo.pt-20260617201429-AKU0FQDDP1.warc.gz,True,
2026-06-16T19:41:40+00:00,https://apps.bea.gov/regionalcore/data/ChartData?fips=37000&year=2023&mtype=3,200,text/plain,SRLJSU3GJAP35SVDU7TDPJG3ACNJKWHL,SAWP5,save-merged-p105.arquivo.pt-20260617172055-ZCV0J1E7UC.warc.gz,True,
2026-06-16T19:41:40+00:00,https://apps.bea.gov/regionalcore/data/ChartData?fips=38000&year=2023&mtype=3,200,text/plain,2MVMLZGF4AK3OQQNHRXBON7FYZMUVU5H,SAWP5,save-merged-p106.arquivo.pt-20260617192819-H6UKOL5KIY.warc.gz,True,
2026-06-16T19:41:40+00:00,https://apps.bea.gov/regionalcore/data/ChartData?fips=41000&year=2023&mtype=3,200,text/plain,ZR4KBGSN3TPMKI43WEB3VVZMVN4DDN76,SAWP5,save-merged-p105.arquivo.pt-20260617172055-ZCV0J1E7UC.warc.gz,True,
2026-06-16T19:41:41+00:00,https://apps.bea.gov/regionalcore/data/ChartData?fips=39000&year=2023&mtype=3,200,text/plain,L2UTXGXRYQKHBUJ3VY5U2F7W5CSKY6ZL,SAWP5,save-merged-p105.arquivo.pt-20260617172055-ZCV0J1E7UC.warc.gz,True,
2026-06-16T19:41:41+00:00,https://apps.bea.gov/regionalcore/data/ChartData?fips=40000&year=2023&mtype=3,200,text/plain,HR63GQRJH5LHMVQ3FJ676UJWJTOW2OZA,SAWP5,save-merged-p106.arquivo.pt-20260617192809-P47GJ4745T.warc.gz,True,
2026-06-16T19:41:41+00:00,https://apps.bea.gov/regionalcore/data/ChartData?fips=42000&year=2023&mtype=3,200,text/plain,2XDQFNBK2QQPIPYMCCYRWYORMQLOCANP,SAWP5,save-merged-p108.arquivo.pt-20260617202031-CDV59JI976.warc.gz,True,
2026-06-16T19:41:41+00:00,https://apps.bea.gov/regionalcore/data/ChartData?fips=44000&year=2023&mtype=3,200,text/plain,NLZOZJVNIL6NNJ5NBU5NV46HT4SMJ4CF,SAWP5,save-merged-p107.arquivo.pt-20260617182652-TCT3C8BDJQ.warc.gz,True,
2026-06-16T19:41:41+00:00,https://apps.bea.gov/regionalcore/data/ChartData?fips=45000&year=2023&mtype=3,200,text/plain,54GJAHW2WYF2J45H4WILPGXHT5KRARHD,SAWP5,save-merged-p107.arquivo.pt-20260617182652-TCT3C8BDJQ.warc.gz,True,
2026-06-16T19:41:41+00:00,https://apps.bea.gov/regionalcore/data/ChartData?fips=46000&year=2023&mtype=3,200,text/plain,4UDZ5K2TTDOP5LFHIPLPDFVCA7KI23JU,SAWP5,save-merged-p107.arquivo.pt-20260617182324-FT452IXRBG.warc.gz,True,
2026-06-16T19:41:41+00:00,https://apps.bea.gov/regionalcore/data/ChartData?fips=47000&year=2023&mtype=3,200,text/plain,MKIOZZB77FOXY2TKUBLUBBTCNFVFTFLH,SAWP5,save-merged-p106.arquivo.pt-20260617192826-6TL9PGLH60.warc.gz,True,
2026-06-16T19:41:41+00:00,https://apps.bea.gov/regionalcore/data/ChartData?fips=48000&year=2023&mtype=3,200,text/plain,RIUCZU5F2627O3W3SU6DTSHGR4DDHOTT,SAWP5,save-merged-p105.arquivo.pt-20260617172055-ZCV0J1E7UC.warc.gz,True,
2026-06-16T19:41:41+00:00,https://apps.bea.gov/regionalcore/data/ChartData?fips=49000&year=2023&mtype=3,200,text/plain,YDMVRSX5LJ3D4VCAGRP5UDGBBMJ4R3JI,SAWP5,save-merged-p107.arquivo.pt-20260617182652-TCT3C8BDJQ.warc.gz,True,
2026-06-16T19:41:41+00:00,https://apps.bea.gov/regionalcore/data/ChartData?fips=50000&year=2023&mtype=3,200,text/plain,JTBO5J622MSTQGNX37D5QADXNJT6OZDX,SAWP5,save-merged-p108.arquivo.pt-20260617201429-AKU0FQDDP1.warc.gz,True,
2026-06-16T19:41:42+00:00,https://apps.bea.gov/regionalcore/data/ChartData?fips=51000&year=2023&mtype=3,200,text/plain,ON5BPCTHPYTZAZS77DQF4QDNUNCWAMDI,SAWP5,save-merged-p107.arquivo.pt-20260617182324-FT452IXRBG.warc.gz,True,
2026-06-16T19:41:42+00:00,https://apps.bea.gov/regionalcore/data/ChartData?fips=53000&year=2023&mtype=3,200,text/plain,Z2W3L2C4P4Q5XZDDJUOHL7Q4B6OD3HWZ,SAWP5,save-merged-p106.arquivo.pt-20260617192809-P47GJ4745T.warc.gz,True,
2026-06-16T19:41:42+00:00,https://apps.bea.gov/regionalcore/data/ChartData?fips=55000&year=2023&mtype=3,200,text/plain,ZOQT3GA2I6G3LMDMD3MQWM6O7RUAA54R,SAWP5,save-merged-p107.arquivo.pt-20260617182652-TCT3C8BDJQ.warc.gz,True,
2026-06-16T19:41:43+00:00,https://apps.bea.gov/regionalcore/data/ChartData?fips=54000&year=2023&mtype=3,200,text/plain,LP4WBMSP4RVVBMHX6T77ID6WM7ZG6XWQ,SAWP5,save-merged-p105.arquivo.pt-20260617172055-ZCV0J1E7UC.warc.gz,True,
2026-06-16T19:41:54+00:00,https://apps.bea.gov/regionalcore/data/ChartData?fips=045000&year=2023&mtype=3,200,text/plain,EHCFBUWYPKVGT52LSO7SLZU7LOMC4HUF,SAWP5,save-merged-p106.arquivo.pt-20260617192905-0D72RLBNAC.warc.gz,True,
2026-06-16T19:42:15+00:00,https://apps.bea.gov/regionalcore/data/ChartData?fips=50000&year=2023&mtype=3,200,text/plain,JTBO5J622MSTQGNX37D5QADXNJT6OZDX,SAWP5,save-merged-p105.arquivo.pt-20260617172055-ZCV0J1E7UC.warc.gz,True,
2026-06-16T19:42:52+00:00,https://apps.bea.gov/regional/bearfacts/pdf.cfm?fips=56000&areatype=STATE&geotype=3,301,text/html,LNSFJY73SO24INY2SDHRBF4URRFR5MQF,SAWP5,save-merged-p108.arquivo.pt-20260617201652-118CG4WLIY.warc.gz,True,
2026-06-16T19:42:54+00:00,https://apps.bea.gov/regional/bearfacts/pdf.cfm?f=56000&a=3,301,text/html,LNSFJY73SO24INY2SDHRBF4URRFR5MQF,SAWP5,save-merged-p108.arquivo.pt-20260617201642-EMSUJE6Z4U.warc.gz,True,
2026-06-16T19:42:56+00:00,https://apps.bea.gov/regional/bearfacts/?f=56000&a=3,200,text/html,J7SAO4RHDXH7RC2B3SVE2MHVWYNX2JJX,SAWP5,save-merged-p105.arquivo.pt-20260617172421-A7W6Y7AIT4.warc.gz,True,
2026-06-16T19:42:58+00:00,https://apps.bea.gov/regional/bearfacts/print.cfm?fips=56000,301,text/html,LNSFJY73SO24INY2SDHRBF4URRFR5MQF,SAWP5,save-merged-p107.arquivo.pt-20260617182647-0VM22ASYAK.warc.gz,True,
2026-06-16T19:43:27+00:00,https://apps.bea.gov/regional/bearfacts/js/bearfacts.js,200,application/javascript,YI4WCHFFGS4EOYDVZVN46G5AEKCSEIY7,SAWP5,save-merged-p107.arquivo.pt-20260617182312-XHD8JDIGEX.warc.gz,True,
2026-06-16T19:43:46+00:00,https://apps.bea.gov/regionalcore/data/ChartData?fips=45000%26year=2023%26mtype=3,500,unk,3I42H3S6NNFQ2MSVX7XZKYAYSCX5QBYJ,SAWP5,save-merged-p106.arquivo.pt-20260617192809-P47GJ4745T.warc.gz,True,
2026-06-16T19:43:48+00:00,https://apps.bea.gov/regionalcore/data/ChartData?fips=45000%26year=2023%26mtype=3,500,unk,3I42H3S6NNFQ2MSVX7XZKYAYSCX5QBYJ,SAWP5,save-merged-p106.arquivo.pt-20260617192809-P47GJ4745T.warc.gz,True,
2026-06-16T19:44:22+00:00,https://apps.bea.gov/regionalcore/data/ChartData?fips=06000&year=2023&mtype=3,200,text/plain,IWYSXAFYRNREGUH7VMI4C5WJHEXX6U33,SAWP5,save-merged-p106.arquivo.pt-20260617191946-W9IG51L4RR.warc.gz,True,
2026-06-16T19:44:22+00:00,https://apps.bea.gov/regionalcore/data/ChartData?fips=10000&year=2023&mtype=3,200,text/plain,45AHMLX4LBSCOVK4PE73QVE7I4Y2S6YO,SAWP5,save-merged-p105.arquivo.pt-20260617172055-ZCV0J1E7UC.warc.gz,True,
2026-06-16T19:44:22+00:00,https://apps.bea.gov/regionalcore/data/ChartData?fips=12000&year=2023&mtype=3,200,text/plain,BS37Z6QYXBY43E3H6BJ546NCQPZMPOX6,SAWP5,save-merged-p107.arquivo.pt-20260617182652-TCT3C8BDJQ.warc.gz,True,
2026-06-16T19:44:23+00:00,https://apps.bea.gov/regionalcore/data/ChartData?fips=02000&year=2023&mtype=3,200,text/plain,V7AEGZV2SII3WTQRS5RNPHHM4OCXZBBW,SAWP5,save-merged-p107.arquivo.pt-20260617182312-XHD8JDIGEX.warc.gz,True,
2026-06-16T19:44:23+00:00,https://apps.bea.gov/regionalcore/data/ChartData?fips=04000&year=2023&mtype=3,200,text/plain,5FUOYYF426XEULENMR3WP4AK6HW4ATI6,SAWP5,save-merged-p105.arquivo.pt-20260617172055-ZCV0J1E7UC.warc.gz,True,
2026-06-16T19:44:23+00:00,https://apps.bea.gov/regionalcore/data/ChartData?fips=05000&year=2023&mtype=3,200,text/plain,BUP5PCR4YLMWJPIUQ6ERDSCKBMH2AOEG,SAWP5,save-merged-p105.arquivo.pt-20260617172427-5KN7LNBP2F.warc.gz,True,
2026-06-16T19:44:23+00:00,https://apps.bea.gov/regionalcore/data/ChartData?fips=08000&year=2023&mtype=3,200,text/plain,J4RWVQFKOO5OB22PKT75UATAB74XEZBL,SAWP5,save-merged-p105.arquivo.pt-20260617172421-A7W6Y7AIT4.warc.gz,True,
2026-06-16T19:44:23+00:00,https://apps.bea.gov/regionalcore/data/ChartData?fips=09000&year=2023&mtype=3,200,text/plain,ISOPBJT5FTAFALVWO5D5TRO6G7MEOC26,SAWP5,save-merged-p107.arquivo.pt-20260617182647-0VM22ASYAK.warc.gz,True,
2026-06-16T19:44:24+00:00,https://apps.bea.gov/regionalcore/data/ChartData?fips=13000&year=2023&mtype=3,200,text/plain,IY7WZ257ZUWN3BZD7RDTXWO2YRLYTZJV,SAWP5,save-merged-p108.arquivo.pt-20260617201429-AKU0FQDDP1.warc.gz,True,
2026-06-16T19:44:24+00:00,https://apps.bea.gov/regionalcore/data/ChartData?fips=15000&year=2023&mtype=3,200,text/plain,75B6UUSGSEXMOQJLBKG7LO74DQJ7K74L,SAWP5,save-merged-p105.arquivo.pt-20260617172055-ZCV0J1E7UC.warc.gz,True,
2026-06-16T19:44:24+00:00,https://apps.bea.gov/regionalcore/data/ChartData?fips=16000&year=2023&mtype=3,200,text/plain,E7YUGQQI337M42ZC6APXEQHW7QFOCCCG,SAWP5,save-merged-p105.arquivo.pt-20260617172427-5KN7LNBP2F.warc.gz,True,
2026-06-16T19:44:24+00:00,https://apps.bea.gov/regionalcore/data/ChartData?fips=17000&year=2023&mtype=3,200,text/plain,RJH7SZTGMJLMQNZXWUFNB5JQBKWNQ3F2,SAWP5,save-merged-p106.arquivo.pt-20260617192336-QDCN1OMA1Z.warc.gz,True,
2026-06-16T19:44:24+00:00,https://apps.bea.gov/regionalcore/data/ChartData?fips=18000&year=2023&mtype=3,200,text/plain,NV67O4N4QQSE2FTEFIUNI6HXIWH5Q7XE,SAWP5,save-merged-p106.arquivo.pt-20260617192819-H6UKOL5KIY.warc.gz,True,
2026-06-16T19:44:25+00:00,https://apps.bea.gov/regionalcore/data/ChartData?fips=19000&year=2023&mtype=3,200,text/plain,TVFZD34Q3MOC4U35AIX2D3XZLIFB66AO,SAWP5,save-merged-p105.arquivo.pt-20260617171337-NN0HYMZKLX.warc.gz,True,
2026-06-16T19:44:25+00:00,https://apps.bea.gov/regionalcore/data/ChartData?fips=20000&year=2023&mtype=3,200,text/plain,3OY5CG4YQ4HSOXAW2ZVZG7Q243ER44AC,SAWP5,save-merged-p108.arquivo.pt-20260617201658-F173KOV5US.warc.gz,True,
2026-06-16T19:44:25+00:00,https://apps.bea.gov/regionalcore/data/ChartData?fips=21000&year=2023&mtype=3,200,text/plain,7NWGXAS3GOG5SUM3F33PYIN76NWKCCFK,SAWP5,save-merged-p106.arquivo.pt-20260617191946-W9IG51L4RR.warc.gz,True,
2026-06-16T19:44:25+00:00,https://apps.bea.gov/regionalcore/data/ChartData?fips=22000&year=2023&mtype=3,200,text/plain,Q3DDYFTVDVX6FKRUS7WURSMNJ3KD7KXC,SAWP5,save-merged-p107.arquivo.pt-20260617182324-FT452IXRBG.warc.gz,True,
2026-06-16T19:44:26+00:00,https://apps.bea.gov/regionalcore/data/ChartData?fips=23000&year=2023&mtype=3,200,text/plain,7PSUQ3SHGODF4EREYV4MAJX7BFC5OSZL,SAWP5,save-merged-p107.arquivo.pt-20260617182647-0VM22ASYAK.warc.gz,True,
2026-06-16T19:44:26+00:00,https://apps.bea.gov/regionalcore/data/ChartData?fips=24000&year=2023&mtype=3,200,text/plain,7SOLQOBA7YQCNFTEV2VR5P3RTPELRX44,SAWP5,save-merged-p105.arquivo.pt-20260617171337-NN0HYMZKLX.warc.gz,True,
2026-06-16T19:44:26+00:00,https://apps.bea.gov/regionalcore/data/ChartData?fips=25000&year=2023&mtype=3,200,text/plain,64OYP3HMKWFZDRJ7ZYBFA5EFWJY3CPAZ,SAWP5,save-merged-p107.arquivo.pt-20260617182240-9Z3A63AWKV.warc.gz,True,
2026-06-16T19:44:26+00:00,https://apps.bea.gov/regionalcore/data/ChartData?fips=26000&year=2023&mtype=3,200,text/plain,ZSA4JMPALYVJCSDFHBZM4Z4VNRFVTM4G,SAWP5,save-merged-p106.arquivo.pt-20260617192905-0D72RLBNAC.warc.gz,True,
2026-06-16T19:44:26+00:00,https://apps.bea.gov/regionalcore/data/ChartData?fips=27000&year=2023&mtype=3,200,text/plain,UHJ5H7BWZEC7K2F32T5ROMJECX3Y7BIO,SAWP5,save-merged-p106.arquivo.pt-20260617192905-0D72RLBNAC.warc.gz,True,
2026-06-16T19:44:27+00:00,https://apps.bea.gov/regionalcore/data/ChartData?fips=28000&year=2023&mtype=3,200,text/plain,IJTURUEFI6VPR2H4STAT3LQYZGVDFD4C,SAWP5,save-merged-p105.arquivo.pt-20260617171337-NN0HYMZKLX.warc.gz,True,
2026-06-16T19:44:27+00:00,https://apps.bea.gov/regionalcore/data/ChartData?fips=29000&year=2023&mtype=3,200,text/plain,HJTSWYSSKZS4YDODHUDJYOV5W727TODM,SAWP5,save-merged-p105.arquivo.pt-20260617172421-A7W6Y7AIT4.warc.gz,True,
2026-06-16T19:44:27+00:00,https://apps.bea.gov/regionalcore/data/ChartData?fips=30000&year=2023&mtype=3,200,text/plain,HLWBMHOAE7WLPNU5HTM6PZWFEEQHYJHW,SAWP5,save-merged-p106.arquivo.pt-20260617192809-P47GJ4745T.warc.gz,True,
2026-06-16T19:44:27+00:00,https://apps.bea.gov/regionalcore/data/ChartData?fips=31000&year=2023&mtype=3,200,text/plain,SAUTRCB522YKNGD4CTPWCTHHHMA4NG2J,SAWP5,save-merged-p107.arquivo.pt-20260617182647-0VM22ASYAK.warc.gz,True,
2026-06-16T19:44:27+00:00,https://apps.bea.gov/regionalcore/data/ChartData?fips=32000&year=2023&mtype=3,200,text/plain,P6ARSWBQQ75DPAGA3ZT27QWOZ5PWZZCR,SAWP5,save-merged-p106.arquivo.pt-20260617192809-P47GJ4745T.warc.gz,True,
2026-06-16T19:44:27+00:00,https://apps.bea.gov/regionalcore/data/ChartData?fips=33000&year=2023&mtype=3,200,text/plain,5ILHG7QZ7S42EVKSP372VE2NDTW6LIBV,SAWP5,save-merged-p105.arquivo.pt-20260617172427-5KN7LNBP2F.warc.gz,True,
2026-06-16T19:44:28+00:00,https://apps.bea.gov/regionalcore/data/ChartData?fips=34000&year=2023&mtype=3,200,text/plain,O6LGLI6D6YZ32LVM5YIMM6UKWKODQLK6,SAWP5,save-merged-p106.arquivo.pt-20260617191946-W9IG51L4RR.warc.gz,True,
2026-06-16T19:44:28+00:00,https://apps.bea.gov/regionalcore/data/ChartData?fips=35000&year=2023&mtype=3,200,text/plain,CTDETRUYA26EKCLNCZ3VCZQRUQ5VQ6NL,SAWP5,save-merged-p108.arquivo.pt-20260617202031-CDV59JI976.warc.gz,True,
2026-06-16T19:44:28+00:00,https://apps.bea.gov/regionalcore/data/ChartData?fips=36000&year=2023&mtype=3,200,text/plain,CQNYQZEMAB7LMBSEKYVS7LHBRE3ABDS2,SAWP5,save-merged-p107.arquivo.pt-20260617182324-FT452IXRBG.warc.gz,True,
2026-06-16T19:44:28+00:00,https://apps.bea.gov/regionalcore/data/ChartData?fips=37000&year=2023&mtype=3,200,text/plain,SRLJSU3GJAP35SVDU7TDPJG3ACNJKWHL,SAWP5,save-merged-p106.arquivo.pt-20260617192809-P47GJ4745T.warc.gz,True,
2026-06-16T19:44:28+00:00,https://apps.bea.gov/regionalcore/data/ChartData?fips=38000&year=2023&mtype=3,200,text/plain,2MVMLZGF4AK3OQQNHRXBON7FYZMUVU5H,SAWP5,save-merged-p106.arquivo.pt-20260617192814-NWC1K2Z2L1.warc.gz,True,
2026-06-16T19:44:28+00:00,https://apps.bea.gov/regionalcore/data/ChartData?fips=39000&year=2023&mtype=3,200,text/plain,L2UTXGXRYQKHBUJ3VY5U2F7W5CSKY6ZL,SAWP5,save-merged-p107.arquivo.pt-20260617182647-0VM22ASYAK.warc.gz,True,
2026-06-16T19:44:29+00:00,https://apps.bea.gov/regionalcore/data/ChartData?fips=42000&year=2023&mtype=3,200,text/plain,2XDQFNBK2QQPIPYMCCYRWYORMQLOCANP,SAWP5,save-merged-p105.arquivo.pt-20260617172055-ZCV0J1E7UC.warc.gz,True,
2026-06-16T19:44:30+00:00,https://apps.bea.gov/regionalcore/data/ChartData?fips=41000&year=2023&mtype=3,200,text/plain,ZR4KBGSN3TPMKI43WEB3VVZMVN4DDN76,SAWP5,save-merged-p105.arquivo.pt-20260617172055-ZCV0J1E7UC.warc.gz,True,
2026-06-16T19:44:30+00:00,https://apps.bea.gov/regionalcore/data/ChartData?fips=44000&year=2023&mtype=3,200,text/plain,NLZOZJVNIL6NNJ5NBU5NV46HT4SMJ4CF,SAWP5,save-merged-p105.arquivo.pt-20260617172055-ZCV0J1E7UC.warc.gz,True,
2026-06-16T19:44:30+00:00,https://apps.bea.gov/regionalcore/data/ChartData?fips=45000&year=2023&mtype=3,200,text/plain,54GJAHW2WYF2J45H4WILPGXHT5KRARHD,SAWP5,save-merged-p106.arquivo.pt-20260617192809-P47GJ4745T.warc.gz,True,
2026-06-16T19:44:30+00:00,https://apps.bea.gov/regionalcore/data/ChartData?fips=46000&year=2023&mtype=3,200,text/plain,4UDZ5K2TTDOP5LFHIPLPDFVCA7KI23JU,SAWP5,save-merged-p106.arquivo.pt-20260617192905-0D72RLBNAC.warc.gz,True,
2026-06-16T19:44:30+00:00,https://apps.bea.gov/regionalcore/data/ChartData?fips=47000&year=2023&mtype=3,200,text/plain,MKIOZZB77FOXY2TKUBLUBBTCNFVFTFLH,SAWP5,save-merged-p107.arquivo.pt-20260617182647-0VM22ASYAK.warc.gz,True,
2026-06-16T19:44:30+00:00,https://apps.bea.gov/regionalcore/data/ChartData?fips=48000&year=2023&mtype=3,200,text/plain,RIUCZU5F2627O3W3SU6DTSHGR4DDHOTT,SAWP5,save-merged-p107.arquivo.pt-20260617182647-0VM22ASYAK.warc.gz,True,
2026-06-16T19:44:31+00:00,https://apps.bea.gov/regionalcore/data/ChartData?fips=49000&year=2023&mtype=3,200,text/plain,YDMVRSX5LJ3D4VCAGRP5UDGBBMJ4R3JI,SAWP5,save-merged-p105.arquivo.pt-20260617172055-ZCV0J1E7UC.warc.gz,True,
2026-06-16T19:44:32+00:00,https://apps.bea.gov/regionalcore/data/ChartData?fips=11000&year=2023&mtype=3,200,text/plain,YQJGF7CDW6QYRNY5X2EZYM2OIBPNA3XO,SAWP5,save-merged-p106.arquivo.pt-20260617192905-0D72RLBNAC.warc.gz,True,
2026-06-16T19:44:42+00:00,https://apps.bea.gov/regionalcore/data/ChartData?year=2023%26mtype=3%26fips=45000,400,application/problem+json,DISZP2P7N7DF3QEKZEJCKXZI5PHSLB22,SAWP5,save-merged-p107.arquivo.pt-20260617182647-0VM22ASYAK.warc.gz,True,
2026-06-16T19:44:45+00:00,http://apps.bea.gov/regionalcore/data/ChartData?fips=45000&year=2023&mtype=3,307,text/html,3I42H3S6NNFQ2MSVX7XZKYAYSCX5QBYJ,SAWP5,save-merged-p106.arquivo.pt-20260617191946-W9IG51L4RR.warc.gz,True,
2026-06-16T19:44:46+00:00,https://apps.bea.gov/regionalcore/data/ChartData?fips=40000&year=2023&mtype=3,200,text/plain,HR63GQRJH5LHMVQ3FJ676UJWJTOW2OZA,SAWP5,save-merged-p108.arquivo.pt-20260617201429-AKU0FQDDP1.warc.gz,True,
2026-06-16T19:45:18+00:00,https://apps.bea.gov/regionalcore/data/ChartData?fips=56&year=2023&mtype=3,200,text/plain,EHCFBUWYPKVGT52LSO7SLZU7LOMC4HUF,SAWP5,save-merged-p105.arquivo.pt-20260617172055-ZCV0J1E7UC.warc.gz,True,
2026-06-16T19:45:24+00:00,https://apps.bea.gov/regionalcore/data/ChartData?fips=56000%26year%3D2023%26mtype%3D3,500,unk,3I42H3S6NNFQ2MSVX7XZKYAYSCX5QBYJ,SAWP5,save-merged-p106.arquivo.pt-20260617192809-P47GJ4745T.warc.gz,True,
2026-06-16T19:46:47+00:00,https://apps.bea.gov/regional/bearfacts/js/app.js,200,text/html,HFYPROZIQUMO6W3N3O5BDN5RUSCCONPO,SAWP5,save-merged-p106.arquivo.pt-20260617192819-H6UKOL5KIY.warc.gz,True,
2026-06-16T19:46:49+00:00,https://apps.bea.gov/regional/bearfacts/,200,text/html,J7SAO4RHDXH7RC2B3SVE2MHVWYNX2JJX,SAWP5,save-merged-p107.arquivo.pt-20260617182647-0VM22ASYAK.warc.gz,True,
2026-06-16T19:47:36+00:00,https://apps.bea.gov/regionalcore/data/ChartData?fips=56000&year=2025&mtype=3,200,text/plain,FRGRG6WNALGWRGO4Q5PADHLJU4FBLFNH,SAWP5,save-merged-p107.arquivo.pt-20260617182240-9Z3A63AWKV.warc.gz,True,
2026-06-16T19:47:38+00:00,https://apps.bea.gov/regionalcore/data/ChartData?fips=56000&year=2024&mtype=3,200,text/plain,3UKZDF2XG4U3TRHGOWDJKXYL3APVPGTV,SAWP5,save-merged-p105.arquivo.pt-20260617172055-ZCV0J1E7UC.warc.gz,True,
2026-06-16T19:47:41+00:00,https://apps.bea.gov/regionalcore/data/ChartData?fips=56000&year=2022&mtype=3,200,text/plain,BMX3RCFD2NWZKIQN6RAFJMM444BPM7JT,SAWP5,save-merged-p105.arquivo.pt-20260617172427-5KN7LNBP2F.warc.gz,True,
2026-06-16T19:47:43+00:00,https://apps.bea.gov/regionalcore/data/ChartData?fips=56000&year=2013&mtype=3,200,text/plain,NECEPMDYIXXTQ2UMNZNUMLTKXUO234IX,SAWP5,save-merged-p107.arquivo.pt-20260617182647-0VM22ASYAK.warc.gz,True,
2026-06-16T19:47:46+00:00,https://apps.bea.gov/regionalcore/data/ChartData?fips=56000&year=2015&mtype=3,200,text/plain,5OWAVDRSSYHX74W3HVQ6XJVPRJW2Z3FH,SAWP5,save-merged-p107.arquivo.pt-20260617182657-QVNMTTXHZ5.warc.gz,True,
2026-06-16T19:47:48+00:00,https://apps.bea.gov/regionalcore/data/ChartData?fips=56000&year=2010&mtype=3,200,text/plain,3PAYRSGUMH7YFGUGP7AJDAUFBM6DCQ4H,SAWP5,save-merged-p108.arquivo.pt-20260617201658-F173KOV5US.warc.gz,True,
2026-06-16T19:47:50+00:00,https://apps.bea.gov/regionalcore/data/ChartData?fips=56000&year=2000&mtype=3,200,text/plain,7NRMTR2GKMETHMZRPTIYGCX3PBVTDEP5,SAWP5,save-merged-p105.arquivo.pt-20260617171737-PSG440D7OT.warc.gz,True,
2026-06-16T19:48:56+00:00,https://apps.bea.gov/regional/bearfacts/js/charts.js,200,application/javascript,ODC66SWLCNSGI6RZLOUODE3M5ZQSLPIR,SAWP5,save-merged-p106.arquivo.pt-20260617192905-0D72RLBNAC.warc.gz,True,
2026-06-16T19:50:08+00:00,https://apps.bea.gov/regionalcore/data/CountyList?areatype=state,200,text/plain,QDWTHI3RKFUXSLWYZ5KJJWOP3VG4EO2W,SAWP5,save-merged-p106.arquivo.pt-20260617191946-W9IG51L4RR.warc.gz,True,
2026-06-16T19:50:10+00:00,https://apps.bea.gov/regionalcore/data/AreaTitles?geotype=3,200,text/plain,C4V5YJOTS5K7ZTF3FE3IXSX5LQW3PSHW,SAWP5,save-merged-p107.arquivo.pt-20260617182657-QVNMTTXHZ5.warc.gz,True,
2026-06-16T19:51:25+00:00,https://apps.bea.gov/regionalcore/data/ChartData?fips=50000%26year=2023%26mtype=3,500,unk,3I42H3S6NNFQ2MSVX7XZKYAYSCX5QBYJ,SAWP5,save-merged-p106.arquivo.pt-20260617192819-H6UKOL5KIY.warc.gz,True,
2026-06-16T19:51:28+00:00,https://apps.bea.gov/regionalcore/data/ChartData?fips=50000%26year=2023%26mtype=3,500,unk,3I42H3S6NNFQ2MSVX7XZKYAYSCX5QBYJ,SAWP5,save-merged-p106.arquivo.pt-20260617192905-0D72RLBNAC.warc.gz,True,
2026-06-16T19:51:30+00:00,https://apps.bea.gov/regionalcore/data/ChartData?fips=50000%26year=2023%26mtype=3,500,unk,3I42H3S6NNFQ2MSVX7XZKYAYSCX5QBYJ,PATCHING2026,patching-merged-p106.arquivo.pt-20260617131735-1MMC182223.warc.gz,True,
2026-06-16T19:51:42+00:00,https://apps.bea.gov/regional/zip/SAINC.zip,200,application/x-zip-compressed,CIL2VA2BORXN7TQEWOSV2WN3CO73IXQM,SAWP5,save-merged-p108.arquivo.pt-20260617201652-118CG4WLIY.warc.gz,True,
2026-06-16T19:51:46+00:00,https://apps.bea.gov/regional/zip/SAINC4.zip,200,text/html,HFYPROZIQUMO6W3N3O5BDN5RUSCCONPO,SAWP5,save-merged-p106.arquivo.pt-20260617192905-0D72RLBNAC.warc.gz,True,
2026-06-16T19:51:49+00:00,https://apps.bea.gov/api/data/?UserID=samplekey&method=GETDATASETLIST,200,application/json,PK2FK5UPGTIP5252HVGGA7OVNRMR46WH,SAWP5,save-merged-p105.arquivo.pt-20260617172433-DCFH983CAG.warc.gz,True,
2026-06-16T19:52:15+00:00,https://apps.bea.gov/regional/zip/SAINC.zip,200,application/x-zip-compressed,CIL2VA2BORXN7TQEWOSV2WN3CO73IXQM,SAWP5,save-merged-p106.arquivo.pt-20260617192809-P47GJ4745T.warc.gz,True,
2026-06-16T19:53:43+00:00,https://apps.bea.gov/regionalcore/data/ChartData?fips=51000%26year=2023%26mtype=3,500,unk,3I42H3S6NNFQ2MSVX7XZKYAYSCX5QBYJ,SAWP5,save-merged-p107.arquivo.pt-20260617182647-0VM22ASYAK.warc.gz,True,
2026-06-16T19:54:53+00:00,https://apps.bea.gov/regionalcore/data/ChartData?fips=56000%26year=2024%26mtype=3%26x=abc123,500,unk,3I42H3S6NNFQ2MSVX7XZKYAYSCX5QBYJ,SAWP5,save-merged-p108.arquivo.pt-20260617201652-118CG4WLIY.warc.gz,True,
2026-06-16T19:55:15+00:00,https://apps.bea.gov/api/data?UserID=samplekey&method=GetData&datasetname=Regional&TableName=SAINC4&LineCode=30&GeoFIPS=56000&Year=2013&ResultFormat=JSON,200,application/json,RJIJZBNLTJIJO4PHHCDDBDLPV6GEPOFC,SAWP5,save-merged-p108.arquivo.pt-20260617202031-CDV59JI976.warc.gz,True,
2026-06-16T19:55:17+00:00,https://apps.bea.gov/api/data?UserID=36AF9D30-7A3B-4E9E-A85B-9F1E5E6B7A8C&method=GetData&datasetname=Regional&TableName=SAINC4&LineCode=30&GeoFIPS=56000&Year=2013&ResultFormat=JSON,200,application/json,SR5MMUK7IW3TCONERJEM2FJEU3JSFKC6,SAWP5,save-merged-p106.arquivo.pt-20260617192814-NWC1K2Z2L1.warc.gz,True,
2026-06-16T19:55:22+00:00,https://apps.bea.gov/regionalcore/data/ChartData?fips=56000%26year=2024%26mtype=3%26x=abc123,500,unk,3I42H3S6NNFQ2MSVX7XZKYAYSCX5QBYJ,SAWP5,save-merged-p106.arquivo.pt-20260617192814-NWC1K2Z2L1.warc.gz,True,
2026-06-16T19:55:40+00:00,https://apps.bea.gov/api/data?UserID=&method=GetData&datasetname=Regional&TableName=SAINC4&LineCode=30&GeoFIPS=56000&Year=2013&ResultFormat=JSON,200,application/json,AM44W2ONXBELBXJTB4TIU3F23HE5GLLV,SAWP5,save-merged-p106.arquivo.pt-20260617191946-W9IG51L4RR.warc.gz,True,
2026-06-16T19:56:52+00:00,https://apps.bea.gov/regionalcore/data/ChartData?fips=45000&year=2023&mtype=3,200,text/plain,54GJAHW2WYF2J45H4WILPGXHT5KRARHD,SAWP5,save-merged-p105.arquivo.pt-20260617171737-PSG440D7OT.warc.gz,True,
2026-06-16T19:57:14+00:00,https://apps.bea.gov/regional/downloadzip.htm,200,text/html,45ZKSYTG4GP2QKSZZU54ZQDRD2U2J5OR,SAWP5,save-merged-p108.arquivo.pt-20260617201658-F173KOV5US.warc.gz,True,
2026-06-16T19:57:16+00:00,https://apps.bea.gov/regional/downloadzip.cfm,301,text/html,3I42H3S6NNFQ2MSVX7XZKYAYSCX5QBYJ,SAWP5,save-merged-p107.arquivo.pt-20260617182657-QVNMTTXHZ5.warc.gz,True,
2026-06-16T19:57:56+00:00,https://apps.bea.gov/regionalcore/data/ChartData?fips=01000&year=2023&mtype=3,200,text/plain,EHCFBUWYPKVGT52LSO7SLZU7LOMC4HUF,SAWP5,save-merged-p106.arquivo.pt-20260617192826-6TL9PGLH60.warc.gz,True,
2026-06-16T19:58:39+00:00,https://apps.bea.gov/regionalcore/data/ChartData?fips=24000&year=2023&mtype=3,200,text/plain,7SOLQOBA7YQCNFTEV2VR5P3RTPELRX44,SAWP5,save-merged-p106.arquivo.pt-20260617192826-6TL9PGLH60.warc.gz,True,
2026-06-16T19:58:51+00:00,https://apps.bea.gov/regionalcore/data/ChartData?fips=56%26year=2025%26mtype=3,500,unk,3I42H3S6NNFQ2MSVX7XZKYAYSCX5QBYJ,SAWP5,save-merged-p107.arquivo.pt-20260617182324-FT452IXRBG.warc.gz,True,
2026-06-16T19:59:12+00:00,https://apps.bea.gov/regionalcore/data/ChartData?fips=56&year=2025&mtype=3,200,text/plain,NPD4CJX3LTWIHHIZRYSL6IHSAWSAKBTY,SAWP5,save-merged-p106.arquivo.pt-20260617192809-P47GJ4745T.warc.gz,True,
2026-06-16T19:59:21+00:00,https://apps.bea.gov/regionalcore/data/ChartData?fips=24000&year=2023&mtype=3,200,text/plain,7SOLQOBA7YQCNFTEV2VR5P3RTPELRX44,SAWP5,save-merged-p107.arquivo.pt-20260617182657-QVNMTTXHZ5.warc.gz,True,
2026-06-16T19:59:26+00:00,https://apps.bea.gov/regional/zip/SAINC.zip,200,application/x-zip-compressed,CIL2VA2BORXN7TQEWOSV2WN3CO73IXQM,SAWP5,save-merged-p107.arquivo.pt-20260617182657-QVNMTTXHZ5.warc.gz,True,
2026-06-16T19:59:30+00:00,https://apps.bea.gov/regional/zip/SAINC.zip,200,application/x-zip-compressed,CIL2VA2BORXN7TQEWOSV2WN3CO73IXQM,SAWP5,save-merged-p105.arquivo.pt-20260617172433-DCFH983CAG.warc.gz,True,
2026-06-16T19:59:30+00:00,https://apps.bea.gov/regionalcore/data/ChartData?fips=56&year=2025&mtype=3,200,text/plain,NPD4CJX3LTWIHHIZRYSL6IHSAWSAKBTY,SAWP5,save-merged-p105.arquivo.pt-20260617172433-DCFH983CAG.warc.gz,True,
2026-06-16T20:00:35+00:00,https://apps.bea.gov/regionalcore/data/ChartData?fips=02000&year=2023&mtype=3,200,text/plain,V7AEGZV2SII3WTQRS5RNPHHM4OCXZBBW,SAWP5,save-merged-p105.arquivo.pt-20260617171324-BN4NKFCTX1.warc.gz,True,
2026-06-16T20:00:37+00:00,https://apps.bea.gov/regionalcore/data/ChartData?fips=02000&year=2023&mtype=3,200,text/plain,V7AEGZV2SII3WTQRS5RNPHHM4OCXZBBW,SAWP5,save-merged-p106.arquivo.pt-20260617192905-0D72RLBNAC.warc.gz,True,
2026-06-16T20:01:25+00:00,https://apps.bea.gov/regionalcore/data/StateList,200,text/plain,PYIBYBCG6KFN6FYXFLYEI7GKSLPCX5CI,SAWP5,save-merged-p106.arquivo.pt-20260617192905-0D72RLBNAC.warc.gz,True,
2026-06-16T20:01:26+00:00,https://apps.bea.gov/regionalcore/data/StateList,200,text/plain,PYIBYBCG6KFN6FYXFLYEI7GKSLPCX5CI,SAWP5,save-merged-p108.arquivo.pt-20260617201652-118CG4WLIY.warc.gz,True,
2026-06-16T20:01:27+00:00,https://apps.bea.gov/regionalcore/data/AreaTitles?geotype=3,200,text/plain,C4V5YJOTS5K7ZTF3FE3IXSX5LQW3PSHW,SAWP5,save-merged-p106.arquivo.pt-20260617192809-P47GJ4745T.warc.gz,True,
2026-06-16T20:01:29+00:00,https://apps.bea.gov/regionalcore/data/AreaTitles?geotype=3,200,text/plain,C4V5YJOTS5K7ZTF3FE3IXSX5LQW3PSHW,SAWP5,save-merged-p105.arquivo.pt-20260617171728-V3SFCU71WP.warc.gz,True,
2026-06-16T20:02:17+00:00,https://apps.bea.gov/regionalcore/data/ChartData?fips=56000&year=2022&mtype=3,200,text/plain,BMX3RCFD2NWZKIQN6RAFJMM444BPM7JT,SAWP5,save-merged-p105.arquivo.pt-20260617172754-72A87SWFGA.warc.gz,True,
2026-06-16T20:02:18+00:00,https://apps.bea.gov/regionalcore/data/ChartData?fips=56000&year=2022&mtype=3,200,text/plain,BMX3RCFD2NWZKIQN6RAFJMM444BPM7JT,SAWP5,save-merged-p106.arquivo.pt-20260617191946-W9IG51L4RR.warc.gz,True,
2026-06-16T20:02:20+00:00,https://apps.bea.gov/regionalcore/data/ChartData?fips=56000&year=2024&mtype=3,200,text/plain,3UKZDF2XG4U3TRHGOWDJKXYL3APVPGTV,SAWP5,save-merged-p107.arquivo.pt-20260617182652-TCT3C8BDJQ.warc.gz,True,
2026-06-16T20:02:21+00:00,https://apps.bea.gov/regionalcore/data/ChartData?fips=56000&year=2024&mtype=3,200,text/plain,3UKZDF2XG4U3TRHGOWDJKXYL3APVPGTV,SAWP5,save-merged-p107.arquivo.pt-20260617182657-QVNMTTXHZ5.warc.gz,True,
2026-06-16T20:02:22+00:00,https://apps.bea.gov/regionalcore/data/ChartData?fips=56000&year=2025&mtype=3,200,text/plain,FRGRG6WNALGWRGO4Q5PADHLJU4FBLFNH,SAWP5,save-merged-p105.arquivo.pt-20260617172433-DCFH983CAG.warc.gz,True,
2026-06-16T20:02:23+00:00,https://apps.bea.gov/regionalcore/data/ChartData?fips=56000&year=2025&mtype=3,200,text/plain,FRGRG6WNALGWRGO4Q5PADHLJU4FBLFNH,SAWP5,save-merged-p105.arquivo.pt-20260617172433-DCFH983CAG.warc.gz,True,
2026-06-16T20:02:25+00:00,https://apps.bea.gov/regionalcore/data/ChartData?fips=56000&year=2026&mtype=3,500,unk,3I42H3S6NNFQ2MSVX7XZKYAYSCX5QBYJ,SAWP5,save-merged-p107.arquivo.pt-20260617182657-QVNMTTXHZ5.warc.gz,True,
2026-06-16T20:02:26+00:00,https://apps.bea.gov/regionalcore/data/ChartData?fips=56000&year=2026&mtype=3,500,unk,3I42H3S6NNFQ2MSVX7XZKYAYSCX5QBYJ,SAWP5,save-merged-p106.arquivo.pt-20260617192809-P47GJ4745T.warc.gz,True,
2026-06-16T20:02:44+00:00,https://apps.bea.gov/regional/histdata/releases/0324spi/index.cfm,200,text/html,HFYPROZIQUMO6W3N3O5BDN5RUSCCONPO,SAWP5,save-merged-p106.arquivo.pt-20260617192905-0D72RLBNAC.warc.gz,True,
2026-06-16T20:02:46+00:00,https://apps.bea.gov/regional/histdata/releases/0624spi/index.cfm,200,text/html,HFYPROZIQUMO6W3N3O5BDN5RUSCCONPO,SAWP5,save-merged-p108.arquivo.pt-20260617201554-4Z13CMB71U.warc.gz,True,
2026-06-16T20:02:48+00:00,https://apps.bea.gov/regional/histdata/releases/0924spi/index.cfm,200,text/html,HFYPROZIQUMO6W3N3O5BDN5RUSCCONPO,SAWP5,save-merged-p105.arquivo.pt-20260617172433-DCFH983CAG.warc.gz,True,
2026-06-16T20:02:50+00:00,https://apps.bea.gov/regional/histdata/releases/1223spi/index.cfm,200,text/html,HFYPROZIQUMO6W3N3O5BDN5RUSCCONPO,SAWP5,save-merged-p107.arquivo.pt-20260617182657-QVNMTTXHZ5.warc.gz,True,
2026-06-16T20:02:51+00:00,https://apps.bea.gov/regional/histdata/releases/0323spi/index.cfm,200,text/html,W7CTOQ4VCEXOCJGWYRX5NZHRXB64HCAP,SAWP5,save-merged-p107.arquivo.pt-20260617182324-FT452IXRBG.warc.gz,True,
2026-06-16T20:02:53+00:00,https://apps.bea.gov/regional/histdata/releases/0923spi/index.cfm,200,text/html,CQ5UH467O6RXW6KKDQ66YP4ZIZJEJKXK,SAWP5,save-merged-p107.arquivo.pt-20260617182657-QVNMTTXHZ5.warc.gz,True,
2026-06-16T20:02:55+00:00,https://apps.bea.gov/regional/histdata/releases/1224spi/index.cfm,200,text/html,HFYPROZIQUMO6W3N3O5BDN5RUSCCONPO,SAWP5,save-merged-p107.arquivo.pt-20260617182657-QVNMTTXHZ5.warc.gz,True,
2026-06-16T20:02:55+00:00,https://apps.bea.gov/regionalcore/data/AreaTitles?geotype%3D3,200,text/plain,3I42H3S6NNFQ2MSVX7XZKYAYSCX5QBYJ,SAWP5,save-merged-p108.arquivo.pt-20260617202031-CDV59JI976.warc.gz,True,
2026-06-16T20:02:57+00:00,https://apps.bea.gov/regional/histdata/releases/0623spi/index.cfm,200,text/html,HFYPROZIQUMO6W3N3O5BDN5RUSCCONPO,SAWP5,save-merged-p106.arquivo.pt-20260617192826-6TL9PGLH60.warc.gz,True,
2026-06-16T20:03:22+00:00,https://apps.bea.gov/regionalcore/data/ChartData?fips=08000&year=2023&mtype=3,200,text/plain,J4RWVQFKOO5OB22PKT75UATAB74XEZBL,SAWP5,save-merged-p106.arquivo.pt-20260617192809-P47GJ4745T.warc.gz,True,
2026-06-16T20:03:23+00:00,https://apps.bea.gov/regionalcore/data/ChartData?fips=04000&year=2023&mtype=3,200,text/plain,5FUOYYF426XEULENMR3WP4AK6HW4ATI6,SAWP5,save-merged-p106.arquivo.pt-20260617192809-P47GJ4745T.warc.gz,True,
2026-06-16T20:03:23+00:00,https://apps.bea.gov/regionalcore/data/ChartData?fips=05000&year=2023&mtype=3,200,text/plain,BUP5PCR4YLMWJPIUQ6ERDSCKBMH2AOEG,SAWP5,save-merged-p108.arquivo.pt-20260617202031-CDV59JI976.warc.gz,True,
2026-06-16T20:03:23+00:00,https://apps.bea.gov/regionalcore/data/ChartData?fips=06000&year=2023&mtype=3,200,text/plain,IWYSXAFYRNREGUH7VMI4C5WJHEXX6U33,SAWP5,save-merged-p108.arquivo.pt-20260617201429-AKU0FQDDP1.warc.gz,True,
2026-06-16T20:03:23+00:00,https://apps.bea.gov/regionalcore/data/ChartData?fips=08000&year=2023&mtype=3,200,text/plain,J4RWVQFKOO5OB22PKT75UATAB74XEZBL,SAWP5,save-merged-p105.arquivo.pt-20260617172433-DCFH983CAG.warc.gz,True,
2026-06-16T20:03:23+00:00,https://apps.bea.gov/regionalcore/data/ChartData?fips=09000&year=2023&mtype=3,200,text/plain,ISOPBJT5FTAFALVWO5D5TRO6G7MEOC26,SAWP5,save-merged-p108.arquivo.pt-20260617201642-EMSUJE6Z4U.warc.gz,True,
2026-06-16T20:03:23+00:00,https://apps.bea.gov/regionalcore/data/ChartData?fips=10000&year=2023&mtype=3,200,text/plain,45AHMLX4LBSCOVK4PE73QVE7I4Y2S6YO,SAWP5,save-merged-p106.arquivo.pt-20260617192905-0D72RLBNAC.warc.gz,True,
2026-06-16T20:03:24+00:00,https://apps.bea.gov/regionalcore/data/ChartData?fips=04000&year=2023&mtype=3,200,text/plain,5FUOYYF426XEULENMR3WP4AK6HW4ATI6,SAWP5,save-merged-p105.arquivo.pt-20260617172433-DCFH983CAG.warc.gz,True,
2026-06-16T20:03:24+00:00,https://apps.bea.gov/regionalcore/data/ChartData?fips=05000&year=2023&mtype=3,200,text/plain,BUP5PCR4YLMWJPIUQ6ERDSCKBMH2AOEG,SAWP5,save-merged-p107.arquivo.pt-20260617182240-9Z3A63AWKV.warc.gz,True,
2026-06-16T20:03:24+00:00,https://apps.bea.gov/regionalcore/data/ChartData?fips=06000&year=2023&mtype=3,200,text/plain,IWYSXAFYRNREGUH7VMI4C5WJHEXX6U33,SAWP5,save-merged-p105.arquivo.pt-20260617171737-PSG440D7OT.warc.gz,True,
2026-06-16T20:03:24+00:00,https://apps.bea.gov/regionalcore/data/ChartData?fips=09000&year=2023&mtype=3,200,text/plain,ISOPBJT5FTAFALVWO5D5TRO6G7MEOC26,SAWP5,save-merged-p107.arquivo.pt-20260617182657-QVNMTTXHZ5.warc.gz,True,
2026-06-16T20:03:24+00:00,https://apps.bea.gov/regionalcore/data/ChartData?fips=10000&year=2023&mtype=3,200,text/plain,45AHMLX4LBSCOVK4PE73QVE7I4Y2S6YO,SAWP5,save-merged-p106.arquivo.pt-20260617192819-H6UKOL5KIY.warc.gz,True,
2026-06-16T20:03:24+00:00,https://apps.bea.gov/regionalcore/data/ChartData?fips=11000&year=2023&mtype=3,200,text/plain,YQJGF7CDW6QYRNY5X2EZYM2OIBPNA3XO,SAWP5,save-merged-p106.arquivo.pt-20260617192905-0D72RLBNAC.warc.gz,True,
2026-06-16T20:03:24+00:00,https://apps.bea.gov/regionalcore/data/ChartData?fips=12000&year=2023&mtype=3,200,text/plain,BS37Z6QYXBY43E3H6BJ546NCQPZMPOX6,SAWP5,save-merged-p108.arquivo.pt-20260617201658-F173KOV5US.warc.gz,True,
2026-06-16T20:03:25+00:00,https://apps.bea.gov/regionalcore/data/ChartData?fips=11000&year=2023&mtype=3,200,text/plain,YQJGF7CDW6QYRNY5X2EZYM2OIBPNA3XO,SAWP5,save-merged-p106.arquivo.pt-20260617192332-SYIN6H7WKE.warc.gz,True,
2026-06-16T20:03:25+00:00,https://apps.bea.gov/regionalcore/data/ChartData?fips=12000&year=2023&mtype=3,200,text/plain,BS37Z6QYXBY43E3H6BJ546NCQPZMPOX6,SAWP5,save-merged-p105.arquivo.pt-20260617172433-DCFH983CAG.warc.gz,True,
2026-06-16T20:03:25+00:00,https://apps.bea.gov/regionalcore/data/ChartData?fips=13000&year=2023&mtype=3,200,text/plain,IY7WZ257ZUWN3BZD7RDTXWO2YRLYTZJV,SAWP5,save-merged-p105.arquivo.pt-20260617172754-72A87SWFGA.warc.gz,True,
2026-06-16T20:03:25+00:00,https://apps.bea.gov/regionalcore/data/ChartData?fips=15000&year=2023&mtype=3,200,text/plain,75B6UUSGSEXMOQJLBKG7LO74DQJ7K74L,SAWP5,save-merged-p105.arquivo.pt-20260617172433-DCFH983CAG.warc.gz,True,
2026-06-16T20:03:25+00:00,https://apps.bea.gov/regionalcore/data/ChartData?fips=16000&year=2023&mtype=3,200,text/plain,E7YUGQQI337M42ZC6APXEQHW7QFOCCCG,SAWP5,save-merged-p105.arquivo.pt-20260617172754-72A87SWFGA.warc.gz,True,
2026-06-16T20:03:25+00:00,https://apps.bea.gov/regionalcore/data/ChartData?fips=17000&year=2023&mtype=3,200,text/plain,RJH7SZTGMJLMQNZXWUFNB5JQBKWNQ3F2,SAWP5,save-merged-p105.arquivo.pt-20260617171324-BN4NKFCTX1.warc.gz,True,
2026-06-16T20:03:25+00:00,https://apps.bea.gov/regionalcore/data/ChartData?fips=18000&year=2023&mtype=3,200,text/plain,NV67O4N4QQSE2FTEFIUNI6HXIWH5Q7XE,SAWP5,save-merged-p106.arquivo.pt-20260617192809-P47GJ4745T.warc.gz,True,
2026-06-16T20:03:26+00:00,https://apps.bea.gov/regionalcore/data/ChartData?fips=13000&year=2023&mtype=3,200,text/plain,IY7WZ257ZUWN3BZD7RDTXWO2YRLYTZJV,SAWP5,save-merged-p107.arquivo.pt-20260617182231-UJTP0SRDT3.warc.gz,True,
2026-06-16T20:03:26+00:00,https://apps.bea.gov/regionalcore/data/ChartData?fips=15000&year=2023&mtype=3,200,text/plain,75B6UUSGSEXMOQJLBKG7LO74DQJ7K74L,SAWP5,save-merged-p106.arquivo.pt-20260617192905-0D72RLBNAC.warc.gz,True,
2026-06-16T20:03:26+00:00,https://apps.bea.gov/regionalcore/data/ChartData?fips=16000&year=2023&mtype=3,200,text/plain,E7YUGQQI337M42ZC6APXEQHW7QFOCCCG,SAWP5,save-merged-p106.arquivo.pt-20260617191958-2ZB48MKE9B.warc.gz,True,
2026-06-16T20:03:26+00:00,https://apps.bea.gov/regionalcore/data/ChartData?fips=17000&year=2023&mtype=3,200,text/plain,RJH7SZTGMJLMQNZXWUFNB5JQBKWNQ3F2,SAWP5,save-merged-p106.arquivo.pt-20260617192819-H6UKOL5KIY.warc.gz,True,
2026-06-16T20:03:26+00:00,https://apps.bea.gov/regionalcore/data/ChartData?fips=18000&year=2023&mtype=3,200,text/plain,NV67O4N4QQSE2FTEFIUNI6HXIWH5Q7XE,SAWP5,save-merged-p106.arquivo.pt-20260617191958-2ZB48MKE9B.warc.gz,True,
2026-06-16T20:03:26+00:00,https://apps.bea.gov/regionalcore/data/ChartData?fips=19000&year=2023&mtype=3,200,text/plain,TVFZD34Q3MOC4U35AIX2D3XZLIFB66AO,SAWP5,save-merged-p107.arquivo.pt-20260617182657-QVNMTTXHZ5.warc.gz,True,
2026-06-16T20:03:27+00:00,https://apps.bea.gov/regionalcore/data/ChartData?fips=19000&year=2023&mtype=3,200,text/plain,TVFZD34Q3MOC4U35AIX2D3XZLIFB66AO,SAWP5,save-merged-p106.arquivo.pt-20260617192905-0D72RLBNAC.warc.gz,True,
2026-06-16T20:03:27+00:00,https://apps.bea.gov/regionalcore/data/ChartData?fips=20000&year=2023&mtype=3,200,text/plain,3OY5CG4YQ4HSOXAW2ZVZG7Q243ER44AC,SAWP5,save-merged-p105.arquivo.pt-20260617172421-A7W6Y7AIT4.warc.gz,True,
2026-06-16T20:03:27+00:00,https://apps.bea.gov/regionalcore/data/ChartData?fips=21000&year=2023&mtype=3,200,text/plain,7NWGXAS3GOG5SUM3F33PYIN76NWKCCFK,SAWP5,save-merged-p105.arquivo.pt-20260617172433-DCFH983CAG.warc.gz,True,
2026-06-16T20:03:27+00:00,https://apps.bea.gov/regionalcore/data/ChartData?fips=22000&year=2023&mtype=3,200,text/plain,Q3DDYFTVDVX6FKRUS7WURSMNJ3KD7KXC,SAWP5,save-merged-p108.arquivo.pt-20260617201658-F173KOV5US.warc.gz,True,
2026-06-16T20:03:27+00:00,https://apps.bea.gov/regionalcore/data/ChartData?fips=23000&year=2023&mtype=3,200,text/plain,7PSUQ3SHGODF4EREYV4MAJX7BFC5OSZL,SAWP5,save-merged-p107.arquivo.pt-20260617182652-TCT3C8BDJQ.warc.gz,True,
2026-06-16T20:03:27+00:00,https://apps.bea.gov/regionalcore/data/ChartData?fips=25000&year=2023&mtype=3,200,text/plain,64OYP3HMKWFZDRJ7ZYBFA5EFWJY3CPAZ,SAWP5,save-merged-p108.arquivo.pt-20260617201429-AKU0FQDDP1.warc.gz,True,
2026-06-16T20:03:28+00:00,https://apps.bea.gov/regionalcore/data/ChartData?fips=20000&year=2023&mtype=3,200,text/plain,3OY5CG4YQ4HSOXAW2ZVZG7Q243ER44AC,SAWP5,save-merged-p107.arquivo.pt-20260617182657-QVNMTTXHZ5.warc.gz,True,
2026-06-16T20:03:28+00:00,https://apps.bea.gov/regionalcore/data/ChartData?fips=22000&year=2023&mtype=3,200,text/plain,Q3DDYFTVDVX6FKRUS7WURSMNJ3KD7KXC,SAWP5,save-merged-p108.arquivo.pt-20260617202031-CDV59JI976.warc.gz,True,
2026-06-16T20:03:28+00:00,https://apps.bea.gov/regionalcore/data/ChartData?fips=23000&year=2023&mtype=3,200,text/plain,7PSUQ3SHGODF4EREYV4MAJX7BFC5OSZL,SAWP5,save-merged-p108.arquivo.pt-20260617201637-MH3Z6T47FX.warc.gz,True,
2026-06-16T20:03:28+00:00,https://apps.bea.gov/regionalcore/data/ChartData?fips=26000&year=2023&mtype=3,200,text/plain,ZSA4JMPALYVJCSDFHBZM4Z4VNRFVTM4G,SAWP5,save-merged-p108.arquivo.pt-20260617201429-AKU0FQDDP1.warc.gz,True,
2026-06-16T20:03:28+00:00,https://apps.bea.gov/regionalcore/data/ChartData?fips=27000&year=2023&mtype=3,403,text/html,CPPWLQ4VG533KV6UTHC5VJZALRRB2XED,SAWP5,save-merged-p106.arquivo.pt-20260617191958-2ZB48MKE9B.warc.gz,True,
2026-06-16T20:03:28+00:00,https://apps.bea.gov/regionalcore/data/ChartData?fips=28000&year=2023&mtype=3,200,text/plain,IJTURUEFI6VPR2H4STAT3LQYZGVDFD4C,SAWP5,save-merged-p105.arquivo.pt-20260617172433-DCFH983CAG.warc.gz,True,
2026-06-16T20:03:29+00:00,https://apps.bea.gov/regionalcore/data/ChartData?fips=25000&year=2023&mtype=3,200,text/plain,64OYP3HMKWFZDRJ7ZYBFA5EFWJY3CPAZ,SAWP5,save-merged-p107.arquivo.pt-20260617182657-QVNMTTXHZ5.warc.gz,True,
2026-06-16T20:03:29+00:00,https://apps.bea.gov/regionalcore/data/ChartData?fips=26000&year=2023&mtype=3,200,text/plain,ZSA4JMPALYVJCSDFHBZM4Z4VNRFVTM4G,SAWP5,save-merged-p106.arquivo.pt-20260617192809-P47GJ4745T.warc.gz,True,
2026-06-16T20:03:29+00:00,https://apps.bea.gov/regionalcore/data/ChartData?fips=27000&year=2023&mtype=3,403,text/html,A4ZEXRM4HRFDQ5TAM2JKMVUGODRW2LX5,SAWP5,save-merged-p106.arquivo.pt-20260617191958-2ZB48MKE9B.warc.gz,True,
2026-06-16T20:03:29+00:00,https://apps.bea.gov/regionalcore/data/ChartData?fips=28000&year=2023&mtype=3,200,text/plain,IJTURUEFI6VPR2H4STAT3LQYZGVDFD4C,SAWP5,save-merged-p107.arquivo.pt-20260617182657-QVNMTTXHZ5.warc.gz,True,
2026-06-16T20:03:29+00:00,https://apps.bea.gov/regionalcore/data/ChartData?fips=29000&year=2023&mtype=3,200,text/plain,HJTSWYSSKZS4YDODHUDJYOV5W727TODM,SAWP5,save-merged-p108.arquivo.pt-20260617201429-AKU0FQDDP1.warc.gz,True,
2026-06-16T20:03:29+00:00,https://apps.bea.gov/regionalcore/data/ChartData?fips=30000&year=2023&mtype=3,200,text/plain,HLWBMHOAE7WLPNU5HTM6PZWFEEQHYJHW,SAWP5,save-merged-p107.arquivo.pt-20260617182657-QVNMTTXHZ5.warc.gz,True,
2026-06-16T20:03:29+00:00,https://apps.bea.gov/regionalcore/data/ChartData?fips=31000&year=2023&mtype=3,200,text/plain,SAUTRCB522YKNGD4CTPWCTHHHMA4NG2J,SAWP5,save-merged-p108.arquivo.pt-20260617201658-F173KOV5US.warc.gz,True,
2026-06-16T20:03:29+00:00,https://apps.bea.gov/regionalcore/data/ChartData?fips=32000&year=2023&mtype=3,200,text/plain,P6ARSWBQQ75DPAGA3ZT27QWOZ5PWZZCR,SAWP5,save-merged-p106.arquivo.pt-20260617192826-6TL9PGLH60.warc.gz,True,
2026-06-16T20:03:30+00:00,https://apps.bea.gov/regionalcore/data/ChartData?fips=29000&year=2023&mtype=3,200,text/plain,HJTSWYSSKZS4YDODHUDJYOV5W727TODM,SAWP5,save-merged-p105.arquivo.pt-20260617172754-72A87SWFGA.warc.gz,True,
2026-06-16T20:03:30+00:00,https://apps.bea.gov/regionalcore/data/ChartData?fips=30000&year=2023&mtype=3,403,text/html,AEVLWEOUIEB5M4E5CCOXCPMMWTE3CHF2,SAWP5,save-merged-p107.arquivo.pt-20260617182657-QVNMTTXHZ5.warc.gz,True,
2026-06-16T20:03:30+00:00,https://apps.bea.gov/regionalcore/data/ChartData?fips=31000&year=2023&mtype=3,200,text/plain,SAUTRCB522YKNGD4CTPWCTHHHMA4NG2J,SAWP5,save-merged-p106.arquivo.pt-20260617192905-0D72RLBNAC.warc.gz,True,
2026-06-16T20:03:30+00:00,https://apps.bea.gov/regionalcore/data/ChartData?fips=32000&year=2023&mtype=3,200,text/plain,P6ARSWBQQ75DPAGA3ZT27QWOZ5PWZZCR,SAWP5,save-merged-p105.arquivo.pt-20260617172433-DCFH983CAG.warc.gz,True,
2026-06-16T20:03:30+00:00,https://apps.bea.gov/regionalcore/data/ChartData?fips=33000&year=2023&mtype=3,200,text/plain,5ILHG7QZ7S42EVKSP372VE2NDTW6LIBV,SAWP5,save-merged-p107.arquivo.pt-20260617182657-QVNMTTXHZ5.warc.gz,True,
2026-06-16T20:03:31+00:00,https://apps.bea.gov/regionalcore/data/ChartData?fips=33000&year=2023&mtype=3,200,text/plain,5ILHG7QZ7S42EVKSP372VE2NDTW6LIBV,SAWP5,save-merged-p108.arquivo.pt-20260617202031-CDV59JI976.warc.gz,True,
2026-06-16T20:03:31+00:00,https://apps.bea.gov/regionalcore/data/ChartData?fips=34000&year=2023&mtype=3,200,text/plain,O6LGLI6D6YZ32LVM5YIMM6UKWKODQLK6,SAWP5,save-merged-p105.arquivo.pt-20260617172433-DCFH983CAG.warc.gz,True,
2026-06-16T20:03:31+00:00,https://apps.bea.gov/regionalcore/data/ChartData?fips=35000&year=2023&mtype=3,200,text/plain,CTDETRUYA26EKCLNCZ3VCZQRUQ5VQ6NL,SAWP5,save-merged-p107.arquivo.pt-20260617182240-9Z3A63AWKV.warc.gz,True,
2026-06-16T20:03:31+00:00,https://apps.bea.gov/regionalcore/data/ChartData?fips=36000&year=2023&mtype=3,200,text/plain,CQNYQZEMAB7LMBSEKYVS7LHBRE3ABDS2,SAWP5,save-merged-p105.arquivo.pt-20260617171324-BN4NKFCTX1.warc.gz,True,
2026-06-16T20:03:32+00:00,https://apps.bea.gov/regionalcore/data/ChartData?fips=36000&year=2023&mtype=3,200,text/plain,CQNYQZEMAB7LMBSEKYVS7LHBRE3ABDS2,SAWP5,save-merged-p105.arquivo.pt-20260617172433-DCFH983CAG.warc.gz,True,
2026-06-16T20:03:32+00:00,https://apps.bea.gov/regionalcore/data/ChartData?fips=37000&year=2023&mtype=3,200,text/plain,SRLJSU3GJAP35SVDU7TDPJG3ACNJKWHL,SAWP5,save-merged-p105.arquivo.pt-20260617172433-DCFH983CAG.warc.gz,True,
2026-06-16T20:03:32+00:00,https://apps.bea.gov/regionalcore/data/ChartData?fips=38000&year=2023&mtype=3,200,text/plain,2MVMLZGF4AK3OQQNHRXBON7FYZMUVU5H,SAWP5,save-merged-p105.arquivo.pt-20260617172433-DCFH983CAG.warc.gz,True,
2026-06-16T20:03:33+00:00,https://apps.bea.gov/regionalcore/data/ChartData?fips=37000&year=2023&mtype=3,200,text/plain,SRLJSU3GJAP35SVDU7TDPJG3ACNJKWHL,SAWP5,save-merged-p105.arquivo.pt-20260617171324-BN4NKFCTX1.warc.gz,True,
2026-06-16T20:03:33+00:00,https://apps.bea.gov/regionalcore/data/ChartData?fips=38000&year=2023&mtype=3,200,text/plain,2MVMLZGF4AK3OQQNHRXBON7FYZMUVU5H,SAWP5,save-merged-p106.arquivo.pt-20260617192905-0D72RLBNAC.warc.gz,True,
2026-06-16T20:03:33+00:00,https://apps.bea.gov/regionalcore/data/ChartData?fips=39000&year=2023&mtype=3,200,text/plain,L2UTXGXRYQKHBUJ3VY5U2F7W5CSKY6ZL,SAWP5,save-merged-p107.arquivo.pt-20260617182324-FT452IXRBG.warc.gz,True,
2026-06-16T20:03:33+00:00,https://apps.bea.gov/regionalcore/data/ChartData?fips=40000&year=2023&mtype=3,200,text/plain,HR63GQRJH5LHMVQ3FJ676UJWJTOW2OZA,SAWP5,save-merged-p106.arquivo.pt-20260617192905-0D72RLBNAC.warc.gz,True,
2026-06-16T20:03:33+00:00,https://apps.bea.gov/regionalcore/data/ChartData?fips=41000&year=2023&mtype=3,200,text/plain,ZR4KBGSN3TPMKI43WEB3VVZMVN4DDN76,SAWP5,save-merged-p105.arquivo.pt-20260617172754-72A87SWFGA.warc.gz,True,
2026-06-16T20:03:33+00:00,https://apps.bea.gov/regionalcore/data/ChartData?fips=42000&year=2023&mtype=3,200,text/plain,2XDQFNBK2QQPIPYMCCYRWYORMQLOCANP,SAWP5,save-merged-p105.arquivo.pt-20260617172055-ZCV0J1E7UC.warc.gz,True,
2026-06-16T20:03:34+00:00,https://apps.bea.gov/regionalcore/data/ChartData?fips=42000&year=2023&mtype=3,200,text/plain,2XDQFNBK2QQPIPYMCCYRWYORMQLOCANP,SAWP5,save-merged-p105.arquivo.pt-20260617172433-DCFH983CAG.warc.gz,True,
2026-06-16T20:03:34+00:00,https://apps.bea.gov/regionalcore/data/ChartData?fips=44000&year=2023&mtype=3,200,text/plain,NLZOZJVNIL6NNJ5NBU5NV46HT4SMJ4CF,SAWP5,save-merged-p106.arquivo.pt-20260617192905-0D72RLBNAC.warc.gz,True,
2026-06-16T20:03:34+00:00,https://apps.bea.gov/regionalcore/data/ChartData?fips=45000&year=2023&mtype=3,200,text/plain,54GJAHW2WYF2J45H4WILPGXHT5KRARHD,SAWP5,save-merged-p106.arquivo.pt-20260617192905-0D72RLBNAC.warc.gz,True,
2026-06-16T20:03:34+00:00,https://apps.bea.gov/regionalcore/data/ChartData?fips=46000&year=2023&mtype=3,200,text/plain,4UDZ5K2TTDOP5LFHIPLPDFVCA7KI23JU,SAWP5,save-merged-p106.arquivo.pt-20260617192826-6TL9PGLH60.warc.gz,True,
2026-06-16T20:03:35+00:00,https://apps.bea.gov/regionalcore/data/ChartData?fips=41000&year=2023&mtype=3,200,text/plain,ZR4KBGSN3TPMKI43WEB3VVZMVN4DDN76,SAWP5,save-merged-p107.arquivo.pt-20260617182240-9Z3A63AWKV.warc.gz,True,
2026-06-16T20:03:35+00:00,https://apps.bea.gov/regionalcore/data/ChartData?fips=44000&year=2023&mtype=3,200,text/plain,NLZOZJVNIL6NNJ5NBU5NV46HT4SMJ4CF,SAWP5,save-merged-p105.arquivo.pt-20260617172055-ZCV0J1E7UC.warc.gz,True,
2026-06-16T20:03:35+00:00,https://apps.bea.gov/regionalcore/data/ChartData?fips=45000&year=2023&mtype=3,200,text/plain,54GJAHW2WYF2J45H4WILPGXHT5KRARHD,SAWP5,save-merged-p106.arquivo.pt-20260617192809-P47GJ4745T.warc.gz,True,
2026-06-16T20:03:35+00:00,https://apps.bea.gov/regionalcore/data/ChartData?fips=47000&year=2023&mtype=3,200,text/plain,MKIOZZB77FOXY2TKUBLUBBTCNFVFTFLH,SAWP5,save-merged-p106.arquivo.pt-20260617192905-0D72RLBNAC.warc.gz,True,
2026-06-16T20:03:35+00:00,https://apps.bea.gov/regionalcore/data/ChartData?fips=48000&year=2023&mtype=3,200,text/plain,RIUCZU5F2627O3W3SU6DTSHGR4DDHOTT,SAWP5,save-merged-p107.arquivo.pt-20260617182240-9Z3A63AWKV.warc.gz,True,
2026-06-16T20:03:35+00:00,https://apps.bea.gov/regionalcore/data/ChartData?fips=49000&year=2023&mtype=3,200,text/plain,YDMVRSX5LJ3D4VCAGRP5UDGBBMJ4R3JI,SAWP5,save-merged-p106.arquivo.pt-20260617192809-P47GJ4745T.warc.gz,True,
2026-06-16T20:03:35+00:00,https://apps.bea.gov/regionalcore/data/ChartData?fips=50000&year=2023&mtype=3,200,text/plain,JTBO5J622MSTQGNX37D5QADXNJT6OZDX,SAWP5,save-merged-p108.arquivo.pt-20260617202031-CDV59JI976.warc.gz,True,
2026-06-16T20:03:36+00:00,https://apps.bea.gov/regional/bearfacts/index.cfm,301,text/html,LNSFJY73SO24INY2SDHRBF4URRFR5MQF,SAWP5,save-merged-p108.arquivo.pt-20260617202031-CDV59JI976.warc.gz,True,
2026-06-16T20:03:36+00:00,https://apps.bea.gov/regionalcore/data/ChartData?fips=46000&year=2023&mtype=3,200,text/plain,4UDZ5K2TTDOP5LFHIPLPDFVCA7KI23JU,SAWP5,save-merged-p105.arquivo.pt-20260617171324-BN4NKFCTX1.warc.gz,True,
2026-06-16T20:03:36+00:00,https://apps.bea.gov/regionalcore/data/ChartData?fips=47000&year=2023&mtype=3,200,text/plain,MKIOZZB77FOXY2TKUBLUBBTCNFVFTFLH,SAWP5,save-merged-p107.arquivo.pt-20260617182657-QVNMTTXHZ5.warc.gz,True,
2026-06-16T20:03:36+00:00,https://apps.bea.gov/regionalcore/data/ChartData?fips=48000&year=2023&mtype=3,200,text/plain,RIUCZU5F2627O3W3SU6DTSHGR4DDHOTT,SAWP5,save-merged-p106.arquivo.pt-20260617192905-0D72RLBNAC.warc.gz,True,
2026-06-16T20:03:36+00:00,https://apps.bea.gov/regionalcore/data/ChartData?fips=49000&year=2023&mtype=3,200,text/plain,YDMVRSX5LJ3D4VCAGRP5UDGBBMJ4R3JI,SAWP5,save-merged-p108.arquivo.pt-20260617201658-F173KOV5US.warc.gz,True,
2026-06-16T20:03:36+00:00,https://apps.bea.gov/regionalcore/data/ChartData?fips=51000&year=2023&mtype=3,200,text/plain,ON5BPCTHPYTZAZS77DQF4QDNUNCWAMDI,SAWP5,save-merged-p105.arquivo.pt-20260617172433-DCFH983CAG.warc.gz,True,
2026-06-16T20:03:36+00:00,https://apps.bea.gov/regionalcore/data/ChartData?fips=53000&year=2023&mtype=3,200,text/plain,Z2W3L2C4P4Q5XZDDJUOHL7Q4B6OD3HWZ,SAWP5,save-merged-p107.arquivo.pt-20260617182324-FT452IXRBG.warc.gz,True,
2026-06-16T20:03:36+00:00,https://apps.bea.gov/regionalcore/data/ChartData?fips=54000&year=2023&mtype=3,200,text/plain,LP4WBMSP4RVVBMHX6T77ID6WM7ZG6XWQ,SAWP5,save-merged-p105.arquivo.pt-20260617172433-DCFH983CAG.warc.gz,True,
2026-06-16T20:03:37+00:00,https://apps.bea.gov/regionalcore/data/ChartData?fips=51000&year=2023&mtype=3,200,text/plain,ON5BPCTHPYTZAZS77DQF4QDNUNCWAMDI,SAWP5,save-merged-p108.arquivo.pt-20260617201429-AKU0FQDDP1.warc.gz,True,
2026-06-16T20:03:37+00:00,https://apps.bea.gov/regionalcore/data/ChartData?fips=53000&year=2023&mtype=3,200,text/plain,Z2W3L2C4P4Q5XZDDJUOHL7Q4B6OD3HWZ,SAWP5,save-merged-p105.arquivo.pt-20260617172433-DCFH983CAG.warc.gz,True,
2026-06-16T20:03:37+00:00,https://apps.bea.gov/regionalcore/data/ChartData?fips=54000&year=2023&mtype=3,200,text/plain,LP4WBMSP4RVVBMHX6T77ID6WM7ZG6XWQ,SAWP5,save-merged-p107.arquivo.pt-20260617182324-FT452IXRBG.warc.gz,True,
2026-06-16T20:03:37+00:00,https://apps.bea.gov/regionalcore/data/ChartData?fips=55000&year=2023&mtype=3,200,text/plain,ZOQT3GA2I6G3LMDMD3MQWM6O7RUAA54R,SAWP5,save-merged-p106.arquivo.pt-20260617192809-P47GJ4745T.warc.gz,True,
2026-06-16T20:03:53+00:00,https://apps.bea.gov/regionalcore/data/ChartData?fips=56000&year=2013&mtype=3,200,text/plain,NECEPMDYIXXTQ2UMNZNUMLTKXUO234IX,SAWP5,save-merged-p108.arquivo.pt-20260617201658-F173KOV5US.warc.gz,True,
2026-06-16T20:03:55+00:00,https://apps.bea.gov/regionalcore/data/ChartData?fips=56000&year=2014&mtype=3,200,text/plain,Y2QJ3ZRZPWEU62S5D3TTWWNWEGZMIGFK,SAWP5,save-merged-p106.arquivo.pt-20260617192809-P47GJ4745T.warc.gz,True,
2026-06-16T20:03:56+00:00,https://apps.bea.gov/regionalcore/data/ChartData?fips=56000&year=2022&mtype=3,200,text/plain,BMX3RCFD2NWZKIQN6RAFJMM444BPM7JT,SAWP5,save-merged-p106.arquivo.pt-20260617192809-P47GJ4745T.warc.gz,True,
2026-06-16T20:03:58+00:00,https://apps.bea.gov/regionalcore/data/ChartData?fips=56000&year=2024&mtype=3,200,text/plain,3UKZDF2XG4U3TRHGOWDJKXYL3APVPGTV,SAWP5,save-merged-p107.arquivo.pt-20260617182240-9Z3A63AWKV.warc.gz,True,
2026-06-16T20:04:00+00:00,https://apps.bea.gov/regionalcore/data/ChartData?fips=56000&year=2025&mtype=3,200,text/plain,FRGRG6WNALGWRGO4Q5PADHLJU4FBLFNH,SAWP5,save-merged-p105.arquivo.pt-20260617171737-PSG440D7OT.warc.gz,True,
2026-06-16T20:04:01+00:00,https://apps.bea.gov/regionalcore/data/ChartData?fips=56000&year=2026&mtype=3,500,unk,3I42H3S6NNFQ2MSVX7XZKYAYSCX5QBYJ,SAWP5,save-merged-p105.arquivo.pt-20260617172433-DCFH983CAG.warc.gz,True,
2026-06-16T20:04:15+00:00,https://apps.bea.gov/regionalcore/data/GSPData?fips=56000&year=2023,200,text/plain,BZ7T2JNHM4U6F3IFCITAH55IJPG2WC4L,SAWP5,save-merged-p105.arquivo.pt-20260617172754-72A87SWFGA.warc.gz,True,
2026-06-16T20:04:17+00:00,https://apps.bea.gov/regional/histdata/releases/0324qpi/index.cfm,200,text/html,HFYPROZIQUMO6W3N3O5BDN5RUSCCONPO,SAWP5,save-merged-p105.arquivo.pt-20260617172433-DCFH983CAG.warc.gz,True,
2026-06-16T20:04:19+00:00,https://apps.bea.gov/regional/histdata/releases/0624qpi/index.cfm,200,text/html,HFYPROZIQUMO6W3N3O5BDN5RUSCCONPO,SAWP5,save-merged-p107.arquivo.pt-20260617182657-QVNMTTXHZ5.warc.gz,True,
2026-06-16T20:04:21+00:00,https://apps.bea.gov/regional/histdata/releases/0924qpi/index.cfm,200,text/html,HFYPROZIQUMO6W3N3O5BDN5RUSCCONPO,SAWP5,save-merged-p105.arquivo.pt-20260617172433-DCFH983CAG.warc.gz,True,
2026-06-16T20:04:23+00:00,https://apps.bea.gov/regional/histdata/releases/1223qpi/index.cfm,200,text/html,HFYPROZIQUMO6W3N3O5BDN5RUSCCONPO,SAWP5,save-merged-p106.arquivo.pt-20260617192905-0D72RLBNAC.warc.gz,True,
2026-06-16T20:04:24+00:00,https://apps.bea.gov/regional/histdata/releases/0324sqpi/index.cfm,200,text/html,HFYPROZIQUMO6W3N3O5BDN5RUSCCONPO,SAWP5,save-merged-p107.arquivo.pt-20260617182647-0VM22ASYAK.warc.gz,True,
2026-06-16T20:04:25+00:00,https://apps.bea.gov/regional/histdata/releases/0324sap/index.cfm,200,text/html,HFYPROZIQUMO6W3N3O5BDN5RUSCCONPO,SAWP5,save-merged-p106.arquivo.pt-20260617192905-0D72RLBNAC.warc.gz,True,
2026-06-16T20:04:57+00:00,https://apps.bea.gov/regional/bearfacts/js/utils/utils.js,200,application/javascript,FSS2DWZPFF555JFP2V3NQ2RRNMMGDPZ7,SAWP5,save-merged-p107.arquivo.pt-20260617182652-TCT3C8BDJQ.warc.gz,True,
2026-06-16T20:05:26+00:00,https://apps.bea.gov/regional/histdata/index.cfm,301,text/html,3I42H3S6NNFQ2MSVX7XZKYAYSCX5QBYJ,SAWP5,save-merged-p106.arquivo.pt-20260617192819-H6UKOL5KIY.warc.gz,True,
2026-06-16T20:05:29+00:00,https://apps.bea.gov/regional/histdata/releases/,403,text/html,UBNOKG2KHYXAA5RCFS6L5HCYQM6N54II,SAWP5,save-merged-p106.arquivo.pt-20260617192826-6TL9PGLH60.warc.gz,True,
2026-06-16T20:05:33+00:00,https://apps.bea.gov/regionalcore/data/StateList,200,text/plain,PYIBYBCG6KFN6FYXFLYEI7GKSLPCX5CI,SAWP5,save-merged-p107.arquivo.pt-20260617182657-QVNMTTXHZ5.warc.gz,True,
2026-06-16T20:05:35+00:00,https://apps.bea.gov/regional/histdata/releases/0324spi/SAINC.zip,200,text/html,HFYPROZIQUMO6W3N3O5BDN5RUSCCONPO,SAWP5,save-merged-p106.arquivo.pt-20260617192809-P47GJ4745T.warc.gz,True,
2026-06-16T20:05:37+00:00,https://apps.bea.gov/regional/histdata/releases/0624spi/SAINC.zip,200,text/html,HFYPROZIQUMO6W3N3O5BDN5RUSCCONPO,SAWP5,save-merged-p106.arquivo.pt-20260617192809-P47GJ4745T.warc.gz,True,
2026-06-16T20:05:40+00:00,https://apps.bea.gov/regional/histdata/releases/0924spi/SAINC.zip,200,text/html,HFYPROZIQUMO6W3N3O5BDN5RUSCCONPO,SAWP5,save-merged-p106.arquivo.pt-20260617192819-H6UKOL5KIY.warc.gz,True,
2026-06-16T20:05:40+00:00,https://apps.bea.gov/regionalcore/data/AreaTitles?geotype=3,200,text/plain,C4V5YJOTS5K7ZTF3FE3IXSX5LQW3PSHW,SAWP5,save-merged-p105.arquivo.pt-20260617172754-72A87SWFGA.warc.gz,True,
2026-06-16T20:05:43+00:00,https://apps.bea.gov/regionalcore/data/CountyList?areatype=state,200,text/plain,QDWTHI3RKFUXSLWYZ5KJJWOP3VG4EO2W,SAWP5,save-merged-p105.arquivo.pt-20260617171324-BN4NKFCTX1.warc.gz,True,
2026-06-16T20:05:45+00:00,https://apps.bea.gov/regionalcore/data/CountyList?areatype=county,200,text/plain,WVZ4VW337JLFV3QURZRL3B4BMM5CJMCS,SAWP5,save-merged-p107.arquivo.pt-20260617182657-QVNMTTXHZ5.warc.gz,True,
2026-06-16T20:05:46+00:00,https://apps.bea.gov/regionalcore/data/CountyList?areatype=msa,200,text/plain,Q6RZMDASLEJKT7ASN5UGJZKMVBV3IW46,SAWP5,save-merged-p106.arquivo.pt-20260617192826-6TL9PGLH60.warc.gz,True,
2026-06-16T20:05:56+00:00,https://apps.bea.gov/regional/histdatacore/Regional_Accounts_new.html,200,text/html,HFYPROZIQUMO6W3N3O5BDN5RUSCCONPO,SAWP5,save-merged-p107.arquivo.pt-20260617183007-TFHGIJZ1O4.warc.gz,True,
2026-06-16T20:05:59+00:00,https://apps.bea.gov/regional/histdatacore/,200,text/html,HFYPROZIQUMO6W3N3O5BDN5RUSCCONPO,SAWP5,save-merged-p105.arquivo.pt-20260617172754-72A87SWFGA.warc.gz,True,
2026-06-16T20:06:14+00:00,https://apps.bea.gov/regional/bearfacts/js/amcharts4/core.js,200,application/javascript,HBUBF6P2MHHWN7LUL3XXRHZKADW2F4JN,SAWP5,save-merged-p106.arquivo.pt-20260617192809-P47GJ4745T.warc.gz,True,
2026-06-16T20:06:15+00:00,https://apps.bea.gov/regional/bearfacts/js/amcharts4/charts.js,200,application/javascript,D5YD34F7GICGFERFRNHGUWOLX6CXR2FR,SAWP5,save-merged-p107.arquivo.pt-20260617182324-FT452IXRBG.warc.gz,True,
2026-06-16T20:06:20+00:00,https://apps.bea.gov/histdatacore/Regional_Accounts_new.html,307,text/html,GZMVRRB2Q7QGBLKVMPCBGZCDGEBFT6IP,SAWP5,save-merged-p105.arquivo.pt-20260617172433-DCFH983CAG.warc.gz,True,
2026-06-16T20:06:22+00:00,https://apps.bea.gov/regional/histdata/Regional_Accounts_new.html,200,text/html,HFYPROZIQUMO6W3N3O5BDN5RUSCCONPO,SAWP5,save-merged-p107.arquivo.pt-20260617182652-TCT3C8BDJQ.warc.gz,True,
2026-06-16T20:06:41+00:00,https://apps.bea.gov/regional/histdata/releases/0923spi/SAINC.zip,200,application/x-zip-compressed,JHZ6BPIJ5HWLBCU5HUMZ2UO32GIIV5R6,SAWP5,save-merged-p108.arquivo.pt-20260617201652-118CG4WLIY.warc.gz,True,
2026-06-16T20:06:45+00:00,https://apps.bea.gov/regional/histdata/releases/0323spi/SAINC.zip,200,application/x-zip-compressed,ROFBV6WP7SN7YA2MHWUAHYEKKPZDFJKD,SAWP5,save-merged-p105.arquivo.pt-20260617172433-DCFH983CAG.warc.gz,True,
2026-06-16T20:07:07+00:00,https://apps.bea.gov/histdata/Regional_Accounts_new.html,200,text/html,HFYPROZIQUMO6W3N3O5BDN5RUSCCONPO,SAWP5,save-merged-p106.arquivo.pt-20260617192809-P47GJ4745T.warc.gz,True,
2026-06-16T20:07:09+00:00,https://apps.bea.gov/histdata/,200,text/html,TD5KPSJSH76DCZ7WZVPPU3VMQWZM3WMK,SAWP5,save-merged-p105.arquivo.pt-20260617172433-DCFH983CAG.warc.gz,True,
2026-06-16T20:07:10+00:00,https://apps.bea.gov/histdata/index.html,200,text/html,TD5KPSJSH76DCZ7WZVPPU3VMQWZM3WMK,SAWP5,save-merged-p105.arquivo.pt-20260617172433-DCFH983CAG.warc.gz,True,
2026-06-16T20:07:10+00:00,https://apps.bea.gov/regional/bearfacts/js/bearfacts.js,200,application/javascript,YI4WCHFFGS4EOYDVZVN46G5AEKCSEIY7,SAWP5,save-merged-p106.arquivo.pt-20260617192905-0D72RLBNAC.warc.gz,True,
2026-06-16T20:07:11+00:00,https://apps.bea.gov/regional/bearfacts/js/bearfacts.js,200,application/javascript,YI4WCHFFGS4EOYDVZVN46G5AEKCSEIY7,SAWP5,save-merged-p105.arquivo.pt-20260617172433-DCFH983CAG.warc.gz,True,
2026-06-16T20:07:12+00:00,https://apps.bea.gov/regional/bearfacts/js/charts.js,200,application/javascript,ODC66SWLCNSGI6RZLOUODE3M5ZQSLPIR,SAWP5,save-merged-p108.arquivo.pt-20260617201658-F173KOV5US.warc.gz,True,
2026-06-16T20:07:13+00:00,https://apps.bea.gov/regional/bearfacts/js/charts.js,200,application/javascript,ODC66SWLCNSGI6RZLOUODE3M5ZQSLPIR,SAWP5,save-merged-p106.arquivo.pt-20260617192809-P47GJ4745T.warc.gz,True,
2026-06-16T20:07:15+00:00,https://apps.bea.gov/regional/bearfacts/,200,text/html,J7SAO4RHDXH7RC2B3SVE2MHVWYNX2JJX,SAWP5,save-merged-p105.arquivo.pt-20260617172754-72A87SWFGA.warc.gz,True,
2026-06-16T20:07:38+00:00,https://apps.bea.gov/regionalcore/data/CountyList?areatype=county,200,text/plain,WVZ4VW337JLFV3QURZRL3B4BMM5CJMCS,SAWP5,save-merged-p105.arquivo.pt-20260617172754-72A87SWFGA.warc.gz,True,
2026-06-16T20:07:40+00:00,https://apps.bea.gov/regionalcore/data/CountyList?areatype=msa,200,text/plain,Q6RZMDASLEJKT7ASN5UGJZKMVBV3IW46,SAWP5,save-merged-p105.arquivo.pt-20260617172055-ZCV0J1E7UC.warc.gz,True,
2026-06-16T20:07:41+00:00,https://apps.bea.gov/regionalcore/data/AreaTitles?geotype=4,200,text/plain,JLSHWIGVYXGFGW442UGTDOUCBREORC7N,SAWP5,save-merged-p105.arquivo.pt-20260617172754-72A87SWFGA.warc.gz,True,
2026-06-16T20:08:24+00:00,https://apps.bea.gov/regionalcore/data/ChartData?fips=56000&year=2020&mtype=3,200,text/plain,YC7TK6HM67WBUHBYCDKPGM5NO6FZADDR,SAWP5,save-merged-p106.arquivo.pt-20260617192905-0D72RLBNAC.warc.gz,True,
2026-06-16T20:08:26+00:00,https://apps.bea.gov/regionalcore/data/ChartData?fips=56000&year=2021&mtype=3,200,text/plain,MYRA6LMCDGB3YFQU3VQSLRI5HKBNUASS,SAWP5,save-merged-p108.arquivo.pt-20260617201429-AKU0FQDDP1.warc.gz,True,
2026-06-16T20:08:32+00:00,https://apps.bea.gov/regionalcore/data/ChartData?fips=56000&year=2026&mtype=3,500,unk,3I42H3S6NNFQ2MSVX7XZKYAYSCX5QBYJ,SAWP5,save-merged-p107.arquivo.pt-20260617182657-QVNMTTXHZ5.warc.gz,True,
2026-06-16T20:08:32+00:00,https://apps.bea.gov/regionalcore/data/CountyList?areatype=01000,200,text/plain,WOXNAABPCS7XS6O6PJBADDGYVYXUBYJU,SAWP5,save-merged-p108.arquivo.pt-20260617201658-F173KOV5US.warc.gz,True,
2026-06-16T20:08:34+00:00,https://apps.bea.gov/regionalcore/data/CountyList?areatype=02000,200,text/plain,W7IZ6ZNL6IKUVLL7TFCPNK4THHQ2ZLC4,SAWP5,save-merged-p105.arquivo.pt-20260617171324-BN4NKFCTX1.warc.gz,True,
2026-06-16T20:08:35+00:00,https://apps.bea.gov/regionalcore/data/CountyList?areatype=04000,200,text/plain,6OPLG4DAXYYOHEEEGYFJDCAQ2D5AR2KR,SAWP5,save-merged-p106.arquivo.pt-20260617192905-0D72RLBNAC.warc.gz,True,
2026-06-16T20:08:36+00:00,https://apps.bea.gov/regionalcore/data/CountyList?areatype=05000,200,text/plain,MP3QYKS7XXUQDT43KHZP3W5N2FTVNTXU,SAWP5,save-merged-p106.arquivo.pt-20260617192905-0D72RLBNAC.warc.gz,True,
2026-06-16T20:08:37+00:00,https://apps.bea.gov/regionalcore/data/CountyList?areatype=06000,200,text/plain,5MN7UJLM7NN2DXMSXAU4GU3U75ZNQZR2,SAWP5,save-merged-p105.arquivo.pt-20260617172754-72A87SWFGA.warc.gz,True,
2026-06-16T20:08:38+00:00,https://apps.bea.gov/regionalcore/data/CountyList?areatype=08000,200,text/plain,ONOU7F6RDNHPD3QMMDBBZBE65BK4IWX2,SAWP5,save-merged-p105.arquivo.pt-20260617172754-72A87SWFGA.warc.gz,True,
2026-06-16T20:08:39+00:00,https://apps.bea.gov/regionalcore/data/CountyList?areatype=09000,200,text/plain,URSN5A25K5YRH7Z44KOYVKKBDMVKOEUC,SAWP5,save-merged-p107.arquivo.pt-20260617182657-QVNMTTXHZ5.warc.gz,True,
2026-06-16T20:08:40+00:00,https://apps.bea.gov/regionalcore/data/CountyList?areatype=10000,200,text/plain,GS56DMXRXSKXSRVHKNPJHFVUQRLFKEI4,SAWP5,save-merged-p108.arquivo.pt-20260617202031-CDV59JI976.warc.gz,True,
2026-06-16T20:08:41+00:00,https://apps.bea.gov/regionalcore/data/CountyList?areatype=11000,200,text/plain,TZPFLNDH4BNTVRXMHCZHQQQY4UK3DUX7,SAWP5,save-merged-p106.arquivo.pt-20260617192819-H6UKOL5KIY.warc.gz,True,
2026-06-16T20:08:42+00:00,https://apps.bea.gov/regionalcore/data/CountyList?areatype=12000,200,text/plain,WG6NVEHRP65G2Z6IWBLBA7FPZ4KL3PEW,SAWP5,save-merged-p105.arquivo.pt-20260617172433-DCFH983CAG.warc.gz,True,
2026-06-16T20:08:43+00:00,https://apps.bea.gov/regionalcore/data/CountyList?areatype=13000,200,text/plain,6VLO4WNBXRDCJWKPBIMRIP5HIYHLQ6N2,SAWP5,save-merged-p106.arquivo.pt-20260617191946-W9IG51L4RR.warc.gz,True,
2026-06-16T20:08:44+00:00,https://apps.bea.gov/regionalcore/data/CountyList?areatype=15000,200,text/plain,43XKZB4QTUKJKGTZUMB5MCBNLXLDNGPV,SAWP5,save-merged-p106.arquivo.pt-20260617192905-0D72RLBNAC.warc.gz,True,
2026-06-16T20:08:45+00:00,https://apps.bea.gov/regionalcore/data/CountyList?areatype=16000,200,text/plain,2IKPNEQY4JYD5OWVIQ5JTF6H7K37IEII,SAWP5,save-merged-p107.arquivo.pt-20260617182657-QVNMTTXHZ5.warc.gz,True,
2026-06-16T20:08:46+00:00,https://apps.bea.gov/regionalcore/data/CountyList?areatype=17000,200,text/plain,SFAYB3NKL7J3MQRULIPCVDCBLHWYJ5AW,SAWP5,save-merged-p105.arquivo.pt-20260617171737-PSG440D7OT.warc.gz,True,
2026-06-16T20:08:48+00:00,https://apps.bea.gov/regionalcore/data/CountyList?areatype=18000,200,text/plain,JJZRPRK7VKEFMTZJHJERS7X2TCLZJIOC,SAWP5,save-merged-p105.arquivo.pt-20260617172754-72A87SWFGA.warc.gz,True,
2026-06-16T20:08:49+00:00,https://apps.bea.gov/regionalcore/data/CountyList?areatype=19000,200,text/plain,LGEPUVU2TQVQZZM6Q5BMBGVPCMBUZIEB,SAWP5,save-merged-p106.arquivo.pt-20260617192905-0D72RLBNAC.warc.gz,True,
2026-06-16T20:08:50+00:00,https://apps.bea.gov/regionalcore/data/CountyList?areatype=20000,200,text/plain,QICZDXDYB2WGRHRHITI2Z7WO3DPIUL6F,SAWP5,save-merged-p108.arquivo.pt-20260617202031-CDV59JI976.warc.gz,True,
2026-06-16T20:08:51+00:00,https://apps.bea.gov/regionalcore/data/CountyList?areatype=21000,200,text/plain,PGYUCSCG4KCENHXMTEPU5JSWV6N67ALQ,SAWP5,save-merged-p105.arquivo.pt-20260617172754-72A87SWFGA.warc.gz,True,
2026-06-16T20:08:51+00:00,https://apps.bea.gov/regionalcore/data/CountyList?areatype=22000,200,text/plain,Y35MRJ54MOXUWFPHOUFNXJTJVFUJKH7Z,SAWP5,save-merged-p106.arquivo.pt-20260617192905-0D72RLBNAC.warc.gz,True,
2026-06-16T20:08:52+00:00,https://apps.bea.gov/regionalcore/data/CountyList?areatype=23000,200,text/plain,RYPK5ENCBTPSTZITJ77XUDWWCIDX4OM2,SAWP5,save-merged-p106.arquivo.pt-20260617192905-0D72RLBNAC.warc.gz,True,
2026-06-16T20:08:54+00:00,https://apps.bea.gov/regionalcore/data/CountyList?areatype=24000,200,text/plain,WSYHSAUKV3O2AOVALZI7GNWOIVJ3PCPT,SAWP5,save-merged-p105.arquivo.pt-20260617172433-DCFH983CAG.warc.gz,True,
2026-06-16T20:08:55+00:00,https://apps.bea.gov/regionalcore/data/CountyList?areatype=25000,200,text/plain,WBF2WRWFFVXBM2IVPGUNCPTCTJ3MXWRS,SAWP5,save-merged-p106.arquivo.pt-20260617192826-6TL9PGLH60.warc.gz,True,
2026-06-16T20:08:56+00:00,https://apps.bea.gov/regionalcore/data/CountyList?areatype=26000,200,text/plain,JIXECLZVOKZMPWFGT7DNYQT45Z67ONS7,SAWP5,save-merged-p105.arquivo.pt-20260617172421-A7W6Y7AIT4.warc.gz,True,
2026-06-16T20:08:57+00:00,https://apps.bea.gov/regionalcore/data/CountyList?areatype=27000,200,text/plain,F5CSQBX26PAHWTHS2B7FA44TR42NRJLI,SAWP5,save-merged-p105.arquivo.pt-20260617172433-DCFH983CAG.warc.gz,True,
2026-06-16T20:08:58+00:00,https://apps.bea.gov/regionalcore/data/CountyList?areatype=28000,200,text/plain,ZZCSLFTXM23ERCAJXUXIOLEOGYMM5SDN,SAWP5,save-merged-p107.arquivo.pt-20260617182652-TCT3C8BDJQ.warc.gz,True,
2026-06-16T20:08:59+00:00,https://apps.bea.gov/regionalcore/data/CountyList?areatype=29000,200,text/plain,FYAW45TRW5LFQS3WTHLTGDCPNDAHSGN3,SAWP5,save-merged-p106.arquivo.pt-20260617192819-H6UKOL5KIY.warc.gz,True,
2026-06-16T20:09:00+00:00,https://apps.bea.gov/regionalcore/data/CountyList?areatype=30000,200,text/plain,76OOWRHJRVIKAYKFCWYSSYRDLUE37VRL,SAWP5,save-merged-p106.arquivo.pt-20260617192826-6TL9PGLH60.warc.gz,True,
2026-06-16T20:09:01+00:00,https://apps.bea.gov/regionalcore/data/CountyList?areatype=31000,200,text/plain,G2JSTDRDHHHXVM4PMA3PAHAZACKXWISZ,SAWP5,save-merged-p107.arquivo.pt-20260617182657-QVNMTTXHZ5.warc.gz,True,
2026-06-16T20:09:02+00:00,https://apps.bea.gov/regionalcore/data/CountyList?areatype=32000,200,text/plain,NJ37SCS4V4KP77T3GWKHYGQI2PSD4QVH,SAWP5,save-merged-p107.arquivo.pt-20260617183007-TFHGIJZ1O4.warc.gz,True,
2026-06-16T20:09:03+00:00,https://apps.bea.gov/regionalcore/data/CountyList?areatype=33000,200,text/plain,V4G65JJ56657OCRWZU76HYS36GF2N7DV,SAWP5,save-merged-p105.arquivo.pt-20260617172433-DCFH983CAG.warc.gz,True,
2026-06-16T20:09:04+00:00,https://apps.bea.gov/regionalcore/data/CountyList?areatype=34000,200,text/plain,DSQQZZERM4UILJMZJJP6RKQA2GSEI3YG,SAWP5,save-merged-p105.arquivo.pt-20260617172433-DCFH983CAG.warc.gz,True,
2026-06-16T20:09:04+00:00,https://apps.bea.gov/regionalcore/data/CountyList?areatype=35000,200,text/plain,R5P2ZEHTRD6BJEBNV2MYV63VDMCSCUQ2,SAWP5,save-merged-p105.arquivo.pt-20260617172754-72A87SWFGA.warc.gz,True,
2026-06-16T20:09:05+00:00,https://apps.bea.gov/regionalcore/data/CountyList?areatype=36000,200,text/plain,KWIJ2M7MSV6PZHSLRRKSBAT6WINJKUB3,SAWP5,save-merged-p105.arquivo.pt-20260617171324-BN4NKFCTX1.warc.gz,True,
2026-06-16T20:09:06+00:00,https://apps.bea.gov/regionalcore/data/CountyList?areatype=37000,200,text/plain,GB3L6KXGRAHF3RPSZ4DJ5M5Q3Z3MSRCI,SAWP5,save-merged-p105.arquivo.pt-20260617172433-DCFH983CAG.warc.gz,True,
2026-06-16T20:09:07+00:00,https://apps.bea.gov/regionalcore/data/CountyList?areatype=38000,200,text/plain,CISDYO2CK33ZBJEXTZIWMDRFPIZOL6RR,SAWP5,save-merged-p106.arquivo.pt-20260617192905-0D72RLBNAC.warc.gz,True,
2026-06-16T20:09:08+00:00,https://apps.bea.gov/regionalcore/data/ChartData?fips=50000%26year=2023%26mtype=3,500,unk,3I42H3S6NNFQ2MSVX7XZKYAYSCX5QBYJ,SAWP5,save-merged-p107.arquivo.pt-20260617182657-QVNMTTXHZ5.warc.gz,True,
2026-06-16T20:09:08+00:00,https://apps.bea.gov/regionalcore/data/CountyList?areatype=39000,200,text/plain,FTNRAS4B24ITSBIJ3SVWQVCWK5UF75FZ,SAWP5,save-merged-p106.arquivo.pt-20260617192819-H6UKOL5KIY.warc.gz,True,
2026-06-16T20:09:09+00:00,https://apps.bea.gov/regionalcore/data/CountyList?areatype=40000,200,text/plain,ITJQHDTM7PI6XHYYTA7IMPDHDIFBJ4JI,SAWP5,save-merged-p106.arquivo.pt-20260617192814-NWC1K2Z2L1.warc.gz,True,
2026-06-16T20:09:10+00:00,https://apps.bea.gov/regionalcore/data/ChartData?fips=50000&year=2023&mtype=3,200,text/plain,JTBO5J622MSTQGNX37D5QADXNJT6OZDX,SAWP5,save-merged-p107.arquivo.pt-20260617182657-QVNMTTXHZ5.warc.gz,True,
2026-06-16T20:09:10+00:00,https://apps.bea.gov/regionalcore/data/CountyList?areatype=41000,200,text/plain,JQFBS7ETVO66OF3SO4QIJMU7F4664HKH,SAWP5,save-merged-p108.arquivo.pt-20260617201658-F173KOV5US.warc.gz,True,
2026-06-16T20:09:11+00:00,https://apps.bea.gov/regionalcore/data/CountyList?areatype=42000,200,text/plain,TCMZYADKFTWFH4GDMKRHXOZAGYHFVLAL,SAWP5,save-merged-p107.arquivo.pt-20260617183007-TFHGIJZ1O4.warc.gz,True,
2026-06-16T20:09:12+00:00,https://apps.bea.gov/regionalcore/data/CountyList?areatype=44000,200,text/plain,K36JSFZRPPOEOLI4QGP27SYX4YOW2FVN,SAWP5,save-merged-p108.arquivo.pt-20260617202031-CDV59JI976.warc.gz,True,
2026-06-16T20:09:13+00:00,https://apps.bea.gov/regionalcore/data/CountyList?areatype=45000,200,text/plain,XXETWEM2E52DOUDQHCPRGPRCT7WPEGHC,SAWP5,save-merged-p107.arquivo.pt-20260617182652-TCT3C8BDJQ.warc.gz,True,
2026-06-16T20:09:14+00:00,https://apps.bea.gov/regionalcore/data/CountyList?areatype=46000,200,text/plain,DBBDRB7BQI32AIYSLLRDM52D3RXDK7QO,SAWP5,save-merged-p106.arquivo.pt-20260617191946-W9IG51L4RR.warc.gz,True,
2026-06-16T20:09:15+00:00,https://apps.bea.gov/regionalcore/data/CountyList?areatype=47000,200,text/plain,KR3QAJWU5Z2NMUKEHXPJ33TWUCMHVEMP,SAWP5,save-merged-p106.arquivo.pt-20260617192819-H6UKOL5KIY.warc.gz,True,
2026-06-16T20:09:16+00:00,https://apps.bea.gov/regionalcore/data/CountyList?areatype=48000,200,text/plain,BFECOBQEP2ZIKOYSMLVEDMEYYSCGXK2U,SAWP5,save-merged-p106.arquivo.pt-20260617192910-70NAJV2N94.warc.gz,True,
2026-06-16T20:09:17+00:00,https://apps.bea.gov/regionalcore/data/CountyList?areatype=49000,200,text/plain,5DIT4GNBXHYZC65UMF72CTCMYC7UFAHK,SAWP5,save-merged-p105.arquivo.pt-20260617172433-DCFH983CAG.warc.gz,True,
2026-06-16T20:09:18+00:00,https://apps.bea.gov/regionalcore/data/CountyList?areatype=50000,200,text/plain,6ZLGB4HWKY3RAEY4MXCRRZMCCSQAIIMI,SAWP5,save-merged-p105.arquivo.pt-20260617171324-BN4NKFCTX1.warc.gz,True,
2026-06-16T20:09:19+00:00,https://apps.bea.gov/regionalcore/data/CountyList?areatype=51000,200,text/plain,BAKMMUTL5ISID5CCLIURW436L7RHH5JD,SAWP5,save-merged-p108.arquivo.pt-20260617201642-EMSUJE6Z4U.warc.gz,True,
2026-06-16T20:09:20+00:00,https://apps.bea.gov/regionalcore/data/CountyList?areatype=53000,200,text/plain,LZT2EAY4BCVHA6CWPGFUH2IFFJYMHTPZ,SAWP5,save-merged-p106.arquivo.pt-20260617192910-70NAJV2N94.warc.gz,True,
2026-06-16T20:09:21+00:00,https://apps.bea.gov/regionalcore/data/CountyList?areatype=54000,200,text/plain,TMYYJB33SZ3SFJMJ6A6B27MP2H5JHEDQ,SAWP5,save-merged-p105.arquivo.pt-20260617172754-72A87SWFGA.warc.gz,True,
2026-06-16T20:09:22+00:00,https://apps.bea.gov/regionalcore/data/CountyList?areatype=55000,200,text/plain,EQE2O4CA35OYN3EV5TBE7YE6Z2WDEEAW,SAWP5,save-merged-p106.arquivo.pt-20260617192905-0D72RLBNAC.warc.gz,True,
2026-06-16T20:09:22+00:00,https://apps.bea.gov/regionalcore/data/CountyList?areatype=56000,200,text/plain,SVBCQOI7T77CRXDZBC633DCEPSEFFM5C,SAWP5,save-merged-p105.arquivo.pt-20260617172055-ZCV0J1E7UC.warc.gz,True,
2026-06-16T20:10:07+00:00,https://apps.bea.gov/regionalcore/data/ChartData?fips=51000&year=2022&mtype=3,200,text/plain,J7AVLGZ74TR4LOAPUJYUGRMUK4SARFFK,SAWP5,save-merged-p106.arquivo.pt-20260617192910-70NAJV2N94.warc.gz,True,
2026-06-16T20:10:09+00:00,https://apps.bea.gov/regionalcore/data/ChartData?fips=51000&year=2024&mtype=3,200,text/plain,NXKWGHK34ADGH7BAIFR6IO2Q6PY6QEO2,SAWP5,save-merged-p105.arquivo.pt-20260617172754-72A87SWFGA.warc.gz,True,
2026-06-16T20:10:11+00:00,https://apps.bea.gov/regionalcore/data/ChartData?fips=51000&year=2013&mtype=3,200,text/plain,4SYK6H4WSM6LIXMGEDXVL2IONFUUKSMQ,SAWP5,save-merged-p108.arquivo.pt-20260617201658-F173KOV5US.warc.gz,True,
2026-06-16T20:10:12+00:00,https://apps.bea.gov/regionalcore/data/ChartData?fips=51000&year=2014&mtype=3,200,text/plain,TDA7NR2LVVQ4F4FMJZATIWNUZOPMTHFO,SAWP5,save-merged-p106.arquivo.pt-20260617191946-W9IG51L4RR.warc.gz,True,
2026-06-16T20:10:23+00:00,https://apps.bea.gov/regionalcore/data/ChartData?fips=56001&year=2024&mtype=3,200,text/plain,BNJO6KEGE5E7DXX2N6FUCI2B2KYPOUDG,SAWP5,save-merged-p106.arquivo.pt-20260617192910-70NAJV2N94.warc.gz,True,
2026-06-16T20:10:42+00:00,https://apps.bea.gov/regionalcore/data/ChartData?fips=56001&year=2024&mtype=4,200,text/plain,QUFVXJU7UZUNVFCPFXHT2HH37TA3L7UB,SAWP5,save-merged-p105.arquivo.pt-20260617171723-8MZRE53HJY.warc.gz,True,
2026-06-16T20:10:58+00:00,https://apps.bea.gov/regionalcore/data/ChartData?fips=01000&year=2023&mtype=3,200,text/plain,EHCFBUWYPKVGT52LSO7SLZU7LOMC4HUF,SAWP5,save-merged-p108.arquivo.pt-20260617202031-CDV59JI976.warc.gz,True,
2026-06-16T20:10:58+00:00,https://apps.bea.gov/regionalcore/data/ChartData?fips=02000&year=2023&mtype=3,200,text/plain,V7AEGZV2SII3WTQRS5RNPHHM4OCXZBBW,SAWP5,save-merged-p105.arquivo.pt-20260617172055-ZCV0J1E7UC.warc.gz,True,
2026-06-16T20:10:58+00:00,https://apps.bea.gov/regionalcore/data/ChartData?fips=04000&year=2023&mtype=3,200,text/plain,5FUOYYF426XEULENMR3WP4AK6HW4ATI6,SAWP5,save-merged-p107.arquivo.pt-20260617183328-3EMH8SLRSU.warc.gz,True,
2026-06-16T20:10:58+00:00,https://apps.bea.gov/regionalcore/data/ChartData?fips=05000&year=2023&mtype=3,200,text/plain,BUP5PCR4YLMWJPIUQ6ERDSCKBMH2AOEG,SAWP5,save-merged-p106.arquivo.pt-20260617192910-70NAJV2N94.warc.gz,True,
2026-06-16T20:10:58+00:00,https://apps.bea.gov/regionalcore/data/ChartData?fips=08000&year=2023&mtype=3,200,text/plain,J4RWVQFKOO5OB22PKT75UATAB74XEZBL,SAWP5,save-merged-p106.arquivo.pt-20260617192910-70NAJV2N94.warc.gz,True,
2026-06-16T20:10:58+00:00,https://apps.bea.gov/regionalcore/data/ChartData?fips=09000&year=2023&mtype=3,403,text/html,NX5SJ3KD55YCUMZ4MICJCILRB5ZM7T5T,SAWP5,save-merged-p108.arquivo.pt-20260617201429-AKU0FQDDP1.warc.gz,True,
2026-06-16T20:10:58+00:00,https://apps.bea.gov/regionalcore/data/ChartData?fips=10000&year=2023&mtype=3,200,text/plain,45AHMLX4LBSCOVK4PE73QVE7I4Y2S6YO,SAWP5,save-merged-p105.arquivo.pt-20260617171324-BN4NKFCTX1.warc.gz,True,
2026-06-16T20:10:59+00:00,https://apps.bea.gov/regionalcore/data/ChartData?fips=06000&year=2023&mtype=3,200,text/plain,IWYSXAFYRNREGUH7VMI4C5WJHEXX6U33,SAWP5,save-merged-p106.arquivo.pt-20260617192905-0D72RLBNAC.warc.gz,True,
2026-06-16T20:11:00+00:00,https://apps.bea.gov/regionalcore/data/ChartData?fips=11000&year=2023&mtype=3,200,text/plain,YQJGF7CDW6QYRNY5X2EZYM2OIBPNA3XO,SAWP5,save-merged-p105.arquivo.pt-20260617172433-DCFH983CAG.warc.gz,True,
2026-06-16T20:11:00+00:00,https://apps.bea.gov/regionalcore/data/ChartData?fips=12000&year=2023&mtype=3,200,text/plain,BS37Z6QYXBY43E3H6BJ546NCQPZMPOX6,SAWP5,save-merged-p106.arquivo.pt-20260617192905-0D72RLBNAC.warc.gz,True,
2026-06-16T20:11:00+00:00,https://apps.bea.gov/regionalcore/data/ChartData?fips=13000&year=2023&mtype=3,200,text/plain,IY7WZ257ZUWN3BZD7RDTXWO2YRLYTZJV,SAWP5,save-merged-p107.arquivo.pt-20260617182240-9Z3A63AWKV.warc.gz,True,
2026-06-16T20:11:00+00:00,https://apps.bea.gov/regionalcore/data/ChartData?fips=15000&year=2023&mtype=3,200,text/plain,75B6UUSGSEXMOQJLBKG7LO74DQJ7K74L,SAWP5,save-merged-p106.arquivo.pt-20260617192905-0D72RLBNAC.warc.gz,True,
2026-06-16T20:11:00+00:00,https://apps.bea.gov/regionalcore/data/ChartData?fips=16000&year=2023&mtype=3,200,text/plain,E7YUGQQI337M42ZC6APXEQHW7QFOCCCG,SAWP5,save-merged-p107.arquivo.pt-20260617182240-9Z3A63AWKV.warc.gz,True,
2026-06-16T20:11:00+00:00,https://apps.bea.gov/regionalcore/data/ChartData?fips=17000&year=2023&mtype=3,200,text/plain,RJH7SZTGMJLMQNZXWUFNB5JQBKWNQ3F2,SAWP5,save-merged-p106.arquivo.pt-20260617192905-0D72RLBNAC.warc.gz,True,
2026-06-16T20:11:01+00:00,https://apps.bea.gov/regionalcore/data/ChartData?fips=18000&year=2023&mtype=3,200,text/plain,NV67O4N4QQSE2FTEFIUNI6HXIWH5Q7XE,SAWP5,save-merged-p106.arquivo.pt-20260617192910-70NAJV2N94.warc.gz,True,
2026-06-16T20:11:01+00:00,https://apps.bea.gov/regionalcore/data/ChartData?fips=19000&year=2023&mtype=3,200,text/plain,TVFZD34Q3MOC4U35AIX2D3XZLIFB66AO,SAWP5,save-merged-p106.arquivo.pt-20260617192814-NWC1K2Z2L1.warc.gz,True,
2026-06-16T20:11:01+00:00,https://apps.bea.gov/regionalcore/data/ChartData?fips=20000&year=2023&mtype=3,200,text/plain,3OY5CG4YQ4HSOXAW2ZVZG7Q243ER44AC,SAWP5,save-merged-p105.arquivo.pt-20260617172754-72A87SWFGA.warc.gz,True,
2026-06-16T20:11:01+00:00,https://apps.bea.gov/regionalcore/data/ChartData?fips=21000&year=2023&mtype=3,200,text/plain,7NWGXAS3GOG5SUM3F33PYIN76NWKCCFK,SAWP5,save-merged-p105.arquivo.pt-20260617172754-72A87SWFGA.warc.gz,True,
2026-06-16T20:11:01+00:00,https://apps.bea.gov/regionalcore/data/ChartData?fips=22000&year=2023&mtype=3,200,text/plain,Q3DDYFTVDVX6FKRUS7WURSMNJ3KD7KXC,SAWP5,save-merged-p108.arquivo.pt-20260617202031-CDV59JI976.warc.gz,True,
2026-06-16T20:11:02+00:00,https://apps.bea.gov/regionalcore/data/ChartData?fips=23000&year=2023&mtype=3,200,text/plain,7PSUQ3SHGODF4EREYV4MAJX7BFC5OSZL,SAWP5,save-merged-p106.arquivo.pt-20260617192819-H6UKOL5KIY.warc.gz,True,
2026-06-16T20:11:02+00:00,https://apps.bea.gov/regionalcore/data/ChartData?fips=25000&year=2023&mtype=3,200,text/plain,64OYP3HMKWFZDRJ7ZYBFA5EFWJY3CPAZ,SAWP5,save-merged-p107.arquivo.pt-20260617182652-TCT3C8BDJQ.warc.gz,True,
2026-06-16T20:11:03+00:00,https://apps.bea.gov/regionalcore/data/ChartData?fips=24000&year=2023&mtype=3,200,text/plain,7SOLQOBA7YQCNFTEV2VR5P3RTPELRX44,SAWP5,save-merged-p107.arquivo.pt-20260617183328-3EMH8SLRSU.warc.gz,True,
2026-06-16T20:11:03+00:00,https://apps.bea.gov/regionalcore/data/ChartData?fips=26000&year=2023&mtype=3,200,text/plain,ZSA4JMPALYVJCSDFHBZM4Z4VNRFVTM4G,SAWP5,save-merged-p106.arquivo.pt-20260617192910-70NAJV2N94.warc.gz,True,
2026-06-16T20:11:03+00:00,https://apps.bea.gov/regionalcore/data/ChartData?fips=27000&year=2023&mtype=3,200,text/plain,UHJ5H7BWZEC7K2F32T5ROMJECX3Y7BIO,SAWP5,save-merged-p108.arquivo.pt-20260617202031-CDV59JI976.warc.gz,True,
2026-06-16T20:11:03+00:00,https://apps.bea.gov/regionalcore/data/ChartData?fips=29000&year=2023&mtype=3,200,text/plain,HJTSWYSSKZS4YDODHUDJYOV5W727TODM,SAWP5,save-merged-p105.arquivo.pt-20260617172433-DCFH983CAG.warc.gz,True,
2026-06-16T20:11:03+00:00,https://apps.bea.gov/regionalcore/data/ChartData?fips=30000&year=2023&mtype=3,200,text/plain,HLWBMHOAE7WLPNU5HTM6PZWFEEQHYJHW,SAWP5,save-merged-p106.arquivo.pt-20260617192905-0D72RLBNAC.warc.gz,True,
2026-06-16T20:11:03+00:00,https://apps.bea.gov/regionalcore/data/ChartData?fips=31000&year=2023&mtype=3,200,text/plain,SAUTRCB522YKNGD4CTPWCTHHHMA4NG2J,SAWP5,save-merged-p106.arquivo.pt-20260617192819-H6UKOL5KIY.warc.gz,True,
2026-06-16T20:11:04+00:00,https://apps.bea.gov/regionalcore/data/ChartData?fips=28000&year=2023&mtype=3,200,text/plain,IJTURUEFI6VPR2H4STAT3LQYZGVDFD4C,SAWP5,save-merged-p106.arquivo.pt-20260617192910-70NAJV2N94.warc.gz,True,
2026-06-16T20:11:04+00:00,https://apps.bea.gov/regionalcore/data/ChartData?fips=32000&year=2023&mtype=3,200,text/plain,P6ARSWBQQ75DPAGA3ZT27QWOZ5PWZZCR,SAWP5,save-merged-p106.arquivo.pt-20260617192910-70NAJV2N94.warc.gz,True,
2026-06-16T20:11:04+00:00,https://apps.bea.gov/regionalcore/data/ChartData?fips=33000&year=2023&mtype=3,200,text/plain,5ILHG7QZ7S42EVKSP372VE2NDTW6LIBV,SAWP5,save-merged-p105.arquivo.pt-20260617172754-72A87SWFGA.warc.gz,True,
2026-06-16T20:11:04+00:00,https://apps.bea.gov/regionalcore/data/ChartData?fips=34000&year=2023&mtype=3,200,text/plain,O6LGLI6D6YZ32LVM5YIMM6UKWKODQLK6,SAWP5,save-merged-p107.arquivo.pt-20260617183325-W0G1JFQUKE.warc.gz,True,
2026-06-16T20:11:05+00:00,https://apps.bea.gov/regionalcore/data/ChartData?fips=35000&year=2023&mtype=3,200,text/plain,CTDETRUYA26EKCLNCZ3VCZQRUQ5VQ6NL,SAWP5,save-merged-p108.arquivo.pt-20260617201429-AKU0FQDDP1.warc.gz,True,
2026-06-16T20:11:05+00:00,https://apps.bea.gov/regionalcore/data/ChartData?fips=36000&year=2023&mtype=3,200,text/plain,CQNYQZEMAB7LMBSEKYVS7LHBRE3ABDS2,SAWP5,save-merged-p108.arquivo.pt-20260617201658-F173KOV5US.warc.gz,True,
2026-06-16T20:11:05+00:00,https://apps.bea.gov/regionalcore/data/ChartData?fips=37000&year=2023&mtype=3,200,text/plain,SRLJSU3GJAP35SVDU7TDPJG3ACNJKWHL,SAWP5,save-merged-p105.arquivo.pt-20260617172754-72A87SWFGA.warc.gz,True,
2026-06-16T20:11:05+00:00,https://apps.bea.gov/regionalcore/data/ChartData?fips=38000&year=2023&mtype=3,200,text/plain,2MVMLZGF4AK3OQQNHRXBON7FYZMUVU5H,SAWP5,save-merged-p106.arquivo.pt-20260617192910-70NAJV2N94.warc.gz,True,
2026-06-16T20:11:05+00:00,https://apps.bea.gov/regionalcore/data/ChartData?fips=39000&year=2023&mtype=3,200,text/plain,L2UTXGXRYQKHBUJ3VY5U2F7W5CSKY6ZL,SAWP5,save-merged-p108.arquivo.pt-20260617202031-CDV59JI976.warc.gz,True,
2026-06-16T20:11:06+00:00,https://apps.bea.gov/regionalcore/data/ChartData?fips=40000&year=2023&mtype=3,200,text/plain,HR63GQRJH5LHMVQ3FJ676UJWJTOW2OZA,SAWP5,save-merged-p105.arquivo.pt-20260617171737-PSG440D7OT.warc.gz,True,
2026-06-16T20:11:06+00:00,https://apps.bea.gov/regionalcore/data/ChartData?fips=41000&year=2023&mtype=3,200,text/plain,ZR4KBGSN3TPMKI43WEB3VVZMVN4DDN76,SAWP5,save-merged-p108.arquivo.pt-20260617201429-AKU0FQDDP1.warc.gz,True,
2026-06-16T20:11:06+00:00,https://apps.bea.gov/regionalcore/data/ChartData?fips=42000&year=2023&mtype=3,200,text/plain,2XDQFNBK2QQPIPYMCCYRWYORMQLOCANP,SAWP5,save-merged-p105.arquivo.pt-20260617171324-BN4NKFCTX1.warc.gz,True,
2026-06-16T20:11:06+00:00,https://apps.bea.gov/regionalcore/data/ChartData?fips=44000&year=2023&mtype=3,200,text/plain,NLZOZJVNIL6NNJ5NBU5NV46HT4SMJ4CF,SAWP5,save-merged-p106.arquivo.pt-20260617192819-H6UKOL5KIY.warc.gz,True,
2026-06-16T20:11:06+00:00,https://apps.bea.gov/regionalcore/data/ChartData?fips=45000&year=2023&mtype=3,200,text/plain,54GJAHW2WYF2J45H4WILPGXHT5KRARHD,SAWP5,save-merged-p107.arquivo.pt-20260617182652-TCT3C8BDJQ.warc.gz,True,
2026-06-16T20:11:06+00:00,https://apps.bea.gov/regionalcore/data/ChartData?fips=46000&year=2023&mtype=3,200,text/plain,4UDZ5K2TTDOP5LFHIPLPDFVCA7KI23JU,SAWP5,save-merged-p107.arquivo.pt-20260617183325-W0G1JFQUKE.warc.gz,True,
2026-06-16T20:11:07+00:00,https://apps.bea.gov/regionalcore/data/ChartData?fips=47000&year=2023&mtype=3,200,text/plain,MKIOZZB77FOXY2TKUBLUBBTCNFVFTFLH,SAWP5,save-merged-p108.arquivo.pt-20260617202031-CDV59JI976.warc.gz,True,
2026-06-16T20:11:07+00:00,https://apps.bea.gov/regionalcore/data/ChartData?fips=48000&year=2023&mtype=3,200,text/plain,RIUCZU5F2627O3W3SU6DTSHGR4DDHOTT,SAWP5,save-merged-p106.arquivo.pt-20260617192910-70NAJV2N94.warc.gz,True,
2026-06-16T20:11:07+00:00,https://apps.bea.gov/regionalcore/data/ChartData?fips=49000&year=2023&mtype=3,200,text/plain,YDMVRSX5LJ3D4VCAGRP5UDGBBMJ4R3JI,SAWP5,save-merged-p107.arquivo.pt-20260617183325-W0G1JFQUKE.warc.gz,True,
2026-06-16T20:11:08+00:00,https://apps.bea.gov/regionalcore/data/ChartData?fips=53000&year=2023&mtype=3,200,text/plain,Z2W3L2C4P4Q5XZDDJUOHL7Q4B6OD3HWZ,SAWP5,save-merged-p106.arquivo.pt-20260617191946-W9IG51L4RR.warc.gz,True,
2026-06-16T20:11:08+00:00,https://apps.bea.gov/regionalcore/data/ChartData?fips=54000&year=2023&mtype=3,200,text/plain,LP4WBMSP4RVVBMHX6T77ID6WM7ZG6XWQ,SAWP5,save-merged-p108.arquivo.pt-20260617201429-AKU0FQDDP1.warc.gz,True,
2026-06-16T20:11:08+00:00,https://apps.bea.gov/regionalcore/data/ChartData?fips=55000&year=2023&mtype=3,200,text/plain,ZOQT3GA2I6G3LMDMD3MQWM6O7RUAA54R,SAWP5,save-merged-p105.arquivo.pt-20260617172421-A7W6Y7AIT4.warc.gz,True,
2026-06-16T20:11:08+00:00,https://apps.bea.gov/regionalcore/data/ChartData?fips=56000&year=2023&mtype=3,200,text/plain,BI4PVSPV2T3XDWWRV6VCARQHZDBNDLNQ,SAWP5,save-merged-p106.arquivo.pt-20260617192905-0D72RLBNAC.warc.gz,True,
2026-06-16T20:11:14+00:00,https://apps.bea.gov/regional/zip/CAINC.zip,200,text/html,HFYPROZIQUMO6W3N3O5BDN5RUSCCONPO,SAWP5,save-merged-p107.arquivo.pt-20260617183325-W0G1JFQUKE.warc.gz,True,
2026-06-16T20:11:16+00:00,https://apps.bea.gov/regional/zip/CAGDP1.zip,200,application/x-zip-compressed,24URVGUUZ6IPHSKGCCXWELEQO4LLG6TP,SAWP5,save-merged-p107.arquivo.pt-20260617182240-9Z3A63AWKV.warc.gz,True,
2026-06-16T20:11:19+00:00,https://apps.bea.gov/regional/zip/CAGDP.zip,200,text/html,HFYPROZIQUMO6W3N3O5BDN5RUSCCONPO,SAWP5,save-merged-p107.arquivo.pt-20260617183007-TFHGIJZ1O4.warc.gz,True,
2026-06-16T20:11:21+00:00,https://apps.bea.gov/regional/zip/SAGDP.zip,403,text/html,DZ5YIRKA6NEWOX6M2RPDTF7AAWGPUBWC,SAWP5,save-merged-p106.arquivo.pt-20260617192905-0D72RLBNAC.warc.gz,True,
2026-06-16T20:11:22+00:00,https://apps.bea.gov/regional/zip/SQGDP.zip,200,application/x-zip-compressed,A3BU6T7BKLTZHUYQJWB3NZ35U4KNIID3,SAWP5,save-merged-p105.arquivo.pt-20260617172754-72A87SWFGA.warc.gz,True,
2026-06-16T20:11:25+00:00,https://apps.bea.gov/regional/zip/SAPCE.zip,200,application/x-zip-compressed,SKAJ3FQZ3PZIRDJJHPH3VKET65FRCBDO,SAWP5,save-merged-p105.arquivo.pt-20260617171737-PSG440D7OT.warc.gz,True,
2026-06-16T20:11:29+00:00,https://apps.bea.gov/regional/zip/SAEXP.zip,200,text/html,HFYPROZIQUMO6W3N3O5BDN5RUSCCONPO,SAWP5,save-merged-p108.arquivo.pt-20260617201642-EMSUJE6Z4U.warc.gz,True,
2026-06-16T20:11:44+00:00,https://apps.bea.gov/regional/bearfacts/js/bearfacts.js,200,application/javascript,YI4WCHFFGS4EOYDVZVN46G5AEKCSEIY7,SAWP5,save-merged-p105.arquivo.pt-20260617172754-72A87SWFGA.warc.gz,True,
2026-06-16T20:11:46+00:00,https://apps.bea.gov/regional/bearfacts/js/charts.js,200,application/javascript,ODC66SWLCNSGI6RZLOUODE3M5ZQSLPIR,SAWP5,save-merged-p108.arquivo.pt-20260617201652-118CG4WLIY.warc.gz,True,
2026-06-16T20:11:48+00:00,https://apps.bea.gov/regional/bearfacts/,200,text/html,J7SAO4RHDXH7RC2B3SVE2MHVWYNX2JJX,SAWP5,save-merged-p105.arquivo.pt-20260617172754-72A87SWFGA.warc.gz,True,
2026-06-16T20:12:28+00:00,https://apps.bea.gov/regional/zip/CAINC1.zip,200,application/x-zip-compressed,JGDJS7WIVTI6SPBGWLV5EADBE2NY52EY,SAWP5,save-merged-p106.arquivo.pt-20260617192905-0D72RLBNAC.warc.gz,True,
2026-06-16T20:12:31+00:00,https://apps.bea.gov/regional/zip/CAINC4.zip,200,application/x-zip-compressed,K6NXHIWIINSMMMPKFYXXH2XCTYILUCYS,SAWP5,save-merged-p107.arquivo.pt-20260617183328-3EMH8SLRSU.warc.gz,True,
2026-06-16T20:12:35+00:00,https://apps.bea.gov/regional/zip/CAINC5N.zip,200,application/x-zip-compressed,ETFDLH7AK6XJRPNGEFCQNUAQVOT4N7JQ,SAWP5,save-merged-p107.arquivo.pt-20260617183325-W0G1JFQUKE.warc.gz,True,
2026-06-16T20:12:39+00:00,https://apps.bea.gov/regional/zip/CAINC30.zip,200,application/x-zip-compressed,BTZ6LCCTSGZHZEX3FMQYCZWGSCITACKI,SAWP5,save-merged-p108.arquivo.pt-20260617201429-AKU0FQDDP1.warc.gz,True,
2026-06-16T20:12:43+00:00,https://apps.bea.gov/regional/zip/CAINC35.zip,200,application/x-zip-compressed,7KHF7U7MSRYERWX3X3NYDKPYRHPH3OKU,SAWP5,save-merged-p106.arquivo.pt-20260617192910-70NAJV2N94.warc.gz,True,
2026-06-16T20:12:45+00:00,https://apps.bea.gov/api/data/?UserID=samplekey&method=GetData&datasetname=Regional&TableName=SAINC4&LineCode=10&GeoFIPS=55000&Year=2013&ResultFormat=JSON,200,application/json,7IHOANSCRVE73NB7SXVPFY24QDKICVUU,SAWP5,save-merged-p105.arquivo.pt-20260617172754-72A87SWFGA.warc.gz,True,
2026-06-16T20:12:47+00:00,https://apps.bea.gov/api/data/?UserID=samplekey&method=GetData&datasetname=Regional&TableName=SAINC4&LineCode=10&GeoFIPS=55000&Year=2013&ResultFormat=JSON,200,application/json,7IHOANSCRVE73NB7SXVPFY24QDKICVUU,SAWP5,save-merged-p105.arquivo.pt-20260617173229-KOJTHZDL7J.warc.gz,True,
2026-06-16T20:12:47+00:00,https://apps.bea.gov/regional/zip/CAGDP2.zip,200,application/x-zip-compressed,YF4ST2ISRLIJBX3N3XDHXAFFEXRCJKTA,SAWP5,save-merged-p105.arquivo.pt-20260617172433-DCFH983CAG.warc.gz,True,
2026-06-16T20:12:51+00:00,https://apps.bea.gov/regional/zip/CAGDP11.zip,200,application/x-zip-compressed,UAVN5WVALH6ZZZD374KOSYO2BAMLWESX,SAWP5,save-merged-p108.arquivo.pt-20260617201658-F173KOV5US.warc.gz,True,
2026-06-16T20:12:55+00:00,https://apps.bea.gov/regional/zip/SAGDP1.zip,200,text/html,HFYPROZIQUMO6W3N3O5BDN5RUSCCONPO,SAWP5,save-merged-p107.arquivo.pt-20260617182324-FT452IXRBG.warc.gz,True,
2026-06-16T20:12:57+00:00,https://apps.bea.gov/regional/zip/SAGDP2.zip,200,text/html,HFYPROZIQUMO6W3N3O5BDN5RUSCCONPO,SAWP5,save-merged-p107.arquivo.pt-20260617183007-TFHGIJZ1O4.warc.gz,True,
2026-06-16T20:13:01+00:00,https://apps.bea.gov/regional/zip/SAGDP5N.zip,200,text/html,HFYPROZIQUMO6W3N3O5BDN5RUSCCONPO,SAWP5,save-merged-p105.arquivo.pt-20260617172915-PJ1VLGJCWA.warc.gz,True,
2026-06-16T20:13:13+00:00,https://apps.bea.gov/regional/js/app.js,200,application/javascript,ITYGTL3BHZH7JVO4A3DPXVJRNPZDJ6HF,SAWP5,save-merged-p107.arquivo.pt-20260617183007-TFHGIJZ1O4.warc.gz,True,
2026-06-16T20:13:29+00:00,https://apps.bea.gov/regional/js/config.json,200,application/json,U5QGGG5AET4SQPRP4NY4F5DDTMVVJMRU,SAWP5,save-merged-p105.arquivo.pt-20260617172754-72A87SWFGA.warc.gz,True,
2026-06-16T20:13:31+00:00,https://apps.bea.gov/regional/js/modules/downloadzip.js,200,application/javascript,SMXT3QMQHZOVR4FO7HKNE4HHHES45C4X,SAWP5,save-merged-p107.arquivo.pt-20260617183325-W0G1JFQUKE.warc.gz,True,
2026-06-16T20:13:51+00:00,https://apps.bea.gov/regionalcore/data/StateList,200,text/plain,PYIBYBCG6KFN6FYXFLYEI7GKSLPCX5CI,SAWP5,save-merged-p107.arquivo.pt-20260617183332-7WXZV7WTXC.warc.gz,True,
2026-06-16T20:13:52+00:00,https://apps.bea.gov/api/data/?method=GetData&datasetname=Regional&TableName=SAINC4&LineCode=10&GeoFIPS=55000&Year=2013&ResultFormat=JSON,200,text/plain,3I42H3S6NNFQ2MSVX7XZKYAYSCX5QBYJ,SAWP5,save-merged-p105.arquivo.pt-20260617172754-72A87SWFGA.warc.gz,True,
2026-06-16T20:13:53+00:00,https://apps.bea.gov/regional/bearfacts/action.cfm?fips=56000,301,text/html,LNSFJY73SO24INY2SDHRBF4URRFR5MQF,SAWP5,save-merged-p108.arquivo.pt-20260617201637-MH3Z6T47FX.warc.gz,True,
2026-06-16T20:13:54+00:00,https://apps.bea.gov/api/data/?method=GetData&datasetname=Regional&TableName=SAINC4&LineCode=10&GeoFIPS=55000&Year=2013&ResultFormat=JSON&UserID=samplekey,200,application/json,IR47L5GQDM4G6LPZXLPEWJUUGZ3I7YCI,SAWP5,save-merged-p105.arquivo.pt-20260617172433-DCFH983CAG.warc.gz,True,
2026-06-16T20:13:54+00:00,https://apps.bea.gov/regional/bearfacts/action.cfm?geoType=3&fips=56000&areatype=STATE,301,text/html,LNSFJY73SO24INY2SDHRBF4URRFR5MQF,SAWP5,save-merged-p105.arquivo.pt-20260617172754-72A87SWFGA.warc.gz,True,
2026-06-16T20:13:55+00:00,https://apps.bea.gov/api/data/?method=GetData&datasetname=Regional&TableName=SAINC4&LineCode=10&GeoFIPS=55000&Year=2013&ResultFormat=JSON&UserID=36AF7B8D-...,200,application/json,22VJZEWRB53SZDFUNU3WQLQEGUUNPHHU,SAWP5,save-merged-p105.arquivo.pt-20260617172754-72A87SWFGA.warc.gz,True,
2026-06-16T20:13:56+00:00,https://apps.bea.gov/regional/bearfacts/action.cfm?f=56000&a=3,301,text/html,LNSFJY73SO24INY2SDHRBF4URRFR5MQF,SAWP5,save-merged-p106.arquivo.pt-20260617192910-70NAJV2N94.warc.gz,True,
2026-06-16T20:13:57+00:00,https://apps.bea.gov/api/data/?method=GetData&datasetname=Regional&TableName=SAINC4&LineCode=10&GeoFIPS=55000&Year=2013&ResultFormat=JSON&UserID=DEMO_KEY,200,application/json,GUZ46X2VEEH5WCOE45D3244U6BZL3F63,SAWP5,save-merged-p107.arquivo.pt-20260617183328-3EMH8SLRSU.warc.gz,True,
2026-06-16T20:14:10+00:00,https://apps.bea.gov/regionalcore/data/regional/DownloadZip?csvType=1,200,text/plain,2NYZ25BV7XUPUFSDFID4NWDUH6DFCLLW,SAWP5,save-merged-p106.arquivo.pt-20260617192819-H6UKOL5KIY.warc.gz,True,
2026-06-16T20:14:12+00:00,https://apps.bea.gov/regionalcore/data/regional/DownloadZip?csvType=2,200,text/plain,REZWL7WGUEU5BU7HXPT466NAGIHZCRDZ,SAWP5,save-merged-p106.arquivo.pt-20260617192910-70NAJV2N94.warc.gz,True,
2026-06-16T20:14:14+00:00,https://apps.bea.gov/regionalcore/data/regional/DownloadZip?csvType=3,200,text/plain,7RRK7LHRAC3JEI6KM73Z47ZDFZC6KCMA,SAWP5,save-merged-p106.arquivo.pt-20260617192910-70NAJV2N94.warc.gz,True,
2026-06-16T20:14:16+00:00,https://apps.bea.gov/regionalcore/data/regional/DownloadZip?csvType=4,200,text/plain,5VBXSMTPNM63FYDX6FJRXJB745SHVXGY,SAWP5,save-merged-p108.arquivo.pt-20260617201429-AKU0FQDDP1.warc.gz,True,
2026-06-16T20:14:17+00:00,https://apps.bea.gov/regionalcore/swagger/index.html,404,unk,3I42H3S6NNFQ2MSVX7XZKYAYSCX5QBYJ,SAWP5,save-merged-p105.arquivo.pt-20260617172433-DCFH983CAG.warc.gz,True,
2026-06-16T20:14:19+00:00,https://apps.bea.gov/regionalcore/swagger/v1/swagger.json,404,unk,3I42H3S6NNFQ2MSVX7XZKYAYSCX5QBYJ,SAWP5,save-merged-p106.arquivo.pt-20260617192819-H6UKOL5KIY.warc.gz,True,
2026-06-16T20:14:20+00:00,https://apps.bea.gov/regionalcore/data/ChartData?year=2023&fips=27000&mtype=3,200,text/plain,UHJ5H7BWZEC7K2F32T5ROMJECX3Y7BIO,SAWP5,save-merged-p107.arquivo.pt-20260617183332-7WXZV7WTXC.warc.gz,True,
2026-06-16T20:14:20+00:00,https://apps.bea.gov/regionalcore/openapi.json,404,unk,3I42H3S6NNFQ2MSVX7XZKYAYSCX5QBYJ,SAWP5,save-merged-p107.arquivo.pt-20260617183328-3EMH8SLRSU.warc.gz,True,
2026-06-16T20:14:22+00:00,https://apps.bea.gov/regionalcore/data,404,unk,3I42H3S6NNFQ2MSVX7XZKYAYSCX5QBYJ,SAWP5,save-merged-p106.arquivo.pt-20260617192819-H6UKOL5KIY.warc.gz,True,
2026-06-16T20:14:23+00:00,https://apps.bea.gov/regionalcore/data/,404,unk,3I42H3S6NNFQ2MSVX7XZKYAYSCX5QBYJ,SAWP5,save-merged-p108.arquivo.pt-20260617202031-CDV59JI976.warc.gz,True,
2026-06-16T20:14:23+00:00,https://apps.bea.gov/regionalcore/data/ChartData?year=2023&fips=27000&mtype=3,403,text/html,DVIRAOMBBSXVRTO2V2P3XJJQSFVYZSMV,SAWP5,save-merged-p107.arquivo.pt-20260617183328-3EMH8SLRSU.warc.gz,True,
2026-06-16T20:14:24+00:00,https://apps.bea.gov/regionalcore/,404,unk,3I42H3S6NNFQ2MSVX7XZKYAYSCX5QBYJ,SAWP5,save-merged-p105.arquivo.pt-20260617172754-72A87SWFGA.warc.gz,True,
2026-06-16T20:14:25+00:00,https://apps.bea.gov/regionalcore/data/ChartData?mtype=3&year=2023&fips=27000,200,text/plain,UHJ5H7BWZEC7K2F32T5ROMJECX3Y7BIO,SAWP5,save-merged-p106.arquivo.pt-20260617191958-2ZB48MKE9B.warc.gz,True,
2026-06-16T20:14:26+00:00,https://apps.bea.gov/regionalcore/api,404,unk,3I42H3S6NNFQ2MSVX7XZKYAYSCX5QBYJ,SAWP5,save-merged-p107.arquivo.pt-20260617183332-7WXZV7WTXC.warc.gz,True,
2026-06-16T20:14:26+00:00,https://apps.bea.gov/regionalcore/data/ChartData?mtype=3&year=2023&fips=27000,200,text/plain,UHJ5H7BWZEC7K2F32T5ROMJECX3Y7BIO,SAWP5,save-merged-p107.arquivo.pt-20260617183332-7WXZV7WTXC.warc.gz,True,
2026-06-16T20:14:27+00:00,https://apps.bea.gov/regionalcore/robots.txt,404,unk,3I42H3S6NNFQ2MSVX7XZKYAYSCX5QBYJ,SAWP5,save-merged-p105.arquivo.pt-20260617173229-KOJTHZDL7J.warc.gz,True,
2026-06-16T20:14:28+00:00,https://apps.bea.gov/regionalcore/data/ChartData?fips=27000&mtype=3&year=2023,200,text/plain,UHJ5H7BWZEC7K2F32T5ROMJECX3Y7BIO,SAWP5,save-merged-p105.arquivo.pt-20260617172754-72A87SWFGA.warc.gz,True,
2026-06-16T20:14:29+00:00,https://apps.bea.gov/regionalcore/data/ChartData?fips=9000&year=2023&mtype=3,200,text/plain,EHCFBUWYPKVGT52LSO7SLZU7LOMC4HUF,SAWP5,save-merged-p106.arquivo.pt-20260617192819-H6UKOL5KIY.warc.gz,True,
2026-06-16T20:14:30+00:00,https://apps.bea.gov/regionalcore/data/ChartData?fips=09000&year=2023&mtype=3,200,text/plain,ISOPBJT5FTAFALVWO5D5TRO6G7MEOC26,SAWP5,save-merged-p105.arquivo.pt-20260617173229-KOJTHZDL7J.warc.gz,True,
2026-06-16T20:14:30+00:00,https://apps.bea.gov/regionalcore/data/ChartData?fips=27000&mtype=3&year=2023,200,text/plain,UHJ5H7BWZEC7K2F32T5ROMJECX3Y7BIO,SAWP5,save-merged-p107.arquivo.pt-20260617182324-FT452IXRBG.warc.gz,True,
2026-06-16T20:14:32+00:00,http://apps.bea.gov/regionalcore/data/ChartData?fips=09000&year=2023&mtype=3,307,text/html,3I42H3S6NNFQ2MSVX7XZKYAYSCX5QBYJ,SAWP5,save-merged-p107.arquivo.pt-20260617182647-0VM22ASYAK.warc.gz,True,
2026-06-16T20:14:32+00:00,https://apps.bea.gov/regionalcore/data/ChartData?fips=27000&year=2023&mtype=3&x=1,200,text/plain,UHJ5H7BWZEC7K2F32T5ROMJECX3Y7BIO,SAWP5,save-merged-p106.arquivo.pt-20260617192905-0D72RLBNAC.warc.gz,True,
2026-06-16T20:14:33+00:00,https://apps.bea.gov/RegionalCore/data/ChartData?fips=09000&year=2023&mtype=3,200,text/plain,ISOPBJT5FTAFALVWO5D5TRO6G7MEOC26,SAWP5,save-merged-p106.arquivo.pt-20260617192905-0D72RLBNAC.warc.gz,True,
2026-06-16T20:14:34+00:00,https://apps.bea.gov/regionalcore/data/ChartData?fips=27000&year=2023&mtype=3&x=1,200,text/plain,UHJ5H7BWZEC7K2F32T5ROMJECX3Y7BIO,SAWP5,save-merged-p106.arquivo.pt-20260617191958-2ZB48MKE9B.warc.gz,True,
2026-06-16T20:14:36+00:00,https://apps.bea.gov/regionalcore/data/ChartData?FIPS=27000&year=2023&mtype=3,200,text/plain,UHJ5H7BWZEC7K2F32T5ROMJECX3Y7BIO,SAWP5,save-merged-p105.arquivo.pt-20260617172433-DCFH983CAG.warc.gz,True,
2026-06-16T20:14:37+00:00,https://apps.bea.gov/regionalcore/data/ChartData?FIPS=27000&year=2023&mtype=3,200,text/plain,UHJ5H7BWZEC7K2F32T5ROMJECX3Y7BIO,SAWP5,save-merged-p106.arquivo.pt-20260617192910-70NAJV2N94.warc.gz,True,
2026-06-16T20:14:39+00:00,https://apps.bea.gov/regional/zip/SAINC.zip,200,application/x-zip-compressed,CIL2VA2BORXN7TQEWOSV2WN3CO73IXQM,SAWP5,save-merged-p108.arquivo.pt-20260617201637-MH3Z6T47FX.warc.gz,True,
2026-06-16T20:14:39+00:00,https://apps.bea.gov/regionalcore/data/ChartData/?fips=27000&year=2023&mtype=3,200,text/plain,UHJ5H7BWZEC7K2F32T5ROMJECX3Y7BIO,SAWP5,save-merged-p105.arquivo.pt-20260617171324-BN4NKFCTX1.warc.gz,True,
2026-06-16T20:14:40+00:00,https://apps.bea.gov/regionalcore/data/CountyName?fips=51000&year=2023&mtype=3,200,text/plain,N2QQDD2NMP5UMVKXDAUSAI5EPI4FF3NL,SAWP5,save-merged-p105.arquivo.pt-20260617172433-DCFH983CAG.warc.gz,True,
2026-06-16T20:14:41+00:00,https://apps.bea.gov/regionalcore/data/ChartData/?fips=27000&year=2023&mtype=3,403,text/html,RWWTFKVVXVJHMMWDQWNC3XQUPUSHYU24,SAWP5,save-merged-p108.arquivo.pt-20260617201642-EMSUJE6Z4U.warc.gz,True,
2026-06-16T20:14:42+00:00,https://apps.bea.gov/regionalcore/data/LastPublishedDate?fips=51000&year=2023&mtype=3,404,unk,3I42H3S6NNFQ2MSVX7XZKYAYSCX5QBYJ,SAWP5,save-merged-p106.arquivo.pt-20260617192819-H6UKOL5KIY.warc.gz,True,
2026-06-16T20:15:07+00:00,https://apps.bea.gov/regional/zip/CAINC4.zip,200,application/x-zip-compressed,K6NXHIWIINSMMMPKFYXXH2XCTYILUCYS,SAWP5,save-merged-p108.arquivo.pt-20260617202031-CDV59JI976.warc.gz,True,
2026-06-16T20:15:09+00:00,https://apps.bea.gov/regionalcore/data/ChartData?mtype=3&year=2023&fips=30000,200,text/plain,HLWBMHOAE7WLPNU5HTM6PZWFEEQHYJHW,SAWP5,save-merged-p107.arquivo.pt-20260617183332-7WXZV7WTXC.warc.gz,True,
2026-06-16T20:15:10+00:00,https://apps.bea.gov/regionalcore/data/ChartData?mtype=3&year=2023&fips=30000,200,text/plain,HLWBMHOAE7WLPNU5HTM6PZWFEEQHYJHW,SAWP5,save-merged-p106.arquivo.pt-20260617192819-H6UKOL5KIY.warc.gz,True,
2026-06-16T20:15:30+00:00,https://apps.bea.gov/regionalcore/data/GSPData?fips=56000&year=2023,200,text/plain,BZ7T2JNHM4U6F3IFCITAH55IJPG2WC4L,SAWP5,save-merged-p105.arquivo.pt-20260617173229-KOJTHZDL7J.warc.gz,True,
2026-06-16T20:15:32+00:00,https://apps.bea.gov/regionalcore/data/CountyName?fips=56000&year=2023&mtype=3,200,text/plain,5HPHKJLCSF2HU45IF7UZA2W3EEFTPLMP,SAWP5,save-merged-p106.arquivo.pt-20260617192910-70NAJV2N94.warc.gz,True,
2026-06-16T20:15:37+00:00,https://apps.bea.gov/regional/histdata/releases/0324spi/,200,text/html,HFYPROZIQUMO6W3N3O5BDN5RUSCCONPO,SAWP5,save-merged-p107.arquivo.pt-20260617183332-7WXZV7WTXC.warc.gz,True,
2026-06-16T20:15:40+00:00,https://apps.bea.gov/regional/histdata/releases/0324gdp/index.cfm,200,text/html,HFYPROZIQUMO6W3N3O5BDN5RUSCCONPO,SAWP5,save-merged-p106.arquivo.pt-20260617192819-H6UKOL5KIY.warc.gz,True,
2026-06-16T20:15:42+00:00,https://apps.bea.gov/regional/histdata/,301,text/html,3I42H3S6NNFQ2MSVX7XZKYAYSCX5QBYJ,SAWP5,save-merged-p106.arquivo.pt-20260617192819-H6UKOL5KIY.warc.gz,True,
2026-06-16T20:16:18+00:00,https://apps.bea.gov/regionalcore/data/ChartData?fips=02000&year=2023&mtype=3,200,text/plain,V7AEGZV2SII3WTQRS5RNPHHM4OCXZBBW,SAWP5,save-merged-p105.arquivo.pt-20260617172421-A7W6Y7AIT4.warc.gz,True,
2026-06-16T20:16:20+00:00,https://apps.bea.gov/regionalcore/data/ChartData?fips=12000&year=2023&mtype=3,200,text/plain,BS37Z6QYXBY43E3H6BJ546NCQPZMPOX6,SAWP5,save-merged-p107.arquivo.pt-20260617182652-TCT3C8BDJQ.warc.gz,True,
2026-06-16T20:16:22+00:00,https://apps.bea.gov/regionalcore/data/ChartData?fips=16000&year=2023&mtype=3,200,text/plain,E7YUGQQI337M42ZC6APXEQHW7QFOCCCG,SAWP5,save-merged-p107.arquivo.pt-20260617183328-3EMH8SLRSU.warc.gz,True,
2026-06-16T20:16:22+00:00,https://apps.bea.gov/regionalcore/data/ChartData?fips=50000&year=2023&mtype=3,200,text/plain,JTBO5J622MSTQGNX37D5QADXNJT6OZDX,SAWP5,save-merged-p106.arquivo.pt-20260617192905-0D72RLBNAC.warc.gz,True,
2026-06-16T20:16:23+00:00,https://apps.bea.gov/regionalcore/data/ChartData?fips=24000&year=2023&mtype=3,200,text/plain,7SOLQOBA7YQCNFTEV2VR5P3RTPELRX44,SAWP5,save-merged-p106.arquivo.pt-20260617192905-0D72RLBNAC.warc.gz,True,
2026-06-16T20:16:25+00:00,https://apps.bea.gov/regionalcore/data/ChartData?fips=34000&year=2023&mtype=3,200,text/plain,O6LGLI6D6YZ32LVM5YIMM6UKWKODQLK6,SAWP5,save-merged-p107.arquivo.pt-20260617183328-3EMH8SLRSU.warc.gz,True,
2026-06-16T20:16:26+00:00,https://apps.bea.gov/regionalcore/data/ChartData?fips=44000&year=2023&mtype=3,200,text/plain,NLZOZJVNIL6NNJ5NBU5NV46HT4SMJ4CF,SAWP5,save-merged-p106.arquivo.pt-20260617192819-H6UKOL5KIY.warc.gz,True,
2026-06-16T20:16:28+00:00,https://apps.bea.gov/regionalcore/data/ChartData?fips=50000&year=2023&mtype=3,200,text/plain,JTBO5J622MSTQGNX37D5QADXNJT6OZDX,SAWP5,save-merged-p108.arquivo.pt-20260617202035-IOI3PVXYVC.warc.gz,True,
2026-06-16T20:17:07+00:00,https://apps.bea.gov/regional/histdata/index.cfm?x=1,301,text/html,3I42H3S6NNFQ2MSVX7XZKYAYSCX5QBYJ,SAWP5,save-merged-p107.arquivo.pt-20260617182652-TCT3C8BDJQ.warc.gz,True,
2026-06-16T20:17:09+00:00,https://apps.bea.gov/regional/histdata/index.cfm?format=html,301,text/html,3I42H3S6NNFQ2MSVX7XZKYAYSCX5QBYJ,SAWP5,save-merged-p108.arquivo.pt-20260617201429-AKU0FQDDP1.warc.gz,True,
2026-06-16T20:17:09+00:00,https://apps.bea.gov/regionalcore/data/ChartData?fips=50000&year=2023&mtype=3&cb=x1781641028,200,text/plain,JTBO5J622MSTQGNX37D5QADXNJT6OZDX,SAWP5,save-merged-p108.arquivo.pt-20260617201429-AKU0FQDDP1.warc.gz,True,
2026-06-16T20:17:11+00:00,https://apps.bea.gov/regionalcore/data/ChartData?fips=50000&year=2023&mtype=3&cb=abc123,200,text/plain,JTBO5J622MSTQGNX37D5QADXNJT6OZDX,SAWP5,save-merged-p107.arquivo.pt-20260617182324-FT452IXRBG.warc.gz,True,
2026-06-16T20:17:13+00:00,https://apps.bea.gov/regionalcore/data/ChartData?fips=50000&year=2023&mtype=3&cb=,200,text/plain,JTBO5J622MSTQGNX37D5QADXNJT6OZDX,SAWP5,save-merged-p105.arquivo.pt-20260617172421-A7W6Y7AIT4.warc.gz,True,
2026-06-16T20:17:26+00:00,https://apps.bea.gov/regionalcore/data/ChartData?fips=56000%26year=2023%26mtype=3,500,unk,3I42H3S6NNFQ2MSVX7XZKYAYSCX5QBYJ,SAWP5,save-merged-p105.arquivo.pt-20260617172754-72A87SWFGA.warc.gz,True,
2026-06-16T20:17:30+00:00,https://apps.bea.gov/regionalcore/data/ChartData?fips=56000%26year=2023%26mtype=3,500,unk,3I42H3S6NNFQ2MSVX7XZKYAYSCX5QBYJ,SAWP5,save-merged-p105.arquivo.pt-20260617172754-72A87SWFGA.warc.gz,True,
2026-06-16T20:17:47+00:00,https://apps.bea.gov/regional/zip/SAINC.zip,200,application/x-zip-compressed,CIL2VA2BORXN7TQEWOSV2WN3CO73IXQM,SAWP5,save-merged-p105.arquivo.pt-20260617172433-DCFH983CAG.warc.gz,True,
2026-06-16T20:17:51+00:00,https://apps.bea.gov/regional/zip/SAINC.zip,200,application/x-zip-compressed,CIL2VA2BORXN7TQEWOSV2WN3CO73IXQM,SAWP5,save-merged-p106.arquivo.pt-20260617192814-NWC1K2Z2L1.warc.gz,True,
2026-06-16T20:18:07+00:00,https://apps.bea.gov/regionalcore/data/ChartData?fips=56000&year=2023&mtype=3,200,text/plain,BI4PVSPV2T3XDWWRV6VCARQHZDBNDLNQ,SAWP5,save-merged-p106.arquivo.pt-20260617191946-W9IG51L4RR.warc.gz,True,
2026-06-16T20:19:16+00:00,https://apps.bea.gov/regionalcore/data/ChartData?fips=56000%26year=2023%26mtype=3,500,unk,3I42H3S6NNFQ2MSVX7XZKYAYSCX5QBYJ,SAWP5,save-merged-p106.arquivo.pt-20260617193028-MTS9PEI3Y7.warc.gz,True,
2026-06-16T20:19:22+00:00,https://apps.bea.gov/regionalcore/swagger/index.html?cb=1781641161635308799,404,unk,3I42H3S6NNFQ2MSVX7XZKYAYSCX5QBYJ,SAWP5,save-merged-p105.arquivo.pt-20260617172055-ZCV0J1E7UC.warc.gz,True,
2026-06-16T20:19:24+00:00,https://apps.bea.gov/regionalcore/swagger/v1/swagger.json?cb=1781641163233950783,404,unk,3I42H3S6NNFQ2MSVX7XZKYAYSCX5QBYJ,SAWP5,save-merged-p105.arquivo.pt-20260617171737-PSG440D7OT.warc.gz,True,
2026-06-16T20:19:26+00:00,https://apps.bea.gov/regionalcore/swagger.json?cb=1781641164846770013,404,unk,3I42H3S6NNFQ2MSVX7XZKYAYSCX5QBYJ,SAWP5,save-merged-p105.arquivo.pt-20260617172055-ZCV0J1E7UC.warc.gz,True,
2026-06-16T20:19:27+00:00,https://apps.bea.gov/regionalcore/openapi.json?cb=1781641166576922242,404,unk,3I42H3S6NNFQ2MSVX7XZKYAYSCX5QBYJ,SAWP5,save-merged-p108.arquivo.pt-20260617201637-MH3Z6T47FX.warc.gz,True,
2026-06-16T20:19:29+00:00,https://apps.bea.gov/regionalcore/api?cb=1781641168237653408,404,unk,3I42H3S6NNFQ2MSVX7XZKYAYSCX5QBYJ,SAWP5,save-merged-p106.arquivo.pt-20260617193028-MTS9PEI3Y7.warc.gz,True,
2026-06-16T20:19:30+00:00,https://apps.bea.gov/regionalcore/data?cb=1781641169604211286,404,unk,3I42H3S6NNFQ2MSVX7XZKYAYSCX5QBYJ,SAWP5,save-merged-p108.arquivo.pt-20260617201429-AKU0FQDDP1.warc.gz,True,
2026-06-16T20:19:32+00:00,https://apps.bea.gov/regionalcore/data/ChartData?cb=1781641171314545794,500,unk,3I42H3S6NNFQ2MSVX7XZKYAYSCX5QBYJ,SAWP5,save-merged-p105.arquivo.pt-20260617173229-KOJTHZDL7J.warc.gz,True,
2026-06-16T20:19:34+00:00,https://apps.bea.gov/regionalcore/Home?cb=1781641173277751045,404,unk,3I42H3S6NNFQ2MSVX7XZKYAYSCX5QBYJ,SAWP5,save-merged-p107.arquivo.pt-20260617183332-7WXZV7WTXC.warc.gz,True,
2026-06-16T20:19:35+00:00,https://apps.bea.gov/regionalcore/?cb=1781641174916396656,404,unk,3I42H3S6NNFQ2MSVX7XZKYAYSCX5QBYJ,SAWP5,save-merged-p105.arquivo.pt-20260617173234-FXOFRJHRC9.warc.gz,True,
2026-06-16T20:19:43+00:00,https://apps.bea.gov/api/data?UserID=samplekey&method=GetData&datasetname=Regional&TableName=SAINC4&LineCode=10&GeoFIPS=51000&Year=2013&ResultFormat=json&cb=1781641182277136416,200,application/json,A6XQ5NYI435PNKMJ7PSGCVH2NMQCJ53W,SAWP5,save-merged-p105.arquivo.pt-20260617172754-72A87SWFGA.warc.gz,True,
2026-06-16T20:19:44+00:00,https://apps.bea.gov/api/data/?UserID=samplekey&method=GETDATASETLIST&ResultFormat=JSON&cb=1781641183923866536,200,application/json,362Q5PVOAGLYAHWTCHS64LJFFNLL6PQS,SAWP5,save-merged-p106.arquivo.pt-20260617191946-W9IG51L4RR.warc.gz,True,
2026-06-16T20:19:46+00:00,https://apps.bea.gov/regional/zip/SAINC.zip?cb=1781641185545577053,200,application/x-zip-compressed,CIL2VA2BORXN7TQEWOSV2WN3CO73IXQM,SAWP5,save-merged-p107.arquivo.pt-20260617183328-3EMH8SLRSU.warc.gz,True,
2026-06-16T20:20:06+00:00,https://apps.bea.gov/regional/downloadzip.htm,200,text/html,45ZKSYTG4GP2QKSZZU54ZQDRD2U2J5OR,SAWP5,save-merged-p107.arquivo.pt-20260617182324-FT452IXRBG.warc.gz,True,
2026-06-16T20:20:07+00:00,https://apps.bea.gov/regional/downloadzip.htm,200,text/html,45ZKSYTG4GP2QKSZZU54ZQDRD2U2J5OR,SAWP5,save-merged-p105.arquivo.pt-20260617171737-PSG440D7OT.warc.gz,True,
2026-06-16T20:20:15+00:00,https://apps.bea.gov/regionalcore/data/ChartData?fips=56000&year=2013&mtype=3,200,text/plain,NECEPMDYIXXTQ2UMNZNUMLTKXUO234IX,SAWP5,save-merged-p105.arquivo.pt-20260617173234-FXOFRJHRC9.warc.gz,True,
2026-06-16T20:20:18+00:00,https://apps.bea.gov/regionalcore/data/ChartData?fips=56000&year=2013&mtype=3,200,text/plain,NECEPMDYIXXTQ2UMNZNUMLTKXUO234IX,SAWP5,save-merged-p105.arquivo.pt-20260617173229-KOJTHZDL7J.warc.gz,True,
2026-06-16T20:20:38+00:00,https://apps.bea.gov/regionalcore/data/ChartData?fips=06000&year=2023&mtype=3,200,text/plain,IWYSXAFYRNREGUH7VMI4C5WJHEXX6U33,SAWP5,save-merged-p105.arquivo.pt-20260617172055-ZCV0J1E7UC.warc.gz,True,
2026-06-16T20:20:38+00:00,https://apps.bea.gov/regionalcore/data/ChartData?fips=08000&year=2023&mtype=3,403,text/html,4OR5AJJZWWXD3BVRZH3JM2GSL5PA7EIV,SAWP5,save-merged-p106.arquivo.pt-20260617191946-W9IG51L4RR.warc.gz,True,
2026-06-16T20:20:39+00:00,https://apps.bea.gov/regionalcore/data/ChartData?fips=01000&year=2023&mtype=3,200,text/plain,EHCFBUWYPKVGT52LSO7SLZU7LOMC4HUF,SAWP5,save-merged-p108.arquivo.pt-20260617201652-118CG4WLIY.warc.gz,True,
2026-06-16T20:20:39+00:00,https://apps.bea.gov/regionalcore/data/ChartData?fips=04000&year=2023&mtype=3,200,text/plain,5FUOYYF426XEULENMR3WP4AK6HW4ATI6,SAWP5,save-merged-p107.arquivo.pt-20260617182324-FT452IXRBG.warc.gz,True,
2026-06-16T20:20:39+00:00,https://apps.bea.gov/regionalcore/data/ChartData?fips=05000&year=2023&mtype=3,200,text/plain,BUP5PCR4YLMWJPIUQ6ERDSCKBMH2AOEG,SAWP5,save-merged-p106.arquivo.pt-20260617192905-0D72RLBNAC.warc.gz,True,
2026-06-16T20:20:39+00:00,https://apps.bea.gov/RegionalCore/data/ChartData?fips=09000&year=2023&mtype=3,200,text/plain,ISOPBJT5FTAFALVWO5D5TRO6G7MEOC26,SAWP5,save-merged-p106.arquivo.pt-20260617193028-MTS9PEI3Y7.warc.gz,True,
2026-06-16T20:20:40+00:00,https://apps.bea.gov/regional/zip/SAINC4.zip?cb=1781641238937814492,200,text/html,HFYPROZIQUMO6W3N3O5BDN5RUSCCONPO,SAWP5,save-merged-p105.arquivo.pt-20260617173234-FXOFRJHRC9.warc.gz,True,
2026-06-16T20:20:40+00:00,https://apps.bea.gov/regionalcore/data/ChartData?fips=11000&year=2023&mtype=3,200,text/plain,YQJGF7CDW6QYRNY5X2EZYM2OIBPNA3XO,SAWP5,save-merged-p108.arquivo.pt-20260617201429-AKU0FQDDP1.warc.gz,True,
2026-06-16T20:20:40+00:00,https://apps.bea.gov/regionalcore/data/ChartData?fips=13000&year=2023&mtype=3,200,text/plain,IY7WZ257ZUWN3BZD7RDTXWO2YRLYTZJV,SAWP5,save-merged-p105.arquivo.pt-20260617173229-KOJTHZDL7J.warc.gz,True,
2026-06-16T20:20:41+00:00,https://apps.bea.gov/regionalcore/data/ChartData?fips=10000&year=2023&mtype=3,200,text/plain,45AHMLX4LBSCOVK4PE73QVE7I4Y2S6YO,SAWP5,save-merged-p107.arquivo.pt-20260617183328-3EMH8SLRSU.warc.gz,True,
2026-06-16T20:20:41+00:00,https://apps.bea.gov/regionalcore/data/ChartData?fips=15000&year=2023&mtype=3,200,text/plain,75B6UUSGSEXMOQJLBKG7LO74DQJ7K74L,SAWP5,save-merged-p106.arquivo.pt-20260617193028-MTS9PEI3Y7.warc.gz,True,
2026-06-16T20:20:41+00:00,https://apps.bea.gov/regionalcore/data/ChartData?fips=17000&year=2023&mtype=3,200,text/plain,RJH7SZTGMJLMQNZXWUFNB5JQBKWNQ3F2,SAWP5,save-merged-p106.arquivo.pt-20260617192905-0D72RLBNAC.warc.gz,True,
2026-06-16T20:20:42+00:00,https://apps.bea.gov/regionalcore/data/ChartData?fips=18000&year=2023&mtype=3,200,text/plain,NV67O4N4QQSE2FTEFIUNI6HXIWH5Q7XE,SAWP5,save-merged-p106.arquivo.pt-20260617192819-H6UKOL5KIY.warc.gz,True,
2026-06-16T20:20:42+00:00,https://apps.bea.gov/regionalcore/data/ChartData?fips=19000&year=2023&mtype=3,200,text/plain,TVFZD34Q3MOC4U35AIX2D3XZLIFB66AO,SAWP5,save-merged-p105.arquivo.pt-20260617171324-BN4NKFCTX1.warc.gz,True,
2026-06-16T20:20:42+00:00,https://apps.bea.gov/regionalcore/data/ChartData?fips=20000&year=2023&mtype=3,200,text/plain,3OY5CG4YQ4HSOXAW2ZVZG7Q243ER44AC,SAWP5,save-merged-p105.arquivo.pt-20260617173229-KOJTHZDL7J.warc.gz,True,
2026-06-16T20:20:42+00:00,https://apps.bea.gov/regionalcore/data/ChartData?fips=21000&year=2023&mtype=3,200,text/plain,7NWGXAS3GOG5SUM3F33PYIN76NWKCCFK,SAWP5,save-merged-p108.arquivo.pt-20260617201658-F173KOV5US.warc.gz,True,
2026-06-16T20:20:43+00:00,https://apps.bea.gov/regionalcore/data/ChartData?fips=22000&year=2023&mtype=3,200,text/plain,Q3DDYFTVDVX6FKRUS7WURSMNJ3KD7KXC,SAWP5,save-merged-p108.arquivo.pt-20260617202035-IOI3PVXYVC.warc.gz,True,
2026-06-16T20:20:43+00:00,https://apps.bea.gov/regionalcore/data/ChartData?fips=23000&year=2023&mtype=3,200,text/plain,7PSUQ3SHGODF4EREYV4MAJX7BFC5OSZL,SAWP5,save-merged-p107.arquivo.pt-20260617182652-TCT3C8BDJQ.warc.gz,True,
2026-06-16T20:20:44+00:00,https://apps.bea.gov/regionalcore/data/ChartData?fips=25000&year=2023&mtype=3,200,text/plain,64OYP3HMKWFZDRJ7ZYBFA5EFWJY3CPAZ,SAWP5,save-merged-p107.arquivo.pt-20260617182652-TCT3C8BDJQ.warc.gz,True,
2026-06-16T20:20:44+00:00,https://apps.bea.gov/regionalcore/data/ChartData?fips=26000&year=2023&mtype=3,200,text/plain,ZSA4JMPALYVJCSDFHBZM4Z4VNRFVTM4G,SAWP5,save-merged-p107.arquivo.pt-20260617182652-TCT3C8BDJQ.warc.gz,True,
2026-06-16T20:20:44+00:00,https://apps.bea.gov/regionalcore/data/ChartData?fips=27000&year=2023&mtype=3,200,text/plain,UHJ5H7BWZEC7K2F32T5ROMJECX3Y7BIO,SAWP5,save-merged-p106.arquivo.pt-20260617192819-H6UKOL5KIY.warc.gz,True,
2026-06-16T20:20:44+00:00,https://apps.bea.gov/regionalcore/data/ChartData?fips=28000&year=2023&mtype=3,200,text/plain,IJTURUEFI6VPR2H4STAT3LQYZGVDFD4C,SAWP5,save-merged-p106.arquivo.pt-20260617192826-6TL9PGLH60.warc.gz,True,
2026-06-16T20:20:45+00:00,https://apps.bea.gov/regionalcore/data/ChartData?fips=29000&year=2023&mtype=3,200,text/plain,HJTSWYSSKZS4YDODHUDJYOV5W727TODM,SAWP5,save-merged-p107.arquivo.pt-20260617183332-7WXZV7WTXC.warc.gz,True,
2026-06-16T20:20:45+00:00,https://apps.bea.gov/regionalcore/data/ChartData?fips=30000&year=2023&mtype=3,200,text/plain,HLWBMHOAE7WLPNU5HTM6PZWFEEQHYJHW,SAWP5,save-merged-p107.arquivo.pt-20260617183328-3EMH8SLRSU.warc.gz,True,
2026-06-16T20:20:45+00:00,https://apps.bea.gov/regionalcore/data/ChartData?fips=31000&year=2023&mtype=3,200,text/plain,SAUTRCB522YKNGD4CTPWCTHHHMA4NG2J,SAWP5,save-merged-p107.arquivo.pt-20260617183328-3EMH8SLRSU.warc.gz,True,
2026-06-16T20:20:46+00:00,https://apps.bea.gov/regionalcore/data/ChartData?fips=32000&year=2023&mtype=3,200,text/plain,P6ARSWBQQ75DPAGA3ZT27QWOZ5PWZZCR,SAWP5,save-merged-p106.arquivo.pt-20260617191946-W9IG51L4RR.warc.gz,True,
2026-06-16T20:20:46+00:00,https://apps.bea.gov/regionalcore/data/ChartData?fips=33000&year=2023&mtype=3,200,text/plain,5ILHG7QZ7S42EVKSP372VE2NDTW6LIBV,SAWP5,save-merged-p106.arquivo.pt-20260617193028-MTS9PEI3Y7.warc.gz,True,
2026-06-16T20:20:47+00:00,https://apps.bea.gov/regionalcore/data/ChartData?fips=35000&year=2023&mtype=3,200,text/plain,CTDETRUYA26EKCLNCZ3VCZQRUQ5VQ6NL,SAWP5,save-merged-p106.arquivo.pt-20260617193028-MTS9PEI3Y7.warc.gz,True,
2026-06-16T20:20:47+00:00,https://apps.bea.gov/regionalcore/data/ChartData?fips=36000&year=2023&mtype=3,200,text/plain,CQNYQZEMAB7LMBSEKYVS7LHBRE3ABDS2,SAWP5,save-merged-p107.arquivo.pt-20260617183332-7WXZV7WTXC.warc.gz,True,
2026-06-16T20:20:47+00:00,https://apps.bea.gov/regionalcore/data/ChartData?fips=37000&year=2023&mtype=3,200,text/plain,SRLJSU3GJAP35SVDU7TDPJG3ACNJKWHL,SAWP5,save-merged-p107.arquivo.pt-20260617182324-FT452IXRBG.warc.gz,True,
2026-06-16T20:20:48+00:00,https://apps.bea.gov/regionalcore/data/ChartData?fips=38000&year=2023&mtype=3,200,text/plain,2MVMLZGF4AK3OQQNHRXBON7FYZMUVU5H,SAWP5,save-merged-p105.arquivo.pt-20260617172754-72A87SWFGA.warc.gz,True,
2026-06-16T20:20:48+00:00,https://apps.bea.gov/regionalcore/data/ChartData?fips=39000&year=2023&mtype=3,200,text/plain,L2UTXGXRYQKHBUJ3VY5U2F7W5CSKY6ZL,SAWP5,save-merged-p106.arquivo.pt-20260617192819-H6UKOL5KIY.warc.gz,True,
2026-06-16T20:20:48+00:00,https://apps.bea.gov/regionalcore/data/ChartData?fips=40000&year=2023&mtype=3,200,text/plain,HR63GQRJH5LHMVQ3FJ676UJWJTOW2OZA,SAWP5,save-merged-p107.arquivo.pt-20260617182647-0VM22ASYAK.warc.gz,True,
2026-06-16T20:20:48+00:00,https://apps.bea.gov/regionalcore/data/ChartData?fips=41000&year=2023&mtype=3,200,text/plain,ZR4KBGSN3TPMKI43WEB3VVZMVN4DDN76,SAWP5,save-merged-p107.arquivo.pt-20260617183328-3EMH8SLRSU.warc.gz,True,
2026-06-16T20:20:49+00:00,https://apps.bea.gov/regionalcore/data/ChartData?fips=42000&year=2023&mtype=3,200,text/plain,2XDQFNBK2QQPIPYMCCYRWYORMQLOCANP,SAWP5,save-merged-p107.arquivo.pt-20260617183328-3EMH8SLRSU.warc.gz,True,
2026-06-16T20:20:50+00:00,https://apps.bea.gov/regionalcore/data/ChartData?fips=32000&year=2023&mtype=3,200,text/plain,P6ARSWBQQ75DPAGA3ZT27QWOZ5PWZZCR,SAWP5,save-merged-p106.arquivo.pt-20260617193028-MTS9PEI3Y7.warc.gz,True,
2026-06-16T20:20:50+00:00,https://apps.bea.gov/regionalcore/data/ChartData?fips=33000&year=2023&mtype=3,200,text/plain,5ILHG7QZ7S42EVKSP372VE2NDTW6LIBV,SAWP5,save-merged-p106.arquivo.pt-20260617193028-MTS9PEI3Y7.warc.gz,True,
2026-06-16T20:20:50+00:00,https://apps.bea.gov/regionalcore/data/ChartData?fips=46000&year=2023&mtype=3,200,text/plain,4UDZ5K2TTDOP5LFHIPLPDFVCA7KI23JU,SAWP5,save-merged-p106.arquivo.pt-20260617193028-MTS9PEI3Y7.warc.gz,True,
2026-06-16T20:20:50+00:00,https://apps.bea.gov/regionalcore/data/ChartData?fips=47000&year=2023&mtype=3,200,text/plain,MKIOZZB77FOXY2TKUBLUBBTCNFVFTFLH,SAWP5,save-merged-p105.arquivo.pt-20260617172754-72A87SWFGA.warc.gz,True,
2026-06-16T20:20:50+00:00,https://apps.bea.gov/regionalcore/data/ChartData?fips=48000&year=2023&mtype=3,200,text/plain,RIUCZU5F2627O3W3SU6DTSHGR4DDHOTT,SAWP5,save-merged-p108.arquivo.pt-20260617201658-F173KOV5US.warc.gz,True,
2026-06-16T20:20:51+00:00,https://apps.bea.gov/regionalcore/data/ChartData?fips=49000&year=2023&mtype=3,200,text/plain,YDMVRSX5LJ3D4VCAGRP5UDGBBMJ4R3JI,SAWP5,save-merged-p107.arquivo.pt-20260617182324-FT452IXRBG.warc.gz,True,
2026-06-16T20:20:51+00:00,https://apps.bea.gov/regionalcore/data/ChartData?fips=51000&year=2023&mtype=3,200,text/plain,ON5BPCTHPYTZAZS77DQF4QDNUNCWAMDI,SAWP5,save-merged-p107.arquivo.pt-20260617182652-TCT3C8BDJQ.warc.gz,True,
2026-06-16T20:20:52+00:00,https://apps.bea.gov/regionalcore/data/ChartData?fips=53000&year=2023&mtype=3,200,text/plain,Z2W3L2C4P4Q5XZDDJUOHL7Q4B6OD3HWZ,SAWP5,save-merged-p105.arquivo.pt-20260617172754-72A87SWFGA.warc.gz,True,
2026-06-16T20:20:52+00:00,https://apps.bea.gov/regionalcore/data/ChartData?fips=54000&year=2023&mtype=3,200,text/plain,LP4WBMSP4RVVBMHX6T77ID6WM7ZG6XWQ,SAWP5,save-merged-p107.arquivo.pt-20260617182652-TCT3C8BDJQ.warc.gz,True,
2026-06-16T20:20:52+00:00,https://apps.bea.gov/regionalcore/data/ChartData?fips=55000&year=2023&mtype=3,200,text/plain,ZOQT3GA2I6G3LMDMD3MQWM6O7RUAA54R,SAWP5,save-merged-p106.arquivo.pt-20260617193028-MTS9PEI3Y7.warc.gz,True,
2026-06-16T20:20:52+00:00,https://apps.bea.gov/regionalcore/data/ChartData?fips=56000&year=2023&mtype=3,200,text/plain,BI4PVSPV2T3XDWWRV6VCARQHZDBNDLNQ,SAWP5,save-merged-p107.arquivo.pt-20260617183332-7WXZV7WTXC.warc.gz,True,
2026-06-16T20:20:55+00:00,https://apps.bea.gov/regional/js/app.js,200,application/javascript,ITYGTL3BHZH7JVO4A3DPXVJRNPZDJ6HF,SAWP5,save-merged-p106.arquivo.pt-20260617192826-6TL9PGLH60.warc.gz,True,
2026-06-16T20:20:56+00:00,https://apps.bea.gov/regional/js/app.js,200,application/javascript,ITYGTL3BHZH7JVO4A3DPXVJRNPZDJ6HF,SAWP5,save-merged-p105.arquivo.pt-20260617173229-KOJTHZDL7J.warc.gz,True,
2026-06-16T20:21:07+00:00,https://apps.bea.gov/regional/bearfacts/action.cfm?fips=02000,301,text/html,LNSFJY73SO24INY2SDHRBF4URRFR5MQF,SAWP5,save-merged-p108.arquivo.pt-20260617202035-IOI3PVXYVC.warc.gz,True,
2026-06-16T20:21:15+00:00,https://apps.bea.gov/regionalcore/data/ChartData?fips=01000&year=2013&mtype=3,200,text/plain,ZITICSZR577PJLX2QNSJGHMCGLYY2446,SAWP5,save-merged-p106.arquivo.pt-20260617193028-MTS9PEI3Y7.warc.gz,True,
2026-06-16T20:21:49+00:00,https://apps.bea.gov/regional/js/config.json,200,application/json,U5QGGG5AET4SQPRP4NY4F5DDTMVVJMRU,SAWP5,save-merged-p105.arquivo.pt-20260617172754-72A87SWFGA.warc.gz,True,
2026-06-16T20:21:50+00:00,https://apps.bea.gov/regional/js/config.json,200,application/json,U5QGGG5AET4SQPRP4NY4F5DDTMVVJMRU,SAWP5,save-merged-p106.arquivo.pt-20260617192819-H6UKOL5KIY.warc.gz,True,
2026-06-16T20:21:51+00:00,https://apps.bea.gov/regional/js/modules/downloadzip.js,200,application/javascript,SMXT3QMQHZOVR4FO7HKNE4HHHES45C4X,SAWP5,save-merged-p108.arquivo.pt-20260617201637-MH3Z6T47FX.warc.gz,True,
2026-06-16T20:22:06+00:00,https://apps.bea.gov/regionalcore/data/ChartData?fips=01000&year=2013&mtype=3,200,text/plain,ZITICSZR577PJLX2QNSJGHMCGLYY2446,SAWP5,save-merged-p105.arquivo.pt-20260617172055-ZCV0J1E7UC.warc.gz,True,
2026-06-16T20:22:07+00:00,https://apps.bea.gov/regionalcore/data/ChartData?fips=01000&year=2013&mtype=3,200,text/plain,ZITICSZR577PJLX2QNSJGHMCGLYY2446,SAWP5,save-merged-p107.arquivo.pt-20260617182231-UJTP0SRDT3.warc.gz,True,
2026-06-16T20:22:09+00:00,https://apps.bea.gov/regionalcore/data/ChartData?fips=01000&year=2013&mtype=3,200,text/plain,ZITICSZR577PJLX2QNSJGHMCGLYY2446,SAWP5,save-merged-p108.arquivo.pt-20260617202035-IOI3PVXYVC.warc.gz,True,
2026-06-16T20:22:13+00:00,https://apps.bea.gov/regionalcore/data/AppInfo,200,text/plain,GV5JZFTZQVZUFSKI6SEKUT2PZVKIPUHP,SAWP5,save-merged-p107.arquivo.pt-20260617182652-TCT3C8BDJQ.warc.gz,True,
2026-06-16T20:22:14+00:00,https://apps.bea.gov/regionalcore/data/CountyName?fips=53000&year=2023&mtype=3,200,text/plain,XUHMZDQN63GDHWC25KBF5TCGSMUJPEW6,SAWP5,save-merged-p105.arquivo.pt-20260617172754-72A87SWFGA.warc.gz,True,
2026-06-16T20:22:38+00:00,https://apps.bea.gov/RegionalCore/data/ChartData?fips=08000&year=2023&mtype=3,200,text/plain,J4RWVQFKOO5OB22PKT75UATAB74XEZBL,SAWP5,save-merged-p105.arquivo.pt-20260617172754-72A87SWFGA.warc.gz,True,
2026-06-16T20:22:52+00:00,https://apps.bea.gov/regionalcore/data/regional/DownloadZip?csvType=1,200,text/plain,2NYZ25BV7XUPUFSDFID4NWDUH6DFCLLW,SAWP5,save-merged-p106.arquivo.pt-20260617192332-SYIN6H7WKE.warc.gz,True,
2026-06-16T20:22:53+00:00,https://apps.bea.gov/regionalcore/data/regional/DownloadZip?csvType=1,200,text/plain,2NYZ25BV7XUPUFSDFID4NWDUH6DFCLLW,SAWP5,save-merged-p106.arquivo.pt-20260617193028-MTS9PEI3Y7.warc.gz,True,
2026-06-16T20:22:54+00:00,https://apps.bea.gov/regional/zip/CAINC4.zip,200,application/x-zip-compressed,K6NXHIWIINSMMMPKFYXXH2XCTYILUCYS,SAWP5,save-merged-p107.arquivo.pt-20260617183328-3EMH8SLRSU.warc.gz,True,
2026-06-16T20:22:54+00:00,https://apps.bea.gov/regionalcore/data/regional/DownloadZip?csvType=2,200,text/plain,REZWL7WGUEU5BU7HXPT466NAGIHZCRDZ,SAWP5,save-merged-p107.arquivo.pt-20260617183332-7WXZV7WTXC.warc.gz,True,
2026-06-16T20:22:55+00:00,https://apps.bea.gov/regionalcore/data/regional/DownloadZip?csvType=2,200,text/plain,REZWL7WGUEU5BU7HXPT466NAGIHZCRDZ,SAWP5,save-merged-p105.arquivo.pt-20260617172754-72A87SWFGA.warc.gz,True,
2026-06-16T20:22:56+00:00,https://apps.bea.gov/regionalcore/data/regional/DownloadZip?csvType=3,200,text/plain,7RRK7LHRAC3JEI6KM73Z47ZDFZC6KCMA,SAWP5,save-merged-p107.arquivo.pt-20260617182312-XHD8JDIGEX.warc.gz,True,
2026-06-16T20:22:57+00:00,https://apps.bea.gov/regionalcore/data/regional/DownloadZip?csvType=4,200,text/plain,5VBXSMTPNM63FYDX6FJRXJB745SHVXGY,SAWP5,save-merged-p108.arquivo.pt-20260617202035-IOI3PVXYVC.warc.gz,True,
2026-06-16T20:22:58+00:00,https://apps.bea.gov/regional/zip/CAINC4.zip,200,application/x-zip-compressed,K6NXHIWIINSMMMPKFYXXH2XCTYILUCYS,SAWP5,save-merged-p108.arquivo.pt-20260617202035-IOI3PVXYVC.warc.gz,True,
2026-06-16T20:22:59+00:00,https://apps.bea.gov/regionalcore/data/regional/DownloadZip?csvType=4,200,text/plain,5VBXSMTPNM63FYDX6FJRXJB745SHVXGY,SAWP5,save-merged-p107.arquivo.pt-20260617183332-7WXZV7WTXC.warc.gz,True,
2026-06-16T20:23:01+00:00,https://apps.bea.gov/regional/zip/CAINC4__ALL_AREAS.zip,200,text/html,HFYPROZIQUMO6W3N3O5BDN5RUSCCONPO,SAWP5,save-merged-p105.arquivo.pt-20260617173229-KOJTHZDL7J.warc.gz,True,
2026-06-16T20:23:02+00:00,https://apps.bea.gov/regional/zip/CAINC.zip,200,text/html,HFYPROZIQUMO6W3N3O5BDN5RUSCCONPO,SAWP5,save-merged-p105.arquivo.pt-20260617172754-72A87SWFGA.warc.gz,True,
2026-06-16T20:23:04+00:00,https://apps.bea.gov/regional/zip/SAINC4.zip,200,text/html,HFYPROZIQUMO6W3N3O5BDN5RUSCCONPO,SAWP5,save-merged-p105.arquivo.pt-20260617173229-KOJTHZDL7J.warc.gz,True,
2026-06-16T20:23:06+00:00,https://apps.bea.gov/regional/zip/SAINC4N.zip,200,text/html,HFYPROZIQUMO6W3N3O5BDN5RUSCCONPO,SAWP5,save-merged-p108.arquivo.pt-20260617201658-F173KOV5US.warc.gz,True,
2026-06-16T20:23:17+00:00,https://apps.bea.gov/regional/histdata/releases/0923qpi/index.cfm,200,text/html,HFYPROZIQUMO6W3N3O5BDN5RUSCCONPO,SAWP5,save-merged-p107.arquivo.pt-20260617183328-3EMH8SLRSU.warc.gz,True,
2026-06-16T20:23:18+00:00,https://apps.bea.gov/regional/histdata/releases/0923stpi/index.cfm,200,text/html,HFYPROZIQUMO6W3N3O5BDN5RUSCCONPO,SAWP5,save-merged-p108.arquivo.pt-20260617201429-AKU0FQDDP1.warc.gz,True,
2026-06-16T20:23:22+00:00,https://apps.bea.gov/regional/histdata/releases/0324gdpstate/index.cfm,200,text/html,HFYPROZIQUMO6W3N3O5BDN5RUSCCONPO,SAWP5,save-merged-p105.arquivo.pt-20260617173229-KOJTHZDL7J.warc.gz,True,
2026-06-16T20:23:26+00:00,https://apps.bea.gov/regional/histdata/releases/0922spi/index.cfm,200,text/html,NTPMPXMQGQU6F4N5N6AW344EUGGXVEBF,SAWP5,save-merged-p107.arquivo.pt-20260617183332-7WXZV7WTXC.warc.gz,True,
2026-06-16T20:23:42+00:00,https://apps.bea.gov/regional/zip/SAINC.zip,200,application/x-zip-compressed,CIL2VA2BORXN7TQEWOSV2WN3CO73IXQM,SAWP5,save-merged-p107.arquivo.pt-20260617183328-3EMH8SLRSU.warc.gz,True,
2026-06-16T20:23:49+00:00,https://apps.bea.gov/regional/zip/SAINC.zip,200,application/x-zip-compressed,CIL2VA2BORXN7TQEWOSV2WN3CO73IXQM,SAWP5,save-merged-p106.arquivo.pt-20260617191946-W9IG51L4RR.warc.gz,True,
2026-06-16T20:24:04+00:00,https://apps.bea.gov/regionalcore/data/AreaTitles,200,text/plain,3I42H3S6NNFQ2MSVX7XZKYAYSCX5QBYJ,SAWP5,save-merged-p107.arquivo.pt-20260617183332-7WXZV7WTXC.warc.gz,True,
2026-06-16T20:24:05+00:00,https://apps.bea.gov/regionalcore/data/CountyList?state=56,500,unk,3I42H3S6NNFQ2MSVX7XZKYAYSCX5QBYJ,SAWP5,save-merged-p105.arquivo.pt-20260617171324-BN4NKFCTX1.warc.gz,True,
2026-06-16T20:24:07+00:00,https://apps.bea.gov/regionalcore/data/CountyList?fips=56,500,unk,3I42H3S6NNFQ2MSVX7XZKYAYSCX5QBYJ,SAWP5,save-merged-p107.arquivo.pt-20260617183337-0BN5MUUB0M.warc.gz,True,
2026-06-16T20:24:08+00:00,https://apps.bea.gov/regionalcore/data/CountyList?statefips=56,500,unk,3I42H3S6NNFQ2MSVX7XZKYAYSCX5QBYJ,SAWP5,save-merged-p107.arquivo.pt-20260617183332-7WXZV7WTXC.warc.gz,True,
2026-06-16T20:24:17+00:00,https://apps.bea.gov/regional/histdata/releases/0923spi/SAINC.zip,200,application/x-zip-compressed,JHZ6BPIJ5HWLBCU5HUMZ2UO32GIIV5R6,SAWP5,save-merged-p107.arquivo.pt-20260617183328-3EMH8SLRSU.warc.gz,True,
2026-06-16T20:24:22+00:00,https://apps.bea.gov/regional/histdata/releases/0923spi/zip/SAINC.zip,200,text/html,HFYPROZIQUMO6W3N3O5BDN5RUSCCONPO,SAWP5,save-merged-p108.arquivo.pt-20260617201429-AKU0FQDDP1.warc.gz,True,
2026-06-16T20:24:46+00:00,https://apps.bea.gov/regional/histdata/releases/0923spi/SAINC.zip,200,application/x-zip-compressed,JHZ6BPIJ5HWLBCU5HUMZ2UO32GIIV5R6,SAWP5,save-merged-p108.arquivo.pt-20260617201429-AKU0FQDDP1.warc.gz,True,
2026-06-16T20:24:54+00:00,https://apps.bea.gov/regionalcore/data/ChartData?fips=56000&year=2023&mtype=3,200,text/plain,BI4PVSPV2T3XDWWRV6VCARQHZDBNDLNQ,SAWP5,save-merged-p105.arquivo.pt-20260617173229-KOJTHZDL7J.warc.gz,True,
2026-06-16T20:25:37+00:00,https://apps.bea.gov/histdata/RegionalAccounts.html,200,text/html,MOULAT5QHMGX7OTTPOUOJFH5YV566A73,SAWP5,save-merged-p107.arquivo.pt-20260617183332-7WXZV7WTXC.warc.gz,True,
2026-06-16T20:26:41+00:00,https://apps.bea.gov/histdata/js/app.js,200,application/javascript,INKA3HOPX272SFIHAUYECCHOWFDLT5VC,SAWP5,save-merged-p106.arquivo.pt-20260617193028-MTS9PEI3Y7.warc.gz,True,
2026-06-16T20:26:47+00:00,https://apps.bea.gov/api/data?UserID=samplekey&method=GETDATASETLIST,200,application/json,WOQ4WZADLZJ3VOSMK4YOC7QT6CPT3O5W,SAWP5,save-merged-p105.arquivo.pt-20260617173229-KOJTHZDL7J.warc.gz,True,
2026-06-16T20:26:48+00:00,https://apps.bea.gov/regional/zip/SAINC.zip,200,application/x-zip-compressed,CIL2VA2BORXN7TQEWOSV2WN3CO73IXQM,SAWP5,save-merged-p107.arquivo.pt-20260617183337-0BN5MUUB0M.warc.gz,True,
2026-06-16T20:27:03+00:00,https://apps.bea.gov/histdata/js/config.json,200,application/json,OUW2ZK7BNA7Q2TA2BKT2HHA4IKRVJC67,SAWP5,save-merged-p108.arquivo.pt-20260617201429-AKU0FQDDP1.warc.gz,True,
2026-06-16T20:27:35+00:00,https://apps.bea.gov/regional/histdata,301,text/html,DSZCJLKKP5KNSFZSPKI7XWEDC76WD7R5,SAWP5,save-merged-p105.arquivo.pt-20260617173234-FXOFRJHRC9.warc.gz,True,
2026-06-16T20:27:37+00:00,https://apps.bea.gov/histdata/js/modules/RegionalAccounts.js,200,application/javascript,S76L4AOUEESZXR7HAKJ5TPLUWD2DTGAO,SAWP5,save-merged-p106.arquivo.pt-20260617193028-MTS9PEI3Y7.warc.gz,True,
2026-06-16T20:27:39+00:00,https://apps.bea.gov/histdata/js/modules/regionalaccounts.js,200,application/javascript,S76L4AOUEESZXR7HAKJ5TPLUWD2DTGAO,SAWP5,save-merged-p108.arquivo.pt-20260617201429-AKU0FQDDP1.warc.gz,True,
2026-06-16T20:27:40+00:00,https://apps.bea.gov/histdata/core/RegionalAccounts,404,unk,3I42H3S6NNFQ2MSVX7XZKYAYSCX5QBYJ,SAWP5,save-merged-p106.arquivo.pt-20260617193028-MTS9PEI3Y7.warc.gz,True,
2026-06-16T20:27:40+00:00,https://apps.bea.gov/regional/histdata/index.html,200,text/html,HFYPROZIQUMO6W3N3O5BDN5RUSCCONPO,SAWP5,save-merged-p106.arquivo.pt-20260617192826-6TL9PGLH60.warc.gz,True,
2026-06-16T20:27:42+00:00,https://apps.bea.gov/histdata/core/regionalaccounts,404,unk,3I42H3S6NNFQ2MSVX7XZKYAYSCX5QBYJ,SAWP5,save-merged-p105.arquivo.pt-20260617173234-FXOFRJHRC9.warc.gz,True,
2026-06-16T20:28:10+00:00,https://apps.bea.gov/regionalcore/data/ChartData?fips=01000%26year=2023%26mtype=3,500,unk,3I42H3S6NNFQ2MSVX7XZKYAYSCX5QBYJ,SAWP5,save-merged-p108.arquivo.pt-20260617202035-IOI3PVXYVC.warc.gz,True,
2026-06-16T20:28:11+00:00,https://apps.bea.gov/histdata/core/data/GetHistCategory/,200,application/json,WNWBCOK6UZVDR5BJSTFWNQBZQYBSBXJ4,SAWP5,save-merged-p107.arquivo.pt-20260617183332-7WXZV7WTXC.warc.gz,True,
2026-06-16T20:28:12+00:00,https://apps.bea.gov/histdata/core/data/GetHistFileGroup/?histCateID=1,200,application/json,JVJEHLMEZVLKSEUGIJR4QYBHOJU7HXM2,SAWP5,save-merged-p105.arquivo.pt-20260617173234-FXOFRJHRC9.warc.gz,True,
2026-06-16T20:28:12+00:00,https://apps.bea.gov/regionalcore/data/ChartData?fips=01000&year=2023&mtype=3,200,text/plain,EHCFBUWYPKVGT52LSO7SLZU7LOMC4HUF,SAWP5,save-merged-p105.arquivo.pt-20260617173234-FXOFRJHRC9.warc.gz,True,
2026-06-16T20:28:14+00:00,https://apps.bea.gov/regionalcore/data/ChartData?fips=01000&year=2023&mtype=3,200,text/plain,EHCFBUWYPKVGT52LSO7SLZU7LOMC4HUF,SAWP5,save-merged-p106.arquivo.pt-20260617193028-MTS9PEI3Y7.warc.gz,True,
2026-06-16T20:28:17+00:00,https://apps.bea.gov/regionalcore/data/ChartData?fips%3D01000%26year%3D2023%26mtype%3D3,500,unk,3I42H3S6NNFQ2MSVX7XZKYAYSCX5QBYJ,SAWP5,save-merged-p106.arquivo.pt-20260617193028-MTS9PEI3Y7.warc.gz,True,
2026-06-16T20:28:19+00:00,https://apps.bea.gov/regionalcore/data/ChartData?fips=01000%2526year=2023%2526mtype=3,500,unk,3I42H3S6NNFQ2MSVX7XZKYAYSCX5QBYJ,SAWP5,save-merged-p105.arquivo.pt-20260617173234-FXOFRJHRC9.warc.gz,True,
2026-06-16T20:28:23+00:00,https://apps.bea.gov/histdatacore/Regional_Accounts.html,307,text/html,I3U7B3YBMZWQ3TXTV2TFUI6AK5HRHEFK,SAWP5,save-merged-p106.arquivo.pt-20260617193028-MTS9PEI3Y7.warc.gz,True,
2026-06-16T20:28:24+00:00,https://apps.bea.gov/regionalcore/data/CountyList?areatype=56000,200,text/plain,SVBCQOI7T77CRXDZBC633DCEPSEFFM5C,SAWP5,save-merged-p106.arquivo.pt-20260617193028-MTS9PEI3Y7.warc.gz,True,
2026-06-16T20:28:31+00:00,https://apps.bea.gov/histdata/core/data/GetHistFileGroup/?histCateID=4,200,application/json,JON3MVXHBRABAA5P4WDVAKJS4UPDAV4Z,SAWP5,save-merged-p108.arquivo.pt-20260617202035-IOI3PVXYVC.warc.gz,True,
2026-06-16T20:28:46+00:00,https://apps.bea.gov/histdata/js/modules/HistFileDetails.js,200,application/javascript,CBDG3SIPNWPWNP4JJKAPHWDJLBSHDVZG,SAWP5,save-merged-p108.arquivo.pt-20260617201429-AKU0FQDDP1.warc.gz,True,
2026-06-16T20:28:55+00:00,https://apps.bea.gov/regionalcore/data/CountyList?areatype=4,200,text/plain,WVZ4VW337JLFV3QURZRL3B4BMM5CJMCS,SAWP5,save-merged-p105.arquivo.pt-20260617172055-ZCV0J1E7UC.warc.gz,True,
2026-06-16T20:28:57+00:00,https://apps.bea.gov/regionalcore/data/AreaTitles?geotype=4,200,text/plain,JLSHWIGVYXGFGW442UGTDOUCBREORC7N,SAWP5,save-merged-p105.arquivo.pt-20260617171324-BN4NKFCTX1.warc.gz,True,
2026-06-16T20:28:59+00:00,https://apps.bea.gov/regionalcore/data/AreaTitles?geotype=5,200,text/plain,DMHLCHTDB474AWTPB26Z6R6AJ4YL6BL4,SAWP5,save-merged-p108.arquivo.pt-20260617201658-F173KOV5US.warc.gz,True,
2026-06-16T20:29:02+00:00,https://apps.bea.gov/histdata/core/data/GetHistFileDetails/?FileGroupID=290&FileType=HistFile,200,application/json,XEHX4HII3QLMTWZN3MLQ6LIIAF5IHDBZ,SAWP5,save-merged-p106.arquivo.pt-20260617193028-MTS9PEI3Y7.warc.gz,True,
2026-06-16T20:29:04+00:00,https://apps.bea.gov/histdata/core/data/GetHistFileDetails/?FileGroupID=290&FileType=NotesArticles,200,application/json,KZGXWGKMOYWRP5IJHPVWYMSFUGNABR6A,SAWP5,save-merged-p108.arquivo.pt-20260617202035-IOI3PVXYVC.warc.gz,True,
2026-06-16T20:29:12+00:00,https://apps.bea.gov/histdata/RegionalAccounts.html?cb=xyz123,200,text/html,MOULAT5QHMGX7OTTPOUOJFH5YV566A73,SAWP5,save-merged-p107.arquivo.pt-20260617183332-7WXZV7WTXC.warc.gz,True,
2026-06-16T20:29:17+00:00,https://apps.bea.gov/regionalcore/data/ChartData?fips=56000&year=2025&mtype=3,200,text/plain,FRGRG6WNALGWRGO4Q5PADHLJU4FBLFNH,SAWP5,save-merged-p106.arquivo.pt-20260617193028-MTS9PEI3Y7.warc.gz,True,
2026-06-16T20:29:19+00:00,https://apps.bea.gov/regionalcore/data/ChartData?fips=56000&year=2024&mtype=3,200,text/plain,3UKZDF2XG4U3TRHGOWDJKXYL3APVPGTV,SAWP5,save-merged-p108.arquivo.pt-20260617201429-AKU0FQDDP1.warc.gz,True,
2026-06-16T20:29:20+00:00,https://apps.bea.gov/regionalcore/data/ChartData?fips=56000&year=1929&mtype=3,500,unk,3I42H3S6NNFQ2MSVX7XZKYAYSCX5QBYJ,SAWP5,save-merged-p106.arquivo.pt-20260617193028-MTS9PEI3Y7.warc.gz,True,
2026-06-16T20:29:20+00:00,https://apps.bea.gov/regionalcore/data/ChartData?fips=56000&year=2022&mtype=3,200,text/plain,BMX3RCFD2NWZKIQN6RAFJMM444BPM7JT,SAWP5,save-merged-p108.arquivo.pt-20260617202035-IOI3PVXYVC.warc.gz,True,
2026-06-16T20:29:22+00:00,https://apps.bea.gov/regionalcore/data/ChartData?fips=56000&year=1950&mtype=3,200,text/plain,GHVEE4OS7JKQQAHPBSCWIWOVY6X4PYDI,SAWP5,save-merged-p106.arquivo.pt-20260617193028-MTS9PEI3Y7.warc.gz,True,
2026-06-16T20:29:22+00:00,https://apps.bea.gov/regionalcore/data/ChartData?fips=56000&year=2020&mtype=3,200,text/plain,YC7TK6HM67WBUHBYCDKPGM5NO6FZADDR,SAWP5,save-merged-p105.arquivo.pt-20260617172915-PJ1VLGJCWA.warc.gz,True,
2026-06-16T20:29:24+00:00,https://apps.bea.gov/regionalcore/data/ChartData?fips=56000&year=1958&mtype=3,200,text/plain,6VJSVLOZZB3MPADFEQPISF5JKKYTCAUX,SAWP5,save-merged-p105.arquivo.pt-20260617173234-FXOFRJHRC9.warc.gz,True,
2026-06-16T20:29:24+00:00,https://apps.bea.gov/regionalcore/data/ChartData?fips=56000&year=2019&mtype=3,200,text/plain,NWR2BXKJWPTXOPWXPUIHLMDXRWJUNJUF,SAWP5,save-merged-p107.arquivo.pt-20260617182231-UJTP0SRDT3.warc.gz,True,
2026-06-16T20:29:25+00:00,https://apps.bea.gov/regional/histdata/releases/0324pistate/SAINC.zip,200,application/x-zip-compressed,5RHVOC4MGSBXYEOL44ITII5BE52YH2OM,SAWP5,save-merged-p105.arquivo.pt-20260617173234-FXOFRJHRC9.warc.gz,True,
2026-06-16T20:29:25+00:00,https://apps.bea.gov/regionalcore/data/ChartData?fips=56000&year=1969&mtype=3,200,text/plain,ACKLAPCF3VAVYKG5I3BTCUWJT2SXVK4W,SAWP5,save-merged-p107.arquivo.pt-20260617183328-3EMH8SLRSU.warc.gz,True,
2026-06-16T20:29:26+00:00,https://apps.bea.gov/regionalcore/data/ChartData?fips=56000&year=2013&mtype=3,200,text/plain,NECEPMDYIXXTQ2UMNZNUMLTKXUO234IX,SAWP5,save-merged-p106.arquivo.pt-20260617191958-2ZB48MKE9B.warc.gz,True,
2026-06-16T20:29:29+00:00,https://apps.bea.gov/regionalcore/data/ChartData?fips=56000&year=0&mtype=3,500,unk,3I42H3S6NNFQ2MSVX7XZKYAYSCX5QBYJ,SAWP5,save-merged-p106.arquivo.pt-20260617193028-MTS9PEI3Y7.warc.gz,True,
2026-06-16T20:29:30+00:00,https://apps.bea.gov/regionalcore/data/ChartData?fips=56000&year=9999&mtype=3,500,unk,3I42H3S6NNFQ2MSVX7XZKYAYSCX5QBYJ,SAWP5,save-merged-p107.arquivo.pt-20260617182647-0VM22ASYAK.warc.gz,True,
2026-06-16T20:29:36+00:00,https://apps.bea.gov/regionalcore/data/ChartData?fips=https://apps.bea.gov/regionalcore/data/GSPData?fips=56000&year=2023&year=/tmp/wy_gsp.json&mtype=3,200,text/plain,EHCFBUWYPKVGT52LSO7SLZU7LOMC4HUF,SAWP5,save-merged-p106.arquivo.pt-20260617193028-MTS9PEI3Y7.warc.gz,True,
2026-06-16T20:29:37+00:00,https://apps.bea.gov/regionalcore/data/ChartData?fips=https://apps.bea.gov/regionalcore/data/GSPData?fips=56000&year=2023&year=/tmp/wy_gsp.json&mtype=3,200,text/plain,EHCFBUWYPKVGT52LSO7SLZU7LOMC4HUF,SAWP5,save-merged-p107.arquivo.pt-20260617183332-7WXZV7WTXC.warc.gz,True,
2026-06-16T20:29:41+00:00,https://apps.bea.gov/histdata/js/app.js?cb=q1,200,application/javascript,INKA3HOPX272SFIHAUYECCHOWFDLT5VC,SAWP5,save-merged-p107.arquivo.pt-20260617182324-FT452IXRBG.warc.gz,True,
2026-06-16T20:29:44+00:00,https://apps.bea.gov/regionalcore/data/CountyName?fips=48081&year=2024&mtype=4,200,text/plain,3PJPNQYAMCWOZOTMUN26XHOGE4SGWZGJ,SAWP5,save-merged-p108.arquivo.pt-20260617202035-IOI3PVXYVC.warc.gz,True,
2026-06-16T20:29:45+00:00,https://apps.bea.gov/regionalcore/data/ChartData?fips=48081&year=2024&mtype=4,200,text/plain,YZ4J65IM3YL4FIWPPZPRSPO5UMAKVSGZ,SAWP5,save-merged-p107.arquivo.pt-20260617183328-3EMH8SLRSU.warc.gz,True,
2026-06-16T20:29:47+00:00,https://apps.bea.gov/regionalcore/data/GDPLocalData?fips=48081&year=2024&mtype=4,200,text/plain,32PPCK5WKUVPEK5ZZOJTHHMNJ77SWKQ3,SAWP5,save-merged-p105.arquivo.pt-20260617173229-KOJTHZDL7J.warc.gz,True,
2026-06-16T20:30:06+00:00,https://apps.bea.gov/histdata/js/config.json?cb=z2,200,application/json,OUW2ZK7BNA7Q2TA2BKT2HHA4IKRVJC67,SAWP5,save-merged-p105.arquivo.pt-20260617173238-UHG4XTI0RA.warc.gz,True,
2026-06-16T20:30:07+00:00,https://apps.bea.gov/histdata/js/modules/RegionalAccounts.js?cb=z2,200,application/javascript,S76L4AOUEESZXR7HAKJ5TPLUWD2DTGAO,SAWP5,save-merged-p105.arquivo.pt-20260617171737-PSG440D7OT.warc.gz,True,
2026-06-16T20:30:08+00:00,https://apps.bea.gov/histdata/js/modules/regionalaccounts.js?cb=z2,200,application/javascript,S76L4AOUEESZXR7HAKJ5TPLUWD2DTGAO,SAWP5,save-merged-p108.arquivo.pt-20260617201429-AKU0FQDDP1.warc.gz,True,
2026-06-16T20:30:14+00:00,https://apps.bea.gov/regionalcore/data/ChartData?fips=56000%26year=1929%26mtype=3,500,unk,3I42H3S6NNFQ2MSVX7XZKYAYSCX5QBYJ,SAWP5,save-merged-p107.arquivo.pt-20260617183332-7WXZV7WTXC.warc.gz,True,
2026-06-16T20:30:15+00:00,https://apps.bea.gov/regionalcore/data/ChartData?fips=56000%26year=1930%26mtype=3,500,unk,3I42H3S6NNFQ2MSVX7XZKYAYSCX5QBYJ,SAWP5,save-merged-p106.arquivo.pt-20260617193028-MTS9PEI3Y7.warc.gz,True,
2026-06-16T20:30:15+00:00,https://apps.bea.gov/regionalcore/data/GSPData?fips=56000&year=2023,200,text/plain,BZ7T2JNHM4U6F3IFCITAH55IJPG2WC4L,SAWP5,save-merged-p105.arquivo.pt-20260617173238-UHG4XTI0RA.warc.gz,True,
2026-06-16T20:30:16+00:00,https://apps.bea.gov/regionalcore/data/GSPData?fips=56000&year=2023,200,text/plain,BZ7T2JNHM4U6F3IFCITAH55IJPG2WC4L,SAWP5,save-merged-p106.arquivo.pt-20260617193028-MTS9PEI3Y7.warc.gz,True,
2026-06-16T20:30:17+00:00,https://apps.bea.gov/regionalcore/data/ChartData?fips=56000%26year=1931%26mtype=3,500,unk,3I42H3S6NNFQ2MSVX7XZKYAYSCX5QBYJ,SAWP5,save-merged-p108.arquivo.pt-20260617201642-EMSUJE6Z4U.warc.gz,True,
2026-06-16T20:30:18+00:00,https://apps.bea.gov/regionalcore/data/ChartData?fips=56000%26year=1932%26mtype=3,500,unk,3I42H3S6NNFQ2MSVX7XZKYAYSCX5QBYJ,SAWP5,save-merged-p107.arquivo.pt-20260617183328-3EMH8SLRSU.warc.gz,True,
2026-06-16T20:30:20+00:00,https://apps.bea.gov/regionalcore/data/ChartData?fips=56000%26year=1933%26mtype=3,500,unk,3I42H3S6NNFQ2MSVX7XZKYAYSCX5QBYJ,SAWP5,save-merged-p107.arquivo.pt-20260617182647-0VM22ASYAK.warc.gz,True,
2026-06-16T20:30:21+00:00,https://apps.bea.gov/regionalcore/data/ChartData?fips=56000%26year=1934%26mtype=3,500,unk,3I42H3S6NNFQ2MSVX7XZKYAYSCX5QBYJ,SAWP5,save-merged-p107.arquivo.pt-20260617182324-FT452IXRBG.warc.gz,True,
2026-06-16T20:30:23+00:00,https://apps.bea.gov/regionalcore/data/ChartData?fips=56000%26year=1935%26mtype=3,500,unk,3I42H3S6NNFQ2MSVX7XZKYAYSCX5QBYJ,SAWP5,save-merged-p107.arquivo.pt-20260617182324-FT452IXRBG.warc.gz,True,
2026-06-16T20:30:24+00:00,https://apps.bea.gov/regionalcore/data/ChartData?fips=56000%26year=1936%26mtype=3,500,unk,3I42H3S6NNFQ2MSVX7XZKYAYSCX5QBYJ,SAWP5,save-merged-p107.arquivo.pt-20260617182324-FT452IXRBG.warc.gz,True,
2026-06-16T20:30:26+00:00,https://apps.bea.gov/regionalcore/data/ChartData?fips=56000%26year=1937%26mtype=3,500,unk,3I42H3S6NNFQ2MSVX7XZKYAYSCX5QBYJ,SAWP5,save-merged-p105.arquivo.pt-20260617172055-ZCV0J1E7UC.warc.gz,True,
2026-06-16T20:30:29+00:00,https://apps.bea.gov/regionalcore/data/CountyName?fips=56000&mtype=3,200,text/plain,5HPHKJLCSF2HU45IF7UZA2W3EEFTPLMP,SAWP5,save-merged-p105.arquivo.pt-20260617172421-A7W6Y7AIT4.warc.gz,True,
2026-06-16T20:30:31+00:00,https://apps.bea.gov/histdata/core/data/GetHistCategory/,200,application/json,WNWBCOK6UZVDR5BJSTFWNQBZQYBSBXJ4,SAWP5,save-merged-p105.arquivo.pt-20260617173229-KOJTHZDL7J.warc.gz,True,
2026-06-16T20:30:33+00:00,https://apps.bea.gov/histdata/core/data/GetHistFileGroup/?histCateID=1,200,application/json,JVJEHLMEZVLKSEUGIJR4QYBHOJU7HXM2,SAWP5,save-merged-p105.arquivo.pt-20260617173229-KOJTHZDL7J.warc.gz,True,
2026-06-16T20:30:52+00:00,https://apps.bea.gov/histdata/core/data/GetHistFileGroup/?histCateID=4,200,application/json,JON3MVXHBRABAA5P4WDVAKJS4UPDAV4Z,SAWP5,save-merged-p106.arquivo.pt-20260617193028-MTS9PEI3Y7.warc.gz,True,
2026-06-16T20:30:53+00:00,https://apps.bea.gov/regionalcore/data/ChartData?fips=50000%26year=2023%26mtype=3,500,unk,3I42H3S6NNFQ2MSVX7XZKYAYSCX5QBYJ,SAWP5,save-merged-p108.arquivo.pt-20260617202035-IOI3PVXYVC.warc.gz,True,
2026-06-16T20:30:55+00:00,https://apps.bea.gov/regionalcore/data/ChartData?fips=50000%26year=2023%26mtype=3,500,unk,3I42H3S6NNFQ2MSVX7XZKYAYSCX5QBYJ,SAWP5,save-merged-p105.arquivo.pt-20260617173229-KOJTHZDL7J.warc.gz,True,
2026-06-16T20:30:56+00:00,https://apps.bea.gov/regionalcore/data/CountyList?areatype=STATE,200,text/plain,QDWTHI3RKFUXSLWYZ5KJJWOP3VG4EO2W,SAWP5,save-merged-p108.arquivo.pt-20260617201658-F173KOV5US.warc.gz,True,
2026-06-16T20:31:11+00:00,https://apps.bea.gov/histdata/js/modules/HistFileDetails.js?cb=a,200,application/javascript,CBDG3SIPNWPWNP4JJKAPHWDJLBSHDVZG,SAWP5,save-merged-p108.arquivo.pt-20260617202035-IOI3PVXYVC.warc.gz,True,
2026-06-16T20:31:36+00:00,https://apps.bea.gov/histdata/core/data/GetHistFileDetails/?FileGroupID=290&FileType=HistFile,200,application/json,XEHX4HII3QLMTWZN3MLQ6LIIAF5IHDBZ,SAWP5,save-merged-p105.arquivo.pt-20260617173238-UHG4XTI0RA.warc.gz,True,
2026-06-16T20:31:39+00:00,https://apps.bea.gov/regionalcore/data/ChartData?fips=50000&year=2023&mtype=3,200,text/plain,JTBO5J622MSTQGNX37D5QADXNJT6OZDX,SAWP5,save-merged-p106.arquivo.pt-20260617192826-6TL9PGLH60.warc.gz,True,
2026-06-16T20:31:41+00:00,https://apps.bea.gov/regionalcore/data/ChartData?fips=56000&year=2026&mtype=3,500,unk,3I42H3S6NNFQ2MSVX7XZKYAYSCX5QBYJ,SAWP5,save-merged-p106.arquivo.pt-20260617192826-6TL9PGLH60.warc.gz,True,
2026-06-16T20:31:42+00:00,https://apps.bea.gov/regionalcore/data/ChartData?fips=50000&year=2023&mtype=3,200,text/plain,JTBO5J622MSTQGNX37D5QADXNJT6OZDX,SAWP5,save-merged-p107.arquivo.pt-20260617182231-UJTP0SRDT3.warc.gz,True,
2026-06-16T20:31:45+00:00,https://apps.bea.gov/regionalcore/data/ChartData?fips=56000&year=2010&mtype=3,200,text/plain,3PAYRSGUMH7YFGUGP7AJDAUFBM6DCQ4H,SAWP5,save-merged-p107.arquivo.pt-20260617183332-7WXZV7WTXC.warc.gz,True,
2026-06-16T20:31:46+00:00,https://apps.bea.gov/regionalcore/data/ChartData?fips=56000&year=2000&mtype=3,200,text/plain,7NRMTR2GKMETHMZRPTIYGCX3PBVTDEP5,SAWP5,save-merged-p106.arquivo.pt-20260617193028-MTS9PEI3Y7.warc.gz,True,
2026-06-16T20:31:48+00:00,https://apps.bea.gov/regionalcore/data/ChartData?fips=56000&year=1990&mtype=3,200,text/plain,SFDV62XCNXBHGUBDR7TQZ5XNTQJR3QF2,SAWP5,save-merged-p105.arquivo.pt-20260617173238-UHG4XTI0RA.warc.gz,True,
2026-06-16T20:31:49+00:00,https://apps.bea.gov/regionalcore/data/ChartData?fips=56000&year=1980&mtype=3,200,text/plain,NA5VAUPZDWU44CCZVW62LJLLGWNMC4T3,SAWP5,save-merged-p106.arquivo.pt-20260617191958-2ZB48MKE9B.warc.gz,True,
2026-06-16T20:31:51+00:00,https://apps.bea.gov/regionalcore/data/ChartData?fips=56000&year=1970&mtype=3,200,text/plain,VZAMNQ3ESQOW4CATLVBR6OCBI5IOZ2J7,SAWP5,save-merged-p105.arquivo.pt-20260617173234-FXOFRJHRC9.warc.gz,True,
2026-06-16T20:31:52+00:00,https://apps.bea.gov/regionalcore/data/ChartData?fips=56000&year=1969&mtype=3,200,text/plain,ACKLAPCF3VAVYKG5I3BTCUWJT2SXVK4W,SAWP5,save-merged-p107.arquivo.pt-20260617183332-7WXZV7WTXC.warc.gz,True,
2026-06-16T20:31:54+00:00,https://apps.bea.gov/regionalcore/data/ChartData?fips=56000&year=1960&mtype=3,200,text/plain,JAQIBOYQCGOOXKFZZSFYSFIFBBVCZXXS,SAWP5,save-merged-p105.arquivo.pt-20260617171723-8MZRE53HJY.warc.gz,True,
2026-06-16T20:33:19+00:00,https://apps.bea.gov/regionalcore/data/ChartData?fips=56001&year=2013&mtype=4,200,text/plain,32PAUYHKLJILZ7OMDLUQFFGH6RB6SR6F,SAWP5,save-merged-p107.arquivo.pt-20260617183337-0BN5MUUB0M.warc.gz,True,
2026-06-16T20:33:26+00:00,https://apps.bea.gov/regionalcore/data/ChartData?fips=56000&mtype=3&year=1950,200,text/plain,GHVEE4OS7JKQQAHPBSCWIWOVY6X4PYDI,SAWP5,save-merged-p106.arquivo.pt-20260617193032-GNTSN3FID0.warc.gz,True,
2026-06-16T20:33:26+00:00,https://apps.bea.gov/regionalcore/data/ChartData?fips=56000&mtype=3&year=1970,200,text/plain,VZAMNQ3ESQOW4CATLVBR6OCBI5IOZ2J7,SAWP5,save-merged-p105.arquivo.pt-20260617173238-UHG4XTI0RA.warc.gz,True,
2026-06-16T20:33:26+00:00,https://apps.bea.gov/regionalcore/data/ChartData?fips=56000&mtype=3&year=2010,200,text/plain,3PAYRSGUMH7YFGUGP7AJDAUFBM6DCQ4H,SAWP5,save-merged-p108.arquivo.pt-20260617201642-EMSUJE6Z4U.warc.gz,True,
2026-06-16T20:33:27+00:00,https://apps.bea.gov/regionalcore/data/ChartData?fips=56000&mtype=3&year=1929,500,unk,3I42H3S6NNFQ2MSVX7XZKYAYSCX5QBYJ,SAWP5,save-merged-p106.arquivo.pt-20260617193032-GNTSN3FID0.warc.gz,True,
2026-06-16T20:33:27+00:00,https://apps.bea.gov/regionalcore/data/ChartData?fips=56000&mtype=3&year=1969,200,text/plain,ACKLAPCF3VAVYKG5I3BTCUWJT2SXVK4W,SAWP5,save-merged-p105.arquivo.pt-20260617173238-UHG4XTI0RA.warc.gz,True,
2026-06-16T20:33:27+00:00,https://apps.bea.gov/regionalcore/data/ChartData?fips=56000&mtype=3&year=1980,200,text/plain,NA5VAUPZDWU44CCZVW62LJLLGWNMC4T3,SAWP5,save-merged-p105.arquivo.pt-20260617173234-FXOFRJHRC9.warc.gz,True,
2026-06-16T20:33:27+00:00,https://apps.bea.gov/regionalcore/data/ChartData?fips=56000&mtype=3&year=1990,200,text/plain,SFDV62XCNXBHGUBDR7TQZ5XNTQJR3QF2,SAWP5,save-merged-p105.arquivo.pt-20260617173238-UHG4XTI0RA.warc.gz,True,
2026-06-16T20:33:27+00:00,https://apps.bea.gov/regionalcore/data/ChartData?fips=56000&mtype=3&year=2000,200,text/plain,7NRMTR2GKMETHMZRPTIYGCX3PBVTDEP5,SAWP5,save-merged-p105.arquivo.pt-20260617173238-UHG4XTI0RA.warc.gz,True,
2026-06-16T20:33:27+00:00,https://apps.bea.gov/regionalcore/data/ChartData?fips=56000&mtype=3&year=2024,200,text/plain,3UKZDF2XG4U3TRHGOWDJKXYL3APVPGTV,SAWP5,save-merged-p107.arquivo.pt-20260617182652-TCT3C8BDJQ.warc.gz,True,
2026-06-16T20:33:28+00:00,https://apps.bea.gov/regionalcore/data/ChartData?fips=56000&mtype=3&year=2025,200,text/plain,FRGRG6WNALGWRGO4Q5PADHLJU4FBLFNH,SAWP5,save-merged-p105.arquivo.pt-20260617172421-A7W6Y7AIT4.warc.gz,True,
2026-06-16T20:33:28+00:00,https://apps.bea.gov/regionalcore/data/ChartData?fips=56000&mtype=3&year=2026,500,unk,3I42H3S6NNFQ2MSVX7XZKYAYSCX5QBYJ,SAWP5,save-merged-p106.arquivo.pt-20260617193028-MTS9PEI3Y7.warc.gz,True,
2026-06-16T20:33:51+00:00,https://apps.bea.gov/regionalcore/data/GSPData?fips=01000&year=2023,403,text/html,KDEN6LOCVHRU3BNKCRT3CVDQK36QJAS5,SAWP5,save-merged-p108.arquivo.pt-20260617202035-IOI3PVXYVC.warc.gz,True,
2026-06-16T20:33:51+00:00,https://apps.bea.gov/regionalcore/data/GSPData?fips=02000&year=2023,200,text/plain,HLW2DSZNVOE7MUKNO74F4LNWEKB3QRAO,SAWP5,save-merged-p108.arquivo.pt-20260617202035-IOI3PVXYVC.warc.gz,True,
2026-06-16T20:33:51+00:00,https://apps.bea.gov/regionalcore/data/GSPData?fips=04000&year=2023,200,text/plain,I3KX4NZESIWMF3D75HWKHTAHDVSE6V5N,SAWP5,save-merged-p105.arquivo.pt-20260617173238-UHG4XTI0RA.warc.gz,True,
2026-06-16T20:33:51+00:00,https://apps.bea.gov/regionalcore/data/GSPData?fips=05000&year=2023,200,text/plain,QMBRJH43PRPWCS5O6CHWKJKZLQPXFLIL,SAWP5,save-merged-p106.arquivo.pt-20260617193028-MTS9PEI3Y7.warc.gz,True,
2026-06-16T20:33:52+00:00,https://apps.bea.gov/regionalcore/data/ChartData?fips=56021&year=2013&mtype=4,200,text/plain,XLYDNZQYLUXBGOC6T2KRQ55G45EEF6KG,SAWP5,save-merged-p108.arquivo.pt-20260617201429-AKU0FQDDP1.warc.gz,True,
2026-06-16T20:33:52+00:00,https://apps.bea.gov/regionalcore/data/GSPData?fips=02000&year=2023,200,text/plain,HLW2DSZNVOE7MUKNO74F4LNWEKB3QRAO,SAWP5,save-merged-p108.arquivo.pt-20260617202035-IOI3PVXYVC.warc.gz,True,
2026-06-16T20:33:52+00:00,https://apps.bea.gov/regionalcore/data/GSPData?fips=04000&year=2023,200,text/plain,I3KX4NZESIWMF3D75HWKHTAHDVSE6V5N,SAWP5,save-merged-p105.arquivo.pt-20260617173234-FXOFRJHRC9.warc.gz,True,
2026-06-16T20:33:52+00:00,https://apps.bea.gov/regionalcore/data/GSPData?fips=05000&year=2023,200,text/plain,QMBRJH43PRPWCS5O6CHWKJKZLQPXFLIL,SAWP5,save-merged-p108.arquivo.pt-20260617201429-AKU0FQDDP1.warc.gz,True,
2026-06-16T20:33:53+00:00,https://apps.bea.gov/regionalcore/data/GSPData?fips=06000&year=2023,200,text/plain,HQDSLGBXWPYAYI67XZHWYMRLPCDPN3WQ,SAWP5,save-merged-p106.arquivo.pt-20260617191946-W9IG51L4RR.warc.gz,True,
2026-06-16T20:33:53+00:00,https://apps.bea.gov/regionalcore/data/GSPData?fips=09000&year=2023,200,text/plain,UIQH6RVOKXOM7IM7A5BB7YP3DWRZR32P,SAWP5,save-merged-p105.arquivo.pt-20260617171324-BN4NKFCTX1.warc.gz,True,
2026-06-16T20:33:54+00:00,https://apps.bea.gov/regionalcore/data/GSPData?fips=06000&year=2023,200,text/plain,HQDSLGBXWPYAYI67XZHWYMRLPCDPN3WQ,SAWP5,save-merged-p105.arquivo.pt-20260617173229-KOJTHZDL7J.warc.gz,True,
2026-06-16T20:33:54+00:00,https://apps.bea.gov/regionalcore/data/GSPData?fips=08000&year=2023,200,text/plain,6JPWO7AK55EPL434KQMMSYB24RC3L6SR,SAWP5,save-merged-p105.arquivo.pt-20260617173238-UHG4XTI0RA.warc.gz,True,
2026-06-16T20:33:54+00:00,https://apps.bea.gov/regionalcore/data/GSPData?fips=10000&year=2023,200,text/plain,WGSTAD46WRIEHAGRVCNNU6DI2DEAPUP2,SAWP5,save-merged-p105.arquivo.pt-20260617173229-KOJTHZDL7J.warc.gz,True,
2026-06-16T20:33:55+00:00,https://apps.bea.gov/regionalcore/data/GSPData?fips=08000&year=2023,200,text/plain,6JPWO7AK55EPL434KQMMSYB24RC3L6SR,SAWP5,save-merged-p108.arquivo.pt-20260617201642-EMSUJE6Z4U.warc.gz,True,
2026-06-16T20:33:55+00:00,https://apps.bea.gov/regionalcore/data/GSPData?fips=09000&year=2023,200,text/plain,UIQH6RVOKXOM7IM7A5BB7YP3DWRZR32P,SAWP5,save-merged-p105.arquivo.pt-20260617173229-KOJTHZDL7J.warc.gz,True,
2026-06-16T20:33:56+00:00,https://apps.bea.gov/regionalcore/data/GSPData?fips=11000&year=2023,200,text/plain,G54A753STHQNLQOU25JSZ7QIPA4ZQSGD,SAWP5,save-merged-p105.arquivo.pt-20260617173238-UHG4XTI0RA.warc.gz,True,
2026-06-16T20:33:56+00:00,https://apps.bea.gov/regionalcore/data/GSPData?fips=12000&year=2023,200,text/plain,B2RG4GPJXAF2NOZUY7I6BOC45RXGZ6CY,SAWP5,save-merged-p105.arquivo.pt-20260617173229-KOJTHZDL7J.warc.gz,True,
2026-06-16T20:33:56+00:00,https://apps.bea.gov/regionalcore/data/GSPData?fips=13000&year=2023,200,text/plain,BQGXKRDE4O4B4JT7S6AQSJZUCMNDZGXN,SAWP5,save-merged-p108.arquivo.pt-20260617202035-IOI3PVXYVC.warc.gz,True,
2026-06-16T20:33:57+00:00,https://apps.bea.gov/regionalcore/data/GSPData?fips=11000&year=2023,200,text/plain,G54A753STHQNLQOU25JSZ7QIPA4ZQSGD,SAWP5,save-merged-p106.arquivo.pt-20260617192819-H6UKOL5KIY.warc.gz,True,
2026-06-16T20:33:57+00:00,https://apps.bea.gov/regionalcore/data/GSPData?fips=12000&year=2023,200,text/plain,B2RG4GPJXAF2NOZUY7I6BOC45RXGZ6CY,SAWP5,save-merged-p106.arquivo.pt-20260617192819-H6UKOL5KIY.warc.gz,True,
2026-06-16T20:33:57+00:00,https://apps.bea.gov/regionalcore/data/GSPData?fips=13000&year=2023,200,text/plain,BQGXKRDE4O4B4JT7S6AQSJZUCMNDZGXN,SAWP5,save-merged-p105.arquivo.pt-20260617173238-UHG4XTI0RA.warc.gz,True,
2026-06-16T20:33:57+00:00,https://apps.bea.gov/regionalcore/data/GSPData?fips=15000&year=2023,200,text/plain,FLJZSUTVF5OCOGVGPKNY4PTSUY2GVBQV,SAWP5,save-merged-p108.arquivo.pt-20260617202035-IOI3PVXYVC.warc.gz,True,
2026-06-16T20:33:58+00:00,https://apps.bea.gov/regionalcore/data/GSPData?fips=16000&year=2023,200,text/plain,4XJJQ7TY3FPKD2Q3LX6DFFO7WQQRNVKM,SAWP5,save-merged-p106.arquivo.pt-20260617192819-H6UKOL5KIY.warc.gz,True,
2026-06-16T20:33:58+00:00,https://apps.bea.gov/regionalcore/data/GSPData?fips=17000&year=2023,200,text/plain,J4QPUTIVFQBNBTU27MDLM2DC6DGUP566,SAWP5,save-merged-p106.arquivo.pt-20260617193032-GNTSN3FID0.warc.gz,True,
2026-06-16T20:33:59+00:00,https://apps.bea.gov/regionalcore/data/GSPData?fips=16000&year=2023,200,text/plain,4XJJQ7TY3FPKD2Q3LX6DFFO7WQQRNVKM,SAWP5,save-merged-p105.arquivo.pt-20260617173234-FXOFRJHRC9.warc.gz,True,
2026-06-16T20:33:59+00:00,https://apps.bea.gov/regionalcore/data/GSPData?fips=17000&year=2023,200,text/plain,J4QPUTIVFQBNBTU27MDLM2DC6DGUP566,SAWP5,save-merged-p107.arquivo.pt-20260617183332-7WXZV7WTXC.warc.gz,True,
2026-06-16T20:33:59+00:00,https://apps.bea.gov/regionalcore/data/GSPData?fips=18000&year=2023,200,text/plain,2GG6HRQPLWNOXRM2XTINPT3ZPOQNGUCN,SAWP5,save-merged-p108.arquivo.pt-20260617201429-AKU0FQDDP1.warc.gz,True,
2026-06-16T20:33:59+00:00,https://apps.bea.gov/regionalcore/data/GSPData?fips=19000&year=2023,200,text/plain,XBF53CYL2SCQ44XK4322AETA3PTFB3FH,SAWP5,save-merged-p107.arquivo.pt-20260617182647-0VM22ASYAK.warc.gz,True,
2026-06-16T20:34:00+00:00,https://apps.bea.gov/regionalcore/data/GSPData?fips=18000&year=2023,200,text/plain,2GG6HRQPLWNOXRM2XTINPT3ZPOQNGUCN,SAWP5,save-merged-p105.arquivo.pt-20260617173229-KOJTHZDL7J.warc.gz,True,
2026-06-16T20:34:00+00:00,https://apps.bea.gov/regionalcore/data/GSPData?fips=19000&year=2023,200,text/plain,XBF53CYL2SCQ44XK4322AETA3PTFB3FH,SAWP5,save-merged-p106.arquivo.pt-20260617193028-MTS9PEI3Y7.warc.gz,True,
2026-06-16T20:34:01+00:00,https://apps.bea.gov/regionalcore/data/GSPData?fips=21000&year=2023,200,text/plain,CD6Y2GAG4N5NKGTJ2CUV4RU2HLX6RWBS,SAWP5,save-merged-p106.arquivo.pt-20260617193032-GNTSN3FID0.warc.gz,True,
2026-06-16T20:34:01+00:00,https://apps.bea.gov/regionalcore/data/GSPData?fips=22000&year=2023,200,text/plain,BBGX534KQI7YILSUWFGHDJZ5E7MIRH6U,SAWP5,save-merged-p108.arquivo.pt-20260617201429-AKU0FQDDP1.warc.gz,True,
2026-06-16T20:34:02+00:00,https://apps.bea.gov/regionalcore/data/GSPData?fips=21000&year=2023,200,text/plain,CD6Y2GAG4N5NKGTJ2CUV4RU2HLX6RWBS,SAWP5,save-merged-p105.arquivo.pt-20260617173238-UHG4XTI0RA.warc.gz,True,
2026-06-16T20:34:02+00:00,https://apps.bea.gov/regionalcore/data/GSPData?fips=22000&year=2023,200,text/plain,BBGX534KQI7YILSUWFGHDJZ5E7MIRH6U,SAWP5,save-merged-p106.arquivo.pt-20260617193032-GNTSN3FID0.warc.gz,True,
2026-06-16T20:34:02+00:00,https://apps.bea.gov/regionalcore/data/GSPData?fips=23000&year=2023,200,text/plain,2LY74FW5RSFGJFOCSAZA7RS3TO7J2O6A,SAWP5,save-merged-p107.arquivo.pt-20260617183332-7WXZV7WTXC.warc.gz,True,
2026-06-16T20:34:03+00:00,https://apps.bea.gov/regionalcore/data/GSPData?fips=20000&year=2023,200,text/plain,YOXGKTPAWGICY2UM45HVAILV6RWSBX52,SAWP5,save-merged-p107.arquivo.pt-20260617183332-7WXZV7WTXC.warc.gz,True,
2026-06-16T20:34:03+00:00,https://apps.bea.gov/regionalcore/data/GSPData?fips=23000&year=2023,200,text/plain,2LY74FW5RSFGJFOCSAZA7RS3TO7J2O6A,SAWP5,save-merged-p105.arquivo.pt-20260617173238-UHG4XTI0RA.warc.gz,True,
2026-06-16T20:34:03+00:00,https://apps.bea.gov/regionalcore/data/GSPData?fips=24000&year=2023,403,text/html,MK62AHVRLY7I33STSMFUJGE5S7CKNKUT,SAWP5,save-merged-p108.arquivo.pt-20260617201429-AKU0FQDDP1.warc.gz,True,
2026-06-16T20:34:03+00:00,https://apps.bea.gov/regionalcore/data/GSPData?fips=25000&year=2023,200,text/plain,DCVFPQREBBFO2QOFHRLVOGGRMREH3BCN,SAWP5,save-merged-p106.arquivo.pt-20260617193032-GNTSN3FID0.warc.gz,True,
2026-06-16T20:34:04+00:00,https://apps.bea.gov/regionalcore/data/GSPData?fips=24000&year=2023,403,text/html,VBFDF5AF5KE2CCG7BJJOKWJMDY3V3KOC,SAWP5,save-merged-p106.arquivo.pt-20260617193032-GNTSN3FID0.warc.gz,True,
2026-06-16T20:34:04+00:00,https://apps.bea.gov/regionalcore/data/GSPData?fips=25000&year=2023,200,text/plain,DCVFPQREBBFO2QOFHRLVOGGRMREH3BCN,SAWP5,save-merged-p106.arquivo.pt-20260617193032-GNTSN3FID0.warc.gz,True,
2026-06-16T20:34:04+00:00,https://apps.bea.gov/regionalcore/data/GSPData?fips=26000&year=2023,200,text/plain,SX5QUHFUGN4RAS3TWZRVOVWLHTO3YRT2,SAWP5,save-merged-p105.arquivo.pt-20260617173229-KOJTHZDL7J.warc.gz,True,
2026-06-16T20:34:05+00:00,https://apps.bea.gov/regionalcore/data/GSPData?fips=26000&year=2023,200,text/plain,SX5QUHFUGN4RAS3TWZRVOVWLHTO3YRT2,SAWP5,save-merged-p107.arquivo.pt-20260617183328-3EMH8SLRSU.warc.gz,True,
2026-06-16T20:34:05+00:00,https://apps.bea.gov/regionalcore/data/GSPData?fips=27000&year=2023,200,text/plain,GHFKH47A5LJVOB7XN6DKQPEXNUJTANKT,SAWP5,save-merged-p105.arquivo.pt-20260617173234-FXOFRJHRC9.warc.gz,True,
2026-06-16T20:34:05+00:00,https://apps.bea.gov/regionalcore/data/GSPData?fips=28000&year=2023,200,text/plain,5CWDIIR3IXRWGQO2ELWKCUGQ4O54VN7Y,SAWP5,save-merged-p107.arquivo.pt-20260617183332-7WXZV7WTXC.warc.gz,True,
2026-06-16T20:34:06+00:00,https://apps.bea.gov/regionalcore/data/GSPData?fips=27000&year=2023,200,text/plain,GHFKH47A5LJVOB7XN6DKQPEXNUJTANKT,SAWP5,save-merged-p105.arquivo.pt-20260617173238-UHG4XTI0RA.warc.gz,True,
2026-06-16T20:34:06+00:00,https://apps.bea.gov/regionalcore/data/GSPData?fips=28000&year=2023,200,text/plain,5CWDIIR3IXRWGQO2ELWKCUGQ4O54VN7Y,SAWP5,save-merged-p106.arquivo.pt-20260617193032-GNTSN3FID0.warc.gz,True,
2026-06-16T20:34:07+00:00,https://apps.bea.gov/regionalcore/data/GSPData?year=2023&fips=24000,200,text/plain,DSZEQSFDFEXIKWNZKTUXWSJQY3YHQ3FD,SAWP5,save-merged-p107.arquivo.pt-20260617183332-7WXZV7WTXC.warc.gz,True,
2026-06-16T20:34:07+00:00,https://apps.bea.gov/regionalcore/data/GSPData?fips=29000&year=2023,200,text/plain,QNZZHSK5MEOYZNHFEV77OSLIZECW3IIE,SAWP5,save-merged-p108.arquivo.pt-20260617202035-IOI3PVXYVC.warc.gz,True,
2026-06-16T20:34:07+00:00,https://apps.bea.gov/regionalcore/data/GSPData?fips=30000&year=2023,200,text/plain,X3JLPMMPQ5T4EZ7JAD42H2FPQ5RJBUK6,SAWP5,save-merged-p107.arquivo.pt-20260617182231-UJTP0SRDT3.warc.gz,True,
2026-06-16T20:34:08+00:00,https://apps.bea.gov/regionalcore/data/GSPData?year=2023&fips=24000,200,text/plain,DSZEQSFDFEXIKWNZKTUXWSJQY3YHQ3FD,SAWP5,save-merged-p108.arquivo.pt-20260617201658-F173KOV5US.warc.gz,True,
2026-06-16T20:34:08+00:00,https://apps.bea.gov/regionalcore/data/GSPData?fips=29000&year=2023,200,text/plain,QNZZHSK5MEOYZNHFEV77OSLIZECW3IIE,SAWP5,save-merged-p107.arquivo.pt-20260617182652-TCT3C8BDJQ.warc.gz,True,
2026-06-16T20:34:08+00:00,https://apps.bea.gov/regionalcore/data/GSPData?fips=30000&year=2023,200,text/plain,X3JLPMMPQ5T4EZ7JAD42H2FPQ5RJBUK6,SAWP5,save-merged-p108.arquivo.pt-20260617201429-AKU0FQDDP1.warc.gz,True,
2026-06-16T20:34:08+00:00,https://apps.bea.gov/regionalcore/data/GSPData?fips=31000&year=2023,200,text/plain,RCKCIGKREO2BADRMMMTTNZ7ODMR4LJMD,SAWP5,save-merged-p106.arquivo.pt-20260617193032-GNTSN3FID0.warc.gz,True,
2026-06-16T20:34:09+00:00,https://apps.bea.gov/regionalcore/data/GSPData?fips=31000&year=2023,200,text/plain,RCKCIGKREO2BADRMMMTTNZ7ODMR4LJMD,SAWP5,save-merged-p107.arquivo.pt-20260617183332-7WXZV7WTXC.warc.gz,True,
2026-06-16T20:34:09+00:00,https://apps.bea.gov/regionalcore/data/GSPData?fips=32000&year=2023,200,text/plain,HVK7D2D4XGIX3CXBHP27KIRTVHZ3NFRT,SAWP5,save-merged-p106.arquivo.pt-20260617193028-MTS9PEI3Y7.warc.gz,True,
2026-06-16T20:34:10+00:00,https://apps.bea.gov/regionalcore/data/GSPData?fips=33000&year=2023,200,text/plain,4VPGIMZN62DBBTB7YCYLYKNXNRFOPSH5,SAWP5,save-merged-p107.arquivo.pt-20260617182240-9Z3A63AWKV.warc.gz,True,
2026-06-16T20:34:10+00:00,https://apps.bea.gov/regionalcore/data/GSPData?fips=34000&year=2023,200,text/plain,BI5ONANCMYDOWLVTUVWMGJN747BVNKSZ,SAWP5,save-merged-p108.arquivo.pt-20260617201637-MH3Z6T47FX.warc.gz,True,
2026-06-16T20:34:11+00:00,https://apps.bea.gov/regionalcore/data/GSPData?fips=32000&year=2023,200,text/plain,HVK7D2D4XGIX3CXBHP27KIRTVHZ3NFRT,SAWP5,save-merged-p105.arquivo.pt-20260617173238-UHG4XTI0RA.warc.gz,True,
2026-06-16T20:34:11+00:00,https://apps.bea.gov/regionalcore/data/GSPData?fips=33000&year=2023,200,text/plain,4VPGIMZN62DBBTB7YCYLYKNXNRFOPSH5,SAWP5,save-merged-p106.arquivo.pt-20260617193028-MTS9PEI3Y7.warc.gz,True,
2026-06-16T20:34:11+00:00,https://apps.bea.gov/regionalcore/data/GSPData?fips=34000&year=2023,200,text/plain,BI5ONANCMYDOWLVTUVWMGJN747BVNKSZ,SAWP5,save-merged-p106.arquivo.pt-20260617191946-W9IG51L4RR.warc.gz,True,
2026-06-16T20:34:11+00:00,https://apps.bea.gov/regionalcore/data/GSPData?fips=35000&year=2023,200,text/plain,LOMMRA4ON2LHH4OLDRVFUDHWWMR7RNID,SAWP5,save-merged-p106.arquivo.pt-20260617193032-GNTSN3FID0.warc.gz,True,
2026-06-16T20:34:12+00:00,https://apps.bea.gov/regionalcore/data/GSPData?fips=35000&year=2023,200,text/plain,LOMMRA4ON2LHH4OLDRVFUDHWWMR7RNID,SAWP5,save-merged-p105.arquivo.pt-20260617173229-KOJTHZDL7J.warc.gz,True,
2026-06-16T20:34:12+00:00,https://apps.bea.gov/regionalcore/data/GSPData?fips=36000&year=2023,200,text/plain,RQHLURCXGT3WRRTLONGOK2U5MVU2EWWB,SAWP5,save-merged-p106.arquivo.pt-20260617193032-GNTSN3FID0.warc.gz,True,
2026-06-16T20:34:12+00:00,https://apps.bea.gov/regionalcore/data/GSPData?fips=37000&year=2023,200,text/plain,XJMCIEZWMPQ6AZ2HVYAWJIIK5RFCF3YR,SAWP5,save-merged-p108.arquivo.pt-20260617201429-AKU0FQDDP1.warc.gz,True,
2026-06-16T20:34:13+00:00,https://apps.bea.gov/regionalcore/data/GSPData?fips=36000&year=2023,200,text/plain,RQHLURCXGT3WRRTLONGOK2U5MVU2EWWB,SAWP5,save-merged-p105.arquivo.pt-20260617171324-BN4NKFCTX1.warc.gz,True,
2026-06-16T20:34:13+00:00,https://apps.bea.gov/regionalcore/data/GSPData?fips=37000&year=2023,200,text/plain,XJMCIEZWMPQ6AZ2HVYAWJIIK5RFCF3YR,SAWP5,save-merged-p108.arquivo.pt-20260617201637-MH3Z6T47FX.warc.gz,True,
2026-06-16T20:34:13+00:00,https://apps.bea.gov/regionalcore/data/GSPData?fips=38000&year=2023,200,text/plain,TA4C5WAA54IHC7EMJGXSISRNK4WMGVTC,SAWP5,save-merged-p106.arquivo.pt-20260617191946-W9IG51L4RR.warc.gz,True,
2026-06-16T20:34:13+00:00,https://apps.bea.gov/regionalcore/data/GSPData?fips=39000&year=2023,200,text/plain,4QQPGSPUBU4KOYI6MIZEKZNAB3DHYASQ,SAWP5,save-merged-p106.arquivo.pt-20260617192814-NWC1K2Z2L1.warc.gz,True,
2026-06-16T20:34:14+00:00,https://apps.bea.gov/regionalcore/data/GSPData?fips=38000&year=2023,200,text/plain,TA4C5WAA54IHC7EMJGXSISRNK4WMGVTC,SAWP5,save-merged-p108.arquivo.pt-20260617201429-AKU0FQDDP1.warc.gz,True,
2026-06-16T20:34:14+00:00,https://apps.bea.gov/regionalcore/data/GSPData?fips=39000&year=2023,200,text/plain,4QQPGSPUBU4KOYI6MIZEKZNAB3DHYASQ,SAWP5,save-merged-p108.arquivo.pt-20260617201658-F173KOV5US.warc.gz,True,
2026-06-16T20:34:14+00:00,https://apps.bea.gov/regionalcore/data/GSPData?fips=40000&year=2023,200,text/plain,JXMVR5EAH5KVRZEFNBFSWRJPISS4MWFA,SAWP5,save-merged-p106.arquivo.pt-20260617192826-6TL9PGLH60.warc.gz,True,
2026-06-16T20:34:15+00:00,https://apps.bea.gov/regionalcore/data/GSPData?fips=40000&year=2023,200,text/plain,JXMVR5EAH5KVRZEFNBFSWRJPISS4MWFA,SAWP5,save-merged-p106.arquivo.pt-20260617193032-GNTSN3FID0.warc.gz,True,
2026-06-16T20:34:15+00:00,https://apps.bea.gov/regionalcore/data/GSPData?fips=41000&year=2023,200,text/plain,52W4B3A2A4QPXU7VVHFOA6IUUBCCZII2,SAWP5,save-merged-p105.arquivo.pt-20260617173238-UHG4XTI0RA.warc.gz,True,
2026-06-16T20:34:15+00:00,https://apps.bea.gov/regionalcore/data/GSPData?fips=42000&year=2023,200,text/plain,TEJUQSUVWXJ2JDUXDUDLIHTVYDMGRD5J,SAWP5,save-merged-p107.arquivo.pt-20260617183328-3EMH8SLRSU.warc.gz,True,
2026-06-16T20:34:15+00:00,https://apps.bea.gov/regionalcore/data/GSPData?fips=44000&year=2023,200,text/plain,AADBV2QNF6O66TE44N4EWOUS55YOIYNH,SAWP5,save-merged-p105.arquivo.pt-20260617173238-UHG4XTI0RA.warc.gz,True,
2026-06-16T20:34:16+00:00,https://apps.bea.gov/regionalcore/data/GSPData?fips=42000&year=2023,200,text/plain,TEJUQSUVWXJ2JDUXDUDLIHTVYDMGRD5J,SAWP5,save-merged-p105.arquivo.pt-20260617173229-KOJTHZDL7J.warc.gz,True,
2026-06-16T20:34:16+00:00,https://apps.bea.gov/regionalcore/data/GSPData?fips=44000&year=2023,200,text/plain,AADBV2QNF6O66TE44N4EWOUS55YOIYNH,SAWP5,save-merged-p106.arquivo.pt-20260617191946-W9IG51L4RR.warc.gz,True,
2026-06-16T20:34:16+00:00,https://apps.bea.gov/regionalcore/data/GSPData?fips=45000&year=2023,200,text/plain,IGGBEY7VC4JX6GW7SJZEWF6CJXNHKRCZ,SAWP5,save-merged-p107.arquivo.pt-20260617183332-7WXZV7WTXC.warc.gz,True,
2026-06-16T20:34:17+00:00,https://apps.bea.gov/regionalcore/data/GSPData?fips=45000&year=2023,200,text/plain,IGGBEY7VC4JX6GW7SJZEWF6CJXNHKRCZ,SAWP5,save-merged-p107.arquivo.pt-20260617182247-NW4FVP7I19.warc.gz,True,
2026-06-16T20:34:17+00:00,https://apps.bea.gov/regionalcore/data/GSPData?fips=46000&year=2023,200,text/plain,CSG7DZZKLDOO7EII6IY2O363RZQCMTDQ,SAWP5,save-merged-p106.arquivo.pt-20260617191946-W9IG51L4RR.warc.gz,True,
2026-06-16T20:34:18+00:00,https://apps.bea.gov/regionalcore/data/GSPData?fips=46000&year=2023,200,text/plain,CSG7DZZKLDOO7EII6IY2O363RZQCMTDQ,SAWP5,save-merged-p106.arquivo.pt-20260617193032-GNTSN3FID0.warc.gz,True,
2026-06-16T20:34:18+00:00,https://apps.bea.gov/regionalcore/data/GSPData?fips=47000&year=2023,200,text/plain,RJSPNI25VTZDHU3BSFBR6K4IXCF3HOXR,SAWP5,save-merged-p105.arquivo.pt-20260617173238-UHG4XTI0RA.warc.gz,True,
2026-06-16T20:34:18+00:00,https://apps.bea.gov/regionalcore/data/GSPData?fips=48000&year=2023,200,text/plain,RKC7EADWRM3WKJ3B5L5NFQOHEM5H4U3M,SAWP5,save-merged-p107.arquivo.pt-20260617183328-3EMH8SLRSU.warc.gz,True,
2026-06-16T20:34:19+00:00,https://apps.bea.gov/regionalcore/data/GSPData?fips=47000&year=2023,200,text/plain,RJSPNI25VTZDHU3BSFBR6K4IXCF3HOXR,SAWP5,save-merged-p106.arquivo.pt-20260617193028-MTS9PEI3Y7.warc.gz,True,
2026-06-16T20:34:19+00:00,https://apps.bea.gov/regionalcore/data/GSPData?fips=48000&year=2023,200,text/plain,RKC7EADWRM3WKJ3B5L5NFQOHEM5H4U3M,SAWP5,save-merged-p107.arquivo.pt-20260617183332-7WXZV7WTXC.warc.gz,True,
2026-06-16T20:34:19+00:00,https://apps.bea.gov/regionalcore/data/GSPData?fips=49000&year=2023,200,text/plain,RHRU3OPSZTZB6ONRX2LG2VXORKNSSLYF,SAWP5,save-merged-p106.arquivo.pt-20260617193028-MTS9PEI3Y7.warc.gz,True,
2026-06-16T20:34:20+00:00,https://apps.bea.gov/regionalcore/data/GSPData?fips=50000&year=2023,200,text/plain,35ZFJLYVDHZ5T3J3AXTJO2L5USFW2HWI,SAWP5,save-merged-p107.arquivo.pt-20260617182652-TCT3C8BDJQ.warc.gz,True,
2026-06-16T20:34:20+00:00,https://apps.bea.gov/regionalcore/data/GSPData?fips=51000&year=2023,200,text/plain,CTZCC7JOSCTBJBA657LYJCMWBTX6Q6DE,SAWP5,save-merged-p107.arquivo.pt-20260617183332-7WXZV7WTXC.warc.gz,True,
2026-06-16T20:34:21+00:00,https://apps.bea.gov/regionalcore/data/GSPData?fips=51000&year=2023,200,text/plain,CTZCC7JOSCTBJBA657LYJCMWBTX6Q6DE,SAWP5,save-merged-p105.arquivo.pt-20260617173229-KOJTHZDL7J.warc.gz,True,
2026-06-16T20:34:21+00:00,https://apps.bea.gov/regionalcore/data/GSPData?fips=53000&year=2023,403,text/html,RT2YGGUMOKWM6333PRMV6YQJ3WD4POXN,SAWP5,save-merged-p105.arquivo.pt-20260617173238-UHG4XTI0RA.warc.gz,True,
2026-06-16T20:34:21+00:00,https://apps.bea.gov/regionalcore/data/GSPData?fips=54000&year=2023,200,text/plain,KPBTQAHZOW6VEAYKSXJ32LQZT46I6PSX,SAWP5,save-merged-p106.arquivo.pt-20260617193032-GNTSN3FID0.warc.gz,True,
2026-06-16T20:34:22+00:00,https://apps.bea.gov/regionalcore/data/GSPData?fips=53000&year=2023,403,text/html,YQXAHEHUOBKE2I67KRDDQ56FKQAQRY4N,SAWP5,save-merged-p105.arquivo.pt-20260617173238-UHG4XTI0RA.warc.gz,True,
2026-06-16T20:34:22+00:00,https://apps.bea.gov/regionalcore/data/GSPData?fips=54000&year=2023,200,text/plain,KPBTQAHZOW6VEAYKSXJ32LQZT46I6PSX,SAWP5,save-merged-p106.arquivo.pt-20260617193032-GNTSN3FID0.warc.gz,True,
2026-06-16T20:34:22+00:00,https://apps.bea.gov/regionalcore/data/GSPData?fips=55000&year=2023,200,text/plain,RJ7TGUBOABXALFURZ2EYMVCFEU5QUAE3,SAWP5,save-merged-p106.arquivo.pt-20260617192826-6TL9PGLH60.warc.gz,True,
2026-06-16T20:34:25+00:00,https://apps.bea.gov/regionalcore/data/GSPData?year=2023&fips=53000,200,text/plain,7FY3KUIPDPJNBOPXT534XWJLHXAOWW2Z,SAWP5,save-merged-p105.arquivo.pt-20260617171723-8MZRE53HJY.warc.gz,True,
2026-06-16T20:34:26+00:00,https://apps.bea.gov/regionalcore/data/GSPData?year=2023&fips=53000,200,text/plain,7FY3KUIPDPJNBOPXT534XWJLHXAOWW2Z,SAWP5,save-merged-p105.arquivo.pt-20260617173238-UHG4XTI0RA.warc.gz,True,
2026-06-16T20:34:36+00:00,https://apps.bea.gov/regional/zip/,403,text/html,UBNOKG2KHYXAA5RCFS6L5HCYQM6N54II,SAWP5,save-merged-p107.arquivo.pt-20260617183332-7WXZV7WTXC.warc.gz,True,
2026-06-16T20:34:52+00:00,https://apps.bea.gov/regional/zip/index.cfm,200,text/html,HFYPROZIQUMO6W3N3O5BDN5RUSCCONPO,SAWP5,save-merged-p105.arquivo.pt-20260617173238-UHG4XTI0RA.warc.gz,True,
2026-06-16T20:34:53+00:00,https://apps.bea.gov/regionalcore/data/ChartData?fips=56000&year=1938&mtype=3,200,text/plain,USVV3V2UB7GMBCLI3FKC7WXF5YEVVKEY,SAWP5,save-merged-p106.arquivo.pt-20260617193032-GNTSN3FID0.warc.gz,True,
2026-06-16T20:34:55+00:00,https://apps.bea.gov/regionalcore/data/ChartData?fips=56000&year=1939&mtype=3,200,text/plain,MXIWXLMD6FRZL7XWTUDTNBMWJMEASDQP,SAWP5,save-merged-p106.arquivo.pt-20260617191946-W9IG51L4RR.warc.gz,True,
2026-06-16T20:34:57+00:00,https://apps.bea.gov/regionalcore/data/ChartData?fips=56000&year=1940&mtype=3,200,text/plain,NWTM2UDB5OI2QR3LC5XA2WSQZLRMOPAK,SAWP5,save-merged-p107.arquivo.pt-20260617182647-0VM22ASYAK.warc.gz,True,
2026-06-16T20:34:58+00:00,https://apps.bea.gov/regionalcore/data/ChartData?fips=56000&year=1945&mtype=3,200,text/plain,APYKMWUHDJ4NGHELKNSK7D6MPFKLEUG3,SAWP5,save-merged-p107.arquivo.pt-20260617182652-TCT3C8BDJQ.warc.gz,True,
2026-06-16T20:35:00+00:00,https://apps.bea.gov/regionalcore/data/ChartData?fips=56000&year=1949&mtype=3,200,text/plain,M3IXIPLQIXEVW4Q6F7ANFG6ORXU4KT2H,SAWP5,save-merged-p107.arquivo.pt-20260617183337-0BN5MUUB0M.warc.gz,True,
2026-06-16T20:35:07+00:00,https://apps.bea.gov/regional/zip/downloadzip.htm,200,text/html,HFYPROZIQUMO6W3N3O5BDN5RUSCCONPO,SAWP5,save-merged-p106.arquivo.pt-20260617193032-GNTSN3FID0.warc.gz,True,
2026-06-16T20:35:13+00:00,https://apps.bea.gov/regionalcore/data/ChartData?fips=09&year=2023&mtype=3,200,text/plain,EHCFBUWYPKVGT52LSO7SLZU7LOMC4HUF,SAWP5,save-merged-p107.arquivo.pt-20260617183337-0BN5MUUB0M.warc.gz,True,
2026-06-16T20:35:15+00:00,https://apps.bea.gov/regionalcore/data/ChartData?fips=09999&year=2023&mtype=3,200,text/plain,EHCFBUWYPKVGT52LSO7SLZU7LOMC4HUF,SAWP5,save-merged-p105.arquivo.pt-20260617173229-KOJTHZDL7J.warc.gz,True,
2026-06-16T20:35:45+00:00,https://apps.bea.gov/regional/zip/SAGDP.zip,200,application/x-zip-compressed,IZNSHVVKA3VOLNBTXLJBEMYWKR6YY7WX,SAWP5,save-merged-p105.arquivo.pt-20260617173234-FXOFRJHRC9.warc.gz,True,
2026-06-16T20:35:47+00:00,https://apps.bea.gov/regional/zip/SAGDP.zip,200,application/x-zip-compressed,IZNSHVVKA3VOLNBTXLJBEMYWKR6YY7WX,SAWP5,save-merged-p106.arquivo.pt-20260617193032-GNTSN3FID0.warc.gz,True,
2026-06-16T20:35:52+00:00,https://apps.bea.gov/regionalcore/data/ChartData?fips=56001&year=2024&mtype=4,200,text/plain,QUFVXJU7UZUNVFCPFXHT2HH37TA3L7UB,SAWP5,save-merged-p105.arquivo.pt-20260617173234-FXOFRJHRC9.warc.gz,True,
2026-06-16T20:35:54+00:00,https://apps.bea.gov/regionalcore/data/ChartData?fips=16980&year=2024&mtype=5,500,unk,3I42H3S6NNFQ2MSVX7XZKYAYSCX5QBYJ,SAWP5,save-merged-p107.arquivo.pt-20260617183332-7WXZV7WTXC.warc.gz,True,
2026-06-16T20:36:31+00:00,https://apps.bea.gov/regional/bearfacts/js/amcharts4/core.js,200,application/javascript,HBUBF6P2MHHWN7LUL3XXRHZKADW2F4JN,SAWP5,save-merged-p108.arquivo.pt-20260617201637-MH3Z6T47FX.warc.gz,True,
2026-06-16T20:36:59+00:00,https://apps.bea.gov/regionalcore/data/CountyList?areatype=msa,200,text/plain,Q6RZMDASLEJKT7ASN5UGJZKMVBV3IW46,SAWP5,save-merged-p107.arquivo.pt-20260617182652-TCT3C8BDJQ.warc.gz,True,
2026-06-16T20:37:00+00:00,https://apps.bea.gov/regionalcore/data/CountyList?areatype=county,200,text/plain,WVZ4VW337JLFV3QURZRL3B4BMM5CJMCS,SAWP5,save-merged-p106.arquivo.pt-20260617192826-6TL9PGLH60.warc.gz,True,
2026-06-16T20:37:02+00:00,https://apps.bea.gov/regionalcore/data/CountyList?areatype=state,200,text/plain,QDWTHI3RKFUXSLWYZ5KJJWOP3VG4EO2W,SAWP5,save-merged-p105.arquivo.pt-20260617171324-BN4NKFCTX1.warc.gz,True,
2026-06-16T20:37:04+00:00,https://apps.bea.gov/regionalcore/data/CountyList?areatype=4,200,text/plain,WVZ4VW337JLFV3QURZRL3B4BMM5CJMCS,SAWP5,save-merged-p106.arquivo.pt-20260617191946-W9IG51L4RR.warc.gz,True,
2026-06-16T20:37:05+00:00,https://apps.bea.gov/regionalcore/data/CountyList?areatype=5,200,text/plain,WVZ4VW337JLFV3QURZRL3B4BMM5CJMCS,SAWP5,save-merged-p105.arquivo.pt-20260617171737-PSG440D7OT.warc.gz,True,
2026-06-16T20:37:07+00:00,https://apps.bea.gov/regionalcore/data/CountyList?areatype=WY,200,text/plain,WVZ4VW337JLFV3QURZRL3B4BMM5CJMCS,SAWP5,save-merged-p106.arquivo.pt-20260617193028-MTS9PEI3Y7.warc.gz,True,
2026-06-16T20:37:21+00:00,https://apps.bea.gov/regionalcore/data/GSPData?fips=56000&year=2013,200,text/plain,3CUHUHQBNPR3FU7OV7SU4GN4JLPDHOL6,SAWP5,save-merged-p105.arquivo.pt-20260617171723-8MZRE53HJY.warc.gz,True,
2026-06-16T20:38:21+00:00,https://apps.bea.gov/regional/bearfacts/js/amcharts4/charts.js,200,application/javascript,D5YD34F7GICGFERFRNHGUWOLX6CXR2FR,SAWP5,save-merged-p107.arquivo.pt-20260617183332-7WXZV7WTXC.warc.gz,True,
2026-06-16T20:39:42+00:00,https://apps.bea.gov/regionalcore/data/ChartData?fips=0009000&year=2023&mtype=3,200,text/plain,EHCFBUWYPKVGT52LSO7SLZU7LOMC4HUF,SAWP5,save-merged-p106.arquivo.pt-20260617193032-GNTSN3FID0.warc.gz,True,
2026-06-16T20:39:42+00:00,https://apps.bea.gov/regionalcore/data/ChartData?fips=009000&year=2023&mtype=3,200,text/plain,EHCFBUWYPKVGT52LSO7SLZU7LOMC4HUF,SAWP5,save-merged-p107.arquivo.pt-20260617183332-7WXZV7WTXC.warc.gz,True,
2026-06-16T20:39:42+00:00,https://apps.bea.gov/regionalcore/data/ChartData?fips=09000%20&year=2023&mtype=3,200,text/plain,ISOPBJT5FTAFALVWO5D5TRO6G7MEOC26,SAWP5,save-merged-p105.arquivo.pt-20260617173238-UHG4XTI0RA.warc.gz,True,
2026-06-16T20:39:43+00:00,https://apps.bea.gov/regionalcore/data/ChartData?fips=+09000&year=2023&mtype=3,200,text/plain,EHCFBUWYPKVGT52LSO7SLZU7LOMC4HUF,SAWP5,save-merged-p105.arquivo.pt-20260617173238-UHG4XTI0RA.warc.gz,True,
2026-06-16T20:39:43+00:00,https://apps.bea.gov/regionalcore/data/ChartData?fips=09000.0&year=2023&mtype=3,200,text/plain,ISOPBJT5FTAFALVWO5D5TRO6G7MEOC26,SAWP5,save-merged-p107.arquivo.pt-20260617183332-7WXZV7WTXC.warc.gz,True,
2026-06-16T20:39:44+00:00,https://apps.bea.gov/regionalcore/data/ChartData?fips=+09000&year=2023&mtype=3,200,text/plain,EHCFBUWYPKVGT52LSO7SLZU7LOMC4HUF,SAWP5,save-merged-p108.arquivo.pt-20260617201429-AKU0FQDDP1.warc.gz,True,
2026-06-16T20:39:44+00:00,https://apps.bea.gov/regionalcore/data/ChartData?fips=09000&year=2023&mtype=3&x=1,200,text/plain,ISOPBJT5FTAFALVWO5D5TRO6G7MEOC26,SAWP5,save-merged-p106.arquivo.pt-20260617193032-GNTSN3FID0.warc.gz,True,
2026-06-16T20:39:44+00:00,https://apps.bea.gov/regionalcore/data/ChartData?Fips=09000&year=2023&mtype=3,200,text/plain,ISOPBJT5FTAFALVWO5D5TRO6G7MEOC26,SAWP5,save-merged-p106.arquivo.pt-20260617192819-H6UKOL5KIY.warc.gz,True,
2026-06-16T20:39:44+00:00,https://apps.bea.gov/regionalcore/data/ChartData?fips=09000	&year=2023&mtype=3,200,text/plain,ISOPBJT5FTAFALVWO5D5TRO6G7MEOC26,SAWP5,save-merged-p108.arquivo.pt-20260617202049-NOFS6HTPTU.warc.gz,True,
2026-06-16T20:39:44+00:00,https://apps.bea.gov/regionalcore/data/ChartData?year=2023&mtype=3&fips=09000,200,text/plain,ISOPBJT5FTAFALVWO5D5TRO6G7MEOC26,SAWP5,save-merged-p108.arquivo.pt-20260617202049-NOFS6HTPTU.warc.gz,True,
2026-06-16T20:39:45+00:00,https://apps.bea.gov/regionalcore/data/ChartData?fips=09000/&year=2023&mtype=3,200,text/plain,ISOPBJT5FTAFALVWO5D5TRO6G7MEOC26,SAWP5,save-merged-p105.arquivo.pt-20260617173234-FXOFRJHRC9.warc.gz,True,
2026-06-16T20:39:46+00:00,https://apps.bea.gov/regionalcore/data/ChartData?fips=09000&fips=9000&year=2023&mtype=3,200,text/plain,ISOPBJT5FTAFALVWO5D5TRO6G7MEOC26,SAWP5,save-merged-p108.arquivo.pt-20260617201642-EMSUJE6Z4U.warc.gz,True,
2026-06-16T20:39:46+00:00,https://apps.bea.gov/regionalcore/data/ChartData?fips=9000&fips=09000&year=2023&mtype=3,200,text/plain,EHCFBUWYPKVGT52LSO7SLZU7LOMC4HUF,SAWP5,save-merged-p105.arquivo.pt-20260617173234-FXOFRJHRC9.warc.gz,True,
2026-06-16T20:39:46+00:00,"https://apps.bea.gov/regionalcore/data/ChartData?fips=09000,0&year=2023&mtype=3",200,text/plain,ISOPBJT5FTAFALVWO5D5TRO6G7MEOC26,SAWP5,save-merged-p107.arquivo.pt-20260617183332-7WXZV7WTXC.warc.gz,True,
2026-06-16T20:39:46+00:00,https://apps.bea.gov/regionalcore/data/ChartData?fips=09000;&year=2023&mtype=3,200,text/plain,ISOPBJT5FTAFALVWO5D5TRO6G7MEOC26,SAWP5,save-merged-p105.arquivo.pt-20260617172421-A7W6Y7AIT4.warc.gz,True,
2026-06-16T20:41:55+00:00,https://apps.bea.gov/regionalcore/data/ChartData?fips=56000&year=2019&mtype=3&x=2019,200,text/plain,NWR2BXKJWPTXOPWXPUIHLMDXRWJUNJUF,SAWP5,save-merged-p106.arquivo.pt-20260617192814-NWC1K2Z2L1.warc.gz,True,
2026-06-16T20:41:55+00:00,https://apps.bea.gov/regionalcore/data/ChartData?fips=56000&year=2020&mtype=3&x=2020,200,text/plain,YC7TK6HM67WBUHBYCDKPGM5NO6FZADDR,SAWP5,save-merged-p105.arquivo.pt-20260617173238-UHG4XTI0RA.warc.gz,True,
2026-06-16T20:41:55+00:00,https://apps.bea.gov/regionalcore/data/ChartData?fips=56000&year=2021&mtype=3&x=2021,200,text/plain,MYRA6LMCDGB3YFQU3VQSLRI5HKBNUASS,SAWP5,save-merged-p106.arquivo.pt-20260617193028-MTS9PEI3Y7.warc.gz,True,
2026-06-16T20:41:55+00:00,https://apps.bea.gov/regionalcore/data/ChartData?fips=56000&year=2022&mtype=3&x=2022,200,text/plain,BMX3RCFD2NWZKIQN6RAFJMM444BPM7JT,SAWP5,save-merged-p105.arquivo.pt-20260617173229-KOJTHZDL7J.warc.gz,True,
2026-06-16T20:41:55+00:00,https://apps.bea.gov/regionalcore/data/ChartData?fips=56000&year=2024&mtype=3&x=2024,200,text/plain,3UKZDF2XG4U3TRHGOWDJKXYL3APVPGTV,SAWP5,save-merged-p105.arquivo.pt-20260617173238-UHG4XTI0RA.warc.gz,True,
2026-06-16T20:41:55+00:00,https://apps.bea.gov/regionalcore/data/ChartData?fips=56000&year=2025&mtype=3&x=2025,200,text/plain,FRGRG6WNALGWRGO4Q5PADHLJU4FBLFNH,SAWP5,save-merged-p107.arquivo.pt-20260617182652-TCT3C8BDJQ.warc.gz,True,
2026-06-16T20:42:11+00:00,https://apps.bea.gov/regionalcore/data/AreaTitles?geotype=3,200,text/plain,C4V5YJOTS5K7ZTF3FE3IXSX5LQW3PSHW,SAWP5,save-merged-p105.arquivo.pt-20260617173238-UHG4XTI0RA.warc.gz,True,
2026-06-16T20:42:19+00:00,https://apps.bea.gov/regionalcore/data/CountyList?areatype=state,200,text/plain,QDWTHI3RKFUXSLWYZ5KJJWOP3VG4EO2W,SAWP5,save-merged-p105.arquivo.pt-20260617173234-FXOFRJHRC9.warc.gz,True,
2026-06-16T20:42:20+00:00,https://apps.bea.gov/regionalcore/data/CountyList?areatype=state,200,text/plain,QDWTHI3RKFUXSLWYZ5KJJWOP3VG4EO2W,SAWP5,save-merged-p106.arquivo.pt-20260617193028-MTS9PEI3Y7.warc.gz,True,
2026-06-16T20:42:22+00:00,https://apps.bea.gov/regionalcore/data/CountyList?areatype=msa,200,text/plain,Q6RZMDASLEJKT7ASN5UGJZKMVBV3IW46,SAWP5,save-merged-p107.arquivo.pt-20260617182231-UJTP0SRDT3.warc.gz,True,
2026-06-16T20:42:23+00:00,https://apps.bea.gov/regionalcore/data/CountyList?areatype=msa,200,text/plain,Q6RZMDASLEJKT7ASN5UGJZKMVBV3IW46,SAWP5,save-merged-p106.arquivo.pt-20260617191958-2ZB48MKE9B.warc.gz,True,
2026-06-16T20:42:51+00:00,https://apps.bea.gov/regionalcore/data/ChartData?fips=01000&year=2013&mtype=3,200,text/plain,ZITICSZR577PJLX2QNSJGHMCGLYY2446,SAWP5,save-merged-p106.arquivo.pt-20260617193028-MTS9PEI3Y7.warc.gz,True,
2026-06-16T20:42:52+00:00,https://apps.bea.gov/regionalcore/data/ChartData?fips=02000&year=2013&mtype=3,200,text/plain,6PLSGKCM3UX6SL7AK6VLBRV2YPOKPBAQ,SAWP5,save-merged-p108.arquivo.pt-20260617201658-F173KOV5US.warc.gz,True,
2026-06-16T20:42:53+00:00,https://apps.bea.gov/regionalcore/data/ChartData?fips=04000&year=2013&mtype=3,200,text/plain,UVRLPJEH2II762LLP4POPM3I2AAOVZ7A,SAWP5,save-merged-p106.arquivo.pt-20260617192819-H6UKOL5KIY.warc.gz,True,
2026-06-16T20:42:54+00:00,https://apps.bea.gov/regionalcore/data/ChartData?fips=05000&year=2013&mtype=3,200,text/plain,X42FVI2JBS2EFV67GVCHETOYA3NIXQYL,SAWP5,save-merged-p105.arquivo.pt-20260617173238-UHG4XTI0RA.warc.gz,True,
2026-06-16T20:42:55+00:00,https://apps.bea.gov/regionalcore/data/ChartData?fips=06000&year=2013&mtype=3,200,text/plain,QDJ5ZDUS3FK4I3ZXVJOFSEAHKKGA36Q6,SAWP5,save-merged-p105.arquivo.pt-20260617171324-BN4NKFCTX1.warc.gz,True,
2026-06-16T20:42:56+00:00,https://apps.bea.gov/regionalcore/data/ChartData?fips=08000&year=2013&mtype=3,200,text/plain,GQDJDKAKAW2XPYELGWFVFWKSMNYD57VV,SAWP5,save-merged-p108.arquivo.pt-20260617201658-F173KOV5US.warc.gz,True,
2026-06-16T20:42:57+00:00,https://apps.bea.gov/regionalcore/data/ChartData?fips=09000&year=2013&mtype=3,200,text/plain,54GLVS74QWTWKY7ZW5SAU2WSB6JVU2UF,SAWP5,save-merged-p108.arquivo.pt-20260617202035-IOI3PVXYVC.warc.gz,True,
2026-06-16T20:42:58+00:00,https://apps.bea.gov/regionalcore/data/ChartData?fips=10000&year=2013&mtype=3,200,text/plain,56GBIMIRF7MKBEL7VMIZ4TTCCAO7HFV4,SAWP5,save-merged-p105.arquivo.pt-20260617173238-UHG4XTI0RA.warc.gz,True,
2026-06-16T20:42:59+00:00,https://apps.bea.gov/regionalcore/data/ChartData?fips=11000&year=2013&mtype=3,200,text/plain,RVBLY3PEY4BGMFD6UPFCXOFD3QA653RR,SAWP5,save-merged-p106.arquivo.pt-20260617193028-MTS9PEI3Y7.warc.gz,True,
2026-06-16T20:43:00+00:00,https://apps.bea.gov/regionalcore/data/ChartData?fips=12000&year=2013&mtype=3,200,text/plain,YYJR5CRGRTRGLGZN2NVNPGQ4VUGMDDOW,SAWP5,save-merged-p105.arquivo.pt-20260617173229-KOJTHZDL7J.warc.gz,True,
2026-06-16T20:43:01+00:00,https://apps.bea.gov/regionalcore/data/ChartData?fips=13000&year=2013&mtype=3,200,text/plain,AW4XSNZ3OL3THTPGDFFYRPTTJVQEI4WK,SAWP5,save-merged-p105.arquivo.pt-20260617173234-FXOFRJHRC9.warc.gz,True,
2026-06-16T20:43:02+00:00,https://apps.bea.gov/regionalcore/data/ChartData?fips=15000&year=2013&mtype=3,200,text/plain,KF63XJE4SQIMESXLHTHP5T57GQZ6TSEA,SAWP5,save-merged-p107.arquivo.pt-20260617183337-0BN5MUUB0M.warc.gz,True,
2026-06-16T20:43:02+00:00,https://apps.bea.gov/regionalcore/data/CountyList?areatype=01000,200,text/plain,WOXNAABPCS7XS6O6PJBADDGYVYXUBYJU,SAWP5,save-merged-p105.arquivo.pt-20260617173238-UHG4XTI0RA.warc.gz,True,
2026-06-16T20:43:03+00:00,https://apps.bea.gov/regionalcore/data/ChartData?fips=16000&year=2013&mtype=3,200,text/plain,QYALLZPKQXAE3UBY7YGWASM4OWKDRZRS,SAWP5,save-merged-p105.arquivo.pt-20260617173238-UHG4XTI0RA.warc.gz,True,
2026-06-16T20:43:03+00:00,https://apps.bea.gov/regionalcore/data/CountyList?areatype=01000,200,text/plain,WOXNAABPCS7XS6O6PJBADDGYVYXUBYJU,SAWP5,save-merged-p108.arquivo.pt-20260617201429-AKU0FQDDP1.warc.gz,True,
2026-06-16T20:43:04+00:00,https://apps.bea.gov/regionalcore/data/ChartData?fips=17000&year=2013&mtype=3,200,text/plain,3PLJXYPTDOOKUGKULMSY2M7E3FV3PKV5,SAWP5,save-merged-p106.arquivo.pt-20260617193028-MTS9PEI3Y7.warc.gz,True,
2026-06-16T20:43:04+00:00,https://apps.bea.gov/regionalcore/data/CountyList?areatype=56000,200,text/plain,SVBCQOI7T77CRXDZBC633DCEPSEFFM5C,SAWP5,save-merged-p107.arquivo.pt-20260617182647-0VM22ASYAK.warc.gz,True,
2026-06-16T20:43:05+00:00,https://apps.bea.gov/regionalcore/data/ChartData?fips=18000&year=2013&mtype=3,200,text/plain,IC5HAUFOI5IDHYSDUAQLNEQ5GHZLHUEE,SAWP5,save-merged-p108.arquivo.pt-20260617201658-F173KOV5US.warc.gz,True,
2026-06-16T20:43:05+00:00,https://apps.bea.gov/regionalcore/data/CountyList?areatype=56000,200,text/plain,SVBCQOI7T77CRXDZBC633DCEPSEFFM5C,SAWP5,save-merged-p106.arquivo.pt-20260617192826-6TL9PGLH60.warc.gz,True,
2026-06-16T20:43:06+00:00,https://apps.bea.gov/regionalcore/data/ChartData?fips=19000&year=2013&mtype=3,200,text/plain,EFIHJQV75FUMI5BUS7T5L2IGRW6VJM4V,SAWP5,save-merged-p108.arquivo.pt-20260617202035-IOI3PVXYVC.warc.gz,True,
2026-06-16T20:43:06+00:00,https://apps.bea.gov/regionalcore/data/ChartData?fips=20000&year=2013&mtype=3,200,text/plain,IRFPAVALKDFCWTVDXTYIL4A6XUKBTJBP,SAWP5,save-merged-p108.arquivo.pt-20260617201429-AKU0FQDDP1.warc.gz,True,
2026-06-16T20:43:07+00:00,https://apps.bea.gov/regionalcore/data/ChartData?fips=21000&year=2013&mtype=3,200,text/plain,J5KDCEFWE4DSTEDJPGKEJS53K437KNVS,SAWP5,save-merged-p105.arquivo.pt-20260617173229-KOJTHZDL7J.warc.gz,True,
2026-06-16T20:43:08+00:00,https://apps.bea.gov/regionalcore/data/ChartData?fips=22000&year=2013&mtype=3,200,text/plain,7RXGSGLTU3EMK2CGXLTOJPRXRMEWOVFE,SAWP5,save-merged-p106.arquivo.pt-20260617192819-H6UKOL5KIY.warc.gz,True,
2026-06-16T20:43:09+00:00,https://apps.bea.gov/regionalcore/data/ChartData?fips=23000&year=2013&mtype=3,200,text/plain,Z5Y5EM5RL4OULQPNF4ATITCPUZZXJIXW,SAWP5,save-merged-p105.arquivo.pt-20260617173238-UHG4XTI0RA.warc.gz,True,
2026-06-16T20:43:10+00:00,https://apps.bea.gov/regionalcore/data/ChartData?fips=24000&year=2013&mtype=3,200,text/plain,2KXJ7GQZGJ6EP2DNXKFJZ5LCDP5HP6GG,SAWP5,save-merged-p107.arquivo.pt-20260617181905-1KFVGUIQKK.warc.gz,True,
2026-06-16T20:43:11+00:00,https://apps.bea.gov/regionalcore/data/ChartData?fips=25000&year=2013&mtype=3,200,text/plain,AOOO2TNCZDO6E4ZKECJNBQJWV4K6QJ2Y,SAWP5,save-merged-p107.arquivo.pt-20260617182324-FT452IXRBG.warc.gz,True,
2026-06-16T20:43:12+00:00,https://apps.bea.gov/regionalcore/data/ChartData?fips=26000&year=2013&mtype=3,200,text/plain,OA5MADRU4FAGDA6IVFZTDZUKELPPPZG7,SAWP5,save-merged-p107.arquivo.pt-20260617182324-FT452IXRBG.warc.gz,True,
2026-06-16T20:43:13+00:00,https://apps.bea.gov/regionalcore/data/ChartData?fips=27000&year=2013&mtype=3,200,text/plain,4YSB555XJCXTSA7D6SU3OYHSGQCQBMFC,SAWP5,save-merged-p105.arquivo.pt-20260617173238-UHG4XTI0RA.warc.gz,True,
2026-06-16T20:43:14+00:00,https://apps.bea.gov/regionalcore/data/ChartData?fips=28000&year=2013&mtype=3,200,text/plain,VKLR3XQ7O7NJ7YBQBAPEP67ZHPDRTTEQ,SAWP5,save-merged-p105.arquivo.pt-20260617173229-KOJTHZDL7J.warc.gz,True,
2026-06-16T20:43:15+00:00,https://apps.bea.gov/regionalcore/data/ChartData?fips=29000&year=2013&mtype=3,200,text/plain,6ASE6H2V6XUQMWCFYUMEVJMALGK2F4OT,SAWP5,save-merged-p105.arquivo.pt-20260617173238-UHG4XTI0RA.warc.gz,True,
2026-06-16T20:43:16+00:00,https://apps.bea.gov/regionalcore/data/ChartData?fips=30000&year=2013&mtype=3,200,text/plain,H2EGEL3FAHROIHRAIZ5AQDMW5DNJ4F5O,SAWP5,save-merged-p107.arquivo.pt-20260617183332-7WXZV7WTXC.warc.gz,True,
2026-06-16T20:43:17+00:00,https://apps.bea.gov/regionalcore/data/ChartData?fips=31000&year=2013&mtype=3,200,text/plain,DZFRMNFYHFWQ7ZQ2G35EHURLLXW6Z3P6,SAWP5,save-merged-p105.arquivo.pt-20260617173238-UHG4XTI0RA.warc.gz,True,
2026-06-16T20:43:18+00:00,https://apps.bea.gov/regionalcore/data/ChartData?fips=32000&year=2013&mtype=3,200,text/plain,7ZG2T4UYRGZJPHBHPGPAEL3M22A3OTTY,SAWP5,save-merged-p107.arquivo.pt-20260617183332-7WXZV7WTXC.warc.gz,True,
2026-06-16T20:43:19+00:00,https://apps.bea.gov/regionalcore/data/ChartData?fips=33000&year=2013&mtype=3,200,text/plain,S7KO6SMZEKCRS3IGMEIV6C4QCU3UBY32,SAWP5,save-merged-p106.arquivo.pt-20260617191946-W9IG51L4RR.warc.gz,True,
2026-06-16T20:43:20+00:00,https://apps.bea.gov/regionalcore/data/ChartData?fips=34000&year=2013&mtype=3,200,text/plain,HEZYUTIQ57BPFT42EMY5ONK5KB76DIGX,SAWP5,save-merged-p106.arquivo.pt-20260617191958-2ZB48MKE9B.warc.gz,True,
2026-06-16T20:43:21+00:00,https://apps.bea.gov/regionalcore/data/ChartData?fips=35000&year=2013&mtype=3,200,text/plain,LSKKPZISFMO47PCD3OXCPIHTQGTWZN36,SAWP5,save-merged-p105.arquivo.pt-20260617171324-BN4NKFCTX1.warc.gz,True,
2026-06-16T20:43:21+00:00,https://apps.bea.gov/regionalcore/data/ChartData?fips=36000&year=2013&mtype=3,200,text/plain,UCYHJJGPBON7EGPQVDWA3Q4DY3IFMWX3,SAWP5,save-merged-p105.arquivo.pt-20260617171737-PSG440D7OT.warc.gz,True,
2026-06-16T20:43:22+00:00,https://apps.bea.gov/regionalcore/data/ChartData?fips=37000&year=2013&mtype=3,200,text/plain,2GMZEKILUGDZ2LUJFVJ4KX3UJUWUGHSO,SAWP5,save-merged-p105.arquivo.pt-20260617173238-UHG4XTI0RA.warc.gz,True,
2026-06-16T20:43:23+00:00,https://apps.bea.gov/regionalcore/data/ChartData?fips=38000&year=2013&mtype=3,200,text/plain,2W7VWMR33RILKKFQCCHT2455JRZO6QF2,SAWP5,save-merged-p108.arquivo.pt-20260617202035-IOI3PVXYVC.warc.gz,True,
2026-06-16T20:43:24+00:00,https://apps.bea.gov/regionalcore/data/ChartData?fips=39000&year=2013&mtype=3,200,text/plain,HFZNKDZ2TY6ATP6SXE33GZYGB3ZGSLS4,SAWP5,save-merged-p106.arquivo.pt-20260617192819-H6UKOL5KIY.warc.gz,True,
2026-06-16T20:43:25+00:00,https://apps.bea.gov/regionalcore/data/ChartData?fips=40000&year=2013&mtype=3,200,text/plain,HUEQYALEHK7PSOLLAMEP3P6ETMTFXS6Q,SAWP5,save-merged-p106.arquivo.pt-20260617191946-W9IG51L4RR.warc.gz,True,
2026-06-16T20:43:26+00:00,https://apps.bea.gov/regionalcore/data/ChartData?fips=41000&year=2013&mtype=3,200,text/plain,LQW4F2LD72RTI4FHPZ55XJD2SOMXI2HL,SAWP5,save-merged-p105.arquivo.pt-20260617173234-FXOFRJHRC9.warc.gz,True,
2026-06-16T20:43:27+00:00,https://apps.bea.gov/regionalcore/data/ChartData?fips=42000&year=2013&mtype=3,200,text/plain,3BEDGUEFB3F4GJT4P4JW5QYIIKYWXDCZ,SAWP5,save-merged-p107.arquivo.pt-20260617182305-CS0K7OQOKG.warc.gz,True,
2026-06-16T20:43:28+00:00,https://apps.bea.gov/regionalcore/data/ChartData?fips=44000&year=2013&mtype=3,200,text/plain,RGUGUGTJRWUAKJPU53V2H3Z426SOCUH7,SAWP5,save-merged-p107.arquivo.pt-20260617182324-FT452IXRBG.warc.gz,True,
2026-06-16T20:43:29+00:00,https://apps.bea.gov/regionalcore/data/ChartData?fips=45000&year=2013&mtype=3,200,text/plain,UMAHNAZXW4XEEUJECSPW54U6MH7C362G,SAWP5,save-merged-p108.arquivo.pt-20260617201429-AKU0FQDDP1.warc.gz,True,
2026-06-16T20:43:30+00:00,https://apps.bea.gov/regionalcore/data/ChartData?fips=46000&year=2013&mtype=3,200,text/plain,3VRFMHXWZTUDBDWEVTWPGHS25NHF6NWL,SAWP5,save-merged-p106.arquivo.pt-20260617193028-MTS9PEI3Y7.warc.gz,True,
2026-06-16T20:43:31+00:00,https://apps.bea.gov/regionalcore/data/ChartData?fips=47000&year=2013&mtype=3,200,text/plain,J7EYZYS3QMO3HWOVR5WSQDGB5JNNRDDZ,SAWP5,save-merged-p105.arquivo.pt-20260617173229-KOJTHZDL7J.warc.gz,True,
2026-06-16T20:43:32+00:00,https://apps.bea.gov/regionalcore/data/ChartData?fips=48000&year=2013&mtype=3,200,text/plain,NSM6BJ63CBY7L2GRTMBRI2XCO3CG7R27,SAWP5,save-merged-p105.arquivo.pt-20260617173234-FXOFRJHRC9.warc.gz,True,
2026-06-16T20:43:33+00:00,https://apps.bea.gov/regional/histdata/releases/0924spi/index.cfm,200,text/html,HFYPROZIQUMO6W3N3O5BDN5RUSCCONPO,SAWP5,save-merged-p107.arquivo.pt-20260617182231-UJTP0SRDT3.warc.gz,True,
2026-06-16T20:43:33+00:00,https://apps.bea.gov/regionalcore/data/ChartData?fips=49000&year=2013&mtype=3,200,text/plain,OSDXEABG4E3YP5RTYDKCXJTAF3ELP342,SAWP5,save-merged-p108.arquivo.pt-20260617201658-F173KOV5US.warc.gz,True,
2026-06-16T20:43:33+00:00,https://apps.bea.gov/regionalcore/data/ChartData?fips=50000&year=2013&mtype=3,200,text/plain,2DMLNDOY56HDQKPQ3L5U7JP5B4M466PI,SAWP5,save-merged-p107.arquivo.pt-20260617182324-FT452IXRBG.warc.gz,True,
2026-06-16T20:43:34+00:00,https://apps.bea.gov/regionalcore/data/ChartData?fips=51000&year=2013&mtype=3,200,text/plain,4SYK6H4WSM6LIXMGEDXVL2IONFUUKSMQ,SAWP5,save-merged-p108.arquivo.pt-20260617201658-F173KOV5US.warc.gz,True,
2026-06-16T20:43:35+00:00,https://apps.bea.gov/regional/histdata/releases/0923spi/index.cfm,200,text/html,CQ5UH467O6RXW6KKDQ66YP4ZIZJEJKXK,SAWP5,save-merged-p105.arquivo.pt-20260617173229-KOJTHZDL7J.warc.gz,True,
2026-06-16T20:43:35+00:00,https://apps.bea.gov/regionalcore/data/ChartData?fips=53000&year=2013&mtype=3,200,text/plain,BGB4FRJJN62YIYTC2UJHTJLWCB4H6YPT,SAWP5,save-merged-p106.arquivo.pt-20260617192814-NWC1K2Z2L1.warc.gz,True,
2026-06-16T20:43:36+00:00,https://apps.bea.gov/regional/histdata/releases/0324spi/index.cfm,200,text/html,HFYPROZIQUMO6W3N3O5BDN5RUSCCONPO,SAWP5,save-merged-p107.arquivo.pt-20260617182647-0VM22ASYAK.warc.gz,True,
2026-06-16T20:43:36+00:00,https://apps.bea.gov/regionalcore/data/ChartData?fips=54000&year=2013&mtype=3,200,text/plain,7GBNUEZPAF7WGOOTKJWRKZFULIWFOFOZ,SAWP5,save-merged-p107.arquivo.pt-20260617182240-9Z3A63AWKV.warc.gz,True,
2026-06-16T20:43:37+00:00,https://apps.bea.gov/regionalcore/data/ChartData?fips=54000&year=2013&mtype=3,200,text/plain,7GBNUEZPAF7WGOOTKJWRKZFULIWFOFOZ,SAWP5,save-merged-p107.arquivo.pt-20260617181905-1KFVGUIQKK.warc.gz,True,
2026-06-16T20:43:37+00:00,https://apps.bea.gov/regionalcore/data/ChartData?fips=55000&year=2013&mtype=3,200,text/plain,7IJPWNZ7DT7TW4DIIGOVU5P3WOOYJTGV,SAWP5,save-merged-p106.arquivo.pt-20260617192423-6QYJ15PRGC.warc.gz,True,
2026-06-16T20:43:38+00:00,https://apps.bea.gov/regional/histdata/releases/1223spi/index.cfm,200,text/html,HFYPROZIQUMO6W3N3O5BDN5RUSCCONPO,SAWP5,save-merged-p105.arquivo.pt-20260617172421-A7W6Y7AIT4.warc.gz,True,
2026-06-16T20:44:45+00:00,https://apps.bea.gov/regional/zip/SQINC1.zip,200,text/html,HFYPROZIQUMO6W3N3O5BDN5RUSCCONPO,SAWP5,save-merged-p105.arquivo.pt-20260617173229-KOJTHZDL7J.warc.gz,True,
2026-06-16T20:44:47+00:00,https://apps.bea.gov/regional/zip/SQINC.zip,200,application/x-zip-compressed,OUFPOQLIFW6GFOXKJYMAFKQ3LFGZTGH4,SAWP5,save-merged-p106.arquivo.pt-20260617193028-MTS9PEI3Y7.warc.gz,True,
2026-06-16T20:44:51+00:00,https://apps.bea.gov/regional/zip/SQINC4.zip,200,text/html,HFYPROZIQUMO6W3N3O5BDN5RUSCCONPO,SAWP5,save-merged-p106.arquivo.pt-20260617193346-8KNJ3BCQ8U.warc.gz,True,
2026-06-16T20:44:53+00:00,https://apps.bea.gov/regional/histdata/releases/0324spi/index.cfm,200,text/html,HFYPROZIQUMO6W3N3O5BDN5RUSCCONPO,SAWP5,save-merged-p105.arquivo.pt-20260617171737-PSG440D7OT.warc.gz,True,
2026-06-16T20:44:55+00:00,https://apps.bea.gov/regional/histdata/releases/0324spi/SQINC.zip,200,text/html,HFYPROZIQUMO6W3N3O5BDN5RUSCCONPO,SAWP5,save-merged-p107.arquivo.pt-20260617183337-0BN5MUUB0M.warc.gz,True,
2026-06-16T20:45:00+00:00,https://apps.bea.gov/regional/zip/SAINC.zip,200,application/x-zip-compressed,CIL2VA2BORXN7TQEWOSV2WN3CO73IXQM,SAWP5,save-merged-p106.arquivo.pt-20260617193346-8KNJ3BCQ8U.warc.gz,True,
2026-06-16T20:45:02+00:00,https://apps.bea.gov/regionalcore/data/ChartData?fips=01000%26year=2023%26mtype=3,500,unk,3I42H3S6NNFQ2MSVX7XZKYAYSCX5QBYJ,SAWP5,save-merged-p107.arquivo.pt-20260617183332-7WXZV7WTXC.warc.gz,True,
2026-06-16T20:45:02+00:00,https://apps.bea.gov/regionalcore/data/ChartData?year=2023&fips=08000&mtype=3,200,text/plain,J4RWVQFKOO5OB22PKT75UATAB74XEZBL,SAWP5,save-merged-p105.arquivo.pt-20260617173229-KOJTHZDL7J.warc.gz,True,
2026-06-16T20:45:03+00:00,https://apps.bea.gov/regionalcore/data/ChartData?fips=08000%26year=2023%26mtype=3,500,unk,3I42H3S6NNFQ2MSVX7XZKYAYSCX5QBYJ,SAWP5,save-merged-p105.arquivo.pt-20260617171737-PSG440D7OT.warc.gz,True,
2026-06-16T20:45:04+00:00,https://apps.bea.gov/regionalcore/data/ChartData?fips=02000&year=2013&mtype=3,200,text/plain,6PLSGKCM3UX6SL7AK6VLBRV2YPOKPBAQ,SAWP5,save-merged-p105.arquivo.pt-20260617173238-UHG4XTI0RA.warc.gz,True,
2026-06-16T20:45:04+00:00,https://apps.bea.gov/regionalcore/data/ChartData?fips=08000&year=2023&mtype=3&x=1,200,text/plain,J4RWVQFKOO5OB22PKT75UATAB74XEZBL,SAWP5,save-merged-p108.arquivo.pt-20260617201658-F173KOV5US.warc.gz,True,
2026-06-16T20:45:06+00:00,https://apps.bea.gov/regionalcore/data/ChartData?fips=12000&year=2013&mtype=3,200,text/plain,YYJR5CRGRTRGLGZN2NVNPGQ4VUGMDDOW,SAWP5,save-merged-p107.arquivo.pt-20260617181905-1KFVGUIQKK.warc.gz,True,
2026-06-16T20:45:08+00:00,https://apps.bea.gov/regionalcore/data/ChartData?fips=24000&year=2013&mtype=3,200,text/plain,2KXJ7GQZGJ6EP2DNXKFJZ5LCDP5HP6GG,SAWP5,save-merged-p105.arquivo.pt-20260617173238-UHG4XTI0RA.warc.gz,True,
2026-06-16T20:45:33+00:00,https://apps.bea.gov/regional/histdata/releases/0924spi/index.cfm,200,text/html,HFYPROZIQUMO6W3N3O5BDN5RUSCCONPO,SAWP5,save-merged-p108.arquivo.pt-20260617202035-IOI3PVXYVC.warc.gz,True,
2026-06-16T20:45:50+00:00,https://apps.bea.gov/regional/histdata/releases/0924spi/,200,text/html,HFYPROZIQUMO6W3N3O5BDN5RUSCCONPO,SAWP5,save-merged-p105.arquivo.pt-20260617172421-A7W6Y7AIT4.warc.gz,True,
2026-06-16T20:45:53+00:00,https://apps.bea.gov/regional/histdata/releases/0924spi/SQINC.zip,200,text/html,HFYPROZIQUMO6W3N3O5BDN5RUSCCONPO,SAWP5,save-merged-p105.arquivo.pt-20260617173238-UHG4XTI0RA.warc.gz,True,
2026-06-16T20:45:55+00:00,https://apps.bea.gov/regional/histdata/releases/0924spi/SAINC.zip,200,text/html,HFYPROZIQUMO6W3N3O5BDN5RUSCCONPO,SAWP5,save-merged-p108.arquivo.pt-20260617201429-AKU0FQDDP1.warc.gz,True,
2026-06-16T20:46:34+00:00,https://apps.bea.gov/regional/histdata/releases/0324spi/index.cfm,200,text/html,HFYPROZIQUMO6W3N3O5BDN5RUSCCONPO,SAWP5,save-merged-p108.arquivo.pt-20260617202035-IOI3PVXYVC.warc.gz,True,
2026-06-16T20:46:36+00:00,https://apps.bea.gov/regional/histdata/releases/0624spi/index.cfm,200,text/html,HFYPROZIQUMO6W3N3O5BDN5RUSCCONPO,SAWP5,save-merged-p107.arquivo.pt-20260617183337-0BN5MUUB0M.warc.gz,True,
2026-06-16T20:46:37+00:00,https://apps.bea.gov/regional/histdata/releases/0624spi/index.cfm,200,text/html,HFYPROZIQUMO6W3N3O5BDN5RUSCCONPO,SAWP5,save-merged-p107.arquivo.pt-20260617182652-TCT3C8BDJQ.warc.gz,True,
2026-06-16T20:46:38+00:00,https://apps.bea.gov/regional/histdata/releases/1224spi/index.cfm,200,text/html,HFYPROZIQUMO6W3N3O5BDN5RUSCCONPO,SAWP5,save-merged-p106.arquivo.pt-20260617191946-W9IG51L4RR.warc.gz,True,
2026-06-16T20:46:39+00:00,https://apps.bea.gov/regional/histdata/releases/1224spi/index.cfm,200,text/html,HFYPROZIQUMO6W3N3O5BDN5RUSCCONPO,SAWP5,save-merged-p106.arquivo.pt-20260617192819-H6UKOL5KIY.warc.gz,True,
2026-06-16T20:46:40+00:00,https://apps.bea.gov/regional/histdata/releases/0323spi/index.cfm,200,text/html,W7CTOQ4VCEXOCJGWYRX5NZHRXB64HCAP,SAWP5,save-merged-p106.arquivo.pt-20260617193346-8KNJ3BCQ8U.warc.gz,True,
2026-06-16T20:46:42+00:00,https://apps.bea.gov/regional/histdata/releases/0323spi/index.cfm,200,text/html,W7CTOQ4VCEXOCJGWYRX5NZHRXB64HCAP,SAWP5,save-merged-p105.arquivo.pt-20260617173229-KOJTHZDL7J.warc.gz,True,
2026-06-16T20:46:43+00:00,https://apps.bea.gov/regional/histdata/releases/0923spi/index.cfm,200,text/html,CQ5UH467O6RXW6KKDQ66YP4ZIZJEJKXK,SAWP5,save-merged-p107.arquivo.pt-20260617182317-7XIBAR9OPB.warc.gz,True,
2026-06-16T20:46:44+00:00,https://apps.bea.gov/regional/histdata/releases/1223spi/index.cfm,200,text/html,HFYPROZIQUMO6W3N3O5BDN5RUSCCONPO,SAWP5,save-merged-p107.arquivo.pt-20260617183337-0BN5MUUB0M.warc.gz,True,
2026-06-16T20:46:45+00:00,https://apps.bea.gov/regional/histdata/releases/1223qspi/index.cfm,200,text/html,HFYPROZIQUMO6W3N3O5BDN5RUSCCONPO,SAWP5,save-merged-p105.arquivo.pt-20260617173238-UHG4XTI0RA.warc.gz,True,
2026-06-16T20:46:47+00:00,https://apps.bea.gov/regional/histdata/,301,text/html,3I42H3S6NNFQ2MSVX7XZKYAYSCX5QBYJ,SAWP5,save-merged-p106.arquivo.pt-20260617193028-MTS9PEI3Y7.warc.gz,True,
2026-06-16T20:46:47+00:00,https://apps.bea.gov/regional/histdata/releases/1223qspi/index.cfm,200,text/html,HFYPROZIQUMO6W3N3O5BDN5RUSCCONPO,SAWP5,save-merged-p107.arquivo.pt-20260617182312-XHD8JDIGEX.warc.gz,True,
2026-06-16T20:46:48+00:00,https://apps.bea.gov/regional/histdata/,301,text/html,3I42H3S6NNFQ2MSVX7XZKYAYSCX5QBYJ,SAWP5,save-merged-p107.arquivo.pt-20260617181905-1KFVGUIQKK.warc.gz,True,
2026-06-16T20:46:48+00:00,https://apps.bea.gov/regional/histdata/releases/0923qspi/index.cfm,200,text/html,HFYPROZIQUMO6W3N3O5BDN5RUSCCONPO,SAWP5,save-merged-p105.arquivo.pt-20260617171324-BN4NKFCTX1.warc.gz,True,
2026-06-16T20:46:49+00:00,https://apps.bea.gov/regional/histdata/releases/0923qspi/index.cfm,200,text/html,HFYPROZIQUMO6W3N3O5BDN5RUSCCONPO,SAWP5,save-merged-p106.arquivo.pt-20260617193346-8KNJ3BCQ8U.warc.gz,True,
2026-06-16T20:46:50+00:00,https://apps.bea.gov/regional/histdata/index.cfm,301,text/html,3I42H3S6NNFQ2MSVX7XZKYAYSCX5QBYJ,SAWP5,save-merged-p106.arquivo.pt-20260617193028-MTS9PEI3Y7.warc.gz,True,
2026-06-16T20:46:51+00:00,https://apps.bea.gov/regional/histdata/index.cfm,301,text/html,3I42H3S6NNFQ2MSVX7XZKYAYSCX5QBYJ,SAWP5,save-merged-p107.arquivo.pt-20260617183337-0BN5MUUB0M.warc.gz,True,
2026-06-16T20:46:52+00:00,https://apps.bea.gov/regional/histdata/releases/,403,text/html,UBNOKG2KHYXAA5RCFS6L5HCYQM6N54II,SAWP5,save-merged-p105.arquivo.pt-20260617173229-KOJTHZDL7J.warc.gz,True,
2026-06-16T20:46:53+00:00,https://apps.bea.gov/regional/histdata/releases/,403,text/html,UBNOKG2KHYXAA5RCFS6L5HCYQM6N54II,SAWP5,save-merged-p107.arquivo.pt-20260617183332-7WXZV7WTXC.warc.gz,True,
2026-06-16T20:47:01+00:00,https://apps.bea.gov/regionalcore/data/ChartData?fips=56001&year=2022&mtype=4,200,text/plain,2IL7NQHPZ2363ZXAWBHVZN6IH5QLAFS3,SAWP5,save-merged-p108.arquivo.pt-20260617202049-NOFS6HTPTU.warc.gz,True,
2026-06-16T20:47:02+00:00,https://apps.bea.gov/regionalcore/data/ChartData?fips=56001&year=2022&mtype=4,200,text/plain,2IL7NQHPZ2363ZXAWBHVZN6IH5QLAFS3,SAWP5,save-merged-p108.arquivo.pt-20260617202035-IOI3PVXYVC.warc.gz,True,
2026-06-16T20:47:05+00:00,https://apps.bea.gov/regionalcore/data/appinfo,200,text/plain,GV5JZFTZQVZUFSKI6SEKUT2PZVKIPUHP,SAWP5,save-merged-p105.arquivo.pt-20260617173234-FXOFRJHRC9.warc.gz,True,
2026-06-16T20:47:25+00:00,https://apps.bea.gov/regionalcore/data/ChartData?fips=08000&year=2023&mtype=3&_cb=353311579,200,text/plain,J4RWVQFKOO5OB22PKT75UATAB74XEZBL,SAWP5,save-merged-p107.arquivo.pt-20260617181905-1KFVGUIQKK.warc.gz,True,
2026-06-16T20:47:26+00:00,https://apps.bea.gov/regionalcore/data/ChartData?fips=51000&year=2023&mtype=3&cb=1781642845371674910,200,text/plain,ON5BPCTHPYTZAZS77DQF4QDNUNCWAMDI,SAWP5,save-merged-p107.arquivo.pt-20260617182652-TCT3C8BDJQ.warc.gz,True,
2026-06-16T20:47:31+00:00,https://apps.bea.gov/regionalcore/data/ChartData?fips=01000&year=2012&mtype=3,200,text/plain,ONLXD675XDFEKANW6ZKKVR7YJJBDNJGR,SAWP5,save-merged-p108.arquivo.pt-20260617201637-MH3Z6T47FX.warc.gz,True,
2026-06-16T20:47:32+00:00,https://apps.bea.gov/regionalcore/data/ChartData?fips=02000&year=2012&mtype=3,200,text/plain,BOCSTCAO6VGCOQUMKPRRWKCGLC5PWIKX,SAWP5,save-merged-p105.arquivo.pt-20260617173234-FXOFRJHRC9.warc.gz,True,
2026-06-16T20:47:33+00:00,https://apps.bea.gov/regionalcore/data/ChartData?fips=04000&year=2012&mtype=3,200,text/plain,TAKPVK5ZNY3WOPHWCCGSABWGX6LKBZGN,SAWP5,save-merged-p106.arquivo.pt-20260617192423-6QYJ15PRGC.warc.gz,True,
2026-06-16T20:47:34+00:00,https://apps.bea.gov/regionalcore/data/ChartData?fips=05000&year=2012&mtype=3,200,text/plain,4FMMUSRNXLJNUFY356FYJNIUVCIF7D5N,SAWP5,save-merged-p107.arquivo.pt-20260617181905-1KFVGUIQKK.warc.gz,True,
2026-06-16T20:47:35+00:00,https://apps.bea.gov/regionalcore/data/ChartData?fips=06000&year=2012&mtype=3,200,text/plain,FH2QTPMD5ADGE4NO5DWP5ZEYQ4O5RFVH,SAWP5,save-merged-p106.arquivo.pt-20260617192814-NWC1K2Z2L1.warc.gz,True,
2026-06-16T20:47:36+00:00,https://apps.bea.gov/regionalcore/data/ChartData?fips=08000&year=2012&mtype=3,200,text/plain,2AFPW3TAK4JT7U3VABZ2YFAVKN5JNXJ7,SAWP5,save-merged-p105.arquivo.pt-20260617173238-UHG4XTI0RA.warc.gz,True,
2026-06-16T20:47:36+00:00,https://apps.bea.gov/regionalcore/data/ChartData?fips=09000&year=2012&mtype=3,200,text/plain,ZSB7TXTYXFFSOPKLHBIR54XIDBQ4FATM,SAWP5,save-merged-p106.arquivo.pt-20260617193028-MTS9PEI3Y7.warc.gz,True,
2026-06-16T20:47:37+00:00,https://apps.bea.gov/regionalcore/data/ChartData?fips=10000&year=2012&mtype=3,200,text/plain,T3S4UXKQXNDST7FAXV2HDP3YIG4TTB55,SAWP5,save-merged-p108.arquivo.pt-20260617201658-F173KOV5US.warc.gz,True,
2026-06-16T20:47:38+00:00,https://apps.bea.gov/regionalcore/data/ChartData?fips=11000&year=2012&mtype=3,200,text/plain,HE2WUDD6HIADFCTEOCO7DI3ME7H5I4TT,SAWP5,save-merged-p107.arquivo.pt-20260617181905-1KFVGUIQKK.warc.gz,True,
2026-06-16T20:47:39+00:00,https://apps.bea.gov/regionalcore/data/ChartData?fips=12000&year=2012&mtype=3,200,text/plain,6FP7VVWIDCTNWHYKGZLLNKM23MXZMYOX,SAWP5,save-merged-p106.arquivo.pt-20260617192826-6TL9PGLH60.warc.gz,True,
2026-06-16T20:47:40+00:00,https://apps.bea.gov/regionalcore/data/ChartData?fips=13000&year=2012&mtype=3,200,text/plain,SE4N36GLUT6WX44WIBGFGUXJEFDCH43Z,SAWP5,save-merged-p105.arquivo.pt-20260617173229-KOJTHZDL7J.warc.gz,True,
2026-06-16T20:47:42+00:00,https://apps.bea.gov/regionalcore/data/ChartData?fips=15000&year=2012&mtype=3,200,text/plain,FUARQ5H5257OIJ6XFFCXSOYTPW2JQPZR,SAWP5,save-merged-p107.arquivo.pt-20260617183337-0BN5MUUB0M.warc.gz,True,
2026-06-16T20:47:43+00:00,https://apps.bea.gov/regionalcore/data/ChartData?fips=16000&year=2012&mtype=3,200,text/plain,DWTF5LBQ4UITWAVKKH7XHUZEQGXBCIQQ,SAWP5,save-merged-p107.arquivo.pt-20260617182647-0VM22ASYAK.warc.gz,True,
2026-06-16T20:47:44+00:00,https://apps.bea.gov/regionalcore/data/ChartData?fips=17000&year=2012&mtype=3,200,text/plain,CHVLBPZYX256PVRZCNRPQRKKLK7Q2DEM,SAWP5,save-merged-p107.arquivo.pt-20260617183337-0BN5MUUB0M.warc.gz,True,
2026-06-16T20:47:44+00:00,https://apps.bea.gov/regionalcore/data/ChartData?fips=18000&year=2012&mtype=3,200,text/plain,HRJBMUPCDJGRXHAWDHQOZ5DS5YQPYQFO,SAWP5,save-merged-p105.arquivo.pt-20260617173229-KOJTHZDL7J.warc.gz,True,
2026-06-16T20:47:45+00:00,https://apps.bea.gov/regionalcore/data/ChartData?fips=19000&year=2012&mtype=3,200,text/plain,W7QR3M76N3WQL4WPHEZ5FEDZWIGQDYKW,SAWP5,save-merged-p106.arquivo.pt-20260617193028-MTS9PEI3Y7.warc.gz,True,
2026-06-16T20:47:46+00:00,https://apps.bea.gov/regionalcore/data/ChartData?fips=20000&year=2012&mtype=3,200,text/plain,YYEMMBRMODYBB7ASESVPZ34R42L2DR4Z,SAWP5,save-merged-p105.arquivo.pt-20260617173238-UHG4XTI0RA.warc.gz,True,
2026-06-16T20:47:47+00:00,https://apps.bea.gov/regionalcore/data/ChartData?fips=21000&year=2012&mtype=3,200,text/plain,UANIYTZQHFRZ6JYVOSYZX6MBRT5AY7F6,SAWP5,save-merged-p105.arquivo.pt-20260617171324-BN4NKFCTX1.warc.gz,True,
2026-06-16T20:47:48+00:00,https://apps.bea.gov/regionalcore/data/ChartData?fips=22000&year=2012&mtype=3,200,text/plain,BK43FRFJEPNN5CWIRNX5B3YLQKYE3BIW,SAWP5,save-merged-p105.arquivo.pt-20260617171324-BN4NKFCTX1.warc.gz,True,
2026-06-16T20:47:49+00:00,https://apps.bea.gov/regionalcore/data/ChartData?fips=23000&year=2012&mtype=3,200,text/plain,ELMLNOXLTRBLQLX5DSXNQUP4MSSWIMVE,SAWP5,save-merged-p107.arquivo.pt-20260617183337-0BN5MUUB0M.warc.gz,True,
2026-06-16T20:47:49+00:00,https://apps.bea.gov/regionalcore/data/ChartData?fips=51000&year=2025&mtype=3,200,text/plain,OBS3FSZPOU53KLSH24BGV6YKJNT5Y2N3,SAWP5,save-merged-p108.arquivo.pt-20260617201429-AKU0FQDDP1.warc.gz,True,
2026-06-16T20:47:50+00:00,https://apps.bea.gov/regionalcore/data/ChartData?fips=24000&year=2012&mtype=3,200,text/plain,BEADZJUJDJLP756AEGMRGJPAXR4HTITU,SAWP5,save-merged-p107.arquivo.pt-20260617183337-0BN5MUUB0M.warc.gz,True,
2026-06-16T20:47:51+00:00,https://apps.bea.gov/regionalcore/data/ChartData?fips=25000&year=2012&mtype=3,200,text/plain,VBNPOOSSBMJVEXPZ3QAKKOUBZH7UIHRR,SAWP5,save-merged-p106.arquivo.pt-20260617192332-SYIN6H7WKE.warc.gz,True,
2026-06-16T20:47:51+00:00,https://apps.bea.gov/regionalcore/data/ChartData?fips=26000&year=2012&mtype=3,200,text/plain,25BSNJORDM3FXDSVRJJCDGROHOGLRICH,SAWP5,save-merged-p106.arquivo.pt-20260617191946-W9IG51L4RR.warc.gz,True,
2026-06-16T20:47:52+00:00,https://apps.bea.gov/regionalcore/data/ChartData?fips=27000&year=2012&mtype=3,200,text/plain,36RAR5R34LFX7XUZ6T6IFI4FYSTPN6G2,SAWP5,save-merged-p105.arquivo.pt-20260617173229-KOJTHZDL7J.warc.gz,True,
2026-06-16T20:47:53+00:00,https://apps.bea.gov/regionalcore/data/ChartData?fips=28000&year=2012&mtype=3,200,text/plain,36HNBXECMW5FZCQMFV45XCOWBQ2FEAXP,SAWP5,save-merged-p107.arquivo.pt-20260617182236-VJTRW5SR70.warc.gz,True,
2026-06-16T20:47:55+00:00,https://apps.bea.gov/regionalcore/data/ChartData?fips=29000&year=2012&mtype=3,200,text/plain,ANAXI5IW6YISIM7ONMCXD5527CUYW6SB,SAWP5,save-merged-p105.arquivo.pt-20260617173229-KOJTHZDL7J.warc.gz,True,
2026-06-16T20:47:56+00:00,https://apps.bea.gov/regionalcore/data/ChartData?fips=30000&year=2012&mtype=3,200,text/plain,RH4ZDR3ERIN4B2Z4JXWWLVNGN5EOO4UK,SAWP5,save-merged-p108.arquivo.pt-20260617202049-NOFS6HTPTU.warc.gz,True,
2026-06-16T20:47:57+00:00,https://apps.bea.gov/regionalcore/data/ChartData?fips=31000&year=2012&mtype=3,200,text/plain,PRQQ43NDZ5APUK66CTSVYAN3JCAKJROR,SAWP5,save-merged-p107.arquivo.pt-20260617183337-0BN5MUUB0M.warc.gz,True,
2026-06-16T20:47:58+00:00,https://apps.bea.gov/regionalcore/data/ChartData?fips=32000&year=2012&mtype=3,200,text/plain,AZK7MHA6AA5BS5SZXRDF24TSXET7XSYU,SAWP5,save-merged-p107.arquivo.pt-20260617181905-1KFVGUIQKK.warc.gz,True,
2026-06-16T20:47:58+00:00,https://apps.bea.gov/regionalcore/data/ChartData?fips=33000&year=2012&mtype=3,200,text/plain,UC2BWRQCOJ44BMB74MU5MZLKA6RYIZEY,SAWP5,save-merged-p106.arquivo.pt-20260617193028-MTS9PEI3Y7.warc.gz,True,
2026-06-16T20:47:59+00:00,https://apps.bea.gov/regionalcore/data/ChartData?fips=34000&year=2012&mtype=3,200,text/plain,6XEZ5NH4BLELVK2VXFMF2VASG553P3YZ,SAWP5,save-merged-p107.arquivo.pt-20260617181905-1KFVGUIQKK.warc.gz,True,
2026-06-16T20:48:00+00:00,https://apps.bea.gov/regionalcore/data/ChartData?fips=35000&year=2012&mtype=3,200,text/plain,DUSNQIS5ZYQXRNDOQIGBQTBG5OPF5SYK,SAWP5,save-merged-p105.arquivo.pt-20260617172915-PJ1VLGJCWA.warc.gz,True,
2026-06-16T20:48:01+00:00,https://apps.bea.gov/regionalcore/data/ChartData?fips=36000&year=2012&mtype=3,200,text/plain,KEH6U3CU2ZUPPY653O5IBBRNUV6KJUSX,SAWP5,save-merged-p107.arquivo.pt-20260617181905-1KFVGUIQKK.warc.gz,True,
2026-06-16T20:48:02+00:00,https://apps.bea.gov/regionalcore/data/ChartData?fips=37000&year=2012&mtype=3,200,text/plain,JFLP3WSHHME3RANFKPFDOJZYPGSADUGS,SAWP5,save-merged-p105.arquivo.pt-20260617172421-A7W6Y7AIT4.warc.gz,True,
2026-06-16T20:48:03+00:00,https://apps.bea.gov/regionalcore/data/ChartData?fips=38000&year=2012&mtype=3,200,text/plain,ADAEJUUSUHMSD3DGGIV7H2FS2WAEUJTD,SAWP5,save-merged-p105.arquivo.pt-20260617172421-A7W6Y7AIT4.warc.gz,True,
2026-06-16T20:48:04+00:00,https://apps.bea.gov/regionalcore/data/ChartData?fips=39000&year=2012&mtype=3,200,text/plain,6N6KQAY34GTMXJLIO5QFNVKHCZAKQ22F,SAWP5,save-merged-p105.arquivo.pt-20260617173234-FXOFRJHRC9.warc.gz,True,
2026-06-16T20:48:05+00:00,https://apps.bea.gov/regionalcore/data/ChartData?fips=40000&year=2012&mtype=3,200,text/plain,KSZAZJMX3FQAZK2UHIFXOEQEKXHVBX4I,SAWP5,save-merged-p108.arquivo.pt-20260617202035-IOI3PVXYVC.warc.gz,True,
2026-06-16T20:48:06+00:00,https://apps.bea.gov/regionalcore/data/ChartData?fips=56000&year=2013&mtype=3&cb=1781642885665528521,200,text/plain,NECEPMDYIXXTQ2UMNZNUMLTKXUO234IX,SAWP5,save-merged-p105.arquivo.pt-20260617173229-KOJTHZDL7J.warc.gz,True,
2026-06-16T20:48:06+00:00,https://apps.bea.gov/regionalcore/data/ChartData?fips=41000&year=2012&mtype=3,200,text/plain,4G7MQPIN7JJNGOAD5HO5UIFVEHKHZX5E,SAWP5,save-merged-p106.arquivo.pt-20260617193346-8KNJ3BCQ8U.warc.gz,True,
2026-06-16T20:48:07+00:00,https://apps.bea.gov/regionalcore/data/ChartData?fips=42000&year=2012&mtype=3,200,text/plain,Y3WVCDMGRGC7ONPCBXCVHYOVKBR7CLS5,SAWP5,save-merged-p106.arquivo.pt-20260617193028-MTS9PEI3Y7.warc.gz,True,
2026-06-16T20:48:08+00:00,https://apps.bea.gov/regionalcore/data/ChartData?fips=55000&year=2013&mtype=3&cb=1781642887393418021,200,text/plain,7IJPWNZ7DT7TW4DIIGOVU5P3WOOYJTGV,SAWP5,save-merged-p105.arquivo.pt-20260617173229-KOJTHZDL7J.warc.gz,True,
2026-06-16T20:48:08+00:00,https://apps.bea.gov/regionalcore/data/ChartData?fips=44000&year=2012&mtype=3,200,text/plain,7VVQRZF43HN4VU7NSGUFMY4B4GO7D2AK,SAWP5,save-merged-p105.arquivo.pt-20260617173229-KOJTHZDL7J.warc.gz,True,
2026-06-16T20:48:09+00:00,https://apps.bea.gov/regional/zip/SQINC.zip,200,application/x-zip-compressed,OUFPOQLIFW6GFOXKJYMAFKQ3LFGZTGH4,SAWP5,save-merged-p105.arquivo.pt-20260617172055-ZCV0J1E7UC.warc.gz,True,
2026-06-16T20:48:09+00:00,https://apps.bea.gov/regionalcore/data/ChartData?fips=45000&year=2012&mtype=3,200,text/plain,2YLMCEIJTR5QR77R7UVBBRN7Q7MYCKMP,SAWP5,save-merged-p106.arquivo.pt-20260617193346-8KNJ3BCQ8U.warc.gz,True,
2026-06-16T20:48:09+00:00,https://apps.bea.gov/regionalcore/data/ChartData?fips=46000&year=2012&mtype=3,200,text/plain,MCL57AVTKFUDXLTZSW6UTDEZ54X5CLWY,SAWP5,save-merged-p108.arquivo.pt-20260617201429-AKU0FQDDP1.warc.gz,True,
2026-06-16T20:48:10+00:00,https://apps.bea.gov/regionalcore/data/ChartData?fips=54000&year=2013&mtype=3&cb=1781642889068566290,200,text/plain,7GBNUEZPAF7WGOOTKJWRKZFULIWFOFOZ,SAWP5,save-merged-p105.arquivo.pt-20260617172915-PJ1VLGJCWA.warc.gz,True,
2026-06-16T20:48:10+00:00,https://apps.bea.gov/regionalcore/data/ChartData?fips=47000&year=2012&mtype=3,200,text/plain,6N2W6KLBOPI5Q33XC3QKYTWI6WFPOO4X,SAWP5,save-merged-p107.arquivo.pt-20260617181905-1KFVGUIQKK.warc.gz,True,
2026-06-16T20:48:11+00:00,https://apps.bea.gov/regionalcore/data/ChartData?fips=53000&year=2013&mtype=3&cb=1781642890788633608,200,text/plain,BGB4FRJJN62YIYTC2UJHTJLWCB4H6YPT,SAWP5,save-merged-p107.arquivo.pt-20260617182652-TCT3C8BDJQ.warc.gz,True,
2026-06-16T20:48:11+00:00,https://apps.bea.gov/regionalcore/data/ChartData?fips=48000&year=2012&mtype=3,403,text/html,X4EX43UE6IKKG5VWJVZGP5UPKCPDP5JR,SAWP5,save-merged-p105.arquivo.pt-20260617172055-ZCV0J1E7UC.warc.gz,True,
2026-06-16T20:48:12+00:00,https://apps.bea.gov/regionalcore/data/ChartData?fips=48000&year=2012&mtype=3&_cb=344353725,200,text/plain,GXBOK6EUEHDV6APHP4FMRL77OI5JFRI4,SAWP5,save-merged-p106.arquivo.pt-20260617193346-8KNJ3BCQ8U.warc.gz,True,
2026-06-16T20:48:13+00:00,https://apps.bea.gov/regionalcore/data/ChartData?fips=51000&year=2013&mtype=3&cb=1781642892419724766,200,text/plain,4SYK6H4WSM6LIXMGEDXVL2IONFUUKSMQ,SAWP5,save-merged-p108.arquivo.pt-20260617201642-EMSUJE6Z4U.warc.gz,True,
2026-06-16T20:48:13+00:00,https://apps.bea.gov/regionalcore/data/ChartData?fips=01000%26year=2023%26mtype=3%26cb=xyz1781642891,500,unk,3I42H3S6NNFQ2MSVX7XZKYAYSCX5QBYJ,SAWP5,save-merged-p106.arquivo.pt-20260617193028-MTS9PEI3Y7.warc.gz,True,
2026-06-16T20:48:13+00:00,https://apps.bea.gov/regionalcore/data/ChartData?fips=49000&year=2012&mtype=3,200,text/plain,2QLKJWFJHMAAAOIHLT62E55Z25N33CON,SAWP5,save-merged-p107.arquivo.pt-20260617183337-0BN5MUUB0M.warc.gz,True,
2026-06-16T20:48:14+00:00,https://apps.bea.gov/regionalcore/data/ChartData?fips=50000&year=2013&mtype=3&cb=1781642893734158341,200,text/plain,2DMLNDOY56HDQKPQ3L5U7JP5B4M466PI,SAWP5,save-merged-p107.arquivo.pt-20260617181905-1KFVGUIQKK.warc.gz,True,
2026-06-16T20:48:15+00:00,https://apps.bea.gov/regionalcore/data/ChartData?fips=50000&year=2012&mtype=3,200,text/plain,BIAHVR5NVUN2H2KTISO42MJNY3NLGIQA,SAWP5,save-merged-p107.arquivo.pt-20260617183337-0BN5MUUB0M.warc.gz,True,
2026-06-16T20:48:15+00:00,https://apps.bea.gov/regionalcore/data/ChartData?fips=51000&year=2012&mtype=3,200,text/plain,6O2IY5YVZRZ2N76MJFIYH6RQG2KMWRF2,SAWP5,save-merged-p108.arquivo.pt-20260617201429-AKU0FQDDP1.warc.gz,True,
2026-06-16T20:48:16+00:00,https://apps.bea.gov/regionalcore/data/ChartData?fips=53000&year=2012&mtype=3,200,text/plain,OKYYK2L7K2CA7HEJX2G3F5JJ2OXVBVEM,SAWP5,save-merged-p108.arquivo.pt-20260617202049-NOFS6HTPTU.warc.gz,True,
2026-06-16T20:48:17+00:00,https://apps.bea.gov/regionalcore/data/ChartData?fips=54000&year=2012&mtype=3,200,text/plain,WMVXRCCUYN7DWQ5D7AG5Z2CJGQ6KOIHI,SAWP5,save-merged-p108.arquivo.pt-20260617201642-EMSUJE6Z4U.warc.gz,True,
2026-06-16T20:48:18+00:00,https://apps.bea.gov/regionalcore/data/ChartData?fips=55000&year=2012&mtype=3,200,text/plain,PFXRCBDFO4ZHVQ3ZVKK26T7YEGY7PQQ7,SAWP5,save-merged-p106.arquivo.pt-20260617192814-NWC1K2Z2L1.warc.gz,True,
2026-06-16T20:48:19+00:00,https://apps.bea.gov/regionalcore/data/ChartData?fips=56000&year=2012&mtype=3,200,text/plain,IUTI533Z7M34GNBTPC3ASUH7HAKY35LT,SAWP5,save-merged-p105.arquivo.pt-20260617171324-BN4NKFCTX1.warc.gz,True,
2026-06-16T20:48:20+00:00,https://apps.bea.gov/regionalcore/data/ChartData?fips=01000&year=2022&mtype=3,200,text/plain,C5KYIGWAVURPDJM6MYFOMFXVPXWFKAHN,SAWP5,save-merged-p107.arquivo.pt-20260617181905-1KFVGUIQKK.warc.gz,True,
2026-06-16T20:48:21+00:00,https://apps.bea.gov/regionalcore/data/ChartData?fips=02000&year=2022&mtype=3,200,text/plain,7FYK2JJVMCCSLWXRQRRJ4JQN6OMLBANM,SAWP5,save-merged-p106.arquivo.pt-20260617192814-NWC1K2Z2L1.warc.gz,True,
2026-06-16T20:48:22+00:00,https://apps.bea.gov/regionalcore/data/ChartData?fips=04000&year=2022&mtype=3,200,text/plain,XQE3JZS3QLE63MYQTEKV37EP4NBD3SVM,SAWP5,save-merged-p108.arquivo.pt-20260617202049-NOFS6HTPTU.warc.gz,True,
2026-06-16T20:48:23+00:00,https://apps.bea.gov/regionalcore/data/ChartData?fips=05000&year=2022&mtype=3,200,text/plain,G66SOEV5BBVBDJCPAVSADCSJDU4T6TOT,SAWP5,save-merged-p105.arquivo.pt-20260617173234-FXOFRJHRC9.warc.gz,True,
2026-06-16T20:48:24+00:00,https://apps.bea.gov/regionalcore/data/ChartData?fips=06000&year=2022&mtype=3,200,text/plain,ATEBQ3JQNBOH3NBZDUBNWM6EBKVOCSW2,SAWP5,save-merged-p108.arquivo.pt-20260617201658-F173KOV5US.warc.gz,True,
2026-06-16T20:48:25+00:00,https://apps.bea.gov/regionalcore/data/ChartData?fips=08000&year=2022&mtype=3,200,text/plain,PSIRMVXBUVH6SF6NOHIMM73L57A6EZVM,SAWP5,save-merged-p107.arquivo.pt-20260617183337-0BN5MUUB0M.warc.gz,True,
2026-06-16T20:48:26+00:00,https://apps.bea.gov/regionalcore/data/ChartData?fips=09000&year=2022&mtype=3,200,text/plain,POXSQ2XFTXDK4TCY4UJODGMOA53EMMB2,SAWP5,save-merged-p105.arquivo.pt-20260617173229-KOJTHZDL7J.warc.gz,True,
2026-06-16T20:48:27+00:00,https://apps.bea.gov/regionalcore/data/ChartData?fips=10000&year=2022&mtype=3,200,text/plain,ZV3QLIN7LEUKN3E6ZW27HO6EE7VNT6VG,SAWP5,save-merged-p105.arquivo.pt-20260617173234-FXOFRJHRC9.warc.gz,True,
2026-06-16T20:48:27+00:00,https://apps.bea.gov/regionalcore/data/ChartData?fips=11000&year=2022&mtype=3,200,text/plain,6R66O56WUTMNULMXF6F3HDILJPDVGHYT,SAWP5,save-merged-p106.arquivo.pt-20260617192826-6TL9PGLH60.warc.gz,True,
2026-06-16T20:48:28+00:00,https://apps.bea.gov/regionalcore/data/ChartData?fips=12000&year=2022&mtype=3,200,text/plain,Q4BNXCW4E6E74OYVC3BB2FQUMSOKYUHZ,SAWP5,save-merged-p106.arquivo.pt-20260617193346-8KNJ3BCQ8U.warc.gz,True,
2026-06-16T20:48:29+00:00,https://apps.bea.gov/regionalcore/data/ChartData?fips=13000&year=2022&mtype=3,200,text/plain,ZRJAJ5ENTFYHO5PAUX5ZYMRIZLFO75M5,SAWP5,save-merged-p105.arquivo.pt-20260617171324-BN4NKFCTX1.warc.gz,True,
2026-06-16T20:48:30+00:00,https://apps.bea.gov/regionalcore/data/ChartData?fips=15000&year=2022&mtype=3,200,text/plain,4MLB72ZAUF652R2QUAJX4EK3W45CB34B,SAWP5,save-merged-p106.arquivo.pt-20260617193346-8KNJ3BCQ8U.warc.gz,True,
2026-06-16T20:48:31+00:00,https://apps.bea.gov/regionalcore/data/ChartData?fips=16000&year=2022&mtype=3,200,text/plain,LCSUEJIALB4P67UU7KMXZG5UFQTB6LFD,SAWP5,save-merged-p105.arquivo.pt-20260617173229-KOJTHZDL7J.warc.gz,True,
2026-06-16T20:48:32+00:00,https://apps.bea.gov/regionalcore/data/ChartData?fips=17000&year=2022&mtype=3,200,text/plain,IO7FSWACG3YJ35ED2XCLSXPXOZMHFZH5,SAWP5,save-merged-p107.arquivo.pt-20260617182240-9Z3A63AWKV.warc.gz,True,
2026-06-16T20:48:33+00:00,https://apps.bea.gov/regionalcore/data/ChartData?fips=18000&year=2022&mtype=3,200,text/plain,IAOGFPNQFQADU2FG5TJ6UGRM5UNAK6PW,SAWP5,save-merged-p106.arquivo.pt-20260617193346-8KNJ3BCQ8U.warc.gz,True,
2026-06-16T20:48:34+00:00,https://apps.bea.gov/regionalcore/data/ChartData?fips=19000&year=2022&mtype=3,200,text/plain,OUZIQXOZ3O3K6WUFU2BWKU7BUCNTJPKK,SAWP5,save-merged-p105.arquivo.pt-20260617173229-KOJTHZDL7J.warc.gz,True,
2026-06-16T20:48:35+00:00,https://apps.bea.gov/regionalcore/data/ChartData?fips=20000&year=2022&mtype=3,200,text/plain,HMNAV7U2RBGXKG5XJTFSSYH3W4PERKTT,SAWP5,save-merged-p108.arquivo.pt-20260617201658-F173KOV5US.warc.gz,True,
2026-06-16T20:48:36+00:00,https://apps.bea.gov/regionalcore/data/ChartData?fips=21000&year=2022&mtype=3,200,text/plain,6WAEY6UXUVL4Q7UVMYP7HWQUGCCVXHZG,SAWP5,save-merged-p105.arquivo.pt-20260617173234-FXOFRJHRC9.warc.gz,True,
2026-06-16T20:48:37+00:00,https://apps.bea.gov/regionalcore/data/ChartData?fips=22000&year=2022&mtype=3,200,text/plain,A3PAY7UYS4EUSGGAX3WHHVPBDKMQC76X,SAWP5,save-merged-p107.arquivo.pt-20260617181905-1KFVGUIQKK.warc.gz,True,
2026-06-16T20:48:37+00:00,https://apps.bea.gov/regionalcore/data/ChartData?fips=23000&year=2022&mtype=3,200,text/plain,FIKM3MSK3ZPQ34USH2JBY6WN7APOLOAL,SAWP5,save-merged-p105.arquivo.pt-20260617173229-KOJTHZDL7J.warc.gz,True,
2026-06-16T20:48:38+00:00,https://apps.bea.gov/regionalcore/data/ChartData?fips=24000&year=2022&mtype=3,200,text/plain,FJ4SMEUMOL4OQJ6BOHIXZYABYLYYF42B,SAWP5,save-merged-p105.arquivo.pt-20260617173234-FXOFRJHRC9.warc.gz,True,
2026-06-16T20:48:39+00:00,https://apps.bea.gov/regionalcore/data/ChartData?fips=25000&year=2022&mtype=3,200,text/plain,WDQUCTCOS3XA7WSCEXMCL2Q2AJPZBKX2,SAWP5,save-merged-p105.arquivo.pt-20260617171324-BN4NKFCTX1.warc.gz,True,
2026-06-16T20:48:40+00:00,https://apps.bea.gov/regionalcore/data/ChartData?fips=26000&year=2022&mtype=3,200,text/plain,3R4W74OXQBY2QQ5J5ZR7IPJSKR7M5DEN,SAWP5,save-merged-p106.arquivo.pt-20260617193346-8KNJ3BCQ8U.warc.gz,True,
2026-06-16T20:48:41+00:00,https://apps.bea.gov/regionalcore/data/ChartData?fips=27000&year=2022&mtype=3,200,text/plain,5UVO23BJZAO3UEIEWC3XJIR5IEUPDYMW,SAWP5,save-merged-p105.arquivo.pt-20260617173229-KOJTHZDL7J.warc.gz,True,
2026-06-16T20:48:42+00:00,https://apps.bea.gov/regionalcore/data/ChartData?fips=28000&year=2022&mtype=3,200,text/plain,ZLKTSOT3U77VXARTQV3GT7QOHXSPWH2E,SAWP5,save-merged-p105.arquivo.pt-20260617172055-ZCV0J1E7UC.warc.gz,True,
2026-06-16T20:48:43+00:00,https://apps.bea.gov/regionalcore/data/ChartData?fips=29000&year=2022&mtype=3,200,text/plain,IAMBVFVTYH4FTRPSABYUQ3TKH3YXJKZB,SAWP5,save-merged-p106.arquivo.pt-20260617193028-MTS9PEI3Y7.warc.gz,True,
2026-06-16T20:48:43+00:00,https://apps.bea.gov/regionalcore/data/ChartData?fips=30000&year=2022&mtype=3,200,text/plain,YHLJLSNIPLOFOVBEQJ7GYCGSRWZ25DGX,SAWP5,save-merged-p105.arquivo.pt-20260617171324-BN4NKFCTX1.warc.gz,True,
2026-06-16T20:48:44+00:00,https://apps.bea.gov/regionalcore/data/ChartData?fips=31000&year=2022&mtype=3,200,text/plain,S26RZJCGEOCR2MHORFHNYX7TTSS7ILPK,SAWP5,save-merged-p106.arquivo.pt-20260617193028-MTS9PEI3Y7.warc.gz,True,
2026-06-16T20:48:45+00:00,https://apps.bea.gov/regionalcore/data/ChartData?fips=32000&year=2022&mtype=3,200,text/plain,36D3EMZRJBZDH367P2NWVBXFOLY7B3LB,SAWP5,save-merged-p106.arquivo.pt-20260617192819-H6UKOL5KIY.warc.gz,True,
2026-06-16T20:48:46+00:00,https://apps.bea.gov/regionalcore/data/ChartData?fips=33000&year=2022&mtype=3,200,text/plain,ZWVA634CNAINQ3G2LZCBXAAKBANUJD7B,SAWP5,save-merged-p105.arquivo.pt-20260617172915-PJ1VLGJCWA.warc.gz,True,
2026-06-16T20:48:47+00:00,https://apps.bea.gov/regionalcore/data/ChartData?fips=34000&year=2022&mtype=3,200,text/plain,RLV7J5WEZJACHZ5R42O6SLC2INBGC77Z,SAWP5,save-merged-p106.arquivo.pt-20260617193346-8KNJ3BCQ8U.warc.gz,True,
2026-06-16T20:48:48+00:00,https://apps.bea.gov/regionalcore/data/ChartData?fips=35000&year=2022&mtype=3,200,text/plain,IB6ZFO5PISGDH2PZZTFHRUL3CDSBWR34,SAWP5,save-merged-p107.arquivo.pt-20260617183337-0BN5MUUB0M.warc.gz,True,
2026-06-16T20:48:49+00:00,https://apps.bea.gov/regionalcore/data/ChartData?fips=36000&year=2022&mtype=3,200,text/plain,IWF4BCBYPODMSEU7NQ64BPPJYYK7KUTE,SAWP5,save-merged-p106.arquivo.pt-20260617193028-MTS9PEI3Y7.warc.gz,True,
2026-06-16T20:48:50+00:00,https://apps.bea.gov/regionalcore/data/ChartData?fips=37000&year=2022&mtype=3,200,text/plain,GG3JOZJHEYOTGKA54SUFGQIOD4GNMFKW,SAWP5,save-merged-p107.arquivo.pt-20260617183337-0BN5MUUB0M.warc.gz,True,
2026-06-16T20:48:51+00:00,https://apps.bea.gov/regionalcore/data/ChartData?fips=38000&year=2022&mtype=3,200,text/plain,WNM22KTTKLUNQHV2D6ID3XYF37WAQELA,SAWP5,save-merged-p107.arquivo.pt-20260617183337-0BN5MUUB0M.warc.gz,True,
2026-06-16T20:48:51+00:00,https://apps.bea.gov/regionalcore/data/ChartData?fips=39000&year=2022&mtype=3,200,text/plain,OJTZUTQDHNJJB5KR5Q5YYG3R4GBLMF6R,SAWP5,save-merged-p108.arquivo.pt-20260617202035-IOI3PVXYVC.warc.gz,True,
2026-06-16T20:48:52+00:00,https://apps.bea.gov/regionalcore/data/ChartData?fips=40000&year=2022&mtype=3,200,text/plain,HMFSD2XCYN6BSKUGVFGKBPF4DOFAZT7K,SAWP5,save-merged-p108.arquivo.pt-20260617201658-F173KOV5US.warc.gz,True,
2026-06-16T20:48:53+00:00,https://apps.bea.gov/regionalcore/data/ChartData?fips=41000&year=2022&mtype=3,200,text/plain,4RGUC3FRSWW4EMTG27OHZV2VI466TSO3,SAWP5,save-merged-p105.arquivo.pt-20260617172055-ZCV0J1E7UC.warc.gz,True,
2026-06-16T20:48:54+00:00,https://apps.bea.gov/regionalcore/data/ChartData?fips=42000&year=2022&mtype=3,200,text/plain,DECPKO6NS5HUH42I36L6REH76EENANAM,SAWP5,save-merged-p105.arquivo.pt-20260617172055-ZCV0J1E7UC.warc.gz,True,
2026-06-16T20:48:55+00:00,https://apps.bea.gov/regionalcore/data/ChartData?fips=44000&year=2022&mtype=3,200,text/plain,4K3DHAUOYHANIVWDPX6QDRZZBEZSMOCG,SAWP5,save-merged-p107.arquivo.pt-20260617183332-7WXZV7WTXC.warc.gz,True,
2026-06-16T20:48:56+00:00,https://apps.bea.gov/regionalcore/data/ChartData?fips=45000&year=2022&mtype=3,200,text/plain,2EIGPJ33VQUP7NK4XLW4CWWNGIQSGC3E,SAWP5,save-merged-p105.arquivo.pt-20260617173234-FXOFRJHRC9.warc.gz,True,
2026-06-16T20:48:57+00:00,https://apps.bea.gov/regionalcore/data/ChartData?fips=46000&year=2022&mtype=3,200,text/plain,6373CPOHOJUQYPYI4A2XA32QHJGDOLS7,SAWP5,save-merged-p106.arquivo.pt-20260617192819-H6UKOL5KIY.warc.gz,True,
2026-06-16T20:48:57+00:00,https://apps.bea.gov/regionalcore/data/ChartData?fips=47000&year=2022&mtype=3,200,text/plain,EZSWCXRDKMTCIZQKXWFTOVFAK6AGGFNQ,SAWP5,save-merged-p107.arquivo.pt-20260617181905-1KFVGUIQKK.warc.gz,True,
2026-06-16T20:48:58+00:00,https://apps.bea.gov/regionalcore/data/ChartData?fips=48000&year=2022&mtype=3,200,text/plain,PPXYY6DRWWGNHY2HVNEUWTF4QB3JOZJ2,SAWP5,save-merged-p105.arquivo.pt-20260617173234-FXOFRJHRC9.warc.gz,True,
2026-06-16T20:48:59+00:00,https://apps.bea.gov/regionalcore/data/ChartData?fips=49000&year=2022&mtype=3,200,text/plain,GTLLJ3C6PAJWXM4ZVOOTVVHPFVLUBUSB,SAWP5,save-merged-p107.arquivo.pt-20260617183337-0BN5MUUB0M.warc.gz,True,
2026-06-16T20:48:59+00:00,https://apps.bea.gov/regionalcore/data/ChartData?fips=50000&year=2022&mtype=3,200,text/plain,2VKRFNFCH45F34QPV4244YPQYDTUCMXM,SAWP5,save-merged-p105.arquivo.pt-20260617171324-BN4NKFCTX1.warc.gz,True,
2026-06-16T20:49:00+00:00,https://apps.bea.gov/regionalcore/data/ChartData?fips=51000&year=2022&mtype=3,200,text/plain,J7AVLGZ74TR4LOAPUJYUGRMUK4SARFFK,SAWP5,save-merged-p107.arquivo.pt-20260617181905-1KFVGUIQKK.warc.gz,True,
2026-06-16T20:49:01+00:00,https://apps.bea.gov/regionalcore/data/ChartData?fips=53000&year=2022&mtype=3,200,text/plain,62HQ3V24BNG7WQUCWSLVBET65OPJWGFH,SAWP5,save-merged-p105.arquivo.pt-20260617171324-BN4NKFCTX1.warc.gz,True,
2026-06-16T20:49:02+00:00,https://apps.bea.gov/regionalcore/data/ChartData?fips=54000&year=2022&mtype=3,200,text/plain,65VXHHWYQE3WSPD65M36HHOQFJS5DENY,SAWP5,save-merged-p106.arquivo.pt-20260617192819-H6UKOL5KIY.warc.gz,True,
2026-06-16T20:49:03+00:00,https://apps.bea.gov/regionalcore/data/ChartData?fips=55000&year=2022&mtype=3,200,text/plain,7BU56OFZOKA3RCUIUIGZZMRGX3PGEUBQ,SAWP5,save-merged-p105.arquivo.pt-20260617173229-KOJTHZDL7J.warc.gz,True,
2026-06-16T20:49:04+00:00,https://apps.bea.gov/regionalcore/data/ChartData?fips=01000&year=2014&mtype=3,200,text/plain,XFK3IFIZL5E3QEY6WUAYHZOYIUY634V3,SAWP5,save-merged-p108.arquivo.pt-20260617202035-IOI3PVXYVC.warc.gz,True,
2026-06-16T20:49:05+00:00,https://apps.bea.gov/regionalcore/data/ChartData?fips=02000&year=2014&mtype=3,200,text/plain,TUMPC2QS7N2CCMUSSURCWNIWSVKY2GVD,SAWP5,save-merged-p108.arquivo.pt-20260617201658-F173KOV5US.warc.gz,True,
2026-06-16T20:49:06+00:00,https://apps.bea.gov/regionalcore/data/ChartData?fips=04000&year=2014&mtype=3,200,text/plain,BEUXWWLLHQ3ZAWF765TY6YFQY4UIJMLF,SAWP5,save-merged-p106.arquivo.pt-20260617193346-8KNJ3BCQ8U.warc.gz,True,
2026-06-16T20:49:07+00:00,https://apps.bea.gov/regionalcore/data/ChartData?fips=05000&year=2014&mtype=3,200,text/plain,ZNTHVZQ4TPZUOY2EQKMICSJCWPTC5OO7,SAWP5,save-merged-p108.arquivo.pt-20260617202035-IOI3PVXYVC.warc.gz,True,
2026-06-16T20:49:08+00:00,https://apps.bea.gov/regionalcore/data/ChartData?fips=06000&year=2014&mtype=3,200,text/plain,IISOVJWJNZIRK6FWZ3Q6OR74HE5ZS42J,SAWP5,save-merged-p106.arquivo.pt-20260617192819-H6UKOL5KIY.warc.gz,True,
2026-06-16T20:49:09+00:00,https://apps.bea.gov/regionalcore/data/ChartData?fips=08000&year=2014&mtype=3,200,text/plain,A3TL43AORKBK22CHONOC6SVR3B66SEQS,SAWP5,save-merged-p108.arquivo.pt-20260617201642-EMSUJE6Z4U.warc.gz,True,
2026-06-16T20:49:10+00:00,https://apps.bea.gov/regional/zip/SAINC.zip,200,application/x-zip-compressed,CIL2VA2BORXN7TQEWOSV2WN3CO73IXQM,SAWP5,save-merged-p106.arquivo.pt-20260617192814-NWC1K2Z2L1.warc.gz,True,
2026-06-16T20:49:10+00:00,https://apps.bea.gov/regionalcore/data/ChartData?fips=09000&year=2014&mtype=3,200,text/plain,2ZTWTK7TTDDQOXTD77QSMWDDVVONYNN2,SAWP5,save-merged-p107.arquivo.pt-20260617181905-1KFVGUIQKK.warc.gz,True,
2026-06-16T20:49:11+00:00,https://apps.bea.gov/regionalcore/data/ChartData?fips=10000&year=2014&mtype=3,200,text/plain,7GENR4Z4E345OENVF2FVDJEI4X2OHAX4,SAWP5,save-merged-p105.arquivo.pt-20260617171324-BN4NKFCTX1.warc.gz,True,
2026-06-16T20:49:11+00:00,https://apps.bea.gov/regionalcore/data/ChartData?fips=11000&year=2014&mtype=3,200,text/plain,ABAFMLABMOZWUVCFTHMKDHXQOIPV7SLJ,SAWP5,save-merged-p107.arquivo.pt-20260617183337-0BN5MUUB0M.warc.gz,True,
2026-06-16T20:49:12+00:00,https://apps.bea.gov/regionalcore/data/ChartData?fips=12000&year=2014&mtype=3,200,text/plain,YELOLWIN7FESA47CQ5VSF5PE7JIKBTWH,SAWP5,save-merged-p105.arquivo.pt-20260617171324-BN4NKFCTX1.warc.gz,True,
2026-06-16T20:49:13+00:00,https://apps.bea.gov/regionalcore/data/ChartData?fips=13000&year=2014&mtype=3,200,text/plain,TYMHZ6PXSTHZQJAZB2HV3WKVQJ2TSITO,SAWP5,save-merged-p107.arquivo.pt-20260617182240-9Z3A63AWKV.warc.gz,True,
2026-06-16T20:49:14+00:00,https://apps.bea.gov/regional/zip/SAINC1.zip,200,text/html,HFYPROZIQUMO6W3N3O5BDN5RUSCCONPO,SAWP5,save-merged-p105.arquivo.pt-20260617171324-BN4NKFCTX1.warc.gz,True,
2026-06-16T20:49:14+00:00,https://apps.bea.gov/regionalcore/data/ChartData?fips=15000&year=2014&mtype=3,200,text/plain,ONBV3ICUJMS423JXBVLZMKGVZB7N7RG3,SAWP5,save-merged-p108.arquivo.pt-20260617202035-IOI3PVXYVC.warc.gz,True,
2026-06-16T20:49:15+00:00,https://apps.bea.gov/regionalcore/data/ChartData?fips=16000&year=2014&mtype=3,200,text/plain,IU6VTWSEWA5QP6VNLPZZ3UYOQMBUAGBD,SAWP5,save-merged-p105.arquivo.pt-20260617173234-FXOFRJHRC9.warc.gz,True,
2026-06-16T20:49:16+00:00,https://apps.bea.gov/regionalcore/data/ChartData?fips=17000&year=2014&mtype=3,200,text/plain,QM5H77F6CHYIH6DCT5N3F4WAN6GME7AB,SAWP5,save-merged-p107.arquivo.pt-20260617181905-1KFVGUIQKK.warc.gz,True,
2026-06-16T20:49:17+00:00,https://apps.bea.gov/regionalcore/data/ChartData?fips=18000&year=2014&mtype=3,200,text/plain,IHAD2R42BHIZAZTSEH2RLO67YCVAHODL,SAWP5,save-merged-p105.arquivo.pt-20260617173234-FXOFRJHRC9.warc.gz,True,
2026-06-16T20:49:18+00:00,https://apps.bea.gov/regional/zip/SAINC35.zip,200,text/html,HFYPROZIQUMO6W3N3O5BDN5RUSCCONPO,SAWP5,save-merged-p105.arquivo.pt-20260617173400-5WUN2G172S.warc.gz,True,
2026-06-16T20:49:18+00:00,https://apps.bea.gov/regionalcore/data/ChartData?fips=19000&year=2014&mtype=3,200,text/plain,6XD43KLQI32SDXL6PVTO5KUGVJJSSXNV,SAWP5,save-merged-p106.arquivo.pt-20260617192814-NWC1K2Z2L1.warc.gz,True,
2026-06-16T20:49:19+00:00,https://apps.bea.gov/regionalcore/data/ChartData?fips=20000&year=2014&mtype=3,200,text/plain,BWTXVA2267QKEPTCOVK3M4N2NTACHFAL,SAWP5,save-merged-p107.arquivo.pt-20260617183337-0BN5MUUB0M.warc.gz,True,
2026-06-16T20:49:20+00:00,https://apps.bea.gov/regionalcore/data/ChartData?fips=21000&year=2014&mtype=3,200,text/plain,MH5UI7B5RGMK7ATBXTHQTLU4TMANWIAU,SAWP5,save-merged-p105.arquivo.pt-20260617173234-FXOFRJHRC9.warc.gz,True,
2026-06-16T20:49:20+00:00,https://apps.bea.gov/regionalcore/data/ChartData?fips=22000&year=2014&mtype=3,200,text/plain,C7HRRO6JLGUMGEJTVK5ZRPRKPOTSLU7Z,SAWP5,save-merged-p108.arquivo.pt-20260617201658-F173KOV5US.warc.gz,True,
2026-06-16T20:49:21+00:00,https://apps.bea.gov/regional/zip/SQINC.zip,200,application/x-zip-compressed,OUFPOQLIFW6GFOXKJYMAFKQ3LFGZTGH4,SAWP5,save-merged-p107.arquivo.pt-20260617182231-UJTP0SRDT3.warc.gz,True,
2026-06-16T20:49:21+00:00,https://apps.bea.gov/regionalcore/data/ChartData?fips=23000&year=2014&mtype=3,200,text/plain,TVIBD2RLQEXDBKALZC4DG67HVABGAYWS,SAWP5,save-merged-p107.arquivo.pt-20260617183337-0BN5MUUB0M.warc.gz,True,
2026-06-16T20:49:23+00:00,https://apps.bea.gov/regionalcore/data/ChartData?fips=24000&year=2014&mtype=3,200,text/plain,F7QTALQWKVICRGFRT2OY7Q32BTJAQOXF,SAWP5,save-merged-p105.arquivo.pt-20260617171324-BN4NKFCTX1.warc.gz,True,
2026-06-16T20:49:24+00:00,https://apps.bea.gov/regionalcore/data/ChartData?fips=25000&year=2014&mtype=3,200,text/plain,4E6UKJT7WIGSZ3VI4L6TXVJUE6OXSQ33,SAWP5,save-merged-p107.arquivo.pt-20260617181905-1KFVGUIQKK.warc.gz,True,
2026-06-16T20:49:24+00:00,https://apps.bea.gov/regionalcore/data/ChartData?fips=26000&year=2014&mtype=3,200,text/plain,PJCMISKM6MXLA7LNRPCW73YWLTSNCHAC,SAWP5,save-merged-p105.arquivo.pt-20260617173229-KOJTHZDL7J.warc.gz,True,
2026-06-16T20:49:25+00:00,https://apps.bea.gov/regionalcore/data/ChartData?fips=27000&year=2014&mtype=3,200,text/plain,JDDRNHNSEBHJ3QE3NVJGC2WJCKOWN3ZL,SAWP5,save-merged-p108.arquivo.pt-20260617202049-NOFS6HTPTU.warc.gz,True,
2026-06-16T20:49:26+00:00,https://apps.bea.gov/regionalcore/data/ChartData?fips=28000&year=2014&mtype=3,200,text/plain,V7JNMABWTFXQYHB2R6LMCLD3L73HOL6V,SAWP5,save-merged-p107.arquivo.pt-20260617183337-0BN5MUUB0M.warc.gz,True,
2026-06-16T20:49:28+00:00,https://apps.bea.gov/regionalcore/data/ChartData?fips=29000&year=2014&mtype=3,200,text/plain,FBCII2IEJKTNQMP7YZU3DDYRNY5DUVUE,SAWP5,save-merged-p105.arquivo.pt-20260617171324-BN4NKFCTX1.warc.gz,True,
2026-06-16T20:49:29+00:00,https://apps.bea.gov/regionalcore/data/ChartData?fips=30000&year=2014&mtype=3,200,text/plain,CIYW7S7WVVMQNMNCUKADPSABKUWRYBWU,SAWP5,save-merged-p107.arquivo.pt-20260617183337-0BN5MUUB0M.warc.gz,True,
2026-06-16T20:49:30+00:00,https://apps.bea.gov/regionalcore/data/ChartData?fips=31000&year=2014&mtype=3,200,text/plain,6BLGFVKCKL4REY6LVX3JDWAAOEK7ZSIO,SAWP5,save-merged-p108.arquivo.pt-20260617202035-IOI3PVXYVC.warc.gz,True,
2026-06-16T20:49:30+00:00,https://apps.bea.gov/regionalcore/data/ChartData?fips=32000&year=2014&mtype=3,200,text/plain,GYIWXVUVRWP7GCIU5OZA3GJSECXNH2VA,SAWP5,save-merged-p105.arquivo.pt-20260617173234-FXOFRJHRC9.warc.gz,True,
2026-06-16T20:49:31+00:00,https://apps.bea.gov/regionalcore/data/ChartData?fips=33000&year=2014&mtype=3,200,text/plain,TLTL5Y5BVBTV7L4SAFMZJVTWPZMC574Q,SAWP5,save-merged-p106.arquivo.pt-20260617193028-MTS9PEI3Y7.warc.gz,True,
2026-06-16T20:49:32+00:00,https://apps.bea.gov/regionalcore/data/ChartData?fips=34000&year=2014&mtype=3,200,text/plain,YVNQ4B6ZB54X65FTCG2IJ7E425NKF3MJ,SAWP5,save-merged-p107.arquivo.pt-20260617182657-QVNMTTXHZ5.warc.gz,True,
2026-06-16T20:49:33+00:00,https://apps.bea.gov/regionalcore/data/ChartData?fips=35000&year=2014&mtype=3,200,text/plain,MOUVEV4LNHFX55WFBHX7UHP4GMMWH2UA,SAWP5,save-merged-p105.arquivo.pt-20260617173234-FXOFRJHRC9.warc.gz,True,
2026-06-16T20:49:34+00:00,https://apps.bea.gov/regionalcore/data/ChartData?fips=36000&year=2014&mtype=3,200,text/plain,3OEN3R6HVT6P7YQIX3WZXWLMBS2ZN5KZ,SAWP5,save-merged-p107.arquivo.pt-20260617182652-TCT3C8BDJQ.warc.gz,True,
2026-06-16T20:49:35+00:00,https://apps.bea.gov/regionalcore/data/ChartData?fips=37000&year=2014&mtype=3,200,text/plain,IOAVYQ4CEGFKB5NSV4KOG6HIO5JAZQAF,SAWP5,save-merged-p107.arquivo.pt-20260617182652-TCT3C8BDJQ.warc.gz,True,
2026-06-16T20:49:36+00:00,https://apps.bea.gov/regionalcore/data/ChartData?fips=38000&year=2014&mtype=3,200,text/plain,I4GUYZLFDDN2ONRIN3BSAKWN3VM3W327,SAWP5,save-merged-p105.arquivo.pt-20260617173400-5WUN2G172S.warc.gz,True,
2026-06-16T20:49:37+00:00,https://apps.bea.gov/regionalcore/data/ChartData?fips=39000&year=2014&mtype=3,200,text/plain,A5Q2ZTCWFRNBSANFCO74OXSKONOG4FH5,SAWP5,save-merged-p107.arquivo.pt-20260617181905-1KFVGUIQKK.warc.gz,True,
2026-06-16T20:49:38+00:00,https://apps.bea.gov/regionalcore/data/ChartData?fips=40000&year=2014&mtype=3,200,text/plain,4T2QYKMHQBINS2GQQKFODRCHNOH62SZC,SAWP5,save-merged-p106.arquivo.pt-20260617191958-2ZB48MKE9B.warc.gz,True,
2026-06-16T20:49:38+00:00,https://apps.bea.gov/regionalcore/data/ChartData?fips=41000&year=2014&mtype=3,200,text/plain,ZLPKZPEBEYKVEOTMWAHKAEZMECTN7AHY,SAWP5,save-merged-p108.arquivo.pt-20260617201658-F173KOV5US.warc.gz,True,
2026-06-16T20:49:39+00:00,https://apps.bea.gov/regionalcore/data/ChartData?fips=42000&year=2014&mtype=3,200,text/plain,3EYHQA4EVNJG6HBFY43PIIKEJIRCIM7P,SAWP5,save-merged-p108.arquivo.pt-20260617201658-F173KOV5US.warc.gz,True,
2026-06-16T20:49:40+00:00,https://apps.bea.gov/regionalcore/data/ChartData?fips=44000&year=2014&mtype=3,200,text/plain,X4CLFL47QZSMZIVOMEUAZEOMYYGNRBYA,SAWP5,save-merged-p107.arquivo.pt-20260617182312-XHD8JDIGEX.warc.gz,True,
2026-06-16T20:49:41+00:00,https://apps.bea.gov/regionalcore/data/ChartData?fips=45000&year=2014&mtype=3,200,text/plain,UZMVEV7ZVXK2FVTXYMPLDK7AHCNTB47Y,SAWP5,save-merged-p105.arquivo.pt-20260617173234-FXOFRJHRC9.warc.gz,True,
2026-06-16T20:49:43+00:00,https://apps.bea.gov/regionalcore/data/ChartData?fips=46000&year=2014&mtype=3,200,text/plain,KFQDQUG2KHJKRL6AHRMO5J2BPAXAZPNY,SAWP5,save-merged-p108.arquivo.pt-20260617202049-NOFS6HTPTU.warc.gz,True,
2026-06-16T20:49:43+00:00,https://apps.bea.gov/regionalcore/data/ChartData?fips=47000&year=2014&mtype=3,200,text/plain,L32D3OQRKIGAUSZ7JHJV7JLOOYL3WAYY,SAWP5,save-merged-p105.arquivo.pt-20260617173229-KOJTHZDL7J.warc.gz,True,
2026-06-16T20:49:44+00:00,https://apps.bea.gov/regionalcore/data/ChartData?fips=48000&year=2014&mtype=3,200,text/plain,HQZ7KPWUPJ7AMXTPGTMP6HFMTFECLLWA,SAWP5,save-merged-p107.arquivo.pt-20260617181905-1KFVGUIQKK.warc.gz,True,
2026-06-16T20:49:45+00:00,https://apps.bea.gov/regionalcore/data/ChartData?fips=49000&year=2014&mtype=3,200,text/plain,DAHD2C2S5PBTX3OFELLZVAPPVQXNVOXN,SAWP5,save-merged-p105.arquivo.pt-20260617173400-5WUN2G172S.warc.gz,True,
2026-06-16T20:49:46+00:00,https://apps.bea.gov/regionalcore/data/ChartData?fips=50000&year=2014&mtype=3,200,text/plain,XUQ33HUMCIK3WBDJF33FMGQSIAGG5Y6P,SAWP5,save-merged-p105.arquivo.pt-20260617173234-FXOFRJHRC9.warc.gz,True,
2026-06-16T20:49:47+00:00,https://apps.bea.gov/regionalcore/data/ChartData?fips=51000&year=2014&mtype=3,200,text/plain,TDA7NR2LVVQ4F4FMJZATIWNUZOPMTHFO,SAWP5,save-merged-p108.arquivo.pt-20260617201637-MH3Z6T47FX.warc.gz,True,
2026-06-16T20:49:48+00:00,https://apps.bea.gov/regionalcore/data/ChartData?fips=53000&year=2014&mtype=3,200,text/plain,7737OEOBDV62YAZ2JUH6S4MTIKW45GFE,SAWP5,save-merged-p106.arquivo.pt-20260617193028-MTS9PEI3Y7.warc.gz,True,
2026-06-16T20:49:49+00:00,https://apps.bea.gov/regionalcore/data/ChartData?fips=54000&year=2014&mtype=3,200,text/plain,RTKDGHB7U7TYF7VHETOQAE63W7ZFBNAQ,SAWP5,save-merged-p107.arquivo.pt-20260617181905-1KFVGUIQKK.warc.gz,True,
2026-06-16T20:49:50+00:00,https://apps.bea.gov/regionalcore/data/ChartData?fips=55000&year=2014&mtype=3,200,text/plain,YWROWNSFXUEZKKAUMF6Z5AU6LJ2K6X76,SAWP5,save-merged-p107.arquivo.pt-20260617183337-0BN5MUUB0M.warc.gz,True,
2026-06-16T20:49:51+00:00,https://apps.bea.gov/regionalcore/data/ChartData?fips=56000&year=2014&mtype=3,200,text/plain,Y2QJ3ZRZPWEU62S5D3TTWWNWEGZMIGFK,SAWP5,save-merged-p105.arquivo.pt-20260617173229-KOJTHZDL7J.warc.gz,True,
2026-06-16T20:49:52+00:00,https://apps.bea.gov/regionalcore/data/ChartData?fips=01000&year=2024&mtype=3,200,text/plain,BNJO6KEGE5E7DXX2N6FUCI2B2KYPOUDG,SAWP5,save-merged-p108.arquivo.pt-20260617201658-F173KOV5US.warc.gz,True,
2026-06-16T20:49:53+00:00,https://apps.bea.gov/regionalcore/data/ChartData?fips=02000&year=2024&mtype=3,200,text/plain,N4VH2Q2QFWM3PJOS2L2UKNDLNNWERBDI,SAWP5,save-merged-p108.arquivo.pt-20260617201642-EMSUJE6Z4U.warc.gz,True,
2026-06-16T20:49:54+00:00,https://apps.bea.gov/regionalcore/data/ChartData?fips=04000&year=2024&mtype=3,200,text/plain,P5C6EEF337JDKWWH6SQVFZZ4C5TJHUMO,SAWP5,save-merged-p106.arquivo.pt-20260617193028-MTS9PEI3Y7.warc.gz,True,
2026-06-16T20:49:55+00:00,https://apps.bea.gov/regionalcore/data/ChartData?fips=05000&year=2024&mtype=3,200,text/plain,S2NMRNZGWE57U5XMZ6IVD4SLEM6XAOOH,SAWP5,save-merged-p106.arquivo.pt-20260617192332-SYIN6H7WKE.warc.gz,True,
2026-06-16T20:49:56+00:00,https://apps.bea.gov/regionalcore/data/ChartData?fips=06000&year=2024&mtype=3,200,text/plain,BAOLQN77DSKHIRZVCLX4YQMVDXUSNH33,SAWP5,save-merged-p105.arquivo.pt-20260617173238-UHG4XTI0RA.warc.gz,True,
2026-06-16T20:49:56+00:00,https://apps.bea.gov/regionalcore/data/ChartData?fips=08000&year=2024&mtype=3,200,text/plain,DN62OGCAVLD7GZBXEEATYSEA4RK2BA72,SAWP5,save-merged-p107.arquivo.pt-20260617183337-0BN5MUUB0M.warc.gz,True,
2026-06-16T20:49:57+00:00,https://apps.bea.gov/regionalcore/data/ChartData?fips=09000&year=2024&mtype=3,200,text/plain,2XKPO4DUEF3DGAZUTJE2KMATX7JMVOPI,SAWP5,save-merged-p107.arquivo.pt-20260617183332-7WXZV7WTXC.warc.gz,True,
2026-06-16T20:49:58+00:00,https://apps.bea.gov/regionalcore/data/ChartData?fips=10000&year=2024&mtype=3,200,text/plain,JMXEPTCLUCYSZGPEGSMXJXTH27SUAM3Y,SAWP5,save-merged-p106.arquivo.pt-20260617193346-8KNJ3BCQ8U.warc.gz,True,
2026-06-16T20:49:59+00:00,https://apps.bea.gov/regionalcore/data/ChartData?fips=11000&year=2024&mtype=3,200,text/plain,KLQ2MINAMGVSCANNGHBBT2B3BNSQKOLX,SAWP5,save-merged-p107.arquivo.pt-20260617182652-TCT3C8BDJQ.warc.gz,True,
2026-06-16T20:50:00+00:00,https://apps.bea.gov/regionalcore/data/ChartData?fips=12000&year=2024&mtype=3,200,text/plain,UA4Y33UZPSHVYGF5R2TO3P2LIJZWQUKE,SAWP5,save-merged-p105.arquivo.pt-20260617173238-UHG4XTI0RA.warc.gz,True,
2026-06-16T20:50:01+00:00,https://apps.bea.gov/regionalcore/data/ChartData?fips=13000&year=2024&mtype=3,200,text/plain,JFTAFQBC7YLD6T5CFWOXZYRWOM6KWLSW,SAWP5,save-merged-p107.arquivo.pt-20260617183337-0BN5MUUB0M.warc.gz,True,
2026-06-16T20:50:02+00:00,https://apps.bea.gov/regional/zip/SAINC.zip,200,application/x-zip-compressed,CIL2VA2BORXN7TQEWOSV2WN3CO73IXQM,SAWP5,save-merged-p106.arquivo.pt-20260617193346-8KNJ3BCQ8U.warc.gz,True,
2026-06-16T20:50:02+00:00,https://apps.bea.gov/regionalcore/data/ChartData?fips=15000&year=2024&mtype=3,200,text/plain,IWY3DLKJ4JWHP7B47NW2MDJYBP6KUTX3,SAWP5,save-merged-p105.arquivo.pt-20260617172055-ZCV0J1E7UC.warc.gz,True,
2026-06-16T20:50:02+00:00,https://apps.bea.gov/regionalcore/data/ChartData?fips=16000&year=2024&mtype=3,200,text/plain,H6IDAYYLIUQKBGWKYIHVP5QPWJTXWGJI,SAWP5,save-merged-p108.arquivo.pt-20260617201658-F173KOV5US.warc.gz,True,
2026-06-16T20:50:04+00:00,https://apps.bea.gov/regionalcore/data/ChartData?fips=17000&year=2024&mtype=3,200,text/plain,LJXKSGAJSGJ56WT5Z7YJRKGLPSLTCSHR,SAWP5,save-merged-p106.arquivo.pt-20260617192826-6TL9PGLH60.warc.gz,True,
2026-06-16T20:50:05+00:00,https://apps.bea.gov/regional/zip/SARPP.zip,200,application/x-zip-compressed,A5UMGMSXL54G726VDNBE7UZOSDPRPVHV,SAWP5,save-merged-p107.arquivo.pt-20260617183332-7WXZV7WTXC.warc.gz,True,
2026-06-16T20:50:05+00:00,https://apps.bea.gov/regionalcore/data/ChartData?fips=18000&year=2024&mtype=3,200,text/plain,AZX3IDF7BZXIYAA3NLFMDBQB2GAEM5I5,SAWP5,save-merged-p107.arquivo.pt-20260617182231-UJTP0SRDT3.warc.gz,True,
2026-06-16T20:50:05+00:00,https://apps.bea.gov/regionalcore/data/ChartData?fips=19000&year=2024&mtype=3,200,text/plain,RDGV44G2CWD4A6MTYWDXVAUNHEZ372SU,SAWP5,save-merged-p105.arquivo.pt-20260617173238-UHG4XTI0RA.warc.gz,True,
2026-06-16T20:50:06+00:00,https://apps.bea.gov/regionalcore/data/ChartData?fips=20000&year=2024&mtype=3,403,text/html,WGBDAB3GQNKTRKMKRXIJDMP6SBNVPJUS,SAWP5,save-merged-p108.arquivo.pt-20260617201658-F173KOV5US.warc.gz,True,
2026-06-16T20:50:07+00:00,https://apps.bea.gov/regional/zip/SAGDP.zip,200,application/x-zip-compressed,IZNSHVVKA3VOLNBTXLJBEMYWKR6YY7WX,SAWP5,save-merged-p107.arquivo.pt-20260617181905-1KFVGUIQKK.warc.gz,True,
2026-06-16T20:50:07+00:00,https://apps.bea.gov/regionalcore/data/ChartData?fips=20000&year=2024&mtype=3&_cb=344507385,200,text/plain,O2AAOGIT3A52PAKLDSHMRBKBD2GBN23P,SAWP5,save-merged-p106.arquivo.pt-20260617192819-H6UKOL5KIY.warc.gz,True,
2026-06-16T20:50:08+00:00,https://apps.bea.gov/regionalcore/data/ChartData?fips=21000&year=2024&mtype=3,200,text/plain,4QFJ3BOUAERAI76477YZ2YOSD4L34AL4,SAWP5,save-merged-p108.arquivo.pt-20260617202035-IOI3PVXYVC.warc.gz,True,
2026-06-16T20:50:09+00:00,https://apps.bea.gov/regionalcore/data/ChartData?fips=22000&year=2024&mtype=3,200,text/plain,WGIX2GZ4ZOEJ7I5K72KQC4BEPFHYQHFP,SAWP5,save-merged-p107.arquivo.pt-20260617181905-1KFVGUIQKK.warc.gz,True,
2026-06-16T20:50:10+00:00,https://apps.bea.gov/regionalcore/data/ChartData?fips=23000&year=2024&mtype=3,200,text/plain,2K7ZJDMF2TJQM32XJBQ3K4LFZZO2OTCT,SAWP5,save-merged-p106.arquivo.pt-20260617191946-W9IG51L4RR.warc.gz,True,
2026-06-16T20:50:11+00:00,https://apps.bea.gov/regionalcore/data/ChartData?fips=24000&year=2024&mtype=3,200,text/plain,U6OYCNCR427MEPPCC5XRNJJ6MUPGHU7Y,SAWP5,save-merged-p105.arquivo.pt-20260617171658-LZSDRSOSR3.warc.gz,True,
2026-06-16T20:50:11+00:00,https://apps.bea.gov/regionalcore/data/ChartData?fips=25000&year=2024&mtype=3,200,text/plain,HXBPFSSB5I5PGMOHZULFD2RDLC4KFHEF,SAWP5,save-merged-p108.arquivo.pt-20260617202035-IOI3PVXYVC.warc.gz,True,
2026-06-16T20:50:12+00:00,https://apps.bea.gov/regionalcore/data/ChartData?fips=26000&year=2024&mtype=3,200,text/plain,TKZ5I23XSVJONDYLBE7RQZJNJFYOPSLM,SAWP5,save-merged-p107.arquivo.pt-20260617183332-7WXZV7WTXC.warc.gz,True,
2026-06-16T20:50:13+00:00,https://apps.bea.gov/regionalcore/data/ChartData?fips=27000&year=2024&mtype=3,200,text/plain,RRE6UP7LJHV24DEBIO52QSAZTNA7CL3Y,SAWP5,save-merged-p105.arquivo.pt-20260617173229-KOJTHZDL7J.warc.gz,True,
2026-06-16T20:50:14+00:00,https://apps.bea.gov/regionalcore/data/ChartData?fips=28000&year=2024&mtype=3,200,text/plain,LFLKGKLAHFJELBSR3XLGWWS6ELZZAYVW,SAWP5,save-merged-p108.arquivo.pt-20260617201658-F173KOV5US.warc.gz,True,
2026-06-16T20:50:15+00:00,https://apps.bea.gov/regionalcore/data/ChartData?fips=29000&year=2024&mtype=3,200,text/plain,L6OJALTXZTYPOUCPYUUX4ZZ7JW7NRSZX,SAWP5,save-merged-p106.arquivo.pt-20260617193028-MTS9PEI3Y7.warc.gz,True,
2026-06-16T20:50:17+00:00,https://apps.bea.gov/regionalcore/data/ChartData?fips=30000&year=2024&mtype=3,200,text/plain,CSIVLFHIS4CG2RY6MT6PTJCKY3WTEGLW,SAWP5,save-merged-p108.arquivo.pt-20260617201658-F173KOV5US.warc.gz,True,
2026-06-16T20:50:18+00:00,https://apps.bea.gov/regionalcore/data/ChartData?fips=31000&year=2024&mtype=3,200,text/plain,JQEAN3JS4ETRXEM2BG52KLFEX26MWHLA,SAWP5,save-merged-p105.arquivo.pt-20260617173400-5WUN2G172S.warc.gz,True,
2026-06-16T20:50:19+00:00,https://apps.bea.gov/regionalcore/data/ChartData?fips=32000&year=2024&mtype=3,200,text/plain,FQ5PLLAINIDNUTCUY6P5J7SNJFP7ZRCO,SAWP5,save-merged-p107.arquivo.pt-20260617181905-1KFVGUIQKK.warc.gz,True,
2026-06-16T20:50:19+00:00,https://apps.bea.gov/regionalcore/data/ChartData?fips=33000&year=2024&mtype=3,200,text/plain,H6ITPA2FH7XIEUDYEIIUUWCE5LMZELHQ,SAWP5,save-merged-p105.arquivo.pt-20260617173400-5WUN2G172S.warc.gz,True,
2026-06-16T20:50:20+00:00,https://apps.bea.gov/regionalcore/data/ChartData?fips=34000&year=2024&mtype=3,200,text/plain,CQ67AT5RE66PWMZTZRP32W2GEBNLHZFM,SAWP5,save-merged-p106.arquivo.pt-20260617191946-W9IG51L4RR.warc.gz,True,
2026-06-16T20:50:21+00:00,https://apps.bea.gov/regionalcore/data/ChartData?fips=35000&year=2024&mtype=3,200,text/plain,C774PSHJRYKJWJJHF455JLWXYOXBMQO3,SAWP5,save-merged-p105.arquivo.pt-20260617173238-UHG4XTI0RA.warc.gz,True,
2026-06-16T20:50:22+00:00,https://apps.bea.gov/regionalcore/data/ChartData?fips=36000&year=2024&mtype=3,200,text/plain,ZAUDWEV7BH5K53AFZAZXORRR4KPPVN23,SAWP5,save-merged-p106.arquivo.pt-20260617193028-MTS9PEI3Y7.warc.gz,True,
2026-06-16T20:50:23+00:00,https://apps.bea.gov/regionalcore/data/ChartData?fips=37000&year=2024&mtype=3,200,text/plain,3BPIH5GFR45J7C74XEK2RYCKIMYZAGOY,SAWP5,save-merged-p108.arquivo.pt-20260617201658-F173KOV5US.warc.gz,True,
2026-06-16T20:50:24+00:00,https://apps.bea.gov/regionalcore/data/ChartData?fips=38000&year=2024&mtype=3,200,text/plain,U7VH7O6PZTKBHIM3WJSGTX5TG5XP4X5H,SAWP5,save-merged-p108.arquivo.pt-20260617201642-EMSUJE6Z4U.warc.gz,True,
2026-06-16T20:50:24+00:00,https://apps.bea.gov/regionalcore/data/ChartData?fips=39000&year=2024&mtype=3,403,text/html,LVHSL5SZVY3KZFR5JYAPHB7TTKCOXF4M,SAWP5,save-merged-p105.arquivo.pt-20260617173229-KOJTHZDL7J.warc.gz,True,
2026-06-16T20:50:26+00:00,https://apps.bea.gov/regionalcore/data/ChartData?fips=39000&year=2024&mtype=3&_cb=28208874,200,text/plain,BXUNFMV3CFK4YE2O7XSPAZ5NRPVCZUFW,SAWP5,save-merged-p105.arquivo.pt-20260617173229-KOJTHZDL7J.warc.gz,True,
2026-06-16T20:50:27+00:00,https://apps.bea.gov/regionalcore/data/ChartData?fips=40000&year=2024&mtype=3,200,text/plain,EOOEXK3OKKCFNALZK5KPU4UTFUSFZHVF,SAWP5,save-merged-p107.arquivo.pt-20260617182240-9Z3A63AWKV.warc.gz,True,
2026-06-16T20:50:27+00:00,https://apps.bea.gov/regionalcore/data/ChartData?fips=41000&year=2024&mtype=3,200,text/plain,VW2BWJVZVYRZXR7XHET7FLRNHVJAKANI,SAWP5,save-merged-p105.arquivo.pt-20260617173229-KOJTHZDL7J.warc.gz,True,
2026-06-16T20:50:28+00:00,https://apps.bea.gov/regionalcore/data/ChartData?fips=42000&year=2024&mtype=3,200,text/plain,VNZPO3JCGGRTOOAGY54LF3FKX5RVBPWH,SAWP5,save-merged-p107.arquivo.pt-20260617183337-0BN5MUUB0M.warc.gz,True,
2026-06-16T20:50:30+00:00,https://apps.bea.gov/regionalcore/data/ChartData?fips=44000&year=2024&mtype=3,200,text/plain,HDCKJOVVC5O4T3FPGYPRWUMBNI6PTOPQ,SAWP5,save-merged-p105.arquivo.pt-20260617173234-FXOFRJHRC9.warc.gz,True,
2026-06-16T20:50:31+00:00,https://apps.bea.gov/regionalcore/data/ChartData?fips=45000&year=2024&mtype=3,200,text/plain,FINIURQ6NWAKGB7XKHNN6KCV3SWLF77C,SAWP5,save-merged-p106.arquivo.pt-20260617191958-2ZB48MKE9B.warc.gz,True,
2026-06-16T20:50:32+00:00,https://apps.bea.gov/regionalcore/data/ChartData?fips=46000&year=2024&mtype=3,200,text/plain,JN5LJCQNISXUHQMUSGVX5RDVNPN654B5,SAWP5,save-merged-p105.arquivo.pt-20260617173238-UHG4XTI0RA.warc.gz,True,
2026-06-16T20:50:33+00:00,https://apps.bea.gov/regionalcore/data/ChartData?fips=47000&year=2024&mtype=3,200,text/plain,ZLU5YOWWY3AGXPLLF3YOGWHSDGFFZLU4,SAWP5,save-merged-p108.arquivo.pt-20260617201658-F173KOV5US.warc.gz,True,
2026-06-16T20:50:33+00:00,https://apps.bea.gov/regionalcore/data/ChartData?fips=48000&year=2024&mtype=3,200,text/plain,JKIPPJ57NTDZAV2MF67WHITYUBMNHEPE,SAWP5,save-merged-p106.arquivo.pt-20260617193346-8KNJ3BCQ8U.warc.gz,True,
2026-06-16T20:50:34+00:00,https://apps.bea.gov/regionalcore/data/ChartData?fips=01000&year=1960&mtype=3,200,text/plain,6FACEGSDNSKQNZC45O5UXGEWJANW7XJL,SAWP5,save-merged-p107.arquivo.pt-20260617183337-0BN5MUUB0M.warc.gz,True,
2026-06-16T20:50:34+00:00,https://apps.bea.gov/regionalcore/data/ChartData?fips=49000&year=2024&mtype=3,200,text/plain,OIJVAU2AMOW4N5DRGXHASAS4YEKPJK23,SAWP5,save-merged-p107.arquivo.pt-20260617181905-1KFVGUIQKK.warc.gz,True,
2026-06-16T20:50:35+00:00,https://apps.bea.gov/regionalcore/data/ChartData?fips=01000&year=2020&mtype=3,200,text/plain,DE54TGCWOAICINPK7VPQQUKWBSDQQBNO,SAWP5,save-merged-p107.arquivo.pt-20260617182652-TCT3C8BDJQ.warc.gz,True,
2026-06-16T20:50:35+00:00,https://apps.bea.gov/regionalcore/data/ChartData?fips=50000&year=2024&mtype=3,200,text/plain,YBLA42A6ICQDE7MEHDTEDUALJVQWFDMT,SAWP5,save-merged-p108.arquivo.pt-20260617202049-NOFS6HTPTU.warc.gz,True,
2026-06-16T20:50:36+00:00,https://apps.bea.gov/regionalcore/data/ChartData?fips=01000&year=2024&mtype=3,200,text/plain,BNJO6KEGE5E7DXX2N6FUCI2B2KYPOUDG,SAWP5,save-merged-p105.arquivo.pt-20260617173229-KOJTHZDL7J.warc.gz,True,
2026-06-16T20:50:36+00:00,https://apps.bea.gov/regionalcore/data/ChartData?fips=51000&year=2024&mtype=3,200,text/plain,NXKWGHK34ADGH7BAIFR6IO2Q6PY6QEO2,SAWP5,save-merged-p106.arquivo.pt-20260617193346-8KNJ3BCQ8U.warc.gz,True,
2026-06-16T20:50:37+00:00,https://apps.bea.gov/regionalcore/data/ChartData?fips=02000&year=1960&mtype=3,200,text/plain,BIJVKDPEERCH3OW7DEVAOIZKUWVXU3TJ,SAWP5,save-merged-p105.arquivo.pt-20260617173238-UHG4XTI0RA.warc.gz,True,
2026-06-16T20:50:37+00:00,https://apps.bea.gov/regionalcore/data/ChartData?fips=53000&year=2024&mtype=3,200,text/plain,72B4WVZCV3NHX3SZ653FIGDFIWCTMLPB,SAWP5,save-merged-p107.arquivo.pt-20260617181905-1KFVGUIQKK.warc.gz,True,
2026-06-16T20:50:38+00:00,https://apps.bea.gov/regionalcore/data/ChartData?fips=02000&year=2013&mtype=3,200,text/plain,6PLSGKCM3UX6SL7AK6VLBRV2YPOKPBAQ,SAWP5,save-merged-p106.arquivo.pt-20260617192819-H6UKOL5KIY.warc.gz,True,
2026-06-16T20:50:38+00:00,https://apps.bea.gov/regionalcore/data/ChartData?fips=02000&year=2020&mtype=3,200,text/plain,67J6DUZJL6CKDTOGCCJ7PK2SHA53Y3LR,SAWP5,save-merged-p106.arquivo.pt-20260617192819-H6UKOL5KIY.warc.gz,True,
2026-06-16T20:50:38+00:00,https://apps.bea.gov/regionalcore/data/ChartData?fips=54000&year=2024&mtype=3,200,text/plain,KWJZI75OK2OUCIE4NCJJTUU23USAO3OU,SAWP5,save-merged-p105.arquivo.pt-20260617172915-PJ1VLGJCWA.warc.gz,True,
2026-06-16T20:50:39+00:00,https://apps.bea.gov/regionalcore/data/ChartData?fips=02000&year=2024&mtype=3,200,text/plain,N4VH2Q2QFWM3PJOS2L2UKNDLNNWERBDI,SAWP5,save-merged-p105.arquivo.pt-20260617173234-FXOFRJHRC9.warc.gz,True,
2026-06-16T20:50:39+00:00,https://apps.bea.gov/regionalcore/data/ChartData?fips=55000&year=2024&mtype=3,200,text/plain,IBTGL6CYQH4KUQGSV2CWOLEHJDPSD7AF,SAWP5,save-merged-p107.arquivo.pt-20260617181905-1KFVGUIQKK.warc.gz,True,
2026-06-16T20:50:40+00:00,https://apps.bea.gov/regionalcore/data/ChartData?fips=06000&year=1960&mtype=3,200,text/plain,KP2WIIOGDUNIKXIDGB7FEFUDW4S2WJZ2,SAWP5,save-merged-p107.arquivo.pt-20260617181905-1KFVGUIQKK.warc.gz,True,
2026-06-16T20:50:41+00:00,https://apps.bea.gov/regionalcore/data/ChartData?fips=06000&year=2013&mtype=3,200,text/plain,QDJ5ZDUS3FK4I3ZXVJOFSEAHKKGA36Q6,SAWP5,save-merged-p105.arquivo.pt-20260617171324-BN4NKFCTX1.warc.gz,True,
2026-06-16T20:50:41+00:00,https://apps.bea.gov/regionalcore/data/ChartData?fips=06000&year=2020&mtype=3,200,text/plain,PJCZYBYMR7YJYNHPEYDLOSIJLWX5Z4GE,SAWP5,save-merged-p108.arquivo.pt-20260617202035-IOI3PVXYVC.warc.gz,True,
2026-06-16T20:50:43+00:00,https://apps.bea.gov/regionalcore/data/ChartData?fips=06000&year=2024&mtype=3,200,text/plain,BAOLQN77DSKHIRZVCLX4YQMVDXUSNH33,SAWP5,save-merged-p105.arquivo.pt-20260617171324-BN4NKFCTX1.warc.gz,True,
2026-06-16T20:50:44+00:00,https://apps.bea.gov/regionalcore/data/ChartData?fips=11000&year=1960&mtype=3,200,text/plain,DNMXE3ZOFKJ5LUJTH6R3PTE4YWSVO3M5,SAWP5,save-merged-p105.arquivo.pt-20260617173238-UHG4XTI0RA.warc.gz,True,
2026-06-16T20:50:44+00:00,https://apps.bea.gov/regionalcore/data/ChartData?fips=11000&year=2013&mtype=3,200,text/plain,RVBLY3PEY4BGMFD6UPFCXOFD3QA653RR,SAWP5,save-merged-p107.arquivo.pt-20260617182652-TCT3C8BDJQ.warc.gz,True,
2026-06-16T20:50:45+00:00,https://apps.bea.gov/regionalcore/data/ChartData?fips=11000&year=2020&mtype=3,200,text/plain,JV2MNAVXKXO3EMZ2BKUNY5TYLNYJHV7C,SAWP5,save-merged-p106.arquivo.pt-20260617192826-6TL9PGLH60.warc.gz,True,
2026-06-16T20:50:46+00:00,https://apps.bea.gov/regionalcore/data/ChartData?fips=11000&year=2024&mtype=3,200,text/plain,KLQ2MINAMGVSCANNGHBBT2B3BNSQKOLX,SAWP5,save-merged-p106.arquivo.pt-20260617192826-6TL9PGLH60.warc.gz,True,
2026-06-16T20:50:47+00:00,https://apps.bea.gov/regional/zip/SAINC.zip,200,application/x-zip-compressed,CIL2VA2BORXN7TQEWOSV2WN3CO73IXQM,SAWP5,save-merged-p107.arquivo.pt-20260617183337-0BN5MUUB0M.warc.gz,True,
2026-06-16T20:50:47+00:00,https://apps.bea.gov/regionalcore/data/ChartData?fips=38000&year=1960&mtype=3,200,text/plain,BKQPHYNCXFZ4ZB4KPWQINI44I264XGOZ,SAWP5,save-merged-p106.arquivo.pt-20260617192826-6TL9PGLH60.warc.gz,True,
2026-06-16T20:50:48+00:00,https://apps.bea.gov/regionalcore/data/ChartData?fips=38000&year=2013&mtype=3,200,text/plain,2W7VWMR33RILKKFQCCHT2455JRZO6QF2,SAWP5,save-merged-p105.arquivo.pt-20260617173238-UHG4XTI0RA.warc.gz,True,
2026-06-16T20:50:49+00:00,https://apps.bea.gov/regionalcore/data/ChartData?fips=38000&year=2020&mtype=3,200,text/plain,TZQTSAI2M27AE2CWPT6AUNCS3HZQISZC,SAWP5,save-merged-p106.arquivo.pt-20260617192814-NWC1K2Z2L1.warc.gz,True,
2026-06-16T20:50:50+00:00,https://apps.bea.gov/regionalcore/data/ChartData?fips=38000&year=2024&mtype=3,200,text/plain,U7VH7O6PZTKBHIM3WJSGTX5TG5XP4X5H,SAWP5,save-merged-p105.arquivo.pt-20260617173229-KOJTHZDL7J.warc.gz,True,
2026-06-16T20:50:51+00:00,https://apps.bea.gov/regionalcore/data/ChartData?fips=54000&year=1960&mtype=3,200,text/plain,LOFER3UZDLEW3IQ5B52B5V27XUO5Z2I7,SAWP5,save-merged-p107.arquivo.pt-20260617183337-0BN5MUUB0M.warc.gz,True,
2026-06-16T20:50:52+00:00,https://apps.bea.gov/regionalcore/data/ChartData?fips=54000&year=2013&mtype=3,200,text/plain,7GBNUEZPAF7WGOOTKJWRKZFULIWFOFOZ,SAWP5,save-merged-p105.arquivo.pt-20260617171324-BN4NKFCTX1.warc.gz,True,
2026-06-16T20:50:52+00:00,https://apps.bea.gov/regionalcore/data/ChartData?fips=54000&year=2020&mtype=3,200,text/plain,IHDFJABDNBMU3HKZ4BY5RDHJT26M2OL3,SAWP5,save-merged-p106.arquivo.pt-20260617193028-MTS9PEI3Y7.warc.gz,True,
2026-06-16T20:50:53+00:00,https://apps.bea.gov/regionalcore/data/ChartData?fips=54000&year=2024&mtype=3,200,text/plain,KWJZI75OK2OUCIE4NCJJTUU23USAO3OU,SAWP5,save-merged-p105.arquivo.pt-20260617173229-KOJTHZDL7J.warc.gz,True,
2026-06-16T20:50:58+00:00,https://apps.bea.gov/regionalcore/data/ChartData?fips=01000%26year=2023%26mtype=3%26cb=xyz1781642891,500,unk,3I42H3S6NNFQ2MSVX7XZKYAYSCX5QBYJ,SAWP5,save-merged-p106.arquivo.pt-20260617192423-6QYJ15PRGC.warc.gz,True,
2026-06-16T20:52:44+00:00,https://apps.bea.gov/regionalcore/data/ChartData?fips=55000&year=2013&mtype=3,200,text/plain,7IJPWNZ7DT7TW4DIIGOVU5P3WOOYJTGV,SAWP5,save-merged-p107.arquivo.pt-20260617183332-7WXZV7WTXC.warc.gz,True,
2026-06-16T20:53:10+00:00,https://apps.bea.gov/regionalcore/data/ChartData?fips=02000&year=2023&mtype=3&cb=1781643189,200,text/plain,V7AEGZV2SII3WTQRS5RNPHHM4OCXZBBW,SAWP5,save-merged-p107.arquivo.pt-20260617181905-1KFVGUIQKK.warc.gz,True,
2026-06-16T20:53:12+00:00,https://apps.bea.gov/regionalcore/data/ChartData?fips=02000&year=2023&mtype=3&cb=1781643189,200,text/plain,V7AEGZV2SII3WTQRS5RNPHHM4OCXZBBW,SAWP5,save-merged-p105.arquivo.pt-20260617173229-KOJTHZDL7J.warc.gz,True,
2026-06-16T20:53:14+00:00,https://apps.bea.gov/regionalcore/data/ChartData?fips=02000&year=2023&mtype=3&cb=1781643189,200,text/plain,V7AEGZV2SII3WTQRS5RNPHHM4OCXZBBW,SAWP5,save-merged-p107.arquivo.pt-20260617181905-1KFVGUIQKK.warc.gz,True,
2026-06-16T20:53:16+00:00,https://apps.bea.gov/regionalcore/data/ChartData?fips=02000%3Byear=2023%3Bmtype=3%3Bcb=1781643189,500,unk,3I42H3S6NNFQ2MSVX7XZKYAYSCX5QBYJ,SAWP5,save-merged-p107.arquivo.pt-20260617182652-TCT3C8BDJQ.warc.gz,True,
2026-06-16T20:53:37+00:00,https://apps.bea.gov/regionalcore/data/ChartData?fips=13000&year=2013&mtype=3,200,text/plain,AW4XSNZ3OL3THTPGDFFYRPTTJVQEI4WK,SAWP5,save-merged-p105.arquivo.pt-20260617171324-BN4NKFCTX1.warc.gz,True,
2026-06-16T20:53:38+00:00,https://apps.bea.gov/regionalcore/data/ChartData?fips=04000&year=2013&mtype=3,200,text/plain,UVRLPJEH2II762LLP4POPM3I2AAOVZ7A,SAWP5,save-merged-p105.arquivo.pt-20260617173238-UHG4XTI0RA.warc.gz,True,
2026-06-16T20:53:38+00:00,https://apps.bea.gov/regionalcore/data/ChartData?fips=05000&year=2013&mtype=3,200,text/plain,X42FVI2JBS2EFV67GVCHETOYA3NIXQYL,SAWP5,save-merged-p107.arquivo.pt-20260617183337-0BN5MUUB0M.warc.gz,True,
2026-06-16T20:53:38+00:00,https://apps.bea.gov/regionalcore/data/ChartData?fips=09000&year=2013&mtype=3,200,text/plain,54GLVS74QWTWKY7ZW5SAU2WSB6JVU2UF,SAWP5,save-merged-p105.arquivo.pt-20260617172055-ZCV0J1E7UC.warc.gz,True,
2026-06-16T20:53:38+00:00,https://apps.bea.gov/regionalcore/data/ChartData?fips=10000&year=2013&mtype=3,200,text/plain,56GBIMIRF7MKBEL7VMIZ4TTCCAO7HFV4,SAWP5,save-merged-p107.arquivo.pt-20260617183337-0BN5MUUB0M.warc.gz,True,
2026-06-16T20:53:38+00:00,https://apps.bea.gov/regionalcore/data/ChartData?fips=12000&year=2013&mtype=3,200,text/plain,YYJR5CRGRTRGLGZN2NVNPGQ4VUGMDDOW,SAWP5,save-merged-p105.arquivo.pt-20260617172055-ZCV0J1E7UC.warc.gz,True,
2026-06-16T20:53:38+00:00,https://apps.bea.gov/regionalcore/data/ChartData?fips=15000&year=2013&mtype=3,200,text/plain,KF63XJE4SQIMESXLHTHP5T57GQZ6TSEA,SAWP5,save-merged-p105.arquivo.pt-20260617171324-BN4NKFCTX1.warc.gz,True,
2026-06-16T20:53:38+00:00,https://apps.bea.gov/regionalcore/data/ChartData?fips=18000&year=2013&mtype=3,200,text/plain,IC5HAUFOI5IDHYSDUAQLNEQ5GHZLHUEE,SAWP5,save-merged-p105.arquivo.pt-20260617173238-UHG4XTI0RA.warc.gz,True,
2026-06-16T20:53:38+00:00,https://apps.bea.gov/regionalcore/data/ChartData?fips=19000&year=2013&mtype=3,200,text/plain,EFIHJQV75FUMI5BUS7T5L2IGRW6VJM4V,SAWP5,save-merged-p106.arquivo.pt-20260617193028-MTS9PEI3Y7.warc.gz,True,
2026-06-16T20:53:38+00:00,https://apps.bea.gov/regionalcore/data/ChartData?fips=20000&year=2013&mtype=3,200,text/plain,IRFPAVALKDFCWTVDXTYIL4A6XUKBTJBP,SAWP5,save-merged-p106.arquivo.pt-20260617193346-8KNJ3BCQ8U.warc.gz,True,
2026-06-16T20:53:39+00:00,https://apps.bea.gov/regionalcore/data/ChartData?fips=08000&year=2013&mtype=3,200,text/plain,GQDJDKAKAW2XPYELGWFVFWKSMNYD57VV,SAWP5,save-merged-p105.arquivo.pt-20260617173229-KOJTHZDL7J.warc.gz,True,
2026-06-16T20:53:39+00:00,https://apps.bea.gov/regionalcore/data/ChartData?fips=16000&year=2013&mtype=3,200,text/plain,QYALLZPKQXAE3UBY7YGWASM4OWKDRZRS,SAWP5,save-merged-p108.arquivo.pt-20260617202049-NOFS6HTPTU.warc.gz,True,
2026-06-16T20:53:39+00:00,https://apps.bea.gov/regionalcore/data/ChartData?fips=17000&year=2013&mtype=3,200,text/plain,3PLJXYPTDOOKUGKULMSY2M7E3FV3PKV5,SAWP5,save-merged-p108.arquivo.pt-20260617201658-F173KOV5US.warc.gz,True,
2026-06-16T20:53:39+00:00,https://apps.bea.gov/regionalcore/data/ChartData?fips=21000&year=2013&mtype=3,200,text/plain,J5KDCEFWE4DSTEDJPGKEJS53K437KNVS,SAWP5,save-merged-p105.arquivo.pt-20260617173229-KOJTHZDL7J.warc.gz,True,
2026-06-16T20:53:39+00:00,https://apps.bea.gov/regionalcore/data/ChartData?fips=22000&year=2013&mtype=3,200,text/plain,7RXGSGLTU3EMK2CGXLTOJPRXRMEWOVFE,SAWP5,save-merged-p105.arquivo.pt-20260617173229-KOJTHZDL7J.warc.gz,True,
2026-06-16T20:53:39+00:00,https://apps.bea.gov/regionalcore/data/ChartData?fips=23000&year=2013&mtype=3,200,text/plain,Z5Y5EM5RL4OULQPNF4ATITCPUZZXJIXW,SAWP5,save-merged-p108.arquivo.pt-20260617202049-NOFS6HTPTU.warc.gz,True,
2026-06-16T20:53:39+00:00,https://apps.bea.gov/regionalcore/data/ChartData?fips=24000&year=2013&mtype=3,200,text/plain,2KXJ7GQZGJ6EP2DNXKFJZ5LCDP5HP6GG,SAWP5,save-merged-p107.arquivo.pt-20260617183337-0BN5MUUB0M.warc.gz,True,
2026-06-16T20:53:39+00:00,https://apps.bea.gov/regionalcore/data/ChartData?fips=25000&year=2013&mtype=3,200,text/plain,AOOO2TNCZDO6E4ZKECJNBQJWV4K6QJ2Y,SAWP5,save-merged-p105.arquivo.pt-20260617173229-KOJTHZDL7J.warc.gz,True,
2026-06-16T20:53:40+00:00,https://apps.bea.gov/regionalcore/data/ChartData?fips=26000&year=2013&mtype=3,200,text/plain,OA5MADRU4FAGDA6IVFZTDZUKELPPPZG7,SAWP5,save-merged-p108.arquivo.pt-20260617202035-IOI3PVXYVC.warc.gz,True,
2026-06-16T20:53:40+00:00,https://apps.bea.gov/regionalcore/data/ChartData?fips=27000&year=2013&mtype=3,200,text/plain,4YSB555XJCXTSA7D6SU3OYHSGQCQBMFC,SAWP5,save-merged-p105.arquivo.pt-20260617173238-UHG4XTI0RA.warc.gz,True,
2026-06-16T20:53:40+00:00,https://apps.bea.gov/regionalcore/data/ChartData?fips=28000&year=2013&mtype=3,200,text/plain,VKLR3XQ7O7NJ7YBQBAPEP67ZHPDRTTEQ,SAWP5,save-merged-p108.arquivo.pt-20260617202035-IOI3PVXYVC.warc.gz,True,
2026-06-16T20:53:40+00:00,https://apps.bea.gov/regionalcore/data/ChartData?fips=29000&year=2013&mtype=3,200,text/plain,6ASE6H2V6XUQMWCFYUMEVJMALGK2F4OT,SAWP5,save-merged-p106.arquivo.pt-20260617192819-H6UKOL5KIY.warc.gz,True,
2026-06-16T20:53:40+00:00,https://apps.bea.gov/regionalcore/data/ChartData?fips=30000&year=2013&mtype=3,200,text/plain,H2EGEL3FAHROIHRAIZ5AQDMW5DNJ4F5O,SAWP5,save-merged-p107.arquivo.pt-20260617181905-1KFVGUIQKK.warc.gz,True,
2026-06-16T20:53:40+00:00,https://apps.bea.gov/regionalcore/data/ChartData?fips=31000&year=2013&mtype=3,200,text/plain,DZFRMNFYHFWQ7ZQ2G35EHURLLXW6Z3P6,SAWP5,save-merged-p107.arquivo.pt-20260617183332-7WXZV7WTXC.warc.gz,True,
2026-06-16T20:53:40+00:00,https://apps.bea.gov/regionalcore/data/ChartData?fips=32000&year=2013&mtype=3,200,text/plain,7ZG2T4UYRGZJPHBHPGPAEL3M22A3OTTY,SAWP5,save-merged-p108.arquivo.pt-20260617202049-NOFS6HTPTU.warc.gz,True,
2026-06-16T20:53:40+00:00,https://apps.bea.gov/regionalcore/data/ChartData?fips=33000&year=2013&mtype=3,200,text/plain,S7KO6SMZEKCRS3IGMEIV6C4QCU3UBY32,SAWP5,save-merged-p108.arquivo.pt-20260617202049-NOFS6HTPTU.warc.gz,True,
2026-06-16T20:53:40+00:00,https://apps.bea.gov/regionalcore/data/ChartData?fips=34000&year=2013&mtype=3,200,text/plain,HEZYUTIQ57BPFT42EMY5ONK5KB76DIGX,SAWP5,save-merged-p108.arquivo.pt-20260617202035-IOI3PVXYVC.warc.gz,True,
2026-06-16T20:53:40+00:00,https://apps.bea.gov/regionalcore/data/ChartData?fips=35000&year=2013&mtype=3,200,text/plain,LSKKPZISFMO47PCD3OXCPIHTQGTWZN36,SAWP5,save-merged-p105.arquivo.pt-20260617171324-BN4NKFCTX1.warc.gz,True,
2026-06-16T20:53:40+00:00,https://apps.bea.gov/regionalcore/data/ChartData?fips=36000&year=2013&mtype=3,200,text/plain,UCYHJJGPBON7EGPQVDWA3Q4DY3IFMWX3,SAWP5,save-merged-p106.arquivo.pt-20260617193346-8KNJ3BCQ8U.warc.gz,True,
2026-06-16T20:53:40+00:00,https://apps.bea.gov/regionalcore/data/ChartData?fips=37000&year=2013&mtype=3,200,text/plain,2GMZEKILUGDZ2LUJFVJ4KX3UJUWUGHSO,SAWP5,save-merged-p105.arquivo.pt-20260617173229-KOJTHZDL7J.warc.gz,True,
2026-06-16T20:53:41+00:00,https://apps.bea.gov/regionalcore/data/ChartData?fips=39000&year=2013&mtype=3,200,text/plain,HFZNKDZ2TY6ATP6SXE33GZYGB3ZGSLS4,SAWP5,save-merged-p106.arquivo.pt-20260617193028-MTS9PEI3Y7.warc.gz,True,
2026-06-16T20:53:41+00:00,https://apps.bea.gov/regionalcore/data/ChartData?fips=40000&year=2013&mtype=3,200,text/plain,HUEQYALEHK7PSOLLAMEP3P6ETMTFXS6Q,SAWP5,save-merged-p106.arquivo.pt-20260617191946-W9IG51L4RR.warc.gz,True,
2026-06-16T20:53:41+00:00,https://apps.bea.gov/regionalcore/data/ChartData?fips=41000&year=2013&mtype=3,200,text/plain,LQW4F2LD72RTI4FHPZ55XJD2SOMXI2HL,SAWP5,save-merged-p105.arquivo.pt-20260617173234-FXOFRJHRC9.warc.gz,True,
2026-06-16T20:53:41+00:00,https://apps.bea.gov/regionalcore/data/ChartData?fips=42000&year=2013&mtype=3,200,text/plain,3BEDGUEFB3F4GJT4P4JW5QYIIKYWXDCZ,SAWP5,save-merged-p106.arquivo.pt-20260617193346-8KNJ3BCQ8U.warc.gz,True,
2026-06-16T20:53:41+00:00,https://apps.bea.gov/regionalcore/data/ChartData?fips=44000&year=2013&mtype=3,200,text/plain,RGUGUGTJRWUAKJPU53V2H3Z426SOCUH7,SAWP5,save-merged-p105.arquivo.pt-20260617173234-FXOFRJHRC9.warc.gz,True,
2026-06-16T20:53:41+00:00,https://apps.bea.gov/regionalcore/data/ChartData?fips=45000&year=2013&mtype=3,200,text/plain,UMAHNAZXW4XEEUJECSPW54U6MH7C362G,SAWP5,save-merged-p108.arquivo.pt-20260617201658-F173KOV5US.warc.gz,True,
2026-06-16T20:53:41+00:00,https://apps.bea.gov/regionalcore/data/ChartData?fips=46000&year=2013&mtype=3,200,text/plain,3VRFMHXWZTUDBDWEVTWPGHS25NHF6NWL,SAWP5,save-merged-p107.arquivo.pt-20260617182652-TCT3C8BDJQ.warc.gz,True,
2026-06-16T20:53:41+00:00,https://apps.bea.gov/regionalcore/data/ChartData?fips=47000&year=2013&mtype=3,200,text/plain,J7EYZYS3QMO3HWOVR5WSQDGB5JNNRDDZ,SAWP5,save-merged-p107.arquivo.pt-20260617181905-1KFVGUIQKK.warc.gz,True,
2026-06-16T20:53:41+00:00,https://apps.bea.gov/regionalcore/data/ChartData?fips=48000&year=2013&mtype=3,403,text/html,IECVYPNAYUSSV7IAAL4WNB6XB57SGKIC,SAWP5,save-merged-p107.arquivo.pt-20260617183337-0BN5MUUB0M.warc.gz,True,
2026-06-16T20:53:41+00:00,https://apps.bea.gov/regionalcore/data/ChartData?fips=49000&year=2013&mtype=3,200,text/plain,OSDXEABG4E3YP5RTYDKCXJTAF3ELP342,SAWP5,save-merged-p108.arquivo.pt-20260617201658-F173KOV5US.warc.gz,True,
2026-06-16T20:53:41+00:00,https://apps.bea.gov/regionalcore/data/ChartData?fips=50000&year=2013&mtype=3,200,text/plain,2DMLNDOY56HDQKPQ3L5U7JP5B4M466PI,SAWP5,save-merged-p106.arquivo.pt-20260617191946-W9IG51L4RR.warc.gz,True,
2026-06-16T20:53:42+00:00,https://apps.bea.gov/regionalcore/data/ChartData?fips=51000&year=2013&mtype=3,200,text/plain,4SYK6H4WSM6LIXMGEDXVL2IONFUUKSMQ,SAWP5,save-merged-p106.arquivo.pt-20260617192819-H6UKOL5KIY.warc.gz,True,
2026-06-16T20:53:42+00:00,https://apps.bea.gov/regionalcore/data/ChartData?fips=53000&year=2013&mtype=3,200,text/plain,BGB4FRJJN62YIYTC2UJHTJLWCB4H6YPT,SAWP5,save-merged-p105.arquivo.pt-20260617173238-UHG4XTI0RA.warc.gz,True,
2026-06-16T20:53:55+00:00,https://apps.bea.gov/regionalcore/data/ChartData?fips=02000&year=2023&mtype=3&cb=1781643189,200,text/plain,V7AEGZV2SII3WTQRS5RNPHHM4OCXZBBW,SAWP5,save-merged-p108.arquivo.pt-20260617201658-F173KOV5US.warc.gz,True,
2026-06-16T20:53:58+00:00,https://apps.bea.gov/regionalcore/data/ChartData?fips=02000&year=2023&mtype=3&cb=1781643189,200,text/plain,V7AEGZV2SII3WTQRS5RNPHHM4OCXZBBW,SAWP5,save-merged-p105.arquivo.pt-20260617171324-BN4NKFCTX1.warc.gz,True,
2026-06-16T20:54:00+00:00,https://apps.bea.gov/regionalcore/data/ChartData?fips=02000&year=2023&mtype=3&cb=1781643189,200,text/plain,V7AEGZV2SII3WTQRS5RNPHHM4OCXZBBW,SAWP5,save-merged-p106.arquivo.pt-20260617193028-MTS9PEI3Y7.warc.gz,True,
2026-06-16T20:54:10+00:00,https://apps.bea.gov/regional/histdata/,301,text/html,3I42H3S6NNFQ2MSVX7XZKYAYSCX5QBYJ,SAWP5,save-merged-p106.arquivo.pt-20260617193346-8KNJ3BCQ8U.warc.gz,True,
2026-06-16T20:54:12+00:00,https://apps.bea.gov/regional/histdata/releases/,403,text/html,UBNOKG2KHYXAA5RCFS6L5HCYQM6N54II,SAWP5,save-merged-p107.arquivo.pt-20260617181905-1KFVGUIQKK.warc.gz,True,
2026-06-16T20:54:13+00:00,https://apps.bea.gov/regional/histdata/index.cfm,301,text/html,3I42H3S6NNFQ2MSVX7XZKYAYSCX5QBYJ,SAWP5,save-merged-p106.arquivo.pt-20260617192826-6TL9PGLH60.warc.gz,True,
2026-06-16T20:54:13+00:00,https://apps.bea.gov/regionalcore/data/ChartData?fips=48000&year=2013&mtype=3&x=1,200,text/plain,NSM6BJ63CBY7L2GRTMBRI2XCO3CG7R27,SAWP5,save-merged-p105.arquivo.pt-20260617172055-ZCV0J1E7UC.warc.gz,True,
2026-06-16T20:54:15+00:00,https://apps.bea.gov/regional/histdata/RegionalAccounts.html,200,text/html,HFYPROZIQUMO6W3N3O5BDN5RUSCCONPO,SAWP5,save-merged-p105.arquivo.pt-20260617173400-5WUN2G172S.warc.gz,True,
2026-06-16T20:54:26+00:00,https://apps.bea.gov/regional/zip/SAINC4_ALL_AREAS_1969_2024.csv,200,text/html,HFYPROZIQUMO6W3N3O5BDN5RUSCCONPO,SAWP5,save-merged-p105.arquivo.pt-20260617173234-FXOFRJHRC9.warc.gz,True,
2026-06-16T20:54:28+00:00,https://apps.bea.gov/api/data/?UserID=samplekey&method=GETDATA&datasetname=Regional&TableName=SAINC4&LineCode=47&GeoFIPS=51000&Year=2013&ResultFormat=JSON,200,application/json,P3S7YJYWK7IFAN3HUN35TVK7B4TOIQKN,SAWP5,save-merged-p108.arquivo.pt-20260617202035-IOI3PVXYVC.warc.gz,True,
2026-06-16T20:55:09+00:00,https://apps.bea.gov/regionalcore/data/ChartData?fips=56000&year=2023&mtype=3&__apncb=1781643308159,200,text/plain,BI4PVSPV2T3XDWWRV6VCARQHZDBNDLNQ,SAWP5,save-merged-p107.arquivo.pt-20260617183337-0BN5MUUB0M.warc.gz,True,
2026-06-16T20:55:10+00:00,https://apps.bea.gov/regional/zip/SAINC4.zip?cb=1,200,text/html,HFYPROZIQUMO6W3N3O5BDN5RUSCCONPO,SAWP5,save-merged-p107.arquivo.pt-20260617183337-0BN5MUUB0M.warc.gz,True,
2026-06-16T20:55:13+00:00,https://apps.bea.gov/regionalcore/data/ChartData?fips=56000&year=2023&mtype=3&__apncb=1781643308159,200,text/plain,BI4PVSPV2T3XDWWRV6VCARQHZDBNDLNQ,SAWP5,save-merged-p107.arquivo.pt-20260617181905-1KFVGUIQKK.warc.gz,True,
2026-06-16T20:55:23+00:00,https://apps.bea.gov/regional/bearfacts/js/amcharts4/core.js.map,200,text/plain,UJ2VUU2VSMCJMA2DTDT7GHZRF4YIRWTI,SAWP5,save-merged-p106.arquivo.pt-20260617193346-8KNJ3BCQ8U.warc.gz,True,
2026-06-16T20:55:34+00:00,https://apps.bea.gov/regionalcore/data/appinfo?cb=1781643332683680447,200,text/plain,GV5JZFTZQVZUFSKI6SEKUT2PZVKIPUHP,SAWP5,save-merged-p107.arquivo.pt-20260617183332-7WXZV7WTXC.warc.gz,True,
2026-06-16T20:55:47+00:00,https://apps.bea.gov/regionalcore/data/appinfo?__apncb=1781643346327,200,text/plain,GV5JZFTZQVZUFSKI6SEKUT2PZVKIPUHP,SAWP5,save-merged-p108.arquivo.pt-20260617202049-NOFS6HTPTU.warc.gz,True,
2026-06-16T20:55:51+00:00,https://apps.bea.gov/regionalcore/data/appinfo?__apncb=1781643346327,200,text/plain,GV5JZFTZQVZUFSKI6SEKUT2PZVKIPUHP,SAWP5,save-merged-p105.arquivo.pt-20260617173229-KOJTHZDL7J.warc.gz,True,
2026-06-16T20:56:06+00:00,https://apps.bea.gov/regional/bearfacts/?__apncb=1781643365195,200,text/html,J7SAO4RHDXH7RC2B3SVE2MHVWYNX2JJX,SAWP5,save-merged-p105.arquivo.pt-20260617172055-ZCV0J1E7UC.warc.gz,True,
2026-06-16T20:56:10+00:00,https://apps.bea.gov/regional/bearfacts/?__apncb=1781643365195,200,text/html,J7SAO4RHDXH7RC2B3SVE2MHVWYNX2JJX,SAWP5,save-merged-p107.arquivo.pt-20260617182647-0VM22ASYAK.warc.gz,True,
2026-06-16T20:56:33+00:00,https://apps.bea.gov/regional/bearfacts/js/bearfacts.js?__apncb=1781643391251,200,application/javascript,YI4WCHFFGS4EOYDVZVN46G5AEKCSEIY7,SAWP5,save-merged-p105.arquivo.pt-20260617173229-KOJTHZDL7J.warc.gz,True,
2026-06-16T20:56:37+00:00,https://apps.bea.gov/regional/bearfacts/js/bearfacts.js?__apncb=1781643391251,200,application/javascript,YI4WCHFFGS4EOYDVZVN46G5AEKCSEIY7,SAWP5,save-merged-p107.arquivo.pt-20260617183337-0BN5MUUB0M.warc.gz,True,
2026-06-16T20:56:52+00:00,https://apps.bea.gov/regional/histdata/releases/index.cfm,200,text/html,HFYPROZIQUMO6W3N3O5BDN5RUSCCONPO,SAWP5,save-merged-p106.arquivo.pt-20260617193028-MTS9PEI3Y7.warc.gz,True,
2026-06-16T20:56:55+00:00,https://apps.bea.gov/regional/histdata/releases/0324spi/,200,text/html,HFYPROZIQUMO6W3N3O5BDN5RUSCCONPO,SAWP5,save-merged-p107.arquivo.pt-20260617183337-0BN5MUUB0M.warc.gz,True,
2026-06-16T20:56:57+00:00,https://apps.bea.gov/regional/histdata/releases/0324spi/SAINC.zip,200,text/html,HFYPROZIQUMO6W3N3O5BDN5RUSCCONPO,SAWP5,save-merged-p106.arquivo.pt-20260617193028-MTS9PEI3Y7.warc.gz,True,
2026-06-16T20:57:24+00:00,https://apps.bea.gov/regionalcore/data/ChartData?fips=56000&year=2025&mtype=3&__apncb=1781643443319,200,text/plain,FRGRG6WNALGWRGO4Q5PADHLJU4FBLFNH,SAWP5,save-merged-p107.arquivo.pt-20260617183350-3RHVQIQSLS.warc.gz,True,
2026-06-16T20:57:25+00:00,https://apps.bea.gov/regionalcore/data/ChartData?fips=55000&year=2013&mtype=3,200,text/plain,7IJPWNZ7DT7TW4DIIGOVU5P3WOOYJTGV,SAWP5,save-merged-p106.arquivo.pt-20260617193346-8KNJ3BCQ8U.warc.gz,True,
2026-06-16T20:57:29+00:00,https://apps.bea.gov/regionalcore/data/ChartData?fips=56000&year=2025&mtype=3&__apncb=1781643443319,200,text/plain,FRGRG6WNALGWRGO4Q5PADHLJU4FBLFNH,SAWP5,save-merged-p105.arquivo.pt-20260617173229-KOJTHZDL7J.warc.gz,True,
2026-06-16T20:57:52+00:00,https://apps.bea.gov/histdata/,200,text/html,TD5KPSJSH76DCZ7WZVPPU3VMQWZM3WMK,SAWP5,save-merged-p106.arquivo.pt-20260617193346-8KNJ3BCQ8U.warc.gz,True,
2026-06-16T20:57:54+00:00,https://apps.bea.gov/histdata/js/RegionalAccounts.js,200,text/html,HFYPROZIQUMO6W3N3O5BDN5RUSCCONPO,SAWP5,save-merged-p107.arquivo.pt-20260617182247-NW4FVP7I19.warc.gz,True,
2026-06-16T20:58:00+00:00,https://apps.bea.gov/regionalcore/data/CountyList?areatype=4,200,text/plain,WVZ4VW337JLFV3QURZRL3B4BMM5CJMCS,SAWP5,save-merged-p105.arquivo.pt-20260617173238-UHG4XTI0RA.warc.gz,True,
2026-06-16T20:58:02+00:00,https://apps.bea.gov/regionalcore/data/CountyList?areatype=5,200,text/plain,WVZ4VW337JLFV3QURZRL3B4BMM5CJMCS,SAWP5,save-merged-p105.arquivo.pt-20260617173229-KOJTHZDL7J.warc.gz,True,
2026-06-16T20:58:09+00:00,https://apps.bea.gov/regionalcore/data/AreaTitles?geotype=5,200,text/plain,DMHLCHTDB474AWTPB26Z6R6AJ4YL6BL4,SAWP5,save-merged-p105.arquivo.pt-20260617173234-FXOFRJHRC9.warc.gz,True,
2026-06-16T20:58:44+00:00,https://apps.bea.gov/histdata/js/modules/index.js,200,application/javascript,EDUYAQX5GAYAP5CI5BIFYD7XTIEFFKYV,SAWP5,save-merged-p105.arquivo.pt-20260617171324-BN4NKFCTX1.warc.gz,True,
2026-06-16T20:59:18+00:00,https://apps.bea.gov/histdata/core/data/GetHistCategory,200,application/json,WNWBCOK6UZVDR5BJSTFWNQBZQYBSBXJ4,SAWP5,save-merged-p107.arquivo.pt-20260617183337-0BN5MUUB0M.warc.gz,True,
2026-06-16T20:59:20+00:00,https://apps.bea.gov/histdata/core/data/GetHistFileGroup/?histCateID=1,200,application/json,JVJEHLMEZVLKSEUGIJR4QYBHOJU7HXM2,SAWP5,save-merged-p106.arquivo.pt-20260617193028-MTS9PEI3Y7.warc.gz,True,
2026-06-16T20:59:39+00:00,https://apps.bea.gov/histdata/core/data/GetHistFileGroup/?histCateID=4,200,application/json,JON3MVXHBRABAA5P4WDVAKJS4UPDAV4Z,SAWP5,save-merged-p105.arquivo.pt-20260617173234-FXOFRJHRC9.warc.gz,True,
2026-06-16T20:59:41+00:00,https://apps.bea.gov/histdata/core/data/GetHistFileGroup/?histCateID=5,200,application/json,LXT7PIV3IDOHI2Y3NCA2IEXMBQJGLDME,SAWP5,save-merged-p107.arquivo.pt-20260617183337-0BN5MUUB0M.warc.gz,True,
2026-06-16T21:00:03+00:00,https://apps.bea.gov/histdata/HistFileDetails.html,200,text/html,CVTIT63O7C2OC6MQR4ER2JSYUMTGE2FC,SAWP5,save-merged-p108.arquivo.pt-20260617202049-NOFS6HTPTU.warc.gz,True,
2026-06-16T21:00:06+00:00,https://apps.bea.gov/histdata/js/modules/histFileDetails.js,200,application/javascript,CBDG3SIPNWPWNP4JJKAPHWDJLBSHDVZG,SAWP5,save-merged-p106.arquivo.pt-20260617193028-MTS9PEI3Y7.warc.gz,True,
2026-06-16T21:00:26+00:00,https://apps.bea.gov/histdata/core/data/GetHistFileDetails/?HistCateID=4&FileGroupID=292,200,application/json,XUGA6EGOQRIRCNSV43554AR62KFQ55QE,SAWP5,save-merged-p108.arquivo.pt-20260617202049-NOFS6HTPTU.warc.gz,True,
2026-06-16T21:00:28+00:00,https://apps.bea.gov/histdata/core/data/GetHistFile/?HistCateID=4&FileGroupID=292,404,unk,3I42H3S6NNFQ2MSVX7XZKYAYSCX5QBYJ,SAWP5,save-merged-p105.arquivo.pt-20260617173238-UHG4XTI0RA.warc.gz,True,
2026-06-16T21:00:30+00:00,https://apps.bea.gov/histdata/core/data/GetHistFileDetails/?FileGroupID=292,200,application/json,XUGA6EGOQRIRCNSV43554AR62KFQ55QE,SAWP5,save-merged-p107.arquivo.pt-20260617183332-7WXZV7WTXC.warc.gz,True,
2026-06-16T21:01:30+00:00,https://apps.bea.gov/histdata/core/data/GetHistFileDetails/?FileGroupID=290&FileType=HistFile,200,application/json,XEHX4HII3QLMTWZN3MLQ6LIIAF5IHDBZ,SAWP5,save-merged-p106.arquivo.pt-20260617193028-MTS9PEI3Y7.warc.gz,True,
2026-06-16T21:01:32+00:00,https://apps.bea.gov/histdata/core/data/GetHistFileDetails/?FileGroupID=292&FileType=HistFile,200,application/json,QQTNIGWSVOTBAIIW43NZB56KB5IGDTQZ,SAWP5,save-merged-p108.arquivo.pt-20260617202049-NOFS6HTPTU.warc.gz,True,
2026-06-16T21:01:33+00:00,https://apps.bea.gov/histdata/core/data/GetHistFileDetails/?FileGroupID=299&FileType=HistFile,200,application/json,RE6LAAHJXUAAY4WY4R3JEENDQ3RXZM3Q,SAWP5,save-merged-p105.arquivo.pt-20260617173400-5WUN2G172S.warc.gz,True,
2026-06-16T21:01:35+00:00,https://apps.bea.gov/histdata/core/data/GetHistFileDetails/?FileGroupID=287&FileType=HistFile,200,application/json,GX3WJE6C5I22MJY7YAP42CEROJQ3S7KF,SAWP5,save-merged-p106.arquivo.pt-20260617193028-MTS9PEI3Y7.warc.gz,True,
2026-06-16T21:01:36+00:00,https://apps.bea.gov/histdata/core/data/GetHistFileDetails/?FileGroupID=285&FileType=HistFile,200,application/json,UZIXHEKPNGZVLLORJZAUUNOIFBAD66K3,SAWP5,save-merged-p106.arquivo.pt-20260617193028-MTS9PEI3Y7.warc.gz,True,
2026-06-16T21:02:06+00:00,https://apps.bea.gov/regional/histdata/releases/0324pistate/SAINC.zip,200,application/x-zip-compressed,5RHVOC4MGSBXYEOL44ITII5BE52YH2OM,SAWP5,save-merged-p105.arquivo.pt-20260617173229-KOJTHZDL7J.warc.gz,True,
2026-06-16T21:02:10+00:00,https://apps.bea.gov/regional/histdata/releases/0324pistate/SQINC.zip,200,application/x-zip-compressed,XFJZWEIZEGCSZ7UB4P5XY77RWM22N2MG,SAWP5,save-merged-p105.arquivo.pt-20260617171324-BN4NKFCTX1.warc.gz,True,
2026-06-16T21:02:14+00:00,https://apps.bea.gov/regional/histdata/releases/0624pistate/SQINC.zip,200,application/x-zip-compressed,4AL2KKYYPSWZKXL5H5OSTATRBITZMQGS,SAWP5,save-merged-p107.arquivo.pt-20260617183337-0BN5MUUB0M.warc.gz,True,
2026-06-16T21:02:21+00:00,https://apps.bea.gov/regional/histdata/releases/0924pistate/SAINC.zip,200,application/x-zip-compressed,OGJ3ZO7U4IQR5N24IRYA2REJTOQYWO7F,SAWP5,save-merged-p106.arquivo.pt-20260617193346-8KNJ3BCQ8U.warc.gz,True,
2026-06-16T21:03:16+00:00,https://apps.bea.gov/regionalcore/data/ChartData?fips=04000&year=2013&mtype=3,200,text/plain,UVRLPJEH2II762LLP4POPM3I2AAOVZ7A,SAWP5,save-merged-p107.arquivo.pt-20260617183350-3RHVQIQSLS.warc.gz,True,
2026-06-16T21:03:16+00:00,https://apps.bea.gov/regionalcore/data/ChartData?fips=05000&year=2013&mtype=3,200,text/plain,X42FVI2JBS2EFV67GVCHETOYA3NIXQYL,SAWP5,save-merged-p105.arquivo.pt-20260617171324-BN4NKFCTX1.warc.gz,True,
2026-06-16T21:03:17+00:00,https://apps.bea.gov/regionalcore/data/ChartData?fips=06000&year=2013&mtype=3,200,text/plain,QDJ5ZDUS3FK4I3ZXVJOFSEAHKKGA36Q6,SAWP5,save-merged-p106.arquivo.pt-20260617192819-H6UKOL5KIY.warc.gz,True,
2026-06-16T21:03:17+00:00,https://apps.bea.gov/regionalcore/data/ChartData?fips=09000&year=2013&mtype=3,200,text/plain,54GLVS74QWTWKY7ZW5SAU2WSB6JVU2UF,SAWP5,save-merged-p107.arquivo.pt-20260617182231-UJTP0SRDT3.warc.gz,True,
2026-06-16T21:03:18+00:00,https://apps.bea.gov/regionalcore/data/ChartData?fips=10000&year=2013&mtype=3,200,text/plain,56GBIMIRF7MKBEL7VMIZ4TTCCAO7HFV4,SAWP5,save-merged-p105.arquivo.pt-20260617171324-BN4NKFCTX1.warc.gz,True,
2026-06-16T21:03:19+00:00,https://apps.bea.gov/regionalcore/data/ChartData?fips=11000&year=2013&mtype=3,200,text/plain,RVBLY3PEY4BGMFD6UPFCXOFD3QA653RR,SAWP5,save-merged-p106.arquivo.pt-20260617193346-8KNJ3BCQ8U.warc.gz,True,
2026-06-16T21:03:20+00:00,https://apps.bea.gov/regionalcore/data/ChartData?fips=13000&year=2013&mtype=3,200,text/plain,AW4XSNZ3OL3THTPGDFFYRPTTJVQEI4WK,SAWP5,save-merged-p105.arquivo.pt-20260617171324-BN4NKFCTX1.warc.gz,True,
2026-06-16T21:03:20+00:00,https://apps.bea.gov/regionalcore/data/ChartData?fips=15000&year=2013&mtype=3,200,text/plain,KF63XJE4SQIMESXLHTHP5T57GQZ6TSEA,SAWP5,save-merged-p105.arquivo.pt-20260617171324-BN4NKFCTX1.warc.gz,True,
2026-06-16T21:03:21+00:00,https://apps.bea.gov/regionalcore/data/ChartData?fips=16000&year=2013&mtype=3,200,text/plain,QYALLZPKQXAE3UBY7YGWASM4OWKDRZRS,SAWP5,save-merged-p108.arquivo.pt-20260617202035-IOI3PVXYVC.warc.gz,True,
2026-06-16T21:03:22+00:00,https://apps.bea.gov/regionalcore/data/ChartData?fips=17000&year=2013&mtype=3,200,text/plain,3PLJXYPTDOOKUGKULMSY2M7E3FV3PKV5,SAWP5,save-merged-p105.arquivo.pt-20260617172421-A7W6Y7AIT4.warc.gz,True,
2026-06-16T21:03:22+00:00,https://apps.bea.gov/regionalcore/data/ChartData?fips=18000&year=2013&mtype=3,200,text/plain,IC5HAUFOI5IDHYSDUAQLNEQ5GHZLHUEE,SAWP5,save-merged-p106.arquivo.pt-20260617192826-6TL9PGLH60.warc.gz,True,
2026-06-16T21:03:23+00:00,https://apps.bea.gov/regionalcore/data/ChartData?fips=19000&year=2013&mtype=3,200,text/plain,EFIHJQV75FUMI5BUS7T5L2IGRW6VJM4V,SAWP5,save-merged-p106.arquivo.pt-20260617193028-MTS9PEI3Y7.warc.gz,True,
2026-06-16T21:03:24+00:00,https://apps.bea.gov/regionalcore/data/ChartData?fips=20000&year=2013&mtype=3,200,text/plain,IRFPAVALKDFCWTVDXTYIL4A6XUKBTJBP,SAWP5,save-merged-p106.arquivo.pt-20260617191946-W9IG51L4RR.warc.gz,True,
2026-06-16T21:03:24+00:00,https://apps.bea.gov/regionalcore/data/ChartData?fips=21000&year=2013&mtype=3,200,text/plain,J5KDCEFWE4DSTEDJPGKEJS53K437KNVS,SAWP5,save-merged-p105.arquivo.pt-20260617173715-UDKQNIZ9GY.warc.gz,True,
2026-06-16T21:03:25+00:00,https://apps.bea.gov/regionalcore/data/ChartData?fips=22000&year=2013&mtype=3,200,text/plain,7RXGSGLTU3EMK2CGXLTOJPRXRMEWOVFE,SAWP5,save-merged-p105.arquivo.pt-20260617171324-BN4NKFCTX1.warc.gz,True,
2026-06-16T21:03:25+00:00,https://apps.bea.gov/regionalcore/data/ChartData?fips=23000&year=2013&mtype=3,200,text/plain,Z5Y5EM5RL4OULQPNF4ATITCPUZZXJIXW,SAWP5,save-merged-p107.arquivo.pt-20260617182240-9Z3A63AWKV.warc.gz,True,
2026-06-16T21:03:27+00:00,https://apps.bea.gov/regionalcore/data/ChartData?fips=25000&year=2013&mtype=3,200,text/plain,AOOO2TNCZDO6E4ZKECJNBQJWV4K6QJ2Y,SAWP5,save-merged-p106.arquivo.pt-20260617193028-MTS9PEI3Y7.warc.gz,True,
2026-06-16T21:03:27+00:00,https://apps.bea.gov/regionalcore/data/ChartData?fips=26000&year=2013&mtype=3,200,text/plain,OA5MADRU4FAGDA6IVFZTDZUKELPPPZG7,SAWP5,save-merged-p106.arquivo.pt-20260617192826-6TL9PGLH60.warc.gz,True,
2026-06-16T21:03:28+00:00,https://apps.bea.gov/regionalcore/data/ChartData?fips=27000&year=2013&mtype=3,200,text/plain,4YSB555XJCXTSA7D6SU3OYHSGQCQBMFC,SAWP5,save-merged-p108.arquivo.pt-20260617201554-4Z13CMB71U.warc.gz,True,
2026-06-16T21:03:28+00:00,https://apps.bea.gov/regionalcore/data/ChartData?fips=28000&year=2013&mtype=3,200,text/plain,VKLR3XQ7O7NJ7YBQBAPEP67ZHPDRTTEQ,SAWP5,save-merged-p105.arquivo.pt-20260617173238-UHG4XTI0RA.warc.gz,True,
2026-06-16T21:03:29+00:00,https://apps.bea.gov/regionalcore/data/ChartData?fips=29000&year=2013&mtype=3,200,text/plain,6ASE6H2V6XUQMWCFYUMEVJMALGK2F4OT,SAWP5,save-merged-p106.arquivo.pt-20260617193346-8KNJ3BCQ8U.warc.gz,True,
2026-06-16T21:03:30+00:00,https://apps.bea.gov/regionalcore/data/ChartData?fips=08000&year=2013&mtype=3,200,text/plain,GQDJDKAKAW2XPYELGWFVFWKSMNYD57VV,SAWP5,save-merged-p107.arquivo.pt-20260617183350-3RHVQIQSLS.warc.gz,True,
2026-06-16T21:03:30+00:00,https://apps.bea.gov/regionalcore/data/ChartData?fips=30000&year=2013&mtype=3,200,text/plain,H2EGEL3FAHROIHRAIZ5AQDMW5DNJ4F5O,SAWP5,save-merged-p106.arquivo.pt-20260617193028-MTS9PEI3Y7.warc.gz,True,
2026-06-16T21:03:30+00:00,https://apps.bea.gov/regionalcore/data/ChartData?fips=31000&year=2013&mtype=3,200,text/plain,DZFRMNFYHFWQ7ZQ2G35EHURLLXW6Z3P6,SAWP5,save-merged-p105.arquivo.pt-20260617171324-BN4NKFCTX1.warc.gz,True,
2026-06-16T21:03:32+00:00,https://apps.bea.gov/regionalcore/data/ChartData?fips=33000&year=2013&mtype=3,200,text/plain,S7KO6SMZEKCRS3IGMEIV6C4QCU3UBY32,SAWP5,save-merged-p107.arquivo.pt-20260617182312-XHD8JDIGEX.warc.gz,True,
2026-06-16T21:03:32+00:00,https://apps.bea.gov/regionalcore/data/ChartData?fips=34000&year=2013&mtype=3,200,text/plain,HEZYUTIQ57BPFT42EMY5ONK5KB76DIGX,SAWP5,save-merged-p107.arquivo.pt-20260617182240-9Z3A63AWKV.warc.gz,True,
2026-06-16T21:03:33+00:00,https://apps.bea.gov/regionalcore/data/ChartData?fips=35000&year=2013&mtype=3,200,text/plain,LSKKPZISFMO47PCD3OXCPIHTQGTWZN36,SAWP5,save-merged-p107.arquivo.pt-20260617183350-3RHVQIQSLS.warc.gz,True,
2026-06-16T21:03:34+00:00,https://apps.bea.gov/regionalcore/data/ChartData?fips=32000&year=2013&mtype=3,200,text/plain,7ZG2T4UYRGZJPHBHPGPAEL3M22A3OTTY,SAWP5,save-merged-p108.arquivo.pt-20260617202035-IOI3PVXYVC.warc.gz,True,
2026-06-16T21:03:34+00:00,https://apps.bea.gov/regionalcore/data/ChartData?fips=36000&year=2013&mtype=3,200,text/plain,UCYHJJGPBON7EGPQVDWA3Q4DY3IFMWX3,SAWP5,save-merged-p106.arquivo.pt-20260617193346-8KNJ3BCQ8U.warc.gz,True,
2026-06-16T21:03:34+00:00,https://apps.bea.gov/regionalcore/data/ChartData?fips=37000&year=2013&mtype=3,200,text/plain,2GMZEKILUGDZ2LUJFVJ4KX3UJUWUGHSO,SAWP5,save-merged-p107.arquivo.pt-20260617183337-0BN5MUUB0M.warc.gz,True,
2026-06-16T21:03:35+00:00,https://apps.bea.gov/regionalcore/data/ChartData?fips=38000&year=2013&mtype=3,200,text/plain,2W7VWMR33RILKKFQCCHT2455JRZO6QF2,SAWP5,save-merged-p108.arquivo.pt-20260617201554-4Z13CMB71U.warc.gz,True,
2026-06-16T21:03:35+00:00,https://apps.bea.gov/regionalcore/data/ChartData?fips=39000&year=2013&mtype=3,200,text/plain,HFZNKDZ2TY6ATP6SXE33GZYGB3ZGSLS4,SAWP5,save-merged-p105.arquivo.pt-20260617173234-FXOFRJHRC9.warc.gz,True,
2026-06-16T21:03:36+00:00,https://apps.bea.gov/regionalcore/data/ChartData?fips=40000&year=2013&mtype=3,200,text/plain,HUEQYALEHK7PSOLLAMEP3P6ETMTFXS6Q,SAWP5,save-merged-p105.arquivo.pt-20260617173715-UDKQNIZ9GY.warc.gz,True,
2026-06-16T21:03:37+00:00,https://apps.bea.gov/regionalcore/data/ChartData?fips=41000&year=2013&mtype=3,200,text/plain,LQW4F2LD72RTI4FHPZ55XJD2SOMXI2HL,SAWP5,save-merged-p106.arquivo.pt-20260617193028-MTS9PEI3Y7.warc.gz,True,
2026-06-16T21:03:37+00:00,https://apps.bea.gov/regionalcore/data/ChartData?fips=42000&year=2013&mtype=3,200,text/plain,3BEDGUEFB3F4GJT4P4JW5QYIIKYWXDCZ,SAWP5,save-merged-p107.arquivo.pt-20260617183332-7WXZV7WTXC.warc.gz,True,
2026-06-16T21:03:37+00:00,https://apps.bea.gov/regionalcore/data/ChartData?fips=44000&year=2013&mtype=3,403,text/html,OIHUA3FAXIILDKIO6NEGOZNECYTUV3SG,SAWP5,save-merged-p106.arquivo.pt-20260617193028-MTS9PEI3Y7.warc.gz,True,
2026-06-16T21:03:37+00:00,https://apps.bea.gov/regionalcore/data/ChartData?fips=45000&year=2013&mtype=3,200,text/plain,UMAHNAZXW4XEEUJECSPW54U6MH7C362G,SAWP5,save-merged-p106.arquivo.pt-20260617193028-MTS9PEI3Y7.warc.gz,True,
2026-06-16T21:03:39+00:00,https://apps.bea.gov/regionalcore/data/ChartData?fips=46000&year=2013&mtype=3,403,text/html,K3YBYF6GJQKSDXQ4WAOZG5K3J2Y62HM7,SAWP5,save-merged-p107.arquivo.pt-20260617182240-9Z3A63AWKV.warc.gz,True,
2026-06-16T21:03:39+00:00,https://apps.bea.gov/regionalcore/data/ChartData?fips=47000&year=2013&mtype=3,403,text/html,NO37ZORVY2JVH6ILPGJFFCWUHOE32FDH,SAWP5,save-merged-p108.arquivo.pt-20260617202035-IOI3PVXYVC.warc.gz,True,
2026-06-16T21:03:39+00:00,https://apps.bea.gov/regionalcore/data/ChartData?fips=48000&year=2013&mtype=3,200,text/plain,NSM6BJ63CBY7L2GRTMBRI2XCO3CG7R27,SAWP5,save-merged-p107.arquivo.pt-20260617182240-9Z3A63AWKV.warc.gz,True,
2026-06-16T21:03:40+00:00,https://apps.bea.gov/regionalcore/data/ChartData?fips=49000&year=2013&mtype=3,200,text/plain,OSDXEABG4E3YP5RTYDKCXJTAF3ELP342,SAWP5,save-merged-p105.arquivo.pt-20260617173234-FXOFRJHRC9.warc.gz,True,
2026-06-16T21:03:40+00:00,https://apps.bea.gov/regionalcore/data/ChartData?fips=50000&year=2013&mtype=3,200,text/plain,2DMLNDOY56HDQKPQ3L5U7JP5B4M466PI,SAWP5,save-merged-p108.arquivo.pt-20260617202049-NOFS6HTPTU.warc.gz,True,
2026-06-16T21:03:41+00:00,https://apps.bea.gov/regionalcore/data/ChartData?fips=53000&year=2013&mtype=3,200,text/plain,BGB4FRJJN62YIYTC2UJHTJLWCB4H6YPT,SAWP5,save-merged-p108.arquivo.pt-20260617202049-NOFS6HTPTU.warc.gz,True,
2026-06-16T21:03:41+00:00,https://apps.bea.gov/regionalcore/data/ChartData?fips=54000&year=2013&mtype=3,200,text/plain,7GBNUEZPAF7WGOOTKJWRKZFULIWFOFOZ,SAWP5,save-merged-p108.arquivo.pt-20260617201637-MH3Z6T47FX.warc.gz,True,
2026-06-16T21:03:48+00:00,https://apps.bea.gov/regionalcore/data/ChartData?fips=51000&year=2015&mtype=3,403,text/html,ZEDC6NU5HNSFHOL3FYWQUVTDNJR6CZR4,SAWP5,save-merged-p107.arquivo.pt-20260617182240-9Z3A63AWKV.warc.gz,True,
2026-06-16T21:04:08+00:00,https://apps.bea.gov/regionalcore/data/StateList?__apncb=1781643847248,200,text/plain,PYIBYBCG6KFN6FYXFLYEI7GKSLPCX5CI,SAWP5,save-merged-p105.arquivo.pt-20260617173234-FXOFRJHRC9.warc.gz,True,
2026-06-16T21:04:12+00:00,https://apps.bea.gov/regionalcore/data/StateList?__apncb=1781643847248,200,text/plain,PYIBYBCG6KFN6FYXFLYEI7GKSLPCX5CI,SAWP5,save-merged-p105.arquivo.pt-20260617173238-UHG4XTI0RA.warc.gz,True,
2026-06-16T21:04:27+00:00,https://apps.bea.gov/regional/zip/SQINC.zip,200,application/x-zip-compressed,OUFPOQLIFW6GFOXKJYMAFKQ3LFGZTGH4,SAWP5,save-merged-p106.arquivo.pt-20260617193346-8KNJ3BCQ8U.warc.gz,True,
2026-06-16T21:04:40+00:00,https://apps.bea.gov/regional/zip/,403,text/html,UBNOKG2KHYXAA5RCFS6L5HCYQM6N54II,SAWP5,save-merged-p105.arquivo.pt-20260617172421-A7W6Y7AIT4.warc.gz,True,
2026-06-16T21:04:42+00:00,https://apps.bea.gov/regional/zip/?,403,text/html,UBNOKG2KHYXAA5RCFS6L5HCYQM6N54II,SAWP5,save-merged-p106.arquivo.pt-20260617191946-W9IG51L4RR.warc.gz,True,
2026-06-16T21:05:13+00:00,https://apps.bea.gov/regionalcore/data/ChartData?fips=https://apps.bea.gov/regional/histdata/index.cfm&year=/tmp/x&mtype=3,400,application/problem+json,VLYRQU3GFWBEM5YPVWUMVOMG675VP26A,SAWP5,save-merged-p108.arquivo.pt-20260617201658-F173KOV5US.warc.gz,True,
2026-06-16T21:05:14+00:00,https://apps.bea.gov/regionalcore/data/ChartData?fips=https://apps.bea.gov/regional/histdata/index.cfm&year=/tmp/x&mtype=3,400,application/problem+json,PNODJLCYKT2QKFHEYB26DFYBWILGCCMH,SAWP5,save-merged-p107.arquivo.pt-20260617182240-9Z3A63AWKV.warc.gz,True,
2026-06-16T21:05:16+00:00,https://apps.bea.gov/regionalcore/data/ChartData?fips=https://apps.bea.gov/regional/histdata/&year=/tmp/x&mtype=3,400,application/problem+json,3LNL7H73MTM3SFFODGZUQFOWJDMSOH7E,SAWP5,save-merged-p105.arquivo.pt-20260617173238-UHG4XTI0RA.warc.gz,True,
2026-06-16T21:05:18+00:00,https://apps.bea.gov/regionalcore/data/ChartData?fips=https://apps.bea.gov/regional/histdata/releases/&year=/tmp/x&mtype=3,400,application/problem+json,IDAI4BWB62QTSL2UBNLIRMPONW7SU5XL,SAWP5,save-merged-p106.arquivo.pt-20260617193346-8KNJ3BCQ8U.warc.gz,True,
2026-06-16T21:05:20+00:00,https://apps.bea.gov/regionalcore/data/ChartData?fips=https://apps.bea.gov/regional/histdata/releases/&year=/tmp/x&mtype=3,400,application/problem+json,UYOEQN65TLCGKN7V6B7GYSFV2O7TUPDS,SAWP5,save-merged-p107.arquivo.pt-20260617182240-9Z3A63AWKV.warc.gz,True,
2026-06-16T21:05:21+00:00,https://apps.bea.gov/regional/zip/SAGDP.zip,200,application/x-zip-compressed,IZNSHVVKA3VOLNBTXLJBEMYWKR6YY7WX,SAWP5,save-merged-p105.arquivo.pt-20260617171324-BN4NKFCTX1.warc.gz,True,
2026-06-16T21:05:22+00:00,https://apps.bea.gov/regionalcore/data/ChartData?fips=https://apps.bea.gov/regional/histdata/releases/index.cfm&year=/tmp/x&mtype=3,400,application/problem+json,FM3LYGS5C2M2Q3FK36OOHV5YBJL4BVKM,SAWP5,save-merged-p105.arquivo.pt-20260617173238-UHG4XTI0RA.warc.gz,True,
2026-06-16T21:05:23+00:00,https://apps.bea.gov/regionalcore/data/ChartData?fips=https://apps.bea.gov/regional/histdata/releases/index.cfm&year=/tmp/x&mtype=3,400,application/problem+json,C6TUIAIDQV4MKAOX7PDOBCRPFZO4LRJQ,SAWP5,save-merged-p106.arquivo.pt-20260617193351-8LF16GGED3.warc.gz,True,
2026-06-16T21:05:49+00:00,https://apps.bea.gov/regionalcore/data/appinfo?cb=1,200,text/plain,GV5JZFTZQVZUFSKI6SEKUT2PZVKIPUHP,SAWP5,save-merged-p108.arquivo.pt-20260617202049-NOFS6HTPTU.warc.gz,True,
2026-06-16T21:06:40+00:00,https://apps.bea.gov/regional/histdata/releases/0323gdpstate/index.cfm,200,text/html,FRTLVXDWHFBDQDAU25SDGDYVKMMCF4HU,SAWP5,save-merged-p106.arquivo.pt-20260617192814-NWC1K2Z2L1.warc.gz,True,
2026-06-16T21:06:42+00:00,https://apps.bea.gov/regional/histdata/releases/0323gdpstate/index.cfm,200,text/html,FRTLVXDWHFBDQDAU25SDGDYVKMMCF4HU,SAWP5,save-merged-p105.arquivo.pt-20260617173715-UDKQNIZ9GY.warc.gz,True,
2026-06-16T21:07:02+00:00,https://apps.bea.gov/regional/zip/SQPCE.zip,200,text/html,HFYPROZIQUMO6W3N3O5BDN5RUSCCONPO,SAWP5,save-merged-p106.arquivo.pt-20260617193346-8KNJ3BCQ8U.warc.gz,True,
2026-06-16T21:07:30+00:00,https://apps.bea.gov/regionalcore/data/GSPData?fips=56000&year=2023&cb=0.3224679033966795,200,text/plain,BZ7T2JNHM4U6F3IFCITAH55IJPG2WC4L,SAWP5,save-merged-p107.arquivo.pt-20260617183332-7WXZV7WTXC.warc.gz,True,
2026-06-16T21:08:12+00:00,https://apps.bea.gov/regionalcore/data/GSPData?fips=01000&year=2013&cb=0.5801187714223037,200,text/plain,Y47SDOBBUHRB5YFBU3AOI6AR4V7LIH7U,SAWP5,save-merged-p107.arquivo.pt-20260617183337-0BN5MUUB0M.warc.gz,True,
2026-06-16T21:08:14+00:00,https://apps.bea.gov/regionalcore/data/GSPData?fips=01000&year=2023&cb=0.9007067435205667,200,text/plain,ZVQQXMSVLSEMDTKHDKRZ6QGHTEU5DFTR,SAWP5,save-merged-p107.arquivo.pt-20260617182652-TCT3C8BDJQ.warc.gz,True,
2026-06-16T21:08:15+00:00,https://apps.bea.gov/regionalcore/data/GSPData?fips=01000&year=2024&cb=0.8827689368347091,200,text/plain,QLRJZ5JGGF3G5ZKR6J6ZSPBHAL5LDWMB,SAWP5,save-merged-p105.arquivo.pt-20260617173901-OEYA0TB1F3.warc.gz,True,
2026-06-16T21:08:17+00:00,https://apps.bea.gov/regionalcore/data/GSPData?fips=02000&year=2013&cb=0.6057292052973403,200,text/plain,W65IVNOMOQAFVSIAOIKZ4M5IVJ5NOBMG,SAWP5,save-merged-p107.arquivo.pt-20260617183350-3RHVQIQSLS.warc.gz,True,
2026-06-16T21:08:18+00:00,https://apps.bea.gov/regionalcore/data/GSPData?fips=02000&year=2023&cb=0.0038606023544867085,200,text/plain,HLW2DSZNVOE7MUKNO74F4LNWEKB3QRAO,SAWP5,save-merged-p107.arquivo.pt-20260617183332-7WXZV7WTXC.warc.gz,True,
2026-06-16T21:08:20+00:00,https://apps.bea.gov/regionalcore/data/GSPData?fips=02000&year=2024&cb=0.9051612255268743,200,text/plain,N24GLCMYEX6EI2URTC5UXRIISAX7KH5T,SAWP5,save-merged-p107.arquivo.pt-20260617182652-TCT3C8BDJQ.warc.gz,True,
2026-06-16T21:08:21+00:00,https://apps.bea.gov/regionalcore/data/GSPData?fips=04000&year=2013&cb=0.4233380798109364,200,text/plain,BYPLHBYJI6CS2J66WS2C7UDJGMCUSQLA,SAWP5,save-merged-p107.arquivo.pt-20260617183350-3RHVQIQSLS.warc.gz,True,
2026-06-16T21:08:23+00:00,https://apps.bea.gov/regionalcore/data/GSPData?fips=04000&year=2023&cb=0.2643008750673205,200,text/plain,I3KX4NZESIWMF3D75HWKHTAHDVSE6V5N,SAWP5,save-merged-p105.arquivo.pt-20260617173234-FXOFRJHRC9.warc.gz,True,
2026-06-16T21:08:25+00:00,https://apps.bea.gov/regionalcore/data/GSPData?fips=04000&year=2024&cb=0.5509332401731829,200,text/plain,IKH6G2BC5K55U4D4LINY63LSZMRV4JCK,SAWP5,save-merged-p106.arquivo.pt-20260617192819-H6UKOL5KIY.warc.gz,True,
2026-06-16T21:08:27+00:00,https://apps.bea.gov/regionalcore/data/GSPData?fips=05000&year=2013&cb=0.19743639896798026,200,text/plain,VRYBG5JCXYTII3QP7H5GRY4ELQ4KBO66,SAWP5,save-merged-p105.arquivo.pt-20260617173238-UHG4XTI0RA.warc.gz,True,
2026-06-16T21:08:29+00:00,https://apps.bea.gov/regionalcore/data/GSPData?fips=05000&year=2023&cb=0.7562413257482051,200,text/plain,QMBRJH43PRPWCS5O6CHWKJKZLQPXFLIL,SAWP5,save-merged-p108.arquivo.pt-20260617202035-IOI3PVXYVC.warc.gz,True,
2026-06-16T21:08:31+00:00,https://apps.bea.gov/regionalcore/data/GSPData?fips=05000&year=2024&cb=0.4927803476040772,200,text/plain,HDEMF36JUX5N6B33AG6LAH6HFAYXSO7P,SAWP5,save-merged-p105.arquivo.pt-20260617173234-FXOFRJHRC9.warc.gz,True,
2026-06-16T21:08:32+00:00,https://apps.bea.gov/regionalcore/data/GSPData?fips=06000&year=2013&cb=0.46726008899261007,200,text/plain,FFXMQ4YOESDV2JVWGLFXOPG2NUIUWZGR,SAWP5,save-merged-p107.arquivo.pt-20260617183350-3RHVQIQSLS.warc.gz,True,
2026-06-16T21:08:34+00:00,https://apps.bea.gov/regionalcore/data/GSPData?fips=06000&year=2023&cb=0.29844648307017263,200,text/plain,HQDSLGBXWPYAYI67XZHWYMRLPCDPN3WQ,SAWP5,save-merged-p106.arquivo.pt-20260617192819-H6UKOL5KIY.warc.gz,True,
2026-06-16T21:08:35+00:00,https://apps.bea.gov/regionalcore/data/GSPData?fips=06000&year=2024&cb=0.575490289876777,200,text/plain,NWDWOFPVZQUQLWDSYUDF57VXKF6QNCUL,SAWP5,save-merged-p107.arquivo.pt-20260617182652-TCT3C8BDJQ.warc.gz,True,
2026-06-16T21:08:37+00:00,https://apps.bea.gov/regionalcore/data/GSPData?fips=08000&year=2013&cb=0.9359428940079818,200,text/plain,5MAQ7XZBEOLJQ3L5S6HRPNN3K6FEWGLS,SAWP5,save-merged-p107.arquivo.pt-20260617183350-3RHVQIQSLS.warc.gz,True,
2026-06-16T21:08:38+00:00,https://apps.bea.gov/regionalcore/data/GSPData?fips=08000&year=2023&cb=0.5963839934833421,200,text/plain,6JPWO7AK55EPL434KQMMSYB24RC3L6SR,SAWP5,save-merged-p106.arquivo.pt-20260617193346-8KNJ3BCQ8U.warc.gz,True,
2026-06-16T21:08:40+00:00,https://apps.bea.gov/regionalcore/data/GSPData?fips=08000&year=2024&cb=0.7103971910065662,200,text/plain,5Y4DO27FNUADTBPQ6OURENMUXANMWFMD,SAWP5,save-merged-p105.arquivo.pt-20260617173238-UHG4XTI0RA.warc.gz,True,
2026-06-16T21:08:41+00:00,https://apps.bea.gov/regionalcore/data/GSPData?fips=09000&year=2013&cb=0.9591452580788614,200,text/plain,OHRLPUTVW7AY4RFGG2LRDQUZKHVDHYTO,SAWP5,save-merged-p106.arquivo.pt-20260617191946-W9IG51L4RR.warc.gz,True,
2026-06-16T21:08:43+00:00,https://apps.bea.gov/regionalcore/data/GSPData?fips=09000&year=2023&cb=0.4839852422417358,200,text/plain,UIQH6RVOKXOM7IM7A5BB7YP3DWRZR32P,SAWP5,save-merged-p107.arquivo.pt-20260617183350-3RHVQIQSLS.warc.gz,True,
2026-06-16T21:08:45+00:00,https://apps.bea.gov/regionalcore/data/GSPData?fips=09000&year=2024&cb=0.9324057416311342,200,text/plain,RJFEDAGWGJIHBW2G2BGIHI56G65N542X,SAWP5,save-merged-p108.arquivo.pt-20260617202035-IOI3PVXYVC.warc.gz,True,
2026-06-16T21:08:46+00:00,https://apps.bea.gov/regionalcore/data/GSPData?fips=10000&year=2013&cb=0.08178535219114946,200,text/plain,C7FBM2BISBZHBE22TCCK3PJAWT3H22QX,SAWP5,save-merged-p105.arquivo.pt-20260617173901-OEYA0TB1F3.warc.gz,True,
2026-06-16T21:08:48+00:00,https://apps.bea.gov/regionalcore/data/GSPData?fips=10000&year=2023&cb=0.06794087477930333,200,text/plain,WGSTAD46WRIEHAGRVCNNU6DI2DEAPUP2,SAWP5,save-merged-p107.arquivo.pt-20260617183332-7WXZV7WTXC.warc.gz,True,
2026-06-16T21:08:49+00:00,https://apps.bea.gov/regionalcore/data/GSPData?fips=10000&year=2024&cb=0.9934105205418015,200,text/plain,PDFNA5H5UBC546PCVBKIFU65GBKDHP2R,SAWP5,save-merged-p107.arquivo.pt-20260617183350-3RHVQIQSLS.warc.gz,True,
2026-06-16T21:08:51+00:00,https://apps.bea.gov/regionalcore/data/GSPData?fips=11000&year=2013&cb=0.07449414905836227,200,text/plain,HRIPEVGW5A3HEVVZ4IZ23X3COQ2KDOY4,SAWP5,save-merged-p106.arquivo.pt-20260617193346-8KNJ3BCQ8U.warc.gz,True,
2026-06-16T21:08:52+00:00,https://apps.bea.gov/regionalcore/data/GSPData?fips=11000&year=2023&cb=0.8077283810357736,200,text/plain,G54A753STHQNLQOU25JSZ7QIPA4ZQSGD,SAWP5,save-merged-p106.arquivo.pt-20260617193346-8KNJ3BCQ8U.warc.gz,True,
2026-06-16T21:08:54+00:00,https://apps.bea.gov/regionalcore/data/GSPData?fips=11000&year=2024&cb=0.06693001652799013,200,text/plain,A4Y667QUYOHPKT2PWO3YOYCAR2GEOPE3,SAWP5,save-merged-p106.arquivo.pt-20260617193351-8LF16GGED3.warc.gz,True,
2026-06-16T21:08:55+00:00,https://apps.bea.gov/regionalcore/data/GSPData?fips=12000&year=2013&cb=0.8948700874003112,200,text/plain,SQ25FPQEFQR4APGAISV26EIH247FKWWA,SAWP5,save-merged-p108.arquivo.pt-20260617201658-F173KOV5US.warc.gz,True,
2026-06-16T21:08:57+00:00,https://apps.bea.gov/regionalcore/data/GSPData?fips=12000&year=2023&cb=0.6130810016779673,200,text/plain,B2RG4GPJXAF2NOZUY7I6BOC45RXGZ6CY,SAWP5,save-merged-p105.arquivo.pt-20260617173234-FXOFRJHRC9.warc.gz,True,
2026-06-16T21:08:59+00:00,https://apps.bea.gov/regionalcore/data/GSPData?fips=12000&year=2024&cb=0.48524127088045155,200,text/plain,HBQ6DS3C6B72V5EWJ2KBVRCUGABDRP4G,SAWP5,save-merged-p107.arquivo.pt-20260617182652-TCT3C8BDJQ.warc.gz,True,
2026-06-16T21:09:00+00:00,https://apps.bea.gov/regionalcore/data/GSPData?fips=13000&year=2013&cb=0.8975186518300996,200,text/plain,V4OS3FJX3IAE4TXVSFW5NLQGUTSML5M7,SAWP5,save-merged-p107.arquivo.pt-20260617183350-3RHVQIQSLS.warc.gz,True,
2026-06-16T21:09:02+00:00,https://apps.bea.gov/regionalcore/data/GSPData?fips=13000&year=2023&cb=0.8690030939999513,200,text/plain,BQGXKRDE4O4B4JT7S6AQSJZUCMNDZGXN,SAWP5,save-merged-p106.arquivo.pt-20260617193346-8KNJ3BCQ8U.warc.gz,True,
2026-06-16T21:09:03+00:00,https://apps.bea.gov/regionalcore/data/GSPData?fips=13000&year=2024&cb=0.057929865850152584,200,text/plain,QHDZ6V4SQPSZXD7HWK64DZSODI3W53NS,SAWP5,save-merged-p107.arquivo.pt-20260617183350-3RHVQIQSLS.warc.gz,True,
2026-06-16T21:09:05+00:00,https://apps.bea.gov/regionalcore/data/GSPData?fips=15000&year=2013&cb=0.24155255690622468,200,text/plain,KZAK37PZC7DA3DHUEDQQZCVUAQRJSPGQ,SAWP5,save-merged-p105.arquivo.pt-20260617173906-T5DWKZSI5I.warc.gz,True,
2026-06-16T21:09:06+00:00,https://apps.bea.gov/regionalcore/data/GSPData?fips=15000&year=2023&cb=0.7924620679482501,200,text/plain,FLJZSUTVF5OCOGVGPKNY4PTSUY2GVBQV,SAWP5,save-merged-p107.arquivo.pt-20260617182652-TCT3C8BDJQ.warc.gz,True,
2026-06-16T21:09:08+00:00,https://apps.bea.gov/regionalcore/data/GSPData?fips=15000&year=2024&cb=0.01714554446812655,200,text/plain,RXNUETOPLMSXJOMGDBCYU4HD47N5O3F4,SAWP5,save-merged-p106.arquivo.pt-20260617191946-W9IG51L4RR.warc.gz,True,
2026-06-16T21:09:10+00:00,https://apps.bea.gov/regionalcore/data/GSPData?fips=16000&year=2013&cb=0.45819144058390326,200,text/plain,TW3JBHFYZW3B3FEGOKIGJ6EGG52NUFAK,SAWP5,save-merged-p105.arquivo.pt-20260617173715-UDKQNIZ9GY.warc.gz,True,
2026-06-16T21:09:11+00:00,https://apps.bea.gov/regionalcore/data/GSPData?fips=16000&year=2023&cb=0.67059381970483,200,text/plain,4XJJQ7TY3FPKD2Q3LX6DFFO7WQQRNVKM,SAWP5,save-merged-p107.arquivo.pt-20260617182240-9Z3A63AWKV.warc.gz,True,
2026-06-16T21:12:00+00:00,https://apps.bea.gov/regional/zip/CAINC4.zip,200,application/x-zip-compressed,K6NXHIWIINSMMMPKFYXXH2XCTYILUCYS,SAWP5,save-merged-p105.arquivo.pt-20260617173946-I0198JTPYG.warc.gz,True,
2026-06-16T21:12:02+00:00,https://apps.bea.gov/regional/zip/CAINC4.zip,200,application/x-zip-compressed,K6NXHIWIINSMMMPKFYXXH2XCTYILUCYS,SAWP5,save-merged-p106.arquivo.pt-20260617193358-R0E8DPMPW4.warc.gz,True,
2026-06-16T21:13:05+00:00,https://apps.bea.gov/regional/histdata/releases/0323pistate/index.cfm,200,text/html,KWDT4IAONBFDLVMSMHHNHDPH4P7ANBH2,SAWP5,save-merged-p107.arquivo.pt-20260617183350-3RHVQIQSLS.warc.gz,True,
2026-06-16T21:13:05+00:00,https://apps.bea.gov/regional/histdata/releases/0323qpi/index.cfm,200,text/html,HFYPROZIQUMO6W3N3O5BDN5RUSCCONPO,SAWP5,save-merged-p105.arquivo.pt-20260617173946-I0198JTPYG.warc.gz,True,
2026-06-16T21:13:05+00:00,https://apps.bea.gov/regional/histdata/releases/0323sqpi/index.cfm,200,text/html,CHCBSIEC7H35RNV5BIYBKH33TYZUWENP,SAWP5,save-merged-p105.arquivo.pt-20260617173946-I0198JTPYG.warc.gz,True,
2026-06-16T21:13:06+00:00,https://apps.bea.gov/regional/histdata/releases/0323statepi/index.cfm,200,text/html,HFYPROZIQUMO6W3N3O5BDN5RUSCCONPO,SAWP5,save-merged-p105.arquivo.pt-20260617173946-I0198JTPYG.warc.gz,True,
2026-06-16T21:13:07+00:00,https://apps.bea.gov/regional/histdata/releases/0323pistate/index.cfm,200,text/html,KWDT4IAONBFDLVMSMHHNHDPH4P7ANBH2,SAWP5,save-merged-p107.arquivo.pt-20260617183350-3RHVQIQSLS.warc.gz,True,
2026-06-16T21:13:07+00:00,https://apps.bea.gov/regional/histdata/releases/0323qpi/index.cfm,200,text/html,HFYPROZIQUMO6W3N3O5BDN5RUSCCONPO,SAWP5,save-merged-p105.arquivo.pt-20260617171324-BN4NKFCTX1.warc.gz,True,
2026-06-16T21:13:07+00:00,https://apps.bea.gov/regional/histdata/releases/0323sqpi/index.cfm,200,text/html,CHCBSIEC7H35RNV5BIYBKH33TYZUWENP,SAWP5,save-merged-p107.arquivo.pt-20260617183350-3RHVQIQSLS.warc.gz,True,
2026-06-16T21:13:07+00:00,https://apps.bea.gov/regional/histdata/releases/0323statepi/index.cfm,200,text/html,HFYPROZIQUMO6W3N3O5BDN5RUSCCONPO,SAWP5,save-merged-p106.arquivo.pt-20260617193358-R0E8DPMPW4.warc.gz,True,
2026-06-16T21:13:08+00:00,https://apps.bea.gov/regional/histdata/releases/0623spi/index.cfm,200,text/html,HFYPROZIQUMO6W3N3O5BDN5RUSCCONPO,SAWP5,save-merged-p107.arquivo.pt-20260617183350-3RHVQIQSLS.warc.gz,True,
2026-06-16T21:13:10+00:00,https://apps.bea.gov/regional/histdata/releases/0623spi/index.cfm,200,text/html,HFYPROZIQUMO6W3N3O5BDN5RUSCCONPO,SAWP5,save-merged-p106.arquivo.pt-20260617193358-R0E8DPMPW4.warc.gz,True,
2026-06-16T21:14:01+00:00,https://apps.bea.gov/histdata/?__apncb=1781644440642,200,text/html,TD5KPSJSH76DCZ7WZVPPU3VMQWZM3WMK,SAWP5,save-merged-p106.arquivo.pt-20260617193358-R0E8DPMPW4.warc.gz,True,
2026-06-16T21:14:05+00:00,https://apps.bea.gov/histdata/?__apncb=1781644440642,200,text/html,TD5KPSJSH76DCZ7WZVPPU3VMQWZM3WMK,SAWP5,save-merged-p106.arquivo.pt-20260617193719-OXAQHEIPNM.warc.gz,True,
2026-06-16T21:15:07+00:00,https://apps.bea.gov/histdata/RegionalAccounts.html,200,text/html,MOULAT5QHMGX7OTTPOUOJFH5YV566A73,SAWP5,save-merged-p105.arquivo.pt-20260617171324-BN4NKFCTX1.warc.gz,True,
2026-06-16T21:15:12+00:00,https://apps.bea.gov/regionalcore/data/ChartData?fips=01001&year=2022&mtype=4,200,text/plain,EDAU6G7PBCOF6RRX3RYKUGXZ4FKAHFBP,SAWP5,save-merged-p108.arquivo.pt-20260617201658-F173KOV5US.warc.gz,True,
2026-06-16T21:15:14+00:00,https://apps.bea.gov/histdata/js/app.js?__apncb=1781644513288,200,application/javascript,INKA3HOPX272SFIHAUYECCHOWFDLT5VC,SAWP5,save-merged-p106.arquivo.pt-20260617192819-H6UKOL5KIY.warc.gz,True,
2026-06-16T21:15:15+00:00,https://apps.bea.gov/regionalcore/data/ChartData?fips=01001&year=2023&mtype=4,200,text/plain,JL4XUE6VPYINWUCLW37M7ZGA2PRA4QSY,SAWP5,save-merged-p105.arquivo.pt-20260617171324-BN4NKFCTX1.warc.gz,True,
2026-06-16T21:15:18+00:00,https://apps.bea.gov/histdata/js/app.js?__apncb=1781644513288,200,application/javascript,INKA3HOPX272SFIHAUYECCHOWFDLT5VC,SAWP5,save-merged-p105.arquivo.pt-20260617174009-J3SXP7FZL8.warc.gz,True,
2026-06-16T21:15:20+00:00,https://apps.bea.gov/regional/histdata/releases/0324pistate/index.cfm,200,text/html,3XLJBPNGHNDYQ6OV3QBBKQDYSXISZNKG,SAWP5,save-merged-p108.arquivo.pt-20260617202049-NOFS6HTPTU.warc.gz,True,
2026-06-16T21:15:20+00:00,https://apps.bea.gov/regional/histdata/releases/0324sqpi/index.cfm,200,text/html,HFYPROZIQUMO6W3N3O5BDN5RUSCCONPO,SAWP5,save-merged-p105.arquivo.pt-20260617173946-I0198JTPYG.warc.gz,True,
2026-06-16T21:15:21+00:00,https://apps.bea.gov/regional/histdata/releases/0324sqpi/index.cfm,200,text/html,HFYPROZIQUMO6W3N3O5BDN5RUSCCONPO,SAWP5,save-merged-p106.arquivo.pt-20260617192814-NWC1K2Z2L1.warc.gz,True,
2026-06-16T21:15:21+00:00,https://apps.bea.gov/regional/histdata/releases/0624sqpi/index.cfm,200,text/html,HFYPROZIQUMO6W3N3O5BDN5RUSCCONPO,SAWP5,save-merged-p105.arquivo.pt-20260617171324-BN4NKFCTX1.warc.gz,True,
2026-06-16T21:15:22+00:00,https://apps.bea.gov/regional/histdata/releases/0324pistate/index.cfm,200,text/html,3XLJBPNGHNDYQ6OV3QBBKQDYSXISZNKG,SAWP5,save-merged-p107.arquivo.pt-20260617183350-3RHVQIQSLS.warc.gz,True,
2026-06-16T21:15:22+00:00,https://apps.bea.gov/regional/histdata/releases/0624sqpi/index.cfm,403,text/html,FMVOXGRNQJGWKKYRC4U42IEY3HZ3IO2K,SAWP5,save-merged-p105.arquivo.pt-20260617173901-OEYA0TB1F3.warc.gz,True,
2026-06-16T21:15:23+00:00,https://apps.bea.gov/regional/histdata/releases/0924pistate/index.cfm,200,text/html,HFYPROZIQUMO6W3N3O5BDN5RUSCCONPO,SAWP5,save-merged-p106.arquivo.pt-20260617193719-OXAQHEIPNM.warc.gz,True,
2026-06-16T21:15:23+00:00,https://apps.bea.gov/regional/histdata/releases/0924sqpi/index.cfm,200,text/html,HFYPROZIQUMO6W3N3O5BDN5RUSCCONPO,SAWP5,save-merged-p105.arquivo.pt-20260617174009-J3SXP7FZL8.warc.gz,True,
2026-06-16T21:15:23+00:00,https://apps.bea.gov/regional/histdata/releases/1224sqpi/index.cfm,200,text/html,HFYPROZIQUMO6W3N3O5BDN5RUSCCONPO,SAWP5,save-merged-p105.arquivo.pt-20260617174009-J3SXP7FZL8.warc.gz,True,
2026-06-16T21:15:25+00:00,https://apps.bea.gov/regional/histdata/releases/0924pistate/index.cfm,403,text/html,XFIMEZJ76FS2DGQ6HFRK4VAVDDCOPBMH,SAWP5,save-merged-p108.arquivo.pt-20260617201642-EMSUJE6Z4U.warc.gz,True,
2026-06-16T21:15:25+00:00,https://apps.bea.gov/regional/histdata/releases/0924sqpi/index.cfm,200,text/html,HFYPROZIQUMO6W3N3O5BDN5RUSCCONPO,SAWP5,save-merged-p106.arquivo.pt-20260617193719-OXAQHEIPNM.warc.gz,True,
2026-06-16T21:15:25+00:00,https://apps.bea.gov/regional/histdata/releases/1224pistate/index.cfm,200,text/html,HFYPROZIQUMO6W3N3O5BDN5RUSCCONPO,SAWP5,save-merged-p108.arquivo.pt-20260617202035-IOI3PVXYVC.warc.gz,True,
2026-06-16T21:15:25+00:00,https://apps.bea.gov/regional/histdata/releases/1224sqpi/index.cfm,200,text/html,HFYPROZIQUMO6W3N3O5BDN5RUSCCONPO,SAWP5,save-merged-p106.arquivo.pt-20260617192819-H6UKOL5KIY.warc.gz,True,
2026-06-16T21:15:27+00:00,https://apps.bea.gov/regional/histdata/releases/1224pistate/index.cfm,200,text/html,HFYPROZIQUMO6W3N3O5BDN5RUSCCONPO,SAWP5,save-merged-p105.arquivo.pt-20260617174009-J3SXP7FZL8.warc.gz,True,
2026-06-16T21:15:38+00:00,https://apps.bea.gov/regional/histdata/releases/0923spi/SAINC.zip,200,application/x-zip-compressed,JHZ6BPIJ5HWLBCU5HUMZ2UO32GIIV5R6,SAWP5,save-merged-p105.arquivo.pt-20260617174009-J3SXP7FZL8.warc.gz,True,
2026-06-16T21:15:39+00:00,https://apps.bea.gov/regional/histdata/releases/0923spi/SAINC.zip,200,application/x-zip-compressed,JHZ6BPIJ5HWLBCU5HUMZ2UO32GIIV5R6,SAWP5,save-merged-p105.arquivo.pt-20260617171332-JE3X6RQGUQ.warc.gz,True,
2026-06-16T21:15:43+00:00,https://apps.bea.gov/histdata/js/app.js,200,application/javascript,INKA3HOPX272SFIHAUYECCHOWFDLT5VC,SAWP5,save-merged-p106.arquivo.pt-20260617193719-OXAQHEIPNM.warc.gz,True,
2026-06-16T21:16:01+00:00,https://apps.bea.gov/histdata/js/config.json,200,application/json,OUW2ZK7BNA7Q2TA2BKT2HHA4IKRVJC67,SAWP5,save-merged-p105.arquivo.pt-20260617171324-BN4NKFCTX1.warc.gz,True,
2026-06-16T21:16:03+00:00,https://apps.bea.gov/histdata/js/modules/RegionalAccounts.js,403,text/html,KK6EPVKDWYVHAIHMATABFM3I24JLARGI,SAWP5,save-merged-p108.arquivo.pt-20260617201554-4Z13CMB71U.warc.gz,True,
2026-06-16T21:16:04+00:00,https://apps.bea.gov/histdata/js/config.json?__apncb=1781644563547,200,application/json,OUW2ZK7BNA7Q2TA2BKT2HHA4IKRVJC67,SAWP5,save-merged-p106.arquivo.pt-20260617193719-OXAQHEIPNM.warc.gz,True,
2026-06-16T21:16:06+00:00,https://apps.bea.gov/histdata/js/modules/RegionalAccounts/index.js,200,text/html,HFYPROZIQUMO6W3N3O5BDN5RUSCCONPO,SAWP5,save-merged-p108.arquivo.pt-20260617202049-NOFS6HTPTU.warc.gz,True,
2026-06-16T21:16:08+00:00,https://apps.bea.gov/histdata/js/modules/index.js,200,application/javascript,EDUYAQX5GAYAP5CI5BIFYD7XTIEFFKYV,SAWP5,save-merged-p106.arquivo.pt-20260617192819-H6UKOL5KIY.warc.gz,True,
2026-06-16T21:16:09+00:00,https://apps.bea.gov/histdata/js/config.json?__apncb=1781644563547,200,application/json,OUW2ZK7BNA7Q2TA2BKT2HHA4IKRVJC67,SAWP5,save-merged-p105.arquivo.pt-20260617174009-J3SXP7FZL8.warc.gz,True,
2026-06-16T21:16:10+00:00,https://apps.bea.gov/histdata/js/index.js,200,text/html,HFYPROZIQUMO6W3N3O5BDN5RUSCCONPO,SAWP5,save-merged-p108.arquivo.pt-20260617202035-IOI3PVXYVC.warc.gz,True,
2026-06-16T21:16:52+00:00,https://apps.bea.gov/histdata/js/modules/index.js?__apncb=1781644611088,403,text/html,UUVJNPVKM5QC7UVAUBHX4HYTOFSKPPTK,SAWP5,save-merged-p108.arquivo.pt-20260617201642-EMSUJE6Z4U.warc.gz,True,
2026-06-16T21:16:56+00:00,https://apps.bea.gov/histdata/js/modules/index.js?__apncb=1781644611088,200,application/javascript,EDUYAQX5GAYAP5CI5BIFYD7XTIEFFKYV,SAWP5,save-merged-p107.arquivo.pt-20260617183350-3RHVQIQSLS.warc.gz,True,
2026-06-16T21:17:19+00:00,https://apps.bea.gov/histdata/js/modules/regionalaccounts.js,200,application/javascript,S76L4AOUEESZXR7HAKJ5TPLUWD2DTGAO,SAWP5,save-merged-p106.arquivo.pt-20260617191958-2ZB48MKE9B.warc.gz,True,
2026-06-16T21:17:22+00:00,https://apps.bea.gov/histdata/js/modules/Regionalaccounts.js,200,application/javascript,S76L4AOUEESZXR7HAKJ5TPLUWD2DTGAO,SAWP5,save-merged-p105.arquivo.pt-20260617173715-UDKQNIZ9GY.warc.gz,True,
2026-06-16T21:17:23+00:00,https://apps.bea.gov/histdata/js/modules/Regionalaccounts.js,200,application/javascript,S76L4AOUEESZXR7HAKJ5TPLUWD2DTGAO,SAWP5,save-merged-p107.arquivo.pt-20260617183350-3RHVQIQSLS.warc.gz,True,
2026-06-16T21:17:25+00:00,https://apps.bea.gov/histdata/js/modules/RegionalAccounts.js?v=1,200,application/javascript,S76L4AOUEESZXR7HAKJ5TPLUWD2DTGAO,SAWP5,save-merged-p108.arquivo.pt-20260617202035-IOI3PVXYVC.warc.gz,True,
2026-06-16T21:17:27+00:00,https://apps.bea.gov/histdata/js/modules/RegionalAccounts.js?v=1,200,application/javascript,S76L4AOUEESZXR7HAKJ5TPLUWD2DTGAO,SAWP5,save-merged-p105.arquivo.pt-20260617173946-I0198JTPYG.warc.gz,True,
2026-06-16T21:17:30+00:00,https://apps.bea.gov/histdata/js/modules/RegionalAccounts,200,text/html,HFYPROZIQUMO6W3N3O5BDN5RUSCCONPO,SAWP5,save-merged-p107.arquivo.pt-20260617183350-3RHVQIQSLS.warc.gz,True,
2026-06-16T21:17:32+00:00,https://apps.bea.gov/histdata/js/modules/RegionalAccounts,200,text/html,HFYPROZIQUMO6W3N3O5BDN5RUSCCONPO,SAWP5,save-merged-p105.arquivo.pt-20260617171324-BN4NKFCTX1.warc.gz,True,
2026-06-16T21:18:16+00:00,https://apps.bea.gov/histdata/core/data/Fea_DisplayChildrenA/?__apncb=1781644694698,200,application/json,TE6ZUSACWUMJHUJ6NAWHYQ6HMFY7GUB3,SAWP5,save-merged-p107.arquivo.pt-20260617183350-3RHVQIQSLS.warc.gz,True,
2026-06-16T21:18:20+00:00,https://apps.bea.gov/histdata/core/data/Fea_DisplayChildrenA/?__apncb=1781644694698,200,application/json,TE6ZUSACWUMJHUJ6NAWHYQ6HMFY7GUB3,SAWP5,save-merged-p105.arquivo.pt-20260617173946-I0198JTPYG.warc.gz,True,
2026-06-16T21:18:22+00:00,https://apps.bea.gov/histdata/core/data/Fea_DisplayChildrenB/1?__apncb=1781644700505,200,application/json,GSI3KVNHC4W66RBO3DNHHQFICOVQJNTX,SAWP5,save-merged-p105.arquivo.pt-20260617173901-OEYA0TB1F3.warc.gz,True,
2026-06-16T21:18:26+00:00,https://apps.bea.gov/histdata/core/data/Fea_DisplayChildrenB/1?__apncb=1781644700505,200,application/json,GSI3KVNHC4W66RBO3DNHHQFICOVQJNTX,SAWP5,save-merged-p106.arquivo.pt-20260617193719-OXAQHEIPNM.warc.gz,True,
2026-06-16T21:18:28+00:00,https://apps.bea.gov/histdata/core/data/GetHistFileGroup/?histCateID=2,200,application/json,E65BTAGU2BLS6VQMOE73656DVFLUZRWC,SAWP5,save-merged-p106.arquivo.pt-20260617193719-OXAQHEIPNM.warc.gz,True,
2026-06-16T21:18:29+00:00,https://apps.bea.gov/histdata/core/data/GetHistFileGroup/?histCateID=3,200,application/json,KLKK6YW3DQESSLP3IAAMHATOEENF2S6V,SAWP5,save-merged-p106.arquivo.pt-20260617193358-R0E8DPMPW4.warc.gz,True,
2026-06-16T21:19:07+00:00,https://apps.bea.gov/histdata/js/modules/HistFileDetails.js?v=1,200,application/javascript,CBDG3SIPNWPWNP4JJKAPHWDJLBSHDVZG,SAWP5,save-merged-p107.arquivo.pt-20260617183337-0BN5MUUB0M.warc.gz,True,
2026-06-16T21:19:21+00:00,https://apps.bea.gov/histdata/RegionalAccounts.html?__apncb=1781644760268,200,text/html,MOULAT5QHMGX7OTTPOUOJFH5YV566A73,SAWP5,save-merged-p106.arquivo.pt-20260617192826-6TL9PGLH60.warc.gz,True,
2026-06-16T21:19:25+00:00,https://apps.bea.gov/histdata/RegionalAccounts.html?__apncb=1781644760268,200,text/html,MOULAT5QHMGX7OTTPOUOJFH5YV566A73,SAWP5,save-merged-p106.arquivo.pt-20260617193358-R0E8DPMPW4.warc.gz,True,
2026-06-16T21:19:43+00:00,https://apps.bea.gov/regionalcore/data/ChartData?fips=55000&year=2023&mtype=3&__apncb=1781644781735,200,text/plain,ZOQT3GA2I6G3LMDMD3MQWM6O7RUAA54R,SAWP5,save-merged-p105.arquivo.pt-20260617173901-OEYA0TB1F3.warc.gz,True,
2026-06-16T21:19:45+00:00,https://apps.bea.gov/regional/histdata/releases/0324pistate/SAINC.zip,200,application/x-zip-compressed,5RHVOC4MGSBXYEOL44ITII5BE52YH2OM,SAWP5,save-merged-p107.arquivo.pt-20260617183350-3RHVQIQSLS.warc.gz,True,
2026-06-16T21:19:47+00:00,https://apps.bea.gov/regionalcore/data/ChartData?fips=55000&year=2023&mtype=3&__apncb=1781644781735,200,text/plain,ZOQT3GA2I6G3LMDMD3MQWM6O7RUAA54R,SAWP5,save-merged-p105.arquivo.pt-20260617173946-I0198JTPYG.warc.gz,True,
2026-06-16T21:20:10+00:00,https://apps.bea.gov/histdata/core/data/GetHistFileDetails/?FileGroupID=299&FileType=HistFile,200,application/json,RE6LAAHJXUAAY4WY4R3JEENDQ3RXZM3Q,SAWP5,save-merged-p105.arquivo.pt-20260617173946-I0198JTPYG.warc.gz,True,
2026-06-16T21:20:12+00:00,https://apps.bea.gov/histdata/core/data/GetHistFileDetails/?FileGroupID=292&FileType=HistFile,200,application/json,QQTNIGWSVOTBAIIW43NZB56KB5IGDTQZ,SAWP5,save-merged-p107.arquivo.pt-20260617183350-3RHVQIQSLS.warc.gz,True,
2026-06-16T21:20:17+00:00,https://apps.bea.gov/histdata/core/data/GetHistFileDetails/?FileGroupID=287&FileType=HistFile,200,application/json,GX3WJE6C5I22MJY7YAP42CEROJQ3S7KF,SAWP5,save-merged-p107.arquivo.pt-20260617183350-3RHVQIQSLS.warc.gz,True,
2026-06-16T21:20:19+00:00,https://apps.bea.gov/histdata/core/data/GetHistFileDetails/?FileGroupID=285&FileType=HistFile,200,application/json,UZIXHEKPNGZVLLORJZAUUNOIFBAD66K3,SAWP5,save-merged-p107.arquivo.pt-20260617183350-3RHVQIQSLS.warc.gz,True,
2026-06-16T21:20:21+00:00,https://apps.bea.gov/histdata/core/data/GetHistFileDetails/?FileGroupID=300&FileType=HistFile,200,application/json,YOYX2Y7VKV5TLQVXSCUK63NXS3PXRQYN,SAWP5,save-merged-p107.arquivo.pt-20260617182240-9Z3A63AWKV.warc.gz,True,
2026-06-16T21:20:23+00:00,https://apps.bea.gov/histdata/core/data/GetHistFileDetails/?FileGroupID=307&FileType=HistFile,200,application/json,OHRQI5I2FA3NB2CLTBYDA4AWYQ2PWNOF,SAWP5,save-merged-p105.arquivo.pt-20260617174009-J3SXP7FZL8.warc.gz,True,
2026-06-16T21:24:07+00:00,https://apps.bea.gov/regionalcore/data/ChartData?fips=56000&year=2023&mtype=3&cb=1781645045942660112,200,text/plain,BI4PVSPV2T3XDWWRV6VCARQHZDBNDLNQ,SAWP5,save-merged-p108.arquivo.pt-20260617202049-NOFS6HTPTU.warc.gz,True,
2026-06-16T21:24:09+00:00,https://apps.bea.gov/regionalcore/data/ChartData?fips=56000&year=2024&mtype=3&cb=1781645047932769238,200,text/plain,3UKZDF2XG4U3TRHGOWDJKXYL3APVPGTV,SAWP5,save-merged-p106.arquivo.pt-20260617193358-R0E8DPMPW4.warc.gz,True,
2026-06-16T21:24:11+00:00,https://apps.bea.gov/regionalcore/data/ChartData?fips=56000&year=2025&mtype=3&cb=1781645050151399605,200,text/plain,FRGRG6WNALGWRGO4Q5PADHLJU4FBLFNH,SAWP5,save-merged-p106.arquivo.pt-20260617193358-R0E8DPMPW4.warc.gz,True,
2026-06-16T21:24:30+00:00,https://apps.bea.gov/histdata/?u=1781645069265531153,200,text/html,TD5KPSJSH76DCZ7WZVPPU3VMQWZM3WMK,SAWP5,save-merged-p105.arquivo.pt-20260617172421-A7W6Y7AIT4.warc.gz,True,
2026-06-16T21:24:32+00:00,https://apps.bea.gov/histdata/fileStructDisplay.cfm?HMI=7&u=1781645071071285409,200,text/html,HFYPROZIQUMO6W3N3O5BDN5RUSCCONPO,SAWP5,save-merged-p105.arquivo.pt-20260617174009-J3SXP7FZL8.warc.gz,True,
2026-06-16T21:24:34+00:00,https://apps.bea.gov/histdata/Releases/NIPA/?u=1781645072825787478,200,text/html,HFYPROZIQUMO6W3N3O5BDN5RUSCCONPO,SAWP5,save-merged-p105.arquivo.pt-20260617171324-BN4NKFCTX1.warc.gz,True,
2026-06-16T21:25:07+00:00,https://apps.bea.gov/regional/histdata/releases/0624pistate/index.cfm,200,text/html,HFYPROZIQUMO6W3N3O5BDN5RUSCCONPO,SAWP5,save-merged-p105.arquivo.pt-20260617174009-J3SXP7FZL8.warc.gz,True,
2026-06-16T21:25:09+00:00,https://apps.bea.gov/regional/histdata/releases/0324statepi/index.cfm,403,text/html,PJYLNVDVOF2W5ABV4L4QYBAQJJ42VULA,SAWP5,save-merged-p106.arquivo.pt-20260617191958-2ZB48MKE9B.warc.gz,True,
2026-06-16T21:25:09+00:00,https://apps.bea.gov/regional/histdata/releases/0624pistate/index.cfm,200,text/html,HFYPROZIQUMO6W3N3O5BDN5RUSCCONPO,SAWP5,save-merged-p107.arquivo.pt-20260617183350-3RHVQIQSLS.warc.gz,True,
2026-06-16T21:25:09+00:00,https://apps.bea.gov/regional/histdata/releases/0924statepi/index.cfm,200,text/html,HFYPROZIQUMO6W3N3O5BDN5RUSCCONPO,SAWP5,save-merged-p105.arquivo.pt-20260617174009-J3SXP7FZL8.warc.gz,True,
2026-06-16T21:25:10+00:00,https://apps.bea.gov/regional/histdata/releases/0324statepi/index.cfm,200,text/html,HFYPROZIQUMO6W3N3O5BDN5RUSCCONPO,SAWP5,save-merged-p105.arquivo.pt-20260617174009-J3SXP7FZL8.warc.gz,True,
2026-06-16T21:25:11+00:00,https://apps.bea.gov/regional/histdata/releases/0924statepi/index.cfm,200,text/html,HFYPROZIQUMO6W3N3O5BDN5RUSCCONPO,SAWP5,save-merged-p107.arquivo.pt-20260617183350-3RHVQIQSLS.warc.gz,True,
2026-06-16T21:25:41+00:00,https://apps.bea.gov/histdata/js/app.js?u=1781645140210225638,200,application/javascript,INKA3HOPX272SFIHAUYECCHOWFDLT5VC,SAWP5,save-merged-p107.arquivo.pt-20260617183332-7WXZV7WTXC.warc.gz,True,
2026-06-16T21:25:59+00:00,https://apps.bea.gov/histdata/js/config.json?u=1781645158485714446,200,application/json,OUW2ZK7BNA7Q2TA2BKT2HHA4IKRVJC67,SAWP5,save-merged-p106.arquivo.pt-20260617193358-R0E8DPMPW4.warc.gz,True,
2026-06-16T21:26:01+00:00,https://apps.bea.gov/histdata/js/modules/index.js?u=1781645160324356203,200,application/javascript,EDUYAQX5GAYAP5CI5BIFYD7XTIEFFKYV,SAWP5,save-merged-p107.arquivo.pt-20260617183350-3RHVQIQSLS.warc.gz,True,
2026-06-16T21:26:03+00:00,https://apps.bea.gov/histdata/js/modules/fileStructDisplay.js?u=1781645162147135549,200,application/javascript,LPSFYXUNPSRSUU4RNW6PHGEV6T42EEP6,SAWP5,save-merged-p106.arquivo.pt-20260617193358-R0E8DPMPW4.warc.gz,True,
2026-06-16T21:26:26+00:00,https://apps.bea.gov/regional/histdata/releases/0120pistate/index.cfm,200,text/html,HFYPROZIQUMO6W3N3O5BDN5RUSCCONPO,SAWP5,save-merged-p105.arquivo.pt-20260617174017-T6QKNEEAH7.warc.gz,True,
2026-06-16T21:26:26+00:00,https://apps.bea.gov/regional/histdata/releases/0325pistate/index.cfm,200,text/html,HFYPROZIQUMO6W3N3O5BDN5RUSCCONPO,SAWP5,save-merged-p106.arquivo.pt-20260617192826-6TL9PGLH60.warc.gz,True,
2026-06-16T21:26:26+00:00,https://apps.bea.gov/regional/histdata/releases/1223pistate/index.cfm,200,text/html,HFYPROZIQUMO6W3N3O5BDN5RUSCCONPO,SAWP5,save-merged-p107.arquivo.pt-20260617183350-3RHVQIQSLS.warc.gz,True,
2026-06-16T21:26:26+00:00,https://apps.bea.gov/regional/histdata/releases/9999pistate/index.cfm,200,text/html,HFYPROZIQUMO6W3N3O5BDN5RUSCCONPO,SAWP5,save-merged-p106.arquivo.pt-20260617193719-OXAQHEIPNM.warc.gz,True,
2026-06-16T21:26:28+00:00,https://apps.bea.gov/regional/histdata/releases/0120pistate/index.cfm,200,text/html,HFYPROZIQUMO6W3N3O5BDN5RUSCCONPO,SAWP5,save-merged-p105.arquivo.pt-20260617174009-J3SXP7FZL8.warc.gz,True,
2026-06-16T21:26:28+00:00,https://apps.bea.gov/regional/histdata/releases/0325pistate/index.cfm,200,text/html,HFYPROZIQUMO6W3N3O5BDN5RUSCCONPO,SAWP5,save-merged-p105.arquivo.pt-20260617174017-T6QKNEEAH7.warc.gz,True,
2026-06-16T21:26:28+00:00,https://apps.bea.gov/regional/histdata/releases/1223pistate/index.cfm,200,text/html,HFYPROZIQUMO6W3N3O5BDN5RUSCCONPO,SAWP5,save-merged-p106.arquivo.pt-20260617192423-6QYJ15PRGC.warc.gz,True,
2026-06-16T21:26:28+00:00,https://apps.bea.gov/regional/histdata/releases/9999pistate/index.cfm,200,text/html,HFYPROZIQUMO6W3N3O5BDN5RUSCCONPO,SAWP5,save-merged-p107.arquivo.pt-20260617183350-3RHVQIQSLS.warc.gz,True,
2026-06-16T21:26:29+00:00,https://apps.bea.gov/regional/histdata/releases/0922pistate/index.cfm,200,text/html,LMCY2V3YA5DO5TN6J2AYGARDT2HYVE4C,SAWP5,save-merged-p106.arquivo.pt-20260617193358-R0E8DPMPW4.warc.gz,True,
2026-06-16T21:26:30+00:00,https://apps.bea.gov/regional/histdata/releases/1222pistate/index.cfm,200,text/html,HFYPROZIQUMO6W3N3O5BDN5RUSCCONPO,SAWP5,save-merged-p105.arquivo.pt-20260617174009-J3SXP7FZL8.warc.gz,True,
2026-06-16T21:26:31+00:00,https://apps.bea.gov/regional/histdata/releases/0922pistate/index.cfm,200,text/html,LMCY2V3YA5DO5TN6J2AYGARDT2HYVE4C,SAWP5,save-merged-p108.arquivo.pt-20260617201658-F173KOV5US.warc.gz,True,
2026-06-16T21:26:31+00:00,https://apps.bea.gov/regional/histdata/releases/1222pistate/index.cfm,200,text/html,HFYPROZIQUMO6W3N3O5BDN5RUSCCONPO,SAWP5,save-merged-p105.arquivo.pt-20260617174009-J3SXP7FZL8.warc.gz,True,
2026-06-16T21:26:34+00:00,https://apps.bea.gov/histdata/core/data/Fea_DisplayChildrenA/?u=1781645193816624149,200,application/json,TE6ZUSACWUMJHUJ6NAWHYQ6HMFY7GUB3,SAWP5,save-merged-p105.arquivo.pt-20260617173901-OEYA0TB1F3.warc.gz,True,
2026-06-16T21:26:36+00:00,https://apps.bea.gov/histdata/core/data/Fea_DisplayChildrenB/1?u=1781645195006341838,200,application/json,GSI3KVNHC4W66RBO3DNHHQFICOVQJNTX,SAWP5,save-merged-p105.arquivo.pt-20260617174009-J3SXP7FZL8.warc.gz,True,
2026-06-16T21:26:58+00:00,https://apps.bea.gov/histdata/RegionalAccounts.html?u=1781645216926406928,200,text/html,MOULAT5QHMGX7OTTPOUOJFH5YV566A73,SAWP5,save-merged-p106.arquivo.pt-20260617193719-OXAQHEIPNM.warc.gz,True,
2026-06-16T21:26:59+00:00,https://apps.bea.gov/histdata/js/modules/RegionalAccounts.js?u=1781645218370028894,200,application/javascript,S76L4AOUEESZXR7HAKJ5TPLUWD2DTGAO,SAWP5,save-merged-p108.arquivo.pt-20260617202049-NOFS6HTPTU.warc.gz,True,
2026-06-16T21:27:01+00:00,https://apps.bea.gov/histdata/js/modules/regionalAccounts.js?u=1781645220278995600,200,application/javascript,S76L4AOUEESZXR7HAKJ5TPLUWD2DTGAO,SAWP5,save-merged-p107.arquivo.pt-20260617183350-3RHVQIQSLS.warc.gz,True,
2026-06-16T21:27:06+00:00,https://apps.bea.gov/regionalcore/data/ChartData?fips=55000&year=2023&mtype=3&cb=1781645224897051059,200,text/plain,ZOQT3GA2I6G3LMDMD3MQWM6O7RUAA54R,SAWP5,save-merged-p105.arquivo.pt-20260617174009-J3SXP7FZL8.warc.gz,True,
2026-06-16T21:27:21+00:00,https://apps.bea.gov/histdata/core/data/GetHistCategory/?u=1781645239873340081,200,application/json,WNWBCOK6UZVDR5BJSTFWNQBZQYBSBXJ4,SAWP5,save-merged-p107.arquivo.pt-20260617183350-3RHVQIQSLS.warc.gz,True,
2026-06-16T21:27:34+00:00,https://apps.bea.gov/histdata/core/data/GetHistFileGroup/?histCateID=4&u=1781645253599078548,200,application/json,JON3MVXHBRABAA5P4WDVAKJS4UPDAV4Z,SAWP5,save-merged-p105.arquivo.pt-20260617174009-J3SXP7FZL8.warc.gz,True,
2026-06-16T21:29:49+00:00,https://apps.bea.gov/regionalcore/data/ChartData?fips=02000&year=2023&mtype=3&cb=1781645388215778512,200,text/plain,V7AEGZV2SII3WTQRS5RNPHHM4OCXZBBW,SAWP5,save-merged-p108.arquivo.pt-20260617201658-F173KOV5US.warc.gz,True,
2026-06-16T21:29:49+00:00,https://apps.bea.gov/regionalcore/data/ChartData?fips=04000&year=2023&mtype=3&cb=1781645388216167112,200,text/plain,5FUOYYF426XEULENMR3WP4AK6HW4ATI6,SAWP5,save-merged-p105.arquivo.pt-20260617172915-PJ1VLGJCWA.warc.gz,True,
2026-06-16T21:29:50+00:00,https://apps.bea.gov/regionalcore/data/ChartData?fips=05000&year=2023&mtype=3&cb=1781645388216903057,200,text/plain,BUP5PCR4YLMWJPIUQ6ERDSCKBMH2AOEG,SAWP5,save-merged-p107.arquivo.pt-20260617182652-TCT3C8BDJQ.warc.gz,True,
2026-06-16T21:29:51+00:00,https://apps.bea.gov/regionalcore/data/ChartData?fips=01000&year=2023&mtype=3&cb=1781645388215264323,200,text/plain,EHCFBUWYPKVGT52LSO7SLZU7LOMC4HUF,SAWP5,save-merged-p105.arquivo.pt-20260617173901-OEYA0TB1F3.warc.gz,True,
2026-06-16T21:29:51+00:00,https://apps.bea.gov/regionalcore/data/ChartData?fips=06000&year=2023&mtype=3&cb=1781645390474431801,200,text/plain,IWYSXAFYRNREGUH7VMI4C5WJHEXX6U33,SAWP5,save-merged-p105.arquivo.pt-20260617172421-A7W6Y7AIT4.warc.gz,True,
2026-06-16T21:29:51+00:00,https://apps.bea.gov/regionalcore/data/ChartData?fips=08000&year=2023&mtype=3&cb=1781645390535447248,200,text/plain,J4RWVQFKOO5OB22PKT75UATAB74XEZBL,SAWP5,save-merged-p106.arquivo.pt-20260617193719-OXAQHEIPNM.warc.gz,True,
2026-06-16T21:29:53+00:00,https://apps.bea.gov/regionalcore/data/ChartData?fips=09000&year=2023&mtype=3&cb=1781645391961135228,200,text/plain,ISOPBJT5FTAFALVWO5D5TRO6G7MEOC26,SAWP5,save-merged-p107.arquivo.pt-20260617183350-3RHVQIQSLS.warc.gz,True,
2026-06-16T21:29:53+00:00,https://apps.bea.gov/regionalcore/data/ChartData?fips=10000&year=2023&mtype=3&cb=1781645391971239025,200,text/plain,45AHMLX4LBSCOVK4PE73QVE7I4Y2S6YO,SAWP5,save-merged-p105.arquivo.pt-20260617173715-UDKQNIZ9GY.warc.gz,True,
2026-06-16T21:29:53+00:00,https://apps.bea.gov/regionalcore/data/ChartData?fips=11000&year=2023&mtype=3&cb=1781645392261218904,200,text/plain,YQJGF7CDW6QYRNY5X2EZYM2OIBPNA3XO,SAWP5,save-merged-p105.arquivo.pt-20260617174017-T6QKNEEAH7.warc.gz,True,
2026-06-16T21:29:54+00:00,https://apps.bea.gov/regionalcore/data/ChartData?fips=12000&year=2023&mtype=3&cb=1781645393058158930,200,text/plain,BS37Z6QYXBY43E3H6BJ546NCQPZMPOX6,SAWP5,save-merged-p105.arquivo.pt-20260617173715-UDKQNIZ9GY.warc.gz,True,
2026-06-16T21:29:55+00:00,https://apps.bea.gov/regionalcore/data/ChartData?fips=13000&year=2023&mtype=3&cb=1781645394047925187,200,text/plain,IY7WZ257ZUWN3BZD7RDTXWO2YRLYTZJV,SAWP5,save-merged-p107.arquivo.pt-20260617183350-3RHVQIQSLS.warc.gz,True,
2026-06-16T21:29:55+00:00,https://apps.bea.gov/regionalcore/data/ChartData?fips=15000&year=2023&mtype=3&cb=1781645394153792026,200,text/plain,75B6UUSGSEXMOQJLBKG7LO74DQJ7K74L,SAWP5,save-merged-p105.arquivo.pt-20260617174009-J3SXP7FZL8.warc.gz,True,
2026-06-16T21:29:56+00:00,https://apps.bea.gov/regionalcore/data/ChartData?fips=16000&year=2023&mtype=3&cb=1781645394374068994,200,text/plain,E7YUGQQI337M42ZC6APXEQHW7QFOCCCG,SAWP5,save-merged-p107.arquivo.pt-20260617183332-7WXZV7WTXC.warc.gz,True,
2026-06-16T21:29:56+00:00,https://apps.bea.gov/regionalcore/data/ChartData?fips=17000&year=2023&mtype=3&cb=1781645394903040130,200,text/plain,RJH7SZTGMJLMQNZXWUFNB5JQBKWNQ3F2,SAWP5,save-merged-p105.arquivo.pt-20260617174017-T6QKNEEAH7.warc.gz,True,
2026-06-16T21:29:57+00:00,https://apps.bea.gov/regionalcore/data/ChartData?fips=18000&year=2023&mtype=3&cb=1781645396209634820,200,text/plain,NV67O4N4QQSE2FTEFIUNI6HXIWH5Q7XE,SAWP5,save-merged-p106.arquivo.pt-20260617193719-OXAQHEIPNM.warc.gz,True,
2026-06-16T21:29:57+00:00,https://apps.bea.gov/regionalcore/data/ChartData?fips=19000&year=2023&mtype=3&cb=1781645396358492956,200,text/plain,TVFZD34Q3MOC4U35AIX2D3XZLIFB66AO,SAWP5,save-merged-p107.arquivo.pt-20260617183332-7WXZV7WTXC.warc.gz,True,
2026-06-16T21:29:57+00:00,https://apps.bea.gov/regionalcore/data/ChartData?fips=21000&year=2023&mtype=3&cb=1781645396568386536,200,text/plain,7NWGXAS3GOG5SUM3F33PYIN76NWKCCFK,SAWP5,save-merged-p105.arquivo.pt-20260617174017-T6QKNEEAH7.warc.gz,True,
2026-06-16T21:29:58+00:00,https://apps.bea.gov/regionalcore/data/ChartData?fips=20000&year=2023&mtype=3&cb=1781645396541651242,200,text/plain,3OY5CG4YQ4HSOXAW2ZVZG7Q243ER44AC,SAWP5,save-merged-p107.arquivo.pt-20260617182652-TCT3C8BDJQ.warc.gz,True,
2026-06-16T21:29:59+00:00,https://apps.bea.gov/regionalcore/data/ChartData?fips=22000&year=2023&mtype=3&cb=1781645398139644613,200,text/plain,Q3DDYFTVDVX6FKRUS7WURSMNJ3KD7KXC,SAWP5,save-merged-p107.arquivo.pt-20260617182652-TCT3C8BDJQ.warc.gz,True,
2026-06-16T21:29:59+00:00,https://apps.bea.gov/regionalcore/data/ChartData?fips=23000&year=2023&mtype=3&cb=1781645398222514589,200,text/plain,7PSUQ3SHGODF4EREYV4MAJX7BFC5OSZL,SAWP5,save-merged-p105.arquivo.pt-20260617173715-UDKQNIZ9GY.warc.gz,True,
2026-06-16T21:29:59+00:00,https://apps.bea.gov/regionalcore/data/ChartData?fips=24000&year=2023&mtype=3&cb=1781645398510570022,200,text/plain,7SOLQOBA7YQCNFTEV2VR5P3RTPELRX44,SAWP5,save-merged-p106.arquivo.pt-20260617193719-OXAQHEIPNM.warc.gz,True,
2026-06-16T21:30:00+00:00,https://apps.bea.gov/regionalcore/data/ChartData?fips=25000&year=2023&mtype=3&cb=1781645398745085322,200,text/plain,64OYP3HMKWFZDRJ7ZYBFA5EFWJY3CPAZ,SAWP5,save-merged-p105.arquivo.pt-20260617172421-A7W6Y7AIT4.warc.gz,True,
2026-06-16T21:30:01+00:00,https://apps.bea.gov/regionalcore/data/ChartData?fips=26000&year=2023&mtype=3&cb=1781645399783488062,200,text/plain,ZSA4JMPALYVJCSDFHBZM4Z4VNRFVTM4G,SAWP5,save-merged-p105.arquivo.pt-20260617171324-BN4NKFCTX1.warc.gz,True,
2026-06-16T21:30:01+00:00,https://apps.bea.gov/regionalcore/data/ChartData?fips=27000&year=2023&mtype=3&cb=1781645400208776177,200,text/plain,UHJ5H7BWZEC7K2F32T5ROMJECX3Y7BIO,SAWP5,save-merged-p105.arquivo.pt-20260617174017-T6QKNEEAH7.warc.gz,True,
2026-06-16T21:30:01+00:00,https://apps.bea.gov/regionalcore/data/ChartData?fips=28000&year=2023&mtype=3&cb=1781645400360543003,200,text/plain,IJTURUEFI6VPR2H4STAT3LQYZGVDFD4C,SAWP5,save-merged-p107.arquivo.pt-20260617182305-CS0K7OQOKG.warc.gz,True,
2026-06-16T21:30:01+00:00,https://apps.bea.gov/regionalcore/data/ChartData?fips=29000&year=2023&mtype=3&cb=1781645400493201054,200,text/plain,HJTSWYSSKZS4YDODHUDJYOV5W727TODM,SAWP5,save-merged-p106.arquivo.pt-20260617193358-R0E8DPMPW4.warc.gz,True,
2026-06-16T21:30:03+00:00,https://apps.bea.gov/regionalcore/data/ChartData?fips=30000&year=2023&mtype=3&cb=1781645401951430882,200,text/plain,HLWBMHOAE7WLPNU5HTM6PZWFEEQHYJHW,SAWP5,save-merged-p107.arquivo.pt-20260617183337-0BN5MUUB0M.warc.gz,True,
2026-06-16T21:30:03+00:00,https://apps.bea.gov/regionalcore/data/ChartData?fips=31000&year=2023&mtype=3&cb=1781645402348421905,200,text/plain,SAUTRCB522YKNGD4CTPWCTHHHMA4NG2J,SAWP5,save-merged-p105.arquivo.pt-20260617174009-J3SXP7FZL8.warc.gz,True,
2026-06-16T21:30:03+00:00,https://apps.bea.gov/regionalcore/data/ChartData?fips=32000&year=2023&mtype=3&cb=1781645402363194243,200,text/plain,P6ARSWBQQ75DPAGA3ZT27QWOZ5PWZZCR,SAWP5,save-merged-p105.arquivo.pt-20260617172421-A7W6Y7AIT4.warc.gz,True,
2026-06-16T21:30:04+00:00,https://apps.bea.gov/regionalcore/data/ChartData?fips=02000&year=2023&mtype=3&__apncb=1781645403482,200,text/plain,V7AEGZV2SII3WTQRS5RNPHHM4OCXZBBW,SAWP5,save-merged-p107.arquivo.pt-20260617182647-0VM22ASYAK.warc.gz,True,
2026-06-16T21:30:04+00:00,https://apps.bea.gov/regionalcore/data/ChartData?fips=08000&year=2023&mtype=3&__apncb=1781645403482,200,text/plain,J4RWVQFKOO5OB22PKT75UATAB74XEZBL,SAWP5,save-merged-p105.arquivo.pt-20260617174017-T6QKNEEAH7.warc.gz,True,
2026-06-16T21:30:04+00:00,https://apps.bea.gov/regionalcore/data/ChartData?fips=24000&year=2023&mtype=3&__apncb=1781645403483,200,text/plain,7SOLQOBA7YQCNFTEV2VR5P3RTPELRX44,SAWP5,save-merged-p105.arquivo.pt-20260617174017-T6QKNEEAH7.warc.gz,True,
2026-06-16T21:30:04+00:00,https://apps.bea.gov/regionalcore/data/ChartData?fips=16000&year=2023&mtype=3&__apncb=1781645403494,200,text/plain,E7YUGQQI337M42ZC6APXEQHW7QFOCCCG,SAWP5,save-merged-p105.arquivo.pt-20260617173901-OEYA0TB1F3.warc.gz,True,
2026-06-16T21:30:04+00:00,https://apps.bea.gov/regionalcore/data/ChartData?fips=33000&year=2023&mtype=3&cb=1781645402579986529,200,text/plain,5ILHG7QZ7S42EVKSP372VE2NDTW6LIBV,SAWP5,save-merged-p106.arquivo.pt-20260617193358-R0E8DPMPW4.warc.gz,True,
2026-06-16T21:30:05+00:00,https://apps.bea.gov/regionalcore/data/ChartData?fips=12000&year=2023&mtype=3&__apncb=1781645403487,200,text/plain,BS37Z6QYXBY43E3H6BJ546NCQPZMPOX6,SAWP5,save-merged-p105.arquivo.pt-20260617174017-T6QKNEEAH7.warc.gz,True,
2026-06-16T21:30:05+00:00,https://apps.bea.gov/regionalcore/data/ChartData?fips=48000&year=2023&mtype=3&__apncb=1781645403489,200,text/plain,RIUCZU5F2627O3W3SU6DTSHGR4DDHOTT,SAWP5,save-merged-p107.arquivo.pt-20260617182247-NW4FVP7I19.warc.gz,True,
2026-06-16T21:30:05+00:00,https://apps.bea.gov/regionalcore/data/ChartData?fips=34000&year=2023&mtype=3&cb=1781645404120193056,200,text/plain,O6LGLI6D6YZ32LVM5YIMM6UKWKODQLK6,SAWP5,save-merged-p105.arquivo.pt-20260617173906-T5DWKZSI5I.warc.gz,True,
2026-06-16T21:30:05+00:00,https://apps.bea.gov/regionalcore/data/ChartData?fips=35000&year=2023&mtype=3&cb=1781645404322076454,200,text/plain,CTDETRUYA26EKCLNCZ3VCZQRUQ5VQ6NL,SAWP5,save-merged-p107.arquivo.pt-20260617183350-3RHVQIQSLS.warc.gz,True,
2026-06-16T21:30:05+00:00,https://apps.bea.gov/regionalcore/data/ChartData?fips=36000&year=2023&mtype=3&cb=1781645404437283936,200,text/plain,CQNYQZEMAB7LMBSEKYVS7LHBRE3ABDS2,SAWP5,save-merged-p106.arquivo.pt-20260617193358-R0E8DPMPW4.warc.gz,True,
2026-06-16T21:30:06+00:00,https://apps.bea.gov/regionalcore/data/ChartData?fips=37000&year=2023&mtype=3&cb=1781645404500683440,200,text/plain,SRLJSU3GJAP35SVDU7TDPJG3ACNJKWHL,SAWP5,save-merged-p105.arquivo.pt-20260617174017-T6QKNEEAH7.warc.gz,True,
2026-06-16T21:30:07+00:00,https://apps.bea.gov/regionalcore/data/ChartData?fips=38000&year=2023&mtype=3&cb=1781645406022813781,200,text/plain,2MVMLZGF4AK3OQQNHRXBON7FYZMUVU5H,SAWP5,save-merged-p105.arquivo.pt-20260617172915-PJ1VLGJCWA.warc.gz,True,
2026-06-16T21:30:07+00:00,https://apps.bea.gov/regionalcore/data/ChartData?fips=39000&year=2023&mtype=3&cb=1781645406071893917,200,text/plain,L2UTXGXRYQKHBUJ3VY5U2F7W5CSKY6ZL,SAWP5,save-merged-p105.arquivo.pt-20260617174017-T6QKNEEAH7.warc.gz,True,
2026-06-16T21:30:07+00:00,https://apps.bea.gov/regionalcore/data/ChartData?fips=40000&year=2023&mtype=3&cb=1781645406287706412,200,text/plain,HR63GQRJH5LHMVQ3FJ676UJWJTOW2OZA,SAWP5,save-merged-p105.arquivo.pt-20260617174009-J3SXP7FZL8.warc.gz,True,
2026-06-16T21:30:08+00:00,https://apps.bea.gov/regionalcore/data/ChartData?fips=24000&year=2023&mtype=3&__apncb=1781645403483,200,text/plain,7SOLQOBA7YQCNFTEV2VR5P3RTPELRX44,SAWP5,save-merged-p105.arquivo.pt-20260617174017-T6QKNEEAH7.warc.gz,True,
2026-06-16T21:30:08+00:00,https://apps.bea.gov/regionalcore/data/ChartData?fips=48000&year=2023&mtype=3&__apncb=1781645403489,200,text/plain,RIUCZU5F2627O3W3SU6DTSHGR4DDHOTT,SAWP5,save-merged-p107.arquivo.pt-20260617183337-0BN5MUUB0M.warc.gz,True,
2026-06-16T21:30:08+00:00,https://apps.bea.gov/regionalcore/data/ChartData?fips=41000&year=2023&mtype=3&cb=1781645406371924904,200,text/plain,ZR4KBGSN3TPMKI43WEB3VVZMVN4DDN76,SAWP5,save-merged-p105.arquivo.pt-20260617174017-T6QKNEEAH7.warc.gz,True,
2026-06-16T21:30:09+00:00,https://apps.bea.gov/regionalcore/data/ChartData?fips=02000&year=2023&mtype=3&__apncb=1781645403482,200,text/plain,V7AEGZV2SII3WTQRS5RNPHHM4OCXZBBW,SAWP5,save-merged-p106.arquivo.pt-20260617193719-OXAQHEIPNM.warc.gz,True,
2026-06-16T21:30:09+00:00,https://apps.bea.gov/regionalcore/data/ChartData?fips=08000&year=2023&mtype=3&__apncb=1781645403482,200,text/plain,J4RWVQFKOO5OB22PKT75UATAB74XEZBL,SAWP5,save-merged-p105.arquivo.pt-20260617173715-UDKQNIZ9GY.warc.gz,True,
2026-06-16T21:30:09+00:00,https://apps.bea.gov/regionalcore/data/ChartData?fips=12000&year=2023&mtype=3&__apncb=1781645403487,200,text/plain,BS37Z6QYXBY43E3H6BJ546NCQPZMPOX6,SAWP5,save-merged-p105.arquivo.pt-20260617172915-PJ1VLGJCWA.warc.gz,True,
2026-06-16T21:30:09+00:00,https://apps.bea.gov/regionalcore/data/ChartData?fips=16000&year=2023&mtype=3&__apncb=1781645403494,200,text/plain,E7YUGQQI337M42ZC6APXEQHW7QFOCCCG,SAWP5,save-merged-p106.arquivo.pt-20260617193358-R0E8DPMPW4.warc.gz,True,
2026-06-16T21:30:09+00:00,https://apps.bea.gov/regionalcore/data/ChartData?fips=42000&year=2023&mtype=3&cb=1781645407823893990,200,text/plain,2XDQFNBK2QQPIPYMCCYRWYORMQLOCANP,SAWP5,save-merged-p106.arquivo.pt-20260617193719-OXAQHEIPNM.warc.gz,True,
2026-06-16T21:30:09+00:00,https://apps.bea.gov/regionalcore/data/ChartData?fips=44000&year=2023&mtype=3&cb=1781645407919936316,200,text/plain,NLZOZJVNIL6NNJ5NBU5NV46HT4SMJ4CF,SAWP5,save-merged-p106.arquivo.pt-20260617192814-NWC1K2Z2L1.warc.gz,True,
2026-06-16T21:30:09+00:00,https://apps.bea.gov/regionalcore/data/ChartData?fips=45000&year=2023&mtype=3&cb=1781645408389608169,200,text/plain,54GJAHW2WYF2J45H4WILPGXHT5KRARHD,SAWP5,save-merged-p105.arquivo.pt-20260617174017-T6QKNEEAH7.warc.gz,True,
2026-06-16T21:30:10+00:00,https://apps.bea.gov/regionalcore/data/ChartData?fips=46000&year=2023&mtype=3&cb=1781645408464175665,200,text/plain,4UDZ5K2TTDOP5LFHIPLPDFVCA7KI23JU,SAWP5,save-merged-p107.arquivo.pt-20260617182231-UJTP0SRDT3.warc.gz,True,
2026-06-16T21:30:11+00:00,https://apps.bea.gov/regionalcore/data/ChartData?fips=47000&year=2023&mtype=3&cb=1781645409686959073,200,text/plain,MKIOZZB77FOXY2TKUBLUBBTCNFVFTFLH,SAWP5,save-merged-p105.arquivo.pt-20260617173901-OEYA0TB1F3.warc.gz,True,
2026-06-16T21:30:11+00:00,https://apps.bea.gov/regionalcore/data/ChartData?fips=48000&year=2023&mtype=3&cb=1781645410172471890,200,text/plain,RIUCZU5F2627O3W3SU6DTSHGR4DDHOTT,SAWP5,save-merged-p105.arquivo.pt-20260617174017-T6QKNEEAH7.warc.gz,True,
2026-06-16T21:30:11+00:00,https://apps.bea.gov/regionalcore/data/ChartData?fips=49000&year=2023&mtype=3&cb=1781645410311983513,200,text/plain,YDMVRSX5LJ3D4VCAGRP5UDGBBMJ4R3JI,SAWP5,save-merged-p106.arquivo.pt-20260617193358-R0E8DPMPW4.warc.gz,True,
2026-06-16T21:30:12+00:00,https://apps.bea.gov/regionalcore/data/ChartData?fips=50000&year=2023&mtype=3&cb=1781645410840688633,200,text/plain,JTBO5J622MSTQGNX37D5QADXNJT6OZDX,SAWP5,save-merged-p107.arquivo.pt-20260617183350-3RHVQIQSLS.warc.gz,True,
2026-06-16T21:30:12+00:00,https://apps.bea.gov/regionalcore/data/ChartData?fips=51000&year=2023&mtype=3&cb=1781645411419378266,200,text/plain,ON5BPCTHPYTZAZS77DQF4QDNUNCWAMDI,SAWP5,save-merged-p107.arquivo.pt-20260617183350-3RHVQIQSLS.warc.gz,True,
2026-06-16T21:30:13+00:00,https://apps.bea.gov/regionalcore/data/ChartData?fips=53000&year=2023&mtype=3&cb=1781645412307953258,200,text/plain,Z2W3L2C4P4Q5XZDDJUOHL7Q4B6OD3HWZ,SAWP5,save-merged-p105.arquivo.pt-20260617173906-T5DWKZSI5I.warc.gz,True,
2026-06-16T21:30:14+00:00,https://apps.bea.gov/regionalcore/data/ChartData?fips=54000&year=2023&mtype=3&cb=1781645412478274570,200,text/plain,LP4WBMSP4RVVBMHX6T77ID6WM7ZG6XWQ,SAWP5,save-merged-p106.arquivo.pt-20260617193358-R0E8DPMPW4.warc.gz,True,
2026-06-16T21:31:03+00:00,https://apps.bea.gov/regional/zip/SAINC.zip?cb=1781645461613900029,200,application/x-zip-compressed,CIL2VA2BORXN7TQEWOSV2WN3CO73IXQM,SAWP5,save-merged-p106.arquivo.pt-20260617193719-OXAQHEIPNM.warc.gz,True,
2026-06-16T21:31:08+00:00,https://apps.bea.gov/regional/zip/SAINC4.zip?cb=1781645467021034244,200,text/html,HFYPROZIQUMO6W3N3O5BDN5RUSCCONPO,SAWP5,save-merged-p105.arquivo.pt-20260617173906-T5DWKZSI5I.warc.gz,True,
2026-06-16T21:31:10+00:00,https://apps.bea.gov/regionalcore/data/StateList?cb=1781645468803272501,200,text/plain,PYIBYBCG6KFN6FYXFLYEI7GKSLPCX5CI,SAWP5,save-merged-p106.arquivo.pt-20260617192819-H6UKOL5KIY.warc.gz,True,
2026-06-16T21:31:39+00:00,https://apps.bea.gov/histdata/HistFileDetails.html?HistCateID=4%26FileGroupID=299,200,text/html,CVTIT63O7C2OC6MQR4ER2JSYUMTGE2FC,SAWP5,save-merged-p105.arquivo.pt-20260617174009-J3SXP7FZL8.warc.gz,True,
2026-06-16T21:31:41+00:00,https://apps.bea.gov/regionalcore/data/ChartData?fips=50000%26year=2023%26mtype=3,500,unk,3I42H3S6NNFQ2MSVX7XZKYAYSCX5QBYJ,SAWP5,save-merged-p106.arquivo.pt-20260617193719-OXAQHEIPNM.warc.gz,True,
2026-06-16T21:32:39+00:00,https://apps.bea.gov/histdata/core/data/GetHistFileDetails/?FileGroupID=299&FileType=HistFile,200,application/json,RE6LAAHJXUAAY4WY4R3JEENDQ3RXZM3Q,SAWP5,save-merged-p107.arquivo.pt-20260617183350-3RHVQIQSLS.warc.gz,True,
2026-06-16T21:32:41+00:00,https://apps.bea.gov/histdata/core/data/GetHistFileDetails/?FileGroupID=299&FileType=NotesArticles,200,application/json,AMW4HTYIIKUKIG75VNCCVDVN3TLJQHQQ,SAWP5,save-merged-p107.arquivo.pt-20260617183350-3RHVQIQSLS.warc.gz,True,
2026-06-16T21:34:50+00:00,https://apps.bea.gov/regionalcore/data/ChartData?fips=44000&year=2013&mtype=3,200,text/plain,RGUGUGTJRWUAKJPU53V2H3Z426SOCUH7,SAWP5,save-merged-p105.arquivo.pt-20260617174009-J3SXP7FZL8.warc.gz,True,
2026-06-16T21:35:05+00:00,https://apps.bea.gov/regionalcore/data/ChartData?fips=46000&year=2013&mtype=3,200,text/plain,3VRFMHXWZTUDBDWEVTWPGHS25NHF6NWL,SAWP5,save-merged-p106.arquivo.pt-20260617193358-R0E8DPMPW4.warc.gz,True,
2026-06-16T21:35:07+00:00,https://apps.bea.gov/regionalcore/data/ChartData?fips=47000&year=2013&mtype=3,200,text/plain,J7EYZYS3QMO3HWOVR5WSQDGB5JNNRDDZ,SAWP5,save-merged-p107.arquivo.pt-20260617183332-7WXZV7WTXC.warc.gz,True,
2026-06-16T21:39:28+00:00,https://apps.bea.gov/histdata/?__apncb=1781645966559,200,text/html,TD5KPSJSH76DCZ7WZVPPU3VMQWZM3WMK,SAWP5,save-merged-p105.arquivo.pt-20260617173715-UDKQNIZ9GY.warc.gz,True,
2026-06-16T21:39:32+00:00,https://apps.bea.gov/histdata/?__apncb=1781645966559,200,text/html,TD5KPSJSH76DCZ7WZVPPU3VMQWZM3WMK,SAWP5,save-merged-p107.arquivo.pt-20260617183350-3RHVQIQSLS.warc.gz,True,
2026-06-16T21:40:13+00:00,https://apps.bea.gov/histdata/js/app.js?__apncb=1781646012291,200,application/javascript,INKA3HOPX272SFIHAUYECCHOWFDLT5VC,SAWP5,save-merged-p107.arquivo.pt-20260617183350-3RHVQIQSLS.warc.gz,True,
2026-06-16T21:40:17+00:00,https://apps.bea.gov/histdata/js/app.js?__apncb=1781646012291,200,application/javascript,INKA3HOPX272SFIHAUYECCHOWFDLT5VC,SAWP5,save-merged-p106.arquivo.pt-20260617193358-R0E8DPMPW4.warc.gz,True,
2026-06-16T21:40:41+00:00,https://apps.bea.gov/histdata/Regional_Accounts_new.html?cb=1781646039506178758,200,text/html,HFYPROZIQUMO6W3N3O5BDN5RUSCCONPO,SAWP5,save-merged-p106.arquivo.pt-20260617192423-6QYJ15PRGC.warc.gz,True,
2026-06-16T21:40:42+00:00,https://apps.bea.gov/histdatacore/Regional_Accounts_new.html?cb=1781646041431383320,307,text/html,FHWU6CZLLBALFLCXFRT3CRANCLY34WG2,SAWP5,save-merged-p107.arquivo.pt-20260617183350-3RHVQIQSLS.warc.gz,True,
2026-06-16T21:40:43+00:00,https://apps.bea.gov/histdata/js/config.json?__apncb=1781646042297,200,application/json,OUW2ZK7BNA7Q2TA2BKT2HHA4IKRVJC67,SAWP5,save-merged-p107.arquivo.pt-20260617183350-3RHVQIQSLS.warc.gz,True,
2026-06-16T21:40:43+00:00,https://apps.bea.gov/histdata/js/modules/index.js?__apncb=1781646042298,200,application/javascript,EDUYAQX5GAYAP5CI5BIFYD7XTIEFFKYV,SAWP5,save-merged-p106.arquivo.pt-20260617192814-NWC1K2Z2L1.warc.gz,True,
2026-06-16T21:40:47+00:00,https://apps.bea.gov/histdata/js/config.json?__apncb=1781646042297,200,application/json,OUW2ZK7BNA7Q2TA2BKT2HHA4IKRVJC67,SAWP5,save-merged-p105.arquivo.pt-20260617173906-T5DWKZSI5I.warc.gz,True,
2026-06-16T21:40:47+00:00,https://apps.bea.gov/histdata/js/modules/index.js?__apncb=1781646042298,200,application/javascript,EDUYAQX5GAYAP5CI5BIFYD7XTIEFFKYV,SAWP5,save-merged-p107.arquivo.pt-20260617183350-3RHVQIQSLS.warc.gz,True,
2026-06-16T21:41:02+00:00,https://apps.bea.gov/histdata/RegionalAccounts.html?__apncb=1781646060760,200,text/html,MOULAT5QHMGX7OTTPOUOJFH5YV566A73,SAWP5,save-merged-p105.arquivo.pt-20260617172421-A7W6Y7AIT4.warc.gz,True,
2026-06-16T21:41:06+00:00,https://apps.bea.gov/histdata/RegionalAccounts.html?__apncb=1781646060760,200,text/html,MOULAT5QHMGX7OTTPOUOJFH5YV566A73,SAWP5,save-merged-p106.arquivo.pt-20260617193358-R0E8DPMPW4.warc.gz,True,
2026-06-16T21:41:08+00:00,https://apps.bea.gov/histdata/core/data/GetHistFileDetails/?FileGroupID=285&FileType=HistFile&u=1781646067476499530,200,application/json,UZIXHEKPNGZVLLORJZAUUNOIFBAD66K3,SAWP5,save-merged-p106.arquivo.pt-20260617192332-SYIN6H7WKE.warc.gz,True,
2026-06-16T21:41:09+00:00,https://apps.bea.gov/histdata/core/data/GetHistFileDetails/?FileGroupID=299&FileType=HistFile&u=1781646069088967064,200,application/json,RE6LAAHJXUAAY4WY4R3JEENDQ3RXZM3Q,SAWP5,save-merged-p105.arquivo.pt-20260617174017-T6QKNEEAH7.warc.gz,True,
2026-06-16T21:41:11+00:00,https://apps.bea.gov/histdata/core/data/GetHistFileDetails/?FileGroupID=312&FileType=HistFile&u=1781646070127921937,200,application/json,UKCCLRK54ZHBFOYHPTXL5M3IKLG4VLM2,SAWP5,save-merged-p106.arquivo.pt-20260617193358-R0E8DPMPW4.warc.gz,True,
2026-06-16T21:41:12+00:00,https://apps.bea.gov/histdata/core/data/GetHistFileDetails/?FileGroupID=141&FileType=HistFile&u=1781646071605973758,200,application/json,Y3LK3TTDFTXBVHJV3VV7J5K3AXHQXZTY,SAWP5,save-merged-p105.arquivo.pt-20260617174017-T6QKNEEAH7.warc.gz,True,
2026-06-16T21:41:20+00:00,https://apps.bea.gov/histdata/js/modules/RegionalAccounts.js?__apncb=1781646079100,200,application/javascript,S76L4AOUEESZXR7HAKJ5TPLUWD2DTGAO,SAWP5,save-merged-p105.arquivo.pt-20260617173901-OEYA0TB1F3.warc.gz,True,
2026-06-16T21:41:24+00:00,https://apps.bea.gov/histdata/js/modules/RegionalAccounts.js?__apncb=1781646079100,200,application/javascript,S76L4AOUEESZXR7HAKJ5TPLUWD2DTGAO,SAWP5,save-merged-p106.arquivo.pt-20260617192332-SYIN6H7WKE.warc.gz,True,
2026-06-16T21:41:31+00:00,https://apps.bea.gov/histdatacore/HistCategory/?histCateID=0&cb=1781646089875271360,307,text/html,TMQQCJZ3VIWR6KEYE3VHB2TBNB42K7DR,SAWP5,save-merged-p105.arquivo.pt-20260617174337-EU47WDLYJP.warc.gz,True,
2026-06-16T21:41:33+00:00,https://apps.bea.gov/histdatacore/HistFileGroup/?histCateID=5&fileGroupID=0&getFileList=false&cb=1781646092488226919,307,text/html,RGABILABP5LPDD7DQN3JVJEEGTL5IGHA,SAWP5,save-merged-p105.arquivo.pt-20260617174337-EU47WDLYJP.warc.gz,True,
2026-06-16T21:41:36+00:00,https://apps.bea.gov/histdatacore/HistFileDetails.html?HistCateID=5&FileGroupID=294&cb=1781646094692521578,307,text/html,RPOGAAOJXAAXGLSHQBY4INEJMKXIWDE7,SAWP5,save-merged-p105.arquivo.pt-20260617173901-OEYA0TB1F3.warc.gz,True,
2026-06-16T21:42:25+00:00,https://apps.bea.gov/histdata/HistCategory/?histCateID=0&cb=1781646143710278257,200,text/html,HFYPROZIQUMO6W3N3O5BDN5RUSCCONPO,SAWP5,save-merged-p105.arquivo.pt-20260617174017-T6QKNEEAH7.warc.gz,True,
2026-06-16T21:42:27+00:00,https://apps.bea.gov/histdata/HistFileGroup/?histCateID=5%26fileGroupID=0%26getFileList=false&cb=1781646145790233834,200,text/html,HFYPROZIQUMO6W3N3O5BDN5RUSCCONPO,SAWP5,save-merged-p106.arquivo.pt-20260617192814-NWC1K2Z2L1.warc.gz,True,
2026-06-16T21:42:51+00:00,https://apps.bea.gov/histdata/core/data/GetHistFileGroup/?histCateID=4,200,application/json,JON3MVXHBRABAA5P4WDVAKJS4UPDAV4Z,SAWP5,save-merged-p106.arquivo.pt-20260617193358-R0E8DPMPW4.warc.gz,True,
2026-06-16T21:43:21+00:00,https://apps.bea.gov/histdata/HistFileDetails.html,200,text/html,CVTIT63O7C2OC6MQR4ER2JSYUMTGE2FC,SAWP5,save-merged-p106.arquivo.pt-20260617193358-R0E8DPMPW4.warc.gz,True,
2026-06-16T21:43:23+00:00,https://apps.bea.gov/histdata/js/modules/histfiledetails.js,200,application/javascript,CBDG3SIPNWPWNP4JJKAPHWDJLBSHDVZG,SAWP5,save-merged-p106.arquivo.pt-20260617193719-OXAQHEIPNM.warc.gz,True,
2026-06-16T21:43:50+00:00,https://apps.bea.gov/histdata/core/data/GetHistFileDetails/?FileGroupID=290&FileType=HistFile,200,application/json,XEHX4HII3QLMTWZN3MLQ6LIIAF5IHDBZ,SAWP5,save-merged-p105.arquivo.pt-20260617174017-T6QKNEEAH7.warc.gz,True,
2026-06-16T21:43:51+00:00,https://apps.bea.gov/histdata/core/data/GetHistFileDetails/?FileGroupID=290&FileType=NotesArticles,200,application/json,KZGXWGKMOYWRP5IJHPVWYMSFUGNABR6A,SAWP5,save-merged-p108.arquivo.pt-20260617202056-LYSDL8R0VG.warc.gz,True,
2026-06-16T21:44:24+00:00,https://apps.bea.gov/regional/histdata/releases/0324pistate/SAINC.zip,200,application/x-zip-compressed,5RHVOC4MGSBXYEOL44ITII5BE52YH2OM,SAWP5,save-merged-p105.arquivo.pt-20260617171337-NN0HYMZKLX.warc.gz,True,
2026-06-16T21:44:38+00:00,https://apps.bea.gov/histdata/core/data/GetHistCategory/?__apncb=1781646277173,200,application/json,WNWBCOK6UZVDR5BJSTFWNQBZQYBSBXJ4,SAWP5,save-merged-p105.arquivo.pt-20260617174017-T6QKNEEAH7.warc.gz,True,
2026-06-16T21:44:42+00:00,https://apps.bea.gov/histdata/core/data/GetHistCategory/?__apncb=1781646277173,200,application/json,WNWBCOK6UZVDR5BJSTFWNQBZQYBSBXJ4,SAWP5,save-merged-p107.arquivo.pt-20260617183350-3RHVQIQSLS.warc.gz,True,
2026-06-16T21:45:10+00:00,https://apps.bea.gov/histdata/core/data/GetHistFileGroup/?histCateID=4&__apncb=1781646309326,200,application/json,JON3MVXHBRABAA5P4WDVAKJS4UPDAV4Z,SAWP5,save-merged-p106.arquivo.pt-20260617192814-NWC1K2Z2L1.warc.gz,True,
2026-06-16T21:45:14+00:00,https://apps.bea.gov/histdata/core/data/GetHistFileGroup/?histCateID=4&__apncb=1781646309326,200,application/json,JON3MVXHBRABAA5P4WDVAKJS4UPDAV4Z,SAWP5,save-merged-p105.arquivo.pt-20260617174017-T6QKNEEAH7.warc.gz,True,
2026-06-16T21:45:37+00:00,https://apps.bea.gov/histdata/HistFileDetails.html?HistCateID=4&FileGroupID=290&__apncb=1781646336227,200,text/html,CVTIT63O7C2OC6MQR4ER2JSYUMTGE2FC,SAWP5,save-merged-p108.arquivo.pt-20260617202049-NOFS6HTPTU.warc.gz,True,
2026-06-16T21:45:42+00:00,https://apps.bea.gov/histdata/HistFileDetails.html?HistCateID=4&FileGroupID=290&__apncb=1781646336227,200,text/html,CVTIT63O7C2OC6MQR4ER2JSYUMTGE2FC,SAWP5,save-merged-p107.arquivo.pt-20260617183355-928HJFXEAG.warc.gz,True,
2026-06-16T21:46:25+00:00,https://apps.bea.gov/histdata/js/modules/HistFileDetails.js?__apncb=1781646384294,200,application/javascript,CBDG3SIPNWPWNP4JJKAPHWDJLBSHDVZG,SAWP5,save-merged-p105.arquivo.pt-20260617173715-UDKQNIZ9GY.warc.gz,True,
2026-06-16T21:46:29+00:00,https://apps.bea.gov/histdata/js/modules/HistFileDetails.js?__apncb=1781646384294,200,application/javascript,CBDG3SIPNWPWNP4JJKAPHWDJLBSHDVZG,SAWP5,save-merged-p108.arquivo.pt-20260617202056-LYSDL8R0VG.warc.gz,True,
2026-06-16T21:46:47+00:00,https://apps.bea.gov/histdata/core/data/GetHistFileDetails/?FileGroupID=290&FileType=HistFile&__apncb=1781646406490,200,application/json,XEHX4HII3QLMTWZN3MLQ6LIIAF5IHDBZ,SAWP5,save-merged-p105.arquivo.pt-20260617174022-NNM15XVBG1.warc.gz,True,
2026-06-16T21:46:52+00:00,https://apps.bea.gov/histdata/core/data/GetHistFileDetails/?FileGroupID=290&FileType=HistFile&__apncb=1781646406490,200,application/json,XEHX4HII3QLMTWZN3MLQ6LIIAF5IHDBZ,SAWP5,save-merged-p105.arquivo.pt-20260617174022-NNM15XVBG1.warc.gz,True,
2026-06-16T21:46:58+00:00,https://apps.bea.gov/histdatacore/,307,text/html,W3CQWRBSNQM5IJ3KATSMJ5FTYMPO3JLQ,SAWP5,save-merged-p107.arquivo.pt-20260617183350-3RHVQIQSLS.warc.gz,True,
2026-06-16T21:47:35+00:00,https://apps.bea.gov/regional/histdata/releases/0324pistate/SAINC.zip?__apncb=1781646454017,200,application/x-zip-compressed,5RHVOC4MGSBXYEOL44ITII5BE52YH2OM,SAWP5,save-merged-p107.arquivo.pt-20260617183350-3RHVQIQSLS.warc.gz,True,
2026-06-16T21:47:39+00:00,https://apps.bea.gov/regional/histdata/releases/0324pistate/SAINC.zip?__apncb=1781646454017,200,application/x-zip-compressed,5RHVOC4MGSBXYEOL44ITII5BE52YH2OM,SAWP5,save-merged-p105.arquivo.pt-20260617173901-OEYA0TB1F3.warc.gz,True,
2026-06-16T21:48:13+00:00,https://apps.bea.gov/histdata/css/main.css,200,text/css,BMR4PIZNOU3J63UTDZTQ2DDINFH5OMCV,SAWP5,save-merged-p107.arquivo.pt-20260617183350-3RHVQIQSLS.warc.gz,True,
2026-06-16T21:48:14+00:00,https://apps.bea.gov/regional/bearfacts/js/amcharts4/charts.js.map,200,text/plain,WA3H6LZ7YMFPIEZWEY23KWPLP5QJSAIA,SAWP5,save-merged-p105.arquivo.pt-20260617174337-EU47WDLYJP.warc.gz,True,
2026-06-16T21:49:18+00:00,https://apps.bea.gov/regional/histdata/releases/0324pistate/SAINC.zip?__apncb=1781646454017,200,application/x-zip-compressed,5RHVOC4MGSBXYEOL44ITII5BE52YH2OM,SAWP5,save-merged-p105.arquivo.pt-20260617174337-EU47WDLYJP.warc.gz,True,
2026-06-16T21:49:45+00:00,https://apps.bea.gov/regional/histdata/releases/0324pistate/SAINC.zip?__apncb=1781646454017,200,application/x-zip-compressed,5RHVOC4MGSBXYEOL44ITII5BE52YH2OM,SAWP5,save-merged-p107.arquivo.pt-20260617183332-7WXZV7WTXC.warc.gz,True,
2026-06-16T21:51:27+00:00,https://apps.bea.gov/regionalcore/data/ChartData?fips=04000&year=2010&mtype=3,200,text/plain,4F6XC74FIHBYCF4PFRWN5LKTRNJO6UW3,SAWP5,save-merged-p106.arquivo.pt-20260617193358-R0E8DPMPW4.warc.gz,True,
2026-06-16T21:51:28+00:00,https://apps.bea.gov/regionalcore/data/ChartData?fips=01000&year=2010&mtype=3,200,text/plain,EAGZ6G2RFLFYURHLVUWNRU5IPMMJLUGW,SAWP5,save-merged-p107.arquivo.pt-20260617183401-OH8O35KZGM.warc.gz,True,
2026-06-16T21:51:28+00:00,https://apps.bea.gov/regionalcore/data/ChartData?fips=02000&year=2010&mtype=3,200,text/plain,7ATN3M3BJXFSCH44ZG4RFLSZW4BAOJH7,SAWP5,save-merged-p106.arquivo.pt-20260617192819-H6UKOL5KIY.warc.gz,True,
2026-06-16T21:51:28+00:00,https://apps.bea.gov/regionalcore/data/ChartData?fips=05000&year=2010&mtype=3,200,text/plain,L6GB6UAN7PFXTRVMQVMBAZJOY2CZDSHQ,SAWP5,save-merged-p107.arquivo.pt-20260617183350-3RHVQIQSLS.warc.gz,True,
2026-06-16T21:51:28+00:00,https://apps.bea.gov/regionalcore/data/ChartData?fips=06000&year=2010&mtype=3,200,text/plain,S3UE4HHH7VYSUUZDTGLC3OWY7HWTKB4Q,SAWP5,save-merged-p107.arquivo.pt-20260617183350-3RHVQIQSLS.warc.gz,True,
2026-06-16T21:51:28+00:00,https://apps.bea.gov/regionalcore/data/ChartData?fips=08000&year=2010&mtype=3,200,text/plain,WRID6DQM44RCUDC4EHBC765KGTASY3NB,SAWP5,save-merged-p105.arquivo.pt-20260617172421-A7W6Y7AIT4.warc.gz,True,
2026-06-16T21:51:29+00:00,https://apps.bea.gov/regionalcore/data/ChartData?fips=09000&year=2010&mtype=3,200,text/plain,POUSSNFWZK35BDQ2SFHBHED4I2BPG55P,SAWP5,save-merged-p106.arquivo.pt-20260617193358-R0E8DPMPW4.warc.gz,True,
2026-06-16T21:51:29+00:00,https://apps.bea.gov/regionalcore/data/ChartData?fips=10000&year=2010&mtype=3,200,text/plain,3BS665DXNVGUSZ36S6A6B6OX7HDCF57V,SAWP5,save-merged-p105.arquivo.pt-20260617172421-A7W6Y7AIT4.warc.gz,True,
2026-06-16T21:51:29+00:00,https://apps.bea.gov/regionalcore/data/ChartData?fips=11000&year=2010&mtype=3,200,text/plain,FKHF4JLPWPFV5ANBTS6UKRATHJKR7VPL,SAWP5,save-merged-p107.arquivo.pt-20260617183350-3RHVQIQSLS.warc.gz,True,
2026-06-16T21:51:29+00:00,https://apps.bea.gov/regionalcore/data/ChartData?fips=13000&year=2010&mtype=3,200,text/plain,2UTQWZXIXO7Q7JAYXQ6R7SDBUBSHEZ52,SAWP5,save-merged-p105.arquivo.pt-20260617172421-A7W6Y7AIT4.warc.gz,True,
2026-06-16T21:51:30+00:00,https://apps.bea.gov/regionalcore/data/ChartData?fips=12000&year=2010&mtype=3,200,text/plain,4COEZFTMBQ5JITP4BTJCP4VGEKM54UUZ,SAWP5,save-merged-p107.arquivo.pt-20260617183350-3RHVQIQSLS.warc.gz,True,
2026-06-16T21:51:30+00:00,https://apps.bea.gov/regionalcore/data/ChartData?fips=15000&year=2010&mtype=3,200,text/plain,NDQDLOCAVZVGPNIU3UODPPCCWAOAVNML,SAWP5,save-merged-p106.arquivo.pt-20260617193358-R0E8DPMPW4.warc.gz,True,
2026-06-16T21:51:31+00:00,https://apps.bea.gov/regionalcore/data/ChartData?fips=16000&year=2010&mtype=3,200,text/plain,SDXRLA325TMTDOCY2RSWEWEARO3GPUOE,SAWP5,save-merged-p106.arquivo.pt-20260617193358-R0E8DPMPW4.warc.gz,True,
2026-06-16T21:51:31+00:00,https://apps.bea.gov/regionalcore/data/ChartData?fips=17000&year=2010&mtype=3,200,text/plain,64IHKBQ2UJHOBRNLOU2Q66QMXQRUGSGP,SAWP5,save-merged-p105.arquivo.pt-20260617174017-T6QKNEEAH7.warc.gz,True,
2026-06-16T21:51:31+00:00,https://apps.bea.gov/regionalcore/data/ChartData?fips=18000&year=2010&mtype=3,200,text/plain,KWSOK3OQTECVCKJPCX33SAC2I4DYV6QV,SAWP5,save-merged-p105.arquivo.pt-20260617173906-T5DWKZSI5I.warc.gz,True,
2026-06-16T21:51:31+00:00,https://apps.bea.gov/regionalcore/data/ChartData?fips=19000&year=2010&mtype=3,200,text/plain,OHB3ZSCRKKT547QFUGAWV3NC2NNYJEF5,SAWP5,save-merged-p107.arquivo.pt-20260617183350-3RHVQIQSLS.warc.gz,True,
2026-06-16T21:51:31+00:00,https://apps.bea.gov/regionalcore/data/ChartData?fips=20000&year=2010&mtype=3,200,text/plain,PKIY7GULU7FG6IJZKTAVUGZN6JYODGJL,SAWP5,save-merged-p106.arquivo.pt-20260617193358-R0E8DPMPW4.warc.gz,True,
2026-06-16T21:51:32+00:00,https://apps.bea.gov/regionalcore/data/ChartData?fips=21000&year=2010&mtype=3,200,text/plain,R722BRXUJHB6CPFKWXMUEMPFYTO2EZWY,SAWP5,save-merged-p105.arquivo.pt-20260617173906-T5DWKZSI5I.warc.gz,True,
2026-06-16T21:51:32+00:00,https://apps.bea.gov/regionalcore/data/ChartData?fips=22000&year=2010&mtype=3,200,text/plain,GY6TDSF3X62B3RQPJGJSXYXBIIL62FAP,SAWP5,save-merged-p106.arquivo.pt-20260617193358-R0E8DPMPW4.warc.gz,True,
2026-06-16T21:51:33+00:00,https://apps.bea.gov/histdata/core/data/Fea_DisplayChildrenA/,200,application/json,TE6ZUSACWUMJHUJ6NAWHYQ6HMFY7GUB3,SAWP5,save-merged-p107.arquivo.pt-20260617183717-97UKVARF3H.warc.gz,True,
2026-06-16T21:51:33+00:00,https://apps.bea.gov/regionalcore/data/ChartData?fips=23000&year=2010&mtype=3,200,text/plain,WR2GHJ7T7CWGKK65CE2X6U6AGZZJO4DI,SAWP5,save-merged-p107.arquivo.pt-20260617183401-OH8O35KZGM.warc.gz,True,
2026-06-16T21:51:33+00:00,https://apps.bea.gov/regionalcore/data/ChartData?fips=24000&year=2010&mtype=3,200,text/plain,DT4BX5OUGLPBWEXUVDMPOJ5CGOJDSIFK,SAWP5,save-merged-p106.arquivo.pt-20260617193358-R0E8DPMPW4.warc.gz,True,
2026-06-16T21:51:33+00:00,https://apps.bea.gov/regionalcore/data/ChartData?fips=25000&year=2010&mtype=3,200,text/plain,ZPSVP32CVKENNZRIGTSY5ECPY6FD7ZXA,SAWP5,save-merged-p105.arquivo.pt-20260617174337-EU47WDLYJP.warc.gz,True,
2026-06-16T21:51:33+00:00,https://apps.bea.gov/regionalcore/data/ChartData?fips=26000&year=2010&mtype=3,200,text/plain,YM52DJ53X44LHHCXSFX7NZGYOPCSRRST,SAWP5,save-merged-p107.arquivo.pt-20260617183401-OH8O35KZGM.warc.gz,True,
2026-06-16T21:51:33+00:00,https://apps.bea.gov/regionalcore/data/ChartData?fips=27000&year=2010&mtype=3,200,text/plain,UOXUZYZRXFXUIGS6IOMBOFVMAI7PMW5V,SAWP5,save-merged-p106.arquivo.pt-20260617193358-R0E8DPMPW4.warc.gz,True,
2026-06-16T21:51:33+00:00,https://apps.bea.gov/regionalcore/data/ChartData?fips=28000&year=2010&mtype=3,200,text/plain,BIMKHZEKB4LWPNJESFXFP32GZ6ERRTTA,SAWP5,save-merged-p105.arquivo.pt-20260617174337-EU47WDLYJP.warc.gz,True,
2026-06-16T21:51:34+00:00,https://apps.bea.gov/regionalcore/data/ChartData?fips=29000&year=2010&mtype=3,200,text/plain,4RTUSRTW2MAFIXTZH76RWDDBFIGPZ4DP,SAWP5,save-merged-p105.arquivo.pt-20260617171324-BN4NKFCTX1.warc.gz,True,
2026-06-16T21:51:34+00:00,https://apps.bea.gov/regionalcore/data/ChartData?fips=30000&year=2010&mtype=3,200,text/plain,CX4SGJCIRBYZCCOSMG7EKXGFGDKH3CXY,SAWP5,save-merged-p106.arquivo.pt-20260617193724-A6PL0AF00N.warc.gz,True,
2026-06-16T21:51:34+00:00,https://apps.bea.gov/regionalcore/data/ChartData?fips=31000&year=2010&mtype=3,200,text/plain,PW5CRXGNT344OYZQCTCREFR7237BDX6M,SAWP5,save-merged-p107.arquivo.pt-20260617183755-KGK98M25I0.warc.gz,True,
2026-06-16T21:51:35+00:00,https://apps.bea.gov/histdata/core/data/Fea_DisplayChildrenB/1,200,application/json,GSI3KVNHC4W66RBO3DNHHQFICOVQJNTX,SAWP5,save-merged-p106.arquivo.pt-20260617193358-R0E8DPMPW4.warc.gz,True,
2026-06-16T21:51:35+00:00,https://apps.bea.gov/regionalcore/data/ChartData?fips=32000&year=2010&mtype=3,200,text/plain,UY7FL2PUIEQMXMFHNNVRIGX26U7AWHFH,SAWP5,save-merged-p105.arquivo.pt-20260617174017-T6QKNEEAH7.warc.gz,True,
2026-06-16T21:51:35+00:00,https://apps.bea.gov/regionalcore/data/ChartData?fips=33000&year=2010&mtype=3,200,text/plain,L3JV2A3N3VSQEKCZXXLJMCTKKF2QXPMG,SAWP5,save-merged-p106.arquivo.pt-20260617193358-R0E8DPMPW4.warc.gz,True,
2026-06-16T21:51:35+00:00,https://apps.bea.gov/regionalcore/data/ChartData?fips=34000&year=2010&mtype=3,200,text/plain,7I7AFJJQD7TR4EY74E27NCY435K7Q4MJ,SAWP5,save-merged-p106.arquivo.pt-20260617193719-OXAQHEIPNM.warc.gz,True,
2026-06-16T21:51:36+00:00,https://apps.bea.gov/regionalcore/data/ChartData?fips=35000&year=2010&mtype=3,200,text/plain,QUX5CQ22IB7BS4YMS3H4CBMUPGZC744M,SAWP5,save-merged-p107.arquivo.pt-20260617183755-KGK98M25I0.warc.gz,True,
2026-06-16T21:51:36+00:00,https://apps.bea.gov/regionalcore/data/ChartData?fips=36000&year=2010&mtype=3,200,text/plain,TVULSDYSDHZ6AUAZSLQD3C6R2OCAZK2N,SAWP5,save-merged-p108.arquivo.pt-20260617201658-F173KOV5US.warc.gz,True,
2026-06-16T21:51:36+00:00,https://apps.bea.gov/regionalcore/data/ChartData?fips=37000&year=2010&mtype=3,200,text/plain,OEWMV6ZKHFQ5RN3NQZTBU4CJXLLR5WLH,SAWP5,save-merged-p105.arquivo.pt-20260617173906-T5DWKZSI5I.warc.gz,True,
2026-06-16T21:51:36+00:00,https://apps.bea.gov/regionalcore/data/ChartData?fips=38000&year=2010&mtype=3,200,text/plain,QFW7LSHQJ7FDYA5DFLTQWZS76KDSVMKJ,SAWP5,save-merged-p107.arquivo.pt-20260617183717-97UKVARF3H.warc.gz,True,
2026-06-16T21:51:36+00:00,https://apps.bea.gov/regionalcore/data/ChartData?fips=39000&year=2010&mtype=3,200,text/plain,FGOXX35VPNCP3467AQJ434EOXGR537IP,SAWP5,save-merged-p106.arquivo.pt-20260617193358-R0E8DPMPW4.warc.gz,True,
2026-06-16T21:51:37+00:00,https://apps.bea.gov/histdata/data/Fea_DisplayChildrenA/,200,text/html,HFYPROZIQUMO6W3N3O5BDN5RUSCCONPO,SAWP5,save-merged-p107.arquivo.pt-20260617183350-3RHVQIQSLS.warc.gz,True,
2026-06-16T21:51:37+00:00,https://apps.bea.gov/regionalcore/data/ChartData?fips=40000&year=2010&mtype=3,200,text/plain,5G6EWOLUXSHEASN5DF73JLAUQOPIIN3B,SAWP5,save-merged-p107.arquivo.pt-20260617183350-3RHVQIQSLS.warc.gz,True,
2026-06-16T21:51:37+00:00,https://apps.bea.gov/regionalcore/data/ChartData?fips=41000&year=2010&mtype=3,200,text/plain,Z224T3W42UAXDCA4UTVE7AAQOFAD6GIC,SAWP5,save-merged-p106.arquivo.pt-20260617193358-R0E8DPMPW4.warc.gz,True,
2026-06-16T21:51:37+00:00,https://apps.bea.gov/regionalcore/data/ChartData?fips=42000&year=2010&mtype=3,200,text/plain,EOYYJAGL6N2OCFDOLZFUJM3KLTKBPUSF,SAWP5,save-merged-p105.arquivo.pt-20260617173906-T5DWKZSI5I.warc.gz,True,
2026-06-16T21:51:37+00:00,https://apps.bea.gov/regionalcore/data/ChartData?fips=44000&year=2010&mtype=3,200,text/plain,H7CDQ7SOH6XGQLL4TML6FIHISF63W24T,SAWP5,save-merged-p105.arquivo.pt-20260617173906-T5DWKZSI5I.warc.gz,True,
2026-06-16T21:51:38+00:00,https://apps.bea.gov/regionalcore/data/ChartData?fips=45000&year=2010&mtype=3,200,text/plain,W7N5QLTGIONJZ5RWR4ROJAPHS7452T56,SAWP5,save-merged-p105.arquivo.pt-20260617173901-OEYA0TB1F3.warc.gz,True,
2026-06-16T21:51:38+00:00,https://apps.bea.gov/regionalcore/data/ChartData?fips=46000&year=2010&mtype=3,200,text/plain,NWBBBP55KM4XBIDVDBVVUZMQTRY27LLT,SAWP5,save-merged-p108.arquivo.pt-20260617202049-NOFS6HTPTU.warc.gz,True,
2026-06-16T21:51:38+00:00,https://apps.bea.gov/regionalcore/data/ChartData?fips=47000&year=2010&mtype=3,200,text/plain,VLAWCDD2DVGT7H5SFTATQ4WNYHS6UKDG,SAWP5,save-merged-p107.arquivo.pt-20260617183350-3RHVQIQSLS.warc.gz,True,
2026-06-16T21:51:38+00:00,https://apps.bea.gov/regionalcore/data/ChartData?fips=48000&year=2010&mtype=3,200,text/plain,NELKVVLMHYKWITANU2VMAC5LH6XQMUCM,SAWP5,save-merged-p106.arquivo.pt-20260617193719-OXAQHEIPNM.warc.gz,True,
2026-06-16T21:51:39+00:00,https://apps.bea.gov/regionalcore/data/ChartData?fips=49000&year=2010&mtype=3,200,text/plain,EJTFILM4SLRKUDNUDZEDEY2IZGCJIDVE,SAWP5,save-merged-p107.arquivo.pt-20260617183717-97UKVARF3H.warc.gz,True,
2026-06-16T21:51:39+00:00,https://apps.bea.gov/regionalcore/data/ChartData?fips=50000&year=2010&mtype=3,200,text/plain,35DIEK2MK5FBSKZBLD7FB2ZSWZSLBEFZ,SAWP5,save-merged-p106.arquivo.pt-20260617193358-R0E8DPMPW4.warc.gz,True,
2026-06-16T21:51:39+00:00,https://apps.bea.gov/regionalcore/data/ChartData?fips=51000&year=2010&mtype=3,200,text/plain,VBFKG4EFW3W6PG5TRGFJOPWVJ526JKIL,SAWP5,save-merged-p105.arquivo.pt-20260617174017-T6QKNEEAH7.warc.gz,True,
2026-06-16T21:51:39+00:00,https://apps.bea.gov/regionalcore/data/ChartData?fips=53000&year=2010&mtype=3,200,text/plain,VHRGRWWGLJURDA3RMUYULP2E7LLTQMQ3,SAWP5,save-merged-p105.arquivo.pt-20260617174337-EU47WDLYJP.warc.gz,True,
2026-06-16T21:51:40+00:00,https://apps.bea.gov/regionalcore/data/ChartData?fips=02000&year=2011&mtype=3,200,text/plain,OF5B5B6UY7QHBMXKTY76NM2LJ5OIZFOS,SAWP5,save-merged-p105.arquivo.pt-20260617174337-EU47WDLYJP.warc.gz,True,
2026-06-16T21:51:40+00:00,https://apps.bea.gov/regionalcore/data/ChartData?fips=54000&year=2010&mtype=3,200,text/plain,DLS7L7QD4T4EGACJM6QPWLIBOVAYU2T5,SAWP5,save-merged-p105.arquivo.pt-20260617174017-T6QKNEEAH7.warc.gz,True,
2026-06-16T21:51:40+00:00,https://apps.bea.gov/regionalcore/data/ChartData?fips=55000&year=2010&mtype=3,200,text/plain,SGF26FAQCXPYMJV4YFWIROXCPSTA4NWO,SAWP5,save-merged-p107.arquivo.pt-20260617183350-3RHVQIQSLS.warc.gz,True,
2026-06-16T21:51:40+00:00,https://apps.bea.gov/regionalcore/data/ChartData?fips=56000&year=2010&mtype=3,200,text/plain,3PAYRSGUMH7YFGUGP7AJDAUFBM6DCQ4H,SAWP5,save-merged-p105.arquivo.pt-20260617174017-T6QKNEEAH7.warc.gz,True,
2026-06-16T21:51:41+00:00,https://apps.bea.gov/regionalcore/data/ChartData?fips=01000&year=2011&mtype=3,200,text/plain,RRO4RJGP2ZYNZMRKGNYA7NQ24HVII6Z4,SAWP5,save-merged-p105.arquivo.pt-20260617174017-T6QKNEEAH7.warc.gz,True,
2026-06-16T21:51:41+00:00,https://apps.bea.gov/regionalcore/data/ChartData?fips=04000&year=2011&mtype=3,200,text/plain,CQBVCMJWAQTFLDLDW5P6INUCTGNHWVND,SAWP5,save-merged-p105.arquivo.pt-20260617173901-OEYA0TB1F3.warc.gz,True,
2026-06-16T21:51:41+00:00,https://apps.bea.gov/regionalcore/data/ChartData?fips=05000&year=2011&mtype=3,200,text/plain,JMIU6GVXOMKIYQPSAYZJ7EZK5OOWRCE5,SAWP5,save-merged-p108.arquivo.pt-20260617202049-NOFS6HTPTU.warc.gz,True,
2026-06-16T21:51:41+00:00,https://apps.bea.gov/regionalcore/data/ChartData?fips=06000&year=2011&mtype=3,200,text/plain,D5BJ6MECBIUJDDUAC7WA6ABMMY7WOZCJ,SAWP5,save-merged-p105.arquivo.pt-20260617173906-T5DWKZSI5I.warc.gz,True,
2026-06-16T21:51:41+00:00,https://apps.bea.gov/regionalcore/data/ChartData?fips=08000&year=2011&mtype=3,200,text/plain,YAURSX7IL4KZYULPW3PMTGCPTZKBW4ON,SAWP5,save-merged-p105.arquivo.pt-20260617174337-EU47WDLYJP.warc.gz,True,
2026-06-16T21:51:42+00:00,https://apps.bea.gov/regionalcore/data/ChartData?fips=09000&year=2011&mtype=3,200,text/plain,64O56CGOA5IYZWZHR63DYF6O5Y624QCE,SAWP5,save-merged-p106.arquivo.pt-20260617193358-R0E8DPMPW4.warc.gz,True,
2026-06-16T21:51:42+00:00,https://apps.bea.gov/regionalcore/data/ChartData?fips=10000&year=2011&mtype=3,200,text/plain,ZWH4NFISKV3YPQMXT2EOZUBCGVQIYIAH,SAWP5,save-merged-p106.arquivo.pt-20260617193719-OXAQHEIPNM.warc.gz,True,
2026-06-16T21:51:42+00:00,https://apps.bea.gov/regionalcore/data/ChartData?fips=11000&year=2011&mtype=3,200,text/plain,Q6HIBHAJZXH725AS65LCMDYUIYV2SCWO,SAWP5,save-merged-p108.arquivo.pt-20260617202056-LYSDL8R0VG.warc.gz,True,
2026-06-16T21:51:42+00:00,https://apps.bea.gov/regionalcore/data/ChartData?fips=12000&year=2011&mtype=3,200,text/plain,NHYLZ4ERB7G22FOCCQZTM2FCOWHULJNT,SAWP5,save-merged-p106.arquivo.pt-20260617193358-R0E8DPMPW4.warc.gz,True,
2026-06-16T21:51:43+00:00,https://apps.bea.gov/regionalcore/data/ChartData?fips=13000&year=2011&mtype=3,200,text/plain,NFJFPLNIZ6JXEOH5ANOFK43X2QGNEXGM,SAWP5,save-merged-p107.arquivo.pt-20260617183755-KGK98M25I0.warc.gz,True,
2026-06-16T21:51:43+00:00,https://apps.bea.gov/regionalcore/data/ChartData?fips=15000&year=2011&mtype=3,200,text/plain,WAA4FJU5KREJZPV5GNDGR5M2OVCJ3AGB,SAWP5,save-merged-p106.arquivo.pt-20260617193719-OXAQHEIPNM.warc.gz,True,
2026-06-16T21:51:43+00:00,https://apps.bea.gov/regionalcore/data/ChartData?fips=16000&year=2011&mtype=3,200,text/plain,7ALWORSTUU2LFB6SUHDLQJG2B5V6SEDL,SAWP5,save-merged-p106.arquivo.pt-20260617193724-A6PL0AF00N.warc.gz,True,
2026-06-16T21:51:44+00:00,https://apps.bea.gov/regionalcore/data/ChartData?fips=17000&year=2011&mtype=3,200,text/plain,CBUPQSOHKSNC3ZOOCLN2XQUNN73E2HT7,SAWP5,save-merged-p106.arquivo.pt-20260617193358-R0E8DPMPW4.warc.gz,True,
2026-06-16T21:51:44+00:00,https://apps.bea.gov/regionalcore/data/ChartData?fips=18000&year=2011&mtype=3,200,text/plain,4MLO6QJY5SCHLSDIN7P64G2RYXDFGNHL,SAWP5,save-merged-p106.arquivo.pt-20260617193358-R0E8DPMPW4.warc.gz,True,
2026-06-16T21:51:44+00:00,https://apps.bea.gov/regionalcore/data/ChartData?fips=19000&year=2011&mtype=3,200,text/plain,3GTVW3JPAVYMB4CUQW3GLO2YWZGBB4ZM,SAWP5,save-merged-p105.arquivo.pt-20260617174337-EU47WDLYJP.warc.gz,True,
2026-06-16T21:51:44+00:00,https://apps.bea.gov/regionalcore/data/ChartData?fips=20000&year=2011&mtype=3,200,text/plain,KJTFKNGLQ4V2Y5C6GXREEQ3GURCDZBH2,SAWP5,save-merged-p105.arquivo.pt-20260617174017-T6QKNEEAH7.warc.gz,True,
2026-06-16T21:51:45+00:00,https://apps.bea.gov/regionalcore/data/ChartData?fips=22000&year=2011&mtype=3,200,text/plain,WCMAHSCFQYUDQG5HAV6JE5NJSEHXZ4LU,SAWP5,save-merged-p105.arquivo.pt-20260617174017-T6QKNEEAH7.warc.gz,True,
2026-06-16T21:51:45+00:00,https://apps.bea.gov/regionalcore/data/ChartData?fips=23000&year=2011&mtype=3,200,text/plain,7EHQ4QVORQBABWSYHFKN5T4NG34AT4HC,SAWP5,save-merged-p105.arquivo.pt-20260617171658-LZSDRSOSR3.warc.gz,True,
2026-06-16T21:51:45+00:00,https://apps.bea.gov/regionalcore/data/ChartData?fips=24000&year=2011&mtype=3,200,text/plain,MOJ5JJE74N4SV4M6OEICLPI5Q4GNRJA7,SAWP5,save-merged-p105.arquivo.pt-20260617171324-BN4NKFCTX1.warc.gz,True,
2026-06-16T21:51:45+00:00,https://apps.bea.gov/regionalcore/data/ChartData?fips=25000&year=2011&mtype=3,200,text/plain,LZFNCWUSCPYBFKY6IGZGDOBBYNAHEMXC,SAWP5,save-merged-p106.arquivo.pt-20260617193358-R0E8DPMPW4.warc.gz,True,
2026-06-16T21:51:45+00:00,https://apps.bea.gov/regionalcore/data/ChartData?fips=26000&year=2011&mtype=3,200,text/plain,R6OVB5DXUJBHAYH2IEIW5QJSFECDOZKX,SAWP5,save-merged-p108.arquivo.pt-20260617201658-F173KOV5US.warc.gz,True,
2026-06-16T21:51:46+00:00,https://apps.bea.gov/regionalcore/data/ChartData?fips=27000&year=2011&mtype=3,200,text/plain,UPZ2KKXUMIJN2QIHPSLYQAIG2OVYZMNP,SAWP5,save-merged-p106.arquivo.pt-20260617193358-R0E8DPMPW4.warc.gz,True,
2026-06-16T21:51:46+00:00,https://apps.bea.gov/regionalcore/data/ChartData?fips=28000&year=2011&mtype=3,200,text/plain,ZOOGTENXIXRMJIYDV27UQBQBZC33MJK3,SAWP5,save-merged-p105.arquivo.pt-20260617174337-EU47WDLYJP.warc.gz,True,
2026-06-16T21:51:47+00:00,https://apps.bea.gov/regionalcore/data/ChartData?fips=29000&year=2011&mtype=3,200,text/plain,OTQM2UVNVOYO6UBSTIVDYCCAXGK54IJ5,SAWP5,save-merged-p106.arquivo.pt-20260617193719-OXAQHEIPNM.warc.gz,True,
2026-06-16T21:51:47+00:00,https://apps.bea.gov/regionalcore/data/ChartData?fips=30000&year=2011&mtype=3,200,text/plain,KVHAYAGK7U3VLEU7TRTGQOYHD7ATKXTW,SAWP5,save-merged-p106.arquivo.pt-20260617193358-R0E8DPMPW4.warc.gz,True,
2026-06-16T21:51:47+00:00,https://apps.bea.gov/regionalcore/data/ChartData?fips=31000&year=2011&mtype=3,200,text/plain,52S7VE4GX2KJXSRVVMGSWVM77WIGZSMF,SAWP5,save-merged-p106.arquivo.pt-20260617193724-A6PL0AF00N.warc.gz,True,
2026-06-16T21:51:47+00:00,https://apps.bea.gov/regionalcore/data/ChartData?fips=32000&year=2011&mtype=3,200,text/plain,VIHKQ25WCEI4DWJSCUG4B2EFIMASETGO,SAWP5,save-merged-p108.arquivo.pt-20260617202056-LYSDL8R0VG.warc.gz,True,
2026-06-16T21:51:48+00:00,https://apps.bea.gov/regionalcore/data/ChartData?fips=33000&year=2011&mtype=3,200,text/plain,62TKWQBZFKZHCXCQQPUX2ZPDUEYCFD75,SAWP5,save-merged-p107.arquivo.pt-20260617183350-3RHVQIQSLS.warc.gz,True,
2026-06-16T21:51:48+00:00,https://apps.bea.gov/regionalcore/data/ChartData?fips=34000&year=2011&mtype=3,200,text/plain,B43P55323X7ZGJAALUPDACUOPY3DP354,SAWP5,save-merged-p105.arquivo.pt-20260617174337-EU47WDLYJP.warc.gz,True,
2026-06-16T21:51:48+00:00,https://apps.bea.gov/regionalcore/data/ChartData?fips=35000&year=2011&mtype=3,200,text/plain,7LLFE77NSS2VUDWTB5MMULFMICPACXGR,SAWP5,save-merged-p105.arquivo.pt-20260617174337-EU47WDLYJP.warc.gz,True,
2026-06-16T21:51:49+00:00,https://apps.bea.gov/histdata/js/modules/RegionalAccounts.js,200,application/javascript,S76L4AOUEESZXR7HAKJ5TPLUWD2DTGAO,SAWP5,save-merged-p106.arquivo.pt-20260617193358-R0E8DPMPW4.warc.gz,True,
2026-06-16T21:51:49+00:00,https://apps.bea.gov/regionalcore/data/ChartData?fips=36000&year=2011&mtype=3,200,text/plain,D7WS3KVAJY5TMARLBXRJUWTNY3AHGDVX,SAWP5,save-merged-p106.arquivo.pt-20260617193719-OXAQHEIPNM.warc.gz,True,
2026-06-16T21:51:49+00:00,https://apps.bea.gov/regionalcore/data/ChartData?fips=37000&year=2011&mtype=3,200,text/plain,UWAPKIOTE7MZLOWNBH2CSN2VMIHHPZAU,SAWP5,save-merged-p106.arquivo.pt-20260617193358-R0E8DPMPW4.warc.gz,True,
2026-06-16T21:51:49+00:00,https://apps.bea.gov/regionalcore/data/ChartData?fips=38000&year=2011&mtype=3,200,text/plain,2R34ABXFSCPYUFAYCJ2YQPYCYFKQXOAF,SAWP5,save-merged-p107.arquivo.pt-20260617183717-97UKVARF3H.warc.gz,True,
2026-06-16T21:51:49+00:00,https://apps.bea.gov/regionalcore/data/ChartData?fips=39000&year=2011&mtype=3,200,text/plain,CFMRXS624PLNZHB2VCX7LOGITOMXB6WE,SAWP5,save-merged-p105.arquivo.pt-20260617174017-T6QKNEEAH7.warc.gz,True,
2026-06-16T21:51:50+00:00,https://apps.bea.gov/histdata/histChildLevels.html,200,text/html,7IKOCBJW4C5MH5KR2IDNTELUJTB536BV,SAWP5,save-merged-p107.arquivo.pt-20260617183755-KGK98M25I0.warc.gz,True,
2026-06-16T21:51:50+00:00,https://apps.bea.gov/regionalcore/data/ChartData?fips=40000&year=2011&mtype=3,200,text/plain,LLXTPNRPUL557GILYU3O6NQECRBGMD6Q,SAWP5,save-merged-p108.arquivo.pt-20260617202049-NOFS6HTPTU.warc.gz,True,
2026-06-16T21:51:50+00:00,https://apps.bea.gov/regionalcore/data/ChartData?fips=41000&year=2011&mtype=3,200,text/plain,VCGR7G7H4RPPEPSOSQAT2KMF6QDOWQ67,SAWP5,save-merged-p105.arquivo.pt-20260617174017-T6QKNEEAH7.warc.gz,True,
2026-06-16T21:51:50+00:00,https://apps.bea.gov/regionalcore/data/ChartData?fips=44000&year=2011&mtype=3,200,text/plain,SZO3ZU27KAZH3C6KRTNJTTWS3IUUV32C,SAWP5,save-merged-p106.arquivo.pt-20260617191958-2ZB48MKE9B.warc.gz,True,
2026-06-16T21:51:51+00:00,https://apps.bea.gov/regionalcore/data/ChartData?fips=45000&year=2011&mtype=3,200,text/plain,EP7LGBE2XSLPU5W3OPGMN2P2DRAHZFO6,SAWP5,save-merged-p105.arquivo.pt-20260617174337-EU47WDLYJP.warc.gz,True,
2026-06-16T21:51:51+00:00,https://apps.bea.gov/regionalcore/data/ChartData?fips=46000&year=2011&mtype=3,200,text/plain,PPM6QOIYIKZVFDIUMBKKOIMHEV7MBZVS,SAWP5,save-merged-p105.arquivo.pt-20260617174017-T6QKNEEAH7.warc.gz,True,
2026-06-16T21:51:52+00:00,https://apps.bea.gov/histdata/js/modules/histChildLevels.js,200,application/javascript,AZ7YN555NT4U5CGNA7GMRLT2EGDBGYOK,SAWP5,save-merged-p105.arquivo.pt-20260617174337-EU47WDLYJP.warc.gz,True,
2026-06-16T21:51:52+00:00,https://apps.bea.gov/regionalcore/data/ChartData?fips=47000&year=2011&mtype=3,200,text/plain,WKLV2IRYHXGYFKUHIL32CCDK3TRQN4NO,SAWP5,save-merged-p108.arquivo.pt-20260617202056-LYSDL8R0VG.warc.gz,True,
2026-06-16T21:51:52+00:00,https://apps.bea.gov/regionalcore/data/ChartData?fips=48000&year=2011&mtype=3,200,text/plain,CP7BBSO22AMYENK235NYFNGPROEJSSFP,SAWP5,save-merged-p106.arquivo.pt-20260617193358-R0E8DPMPW4.warc.gz,True,
2026-06-16T21:51:52+00:00,https://apps.bea.gov/regionalcore/data/ChartData?fips=49000&year=2011&mtype=3,200,text/plain,4SB7ORRIXU4WKORGGV65QKARWEPODMGF,SAWP5,save-merged-p105.arquivo.pt-20260617174337-EU47WDLYJP.warc.gz,True,
2026-06-16T21:51:53+00:00,https://apps.bea.gov/regionalcore/data/ChartData?fips=50000&year=2011&mtype=3,200,text/plain,QXO3NYAVSS4ND3W7YCVLBF2ZEYBZVQF5,SAWP5,save-merged-p105.arquivo.pt-20260617174017-T6QKNEEAH7.warc.gz,True,
2026-06-16T21:51:53+00:00,https://apps.bea.gov/regionalcore/data/ChartData?fips=51000&year=2011&mtype=3,200,text/plain,UDVZ2EFG7DTEDSPHBQVCCQNYRYXIYJ3A,SAWP5,save-merged-p107.arquivo.pt-20260617183755-KGK98M25I0.warc.gz,True,
2026-06-16T21:51:54+00:00,https://apps.bea.gov/regionalcore/data/ChartData?fips=53000&year=2011&mtype=3,200,text/plain,7V6L5HLKRIBICZYXINU27M4J7JJIF6P4,SAWP5,save-merged-p107.arquivo.pt-20260617182647-0VM22ASYAK.warc.gz,True,
2026-06-16T21:51:54+00:00,https://apps.bea.gov/regionalcore/data/ChartData?fips=54000&year=2011&mtype=3,200,text/plain,OAJM7277CMQSWVGHBUKUXMRTDFVUNSJG,SAWP5,save-merged-p105.arquivo.pt-20260617174337-EU47WDLYJP.warc.gz,True,
2026-06-16T21:51:54+00:00,https://apps.bea.gov/regionalcore/data/ChartData?fips=55000&year=2011&mtype=3,200,text/plain,RU2BDAV3WQGI77IGVG54GRVGX4VGPEI3,SAWP5,save-merged-p105.arquivo.pt-20260617171324-BN4NKFCTX1.warc.gz,True,
2026-06-16T21:51:55+00:00,https://apps.bea.gov/regionalcore/data/ChartData?fips=01000&year=2012&mtype=3,200,text/plain,ONLXD675XDFEKANW6ZKKVR7YJJBDNJGR,SAWP5,save-merged-p108.arquivo.pt-20260617201658-F173KOV5US.warc.gz,True,
2026-06-16T21:51:55+00:00,https://apps.bea.gov/regionalcore/data/ChartData?fips=02000&year=2012&mtype=3,200,text/plain,BOCSTCAO6VGCOQUMKPRRWKCGLC5PWIKX,SAWP5,save-merged-p108.arquivo.pt-20260617202049-NOFS6HTPTU.warc.gz,True,
2026-06-16T21:51:55+00:00,https://apps.bea.gov/regionalcore/data/ChartData?fips=56000&year=2011&mtype=3,200,text/plain,72VJRAHDWI6DIAYFFLWILID4WODVIB7E,SAWP5,save-merged-p107.arquivo.pt-20260617183717-97UKVARF3H.warc.gz,True,
2026-06-16T21:51:56+00:00,https://apps.bea.gov/regionalcore/data/ChartData?fips=04000&year=2012&mtype=3,200,text/plain,TAKPVK5ZNY3WOPHWCCGSABWGX6LKBZGN,SAWP5,save-merged-p108.arquivo.pt-20260617202056-LYSDL8R0VG.warc.gz,True,
2026-06-16T21:51:56+00:00,https://apps.bea.gov/regionalcore/data/ChartData?fips=05000&year=2012&mtype=3,200,text/plain,4FMMUSRNXLJNUFY356FYJNIUVCIF7D5N,SAWP5,save-merged-p105.arquivo.pt-20260617171324-BN4NKFCTX1.warc.gz,True,
2026-06-16T21:51:56+00:00,https://apps.bea.gov/regionalcore/data/ChartData?fips=06000&year=2012&mtype=3,200,text/plain,FH2QTPMD5ADGE4NO5DWP5ZEYQ4O5RFVH,SAWP5,save-merged-p106.arquivo.pt-20260617193358-R0E8DPMPW4.warc.gz,True,
2026-06-16T21:51:56+00:00,https://apps.bea.gov/regionalcore/data/ChartData?fips=21000&year=2011&mtype=3,200,text/plain,KAKV2CKBVC7OLG3NTGIWENUVM27446O5,SAWP5,save-merged-p107.arquivo.pt-20260617183337-0BN5MUUB0M.warc.gz,True,
2026-06-16T21:51:56+00:00,https://apps.bea.gov/regionalcore/data/ChartData?fips=42000&year=2011&mtype=3,200,text/plain,SLFSNX5WTAXLKPH7HC434CC3S7NZZ3KF,SAWP5,save-merged-p107.arquivo.pt-20260617183755-KGK98M25I0.warc.gz,True,
2026-06-16T21:51:57+00:00,https://apps.bea.gov/regionalcore/data/ChartData?fips=08000&year=2012&mtype=3,200,text/plain,2AFPW3TAK4JT7U3VABZ2YFAVKN5JNXJ7,SAWP5,save-merged-p105.arquivo.pt-20260617174337-EU47WDLYJP.warc.gz,True,
2026-06-16T21:51:57+00:00,https://apps.bea.gov/regionalcore/data/ChartData?fips=09000&year=2012&mtype=3,200,text/plain,ZSB7TXTYXFFSOPKLHBIR54XIDBQ4FATM,SAWP5,save-merged-p106.arquivo.pt-20260617193358-R0E8DPMPW4.warc.gz,True,
2026-06-16T21:51:57+00:00,https://apps.bea.gov/regionalcore/data/ChartData?fips=10000&year=2012&mtype=3,200,text/plain,T3S4UXKQXNDST7FAXV2HDP3YIG4TTB55,SAWP5,save-merged-p108.arquivo.pt-20260617201658-F173KOV5US.warc.gz,True,
2026-06-16T21:51:58+00:00,https://apps.bea.gov/regionalcore/data/ChartData?fips=12000&year=2012&mtype=3,200,text/plain,6FP7VVWIDCTNWHYKGZLLNKM23MXZMYOX,SAWP5,save-merged-p108.arquivo.pt-20260617202049-NOFS6HTPTU.warc.gz,True,
2026-06-16T21:51:58+00:00,https://apps.bea.gov/regionalcore/data/ChartData?fips=13000&year=2012&mtype=3,200,text/plain,SE4N36GLUT6WX44WIBGFGUXJEFDCH43Z,SAWP5,save-merged-p106.arquivo.pt-20260617193358-R0E8DPMPW4.warc.gz,True,
2026-06-16T21:51:58+00:00,https://apps.bea.gov/regionalcore/data/ChartData?fips=15000&year=2012&mtype=3,200,text/plain,FUARQ5H5257OIJ6XFFCXSOYTPW2JQPZR,SAWP5,save-merged-p106.arquivo.pt-20260617193719-OXAQHEIPNM.warc.gz,True,
2026-06-16T21:51:58+00:00,https://apps.bea.gov/regionalcore/data/ChartData?fips=16000&year=2012&mtype=3,200,text/plain,DWTF5LBQ4UITWAVKKH7XHUZEQGXBCIQQ,SAWP5,save-merged-p107.arquivo.pt-20260617183717-97UKVARF3H.warc.gz,True,
2026-06-16T21:51:59+00:00,https://apps.bea.gov/regionalcore/data/ChartData?fips=11000&year=2012&mtype=3,200,text/plain,HE2WUDD6HIADFCTEOCO7DI3ME7H5I4TT,SAWP5,save-merged-p105.arquivo.pt-20260617172421-A7W6Y7AIT4.warc.gz,True,
2026-06-16T21:51:59+00:00,https://apps.bea.gov/regionalcore/data/ChartData?fips=17000&year=2012&mtype=3,200,text/plain,CHVLBPZYX256PVRZCNRPQRKKLK7Q2DEM,SAWP5,save-merged-p107.arquivo.pt-20260617183401-OH8O35KZGM.warc.gz,True,
2026-06-16T21:51:59+00:00,https://apps.bea.gov/regionalcore/data/ChartData?fips=18000&year=2012&mtype=3,200,text/plain,HRJBMUPCDJGRXHAWDHQOZ5DS5YQPYQFO,SAWP5,save-merged-p107.arquivo.pt-20260617183350-3RHVQIQSLS.warc.gz,True,
2026-06-16T21:51:59+00:00,https://apps.bea.gov/regionalcore/data/ChartData?fips=19000&year=2012&mtype=3,200,text/plain,W7QR3M76N3WQL4WPHEZ5FEDZWIGQDYKW,SAWP5,save-merged-p105.arquivo.pt-20260617173715-UDKQNIZ9GY.warc.gz,True,
2026-06-16T21:52:00+00:00,https://apps.bea.gov/regionalcore/data/ChartData?fips=20000&year=2012&mtype=3,200,text/plain,YYEMMBRMODYBB7ASESVPZ34R42L2DR4Z,SAWP5,save-merged-p106.arquivo.pt-20260617193719-OXAQHEIPNM.warc.gz,True,
2026-06-16T21:52:00+00:00,https://apps.bea.gov/regionalcore/data/ChartData?fips=21000&year=2012&mtype=3,200,text/plain,UANIYTZQHFRZ6JYVOSYZX6MBRT5AY7F6,SAWP5,save-merged-p108.arquivo.pt-20260617202049-NOFS6HTPTU.warc.gz,True,
2026-06-16T21:52:00+00:00,https://apps.bea.gov/regionalcore/data/ChartData?fips=22000&year=2012&mtype=3,200,text/plain,BK43FRFJEPNN5CWIRNX5B3YLQKYE3BIW,SAWP5,save-merged-p107.arquivo.pt-20260617183350-3RHVQIQSLS.warc.gz,True,
2026-06-16T21:52:00+00:00,https://apps.bea.gov/regionalcore/data/ChartData?fips=23000&year=2012&mtype=3,200,text/plain,ELMLNOXLTRBLQLX5DSXNQUP4MSSWIMVE,SAWP5,save-merged-p106.arquivo.pt-20260617193358-R0E8DPMPW4.warc.gz,True,
2026-06-16T21:52:01+00:00,https://apps.bea.gov/regionalcore/data/ChartData?fips=24000&year=2012&mtype=3,200,text/plain,BEADZJUJDJLP756AEGMRGJPAXR4HTITU,SAWP5,save-merged-p107.arquivo.pt-20260617182231-UJTP0SRDT3.warc.gz,True,
2026-06-16T21:52:01+00:00,https://apps.bea.gov/regionalcore/data/ChartData?fips=25000&year=2012&mtype=3,200,text/plain,VBNPOOSSBMJVEXPZ3QAKKOUBZH7UIHRR,SAWP5,save-merged-p106.arquivo.pt-20260617193719-OXAQHEIPNM.warc.gz,True,
2026-06-16T21:52:01+00:00,https://apps.bea.gov/regionalcore/data/ChartData?fips=26000&year=2012&mtype=3,200,text/plain,25BSNJORDM3FXDSVRJJCDGROHOGLRICH,SAWP5,save-merged-p106.arquivo.pt-20260617193358-R0E8DPMPW4.warc.gz,True,
2026-06-16T21:52:01+00:00,https://apps.bea.gov/regionalcore/data/ChartData?fips=27000&year=2012&mtype=3,200,text/plain,36RAR5R34LFX7XUZ6T6IFI4FYSTPN6G2,SAWP5,save-merged-p106.arquivo.pt-20260617193719-OXAQHEIPNM.warc.gz,True,
2026-06-16T21:52:01+00:00,https://apps.bea.gov/regionalcore/data/ChartData?fips=28000&year=2012&mtype=3,200,text/plain,36HNBXECMW5FZCQMFV45XCOWBQ2FEAXP,SAWP5,save-merged-p107.arquivo.pt-20260617183717-97UKVARF3H.warc.gz,True,
2026-06-16T21:52:02+00:00,https://apps.bea.gov/regionalcore/data/ChartData?fips=29000&year=2012&mtype=3,200,text/plain,ANAXI5IW6YISIM7ONMCXD5527CUYW6SB,SAWP5,save-merged-p106.arquivo.pt-20260617193358-R0E8DPMPW4.warc.gz,True,
2026-06-16T21:52:02+00:00,https://apps.bea.gov/regionalcore/data/ChartData?fips=30000&year=2012&mtype=3,200,text/plain,RH4ZDR3ERIN4B2Z4JXWWLVNGN5EOO4UK,SAWP5,save-merged-p106.arquivo.pt-20260617193358-R0E8DPMPW4.warc.gz,True,
2026-06-16T21:52:02+00:00,https://apps.bea.gov/regionalcore/data/ChartData?fips=31000&year=2012&mtype=3,200,text/plain,PRQQ43NDZ5APUK66CTSVYAN3JCAKJROR,SAWP5,save-merged-p105.arquivo.pt-20260617174337-EU47WDLYJP.warc.gz,True,
2026-06-16T21:52:03+00:00,https://apps.bea.gov/regionalcore/data/ChartData?fips=32000&year=2012&mtype=3,200,text/plain,AZK7MHA6AA5BS5SZXRDF24TSXET7XSYU,SAWP5,save-merged-p108.arquivo.pt-20260617202056-LYSDL8R0VG.warc.gz,True,
2026-06-16T21:52:03+00:00,https://apps.bea.gov/regionalcore/data/ChartData?fips=33000&year=2012&mtype=3,200,text/plain,UC2BWRQCOJ44BMB74MU5MZLKA6RYIZEY,SAWP5,save-merged-p105.arquivo.pt-20260617174337-EU47WDLYJP.warc.gz,True,
2026-06-16T21:52:03+00:00,https://apps.bea.gov/regionalcore/data/ChartData?fips=34000&year=2012&mtype=3,200,text/plain,6XEZ5NH4BLELVK2VXFMF2VASG553P3YZ,SAWP5,save-merged-p107.arquivo.pt-20260617183401-OH8O35KZGM.warc.gz,True,
2026-06-16T21:52:03+00:00,https://apps.bea.gov/regionalcore/data/ChartData?fips=35000&year=2012&mtype=3,200,text/plain,DUSNQIS5ZYQXRNDOQIGBQTBG5OPF5SYK,SAWP5,save-merged-p108.arquivo.pt-20260617202056-LYSDL8R0VG.warc.gz,True,
2026-06-16T21:52:03+00:00,https://apps.bea.gov/regionalcore/data/ChartData?fips=36000&year=2012&mtype=3,200,text/plain,KEH6U3CU2ZUPPY653O5IBBRNUV6KJUSX,SAWP5,save-merged-p105.arquivo.pt-20260617174017-T6QKNEEAH7.warc.gz,True,
2026-06-16T21:52:03+00:00,https://apps.bea.gov/regionalcore/data/ChartData?fips=37000&year=2012&mtype=3,200,text/plain,JFLP3WSHHME3RANFKPFDOJZYPGSADUGS,SAWP5,save-merged-p106.arquivo.pt-20260617192438-FJINHFSR8N.warc.gz,True,
2026-06-16T21:52:04+00:00,https://apps.bea.gov/regionalcore/data/ChartData?fips=38000&year=2012&mtype=3,200,text/plain,ADAEJUUSUHMSD3DGGIV7H2FS2WAEUJTD,SAWP5,save-merged-p105.arquivo.pt-20260617174337-EU47WDLYJP.warc.gz,True,
2026-06-16T21:52:04+00:00,https://apps.bea.gov/regionalcore/data/ChartData?fips=39000&year=2012&mtype=3,200,text/plain,6N6KQAY34GTMXJLIO5QFNVKHCZAKQ22F,SAWP5,save-merged-p107.arquivo.pt-20260617183717-97UKVARF3H.warc.gz,True,
2026-06-16T21:52:04+00:00,https://apps.bea.gov/regionalcore/data/ChartData?fips=40000&year=2012&mtype=3,200,text/plain,KSZAZJMX3FQAZK2UHIFXOEQEKXHVBX4I,SAWP5,save-merged-p105.arquivo.pt-20260617174017-T6QKNEEAH7.warc.gz,True,
2026-06-16T21:52:05+00:00,https://apps.bea.gov/regionalcore/data/ChartData?fips=41000&year=2012&mtype=3,200,text/plain,4G7MQPIN7JJNGOAD5HO5UIFVEHKHZX5E,SAWP5,save-merged-p105.arquivo.pt-20260617173906-T5DWKZSI5I.warc.gz,True,
2026-06-16T21:52:05+00:00,https://apps.bea.gov/regionalcore/data/ChartData?fips=42000&year=2012&mtype=3,200,text/plain,Y3WVCDMGRGC7ONPCBXCVHYOVKBR7CLS5,SAWP5,save-merged-p107.arquivo.pt-20260617183350-3RHVQIQSLS.warc.gz,True,
2026-06-16T21:52:05+00:00,https://apps.bea.gov/regionalcore/data/ChartData?fips=44000&year=2012&mtype=3,200,text/plain,7VVQRZF43HN4VU7NSGUFMY4B4GO7D2AK,SAWP5,save-merged-p106.arquivo.pt-20260617193358-R0E8DPMPW4.warc.gz,True,
2026-06-16T21:52:06+00:00,https://apps.bea.gov/regionalcore/data/ChartData?fips=45000&year=2012&mtype=3,200,text/plain,2YLMCEIJTR5QR77R7UVBBRN7Q7MYCKMP,SAWP5,save-merged-p107.arquivo.pt-20260617183350-3RHVQIQSLS.warc.gz,True,
2026-06-16T21:52:06+00:00,https://apps.bea.gov/regionalcore/data/ChartData?fips=46000&year=2012&mtype=3,200,text/plain,MCL57AVTKFUDXLTZSW6UTDEZ54X5CLWY,SAWP5,save-merged-p106.arquivo.pt-20260617193358-R0E8DPMPW4.warc.gz,True,
2026-06-16T21:52:06+00:00,https://apps.bea.gov/regionalcore/data/ChartData?fips=47000&year=2012&mtype=3,200,text/plain,6N2W6KLBOPI5Q33XC3QKYTWI6WFPOO4X,SAWP5,save-merged-p105.arquivo.pt-20260617174337-EU47WDLYJP.warc.gz,True,
2026-06-16T21:52:06+00:00,https://apps.bea.gov/regionalcore/data/ChartData?fips=49000&year=2012&mtype=3,200,text/plain,2QLKJWFJHMAAAOIHLT62E55Z25N33CON,SAWP5,save-merged-p105.arquivo.pt-20260617173715-UDKQNIZ9GY.warc.gz,True,
2026-06-16T21:52:06+00:00,https://apps.bea.gov/regionalcore/data/ChartData?fips=50000&year=2012&mtype=3,403,text/html,6FVXIMGXZGJHJUKRBBCXYUFHA5VAETP5,SAWP5,save-merged-p105.arquivo.pt-20260617174337-EU47WDLYJP.warc.gz,True,
2026-06-16T21:52:07+00:00,https://apps.bea.gov/regionalcore/data/ChartData?fips=51000&year=2012&mtype=3,200,text/plain,6O2IY5YVZRZ2N76MJFIYH6RQG2KMWRF2,SAWP5,save-merged-p105.arquivo.pt-20260617172421-A7W6Y7AIT4.warc.gz,True,
2026-06-16T21:52:07+00:00,https://apps.bea.gov/regionalcore/data/ChartData?fips=53000&year=2012&mtype=3,200,text/plain,OKYYK2L7K2CA7HEJX2G3F5JJ2OXVBVEM,SAWP5,save-merged-p105.arquivo.pt-20260617172421-A7W6Y7AIT4.warc.gz,True,
2026-06-16T21:52:07+00:00,https://apps.bea.gov/regionalcore/data/ChartData?fips=54000&year=2012&mtype=3,200,text/plain,WMVXRCCUYN7DWQ5D7AG5Z2CJGQ6KOIHI,SAWP5,save-merged-p106.arquivo.pt-20260617193358-R0E8DPMPW4.warc.gz,True,
2026-06-16T21:52:07+00:00,https://apps.bea.gov/regionalcore/data/ChartData?fips=55000&year=2012&mtype=3,200,text/plain,PFXRCBDFO4ZHVQ3ZVKK26T7YEGY7PQQ7,SAWP5,save-merged-p106.arquivo.pt-20260617193358-R0E8DPMPW4.warc.gz,True,
2026-06-16T21:52:08+00:00,https://apps.bea.gov/regionalcore/data/ChartData?fips=48000&year=2012&mtype=3,200,text/plain,GXBOK6EUEHDV6APHP4FMRL77OI5JFRI4,SAWP5,save-merged-p106.arquivo.pt-20260617193358-R0E8DPMPW4.warc.gz,True,
2026-06-16T21:52:08+00:00,https://apps.bea.gov/regionalcore/data/ChartData?fips=56000&year=2012&mtype=3,200,text/plain,IUTI533Z7M34GNBTPC3ASUH7HAKY35LT,SAWP5,save-merged-p106.arquivo.pt-20260617193719-OXAQHEIPNM.warc.gz,True,
2026-06-16T21:52:15+00:00,https://apps.bea.gov/regionalcore/data/ChartData?fips=48000&year=2013&mtype=3,200,text/plain,NSM6BJ63CBY7L2GRTMBRI2XCO3CG7R27,SAWP5,save-merged-p105.arquivo.pt-20260617173901-OEYA0TB1F3.warc.gz,True,
2026-06-16T21:52:16+00:00,https://apps.bea.gov/regionalcore/data/ChartData?fips=01000&year=2014&mtype=3,200,text/plain,XFK3IFIZL5E3QEY6WUAYHZOYIUY634V3,SAWP5,save-merged-p107.arquivo.pt-20260617183401-OH8O35KZGM.warc.gz,True,
2026-06-16T21:52:16+00:00,https://apps.bea.gov/regionalcore/data/ChartData?fips=02000&year=2014&mtype=3,200,text/plain,TUMPC2QS7N2CCMUSSURCWNIWSVKY2GVD,SAWP5,save-merged-p106.arquivo.pt-20260617193358-R0E8DPMPW4.warc.gz,True,
2026-06-16T21:52:16+00:00,https://apps.bea.gov/regionalcore/data/ChartData?fips=04000&year=2014&mtype=3,200,text/plain,BEUXWWLLHQ3ZAWF765TY6YFQY4UIJMLF,SAWP5,save-merged-p107.arquivo.pt-20260617183717-97UKVARF3H.warc.gz,True,
2026-06-16T21:52:16+00:00,https://apps.bea.gov/regionalcore/data/ChartData?fips=05000&year=2014&mtype=3,200,text/plain,ZNTHVZQ4TPZUOY2EQKMICSJCWPTC5OO7,SAWP5,save-merged-p106.arquivo.pt-20260617193719-OXAQHEIPNM.warc.gz,True,
2026-06-16T21:52:16+00:00,https://apps.bea.gov/regionalcore/data/ChartData?fips=06000&year=2014&mtype=3,200,text/plain,IISOVJWJNZIRK6FWZ3Q6OR74HE5ZS42J,SAWP5,save-merged-p105.arquivo.pt-20260617174337-EU47WDLYJP.warc.gz,True,
2026-06-16T21:52:17+00:00,https://apps.bea.gov/regionalcore/data/ChartData?fips=08000&year=2014&mtype=3,200,text/plain,A3TL43AORKBK22CHONOC6SVR3B66SEQS,SAWP5,save-merged-p105.arquivo.pt-20260617173901-OEYA0TB1F3.warc.gz,True,
2026-06-16T21:52:17+00:00,https://apps.bea.gov/regionalcore/data/ChartData?fips=09000&year=2014&mtype=3,200,text/plain,2ZTWTK7TTDDQOXTD77QSMWDDVVONYNN2,SAWP5,save-merged-p107.arquivo.pt-20260617183717-97UKVARF3H.warc.gz,True,
2026-06-16T21:52:17+00:00,https://apps.bea.gov/regionalcore/data/ChartData?fips=10000&year=2014&mtype=3,200,text/plain,7GENR4Z4E345OENVF2FVDJEI4X2OHAX4,SAWP5,save-merged-p108.arquivo.pt-20260617201658-F173KOV5US.warc.gz,True,
2026-06-16T21:52:17+00:00,https://apps.bea.gov/regionalcore/data/ChartData?fips=11000&year=2014&mtype=3,200,text/plain,ABAFMLABMOZWUVCFTHMKDHXQOIPV7SLJ,SAWP5,save-merged-p108.arquivo.pt-20260617202049-NOFS6HTPTU.warc.gz,True,
2026-06-16T21:52:18+00:00,https://apps.bea.gov/regionalcore/data/ChartData?fips=12000&year=2014&mtype=3,200,text/plain,YELOLWIN7FESA47CQ5VSF5PE7JIKBTWH,SAWP5,save-merged-p105.arquivo.pt-20260617173901-OEYA0TB1F3.warc.gz,True,
2026-06-16T21:52:18+00:00,https://apps.bea.gov/regionalcore/data/ChartData?fips=13000&year=2014&mtype=3,200,text/plain,TYMHZ6PXSTHZQJAZB2HV3WKVQJ2TSITO,SAWP5,save-merged-p107.arquivo.pt-20260617183350-3RHVQIQSLS.warc.gz,True,
2026-06-16T21:52:19+00:00,https://apps.bea.gov/regionalcore/data/ChartData?fips=15000&year=2014&mtype=3,200,text/plain,ONBV3ICUJMS423JXBVLZMKGVZB7N7RG3,SAWP5,save-merged-p106.arquivo.pt-20260617192332-SYIN6H7WKE.warc.gz,True,
2026-06-16T21:52:19+00:00,https://apps.bea.gov/regionalcore/data/ChartData?fips=16000&year=2014&mtype=3,200,text/plain,IU6VTWSEWA5QP6VNLPZZ3UYOQMBUAGBD,SAWP5,save-merged-p105.arquivo.pt-20260617173901-OEYA0TB1F3.warc.gz,True,
2026-06-16T21:52:19+00:00,https://apps.bea.gov/regionalcore/data/ChartData?fips=17000&year=2014&mtype=3,200,text/plain,QM5H77F6CHYIH6DCT5N3F4WAN6GME7AB,SAWP5,save-merged-p108.arquivo.pt-20260617202049-NOFS6HTPTU.warc.gz,True,
2026-06-16T21:52:19+00:00,https://apps.bea.gov/regionalcore/data/ChartData?fips=18000&year=2014&mtype=3,200,text/plain,IHAD2R42BHIZAZTSEH2RLO67YCVAHODL,SAWP5,save-merged-p105.arquivo.pt-20260617173901-OEYA0TB1F3.warc.gz,True,
2026-06-16T21:52:20+00:00,https://apps.bea.gov/regionalcore/data/ChartData?fips=19000&year=2014&mtype=3,200,text/plain,6XD43KLQI32SDXL6PVTO5KUGVJJSSXNV,SAWP5,save-merged-p105.arquivo.pt-20260617174017-T6QKNEEAH7.warc.gz,True,
2026-06-16T21:52:20+00:00,https://apps.bea.gov/regionalcore/data/ChartData?fips=20000&year=2014&mtype=3,200,text/plain,BWTXVA2267QKEPTCOVK3M4N2NTACHFAL,SAWP5,save-merged-p107.arquivo.pt-20260617183717-97UKVARF3H.warc.gz,True,
2026-06-16T21:52:20+00:00,https://apps.bea.gov/regionalcore/data/ChartData?fips=21000&year=2014&mtype=3,200,text/plain,MH5UI7B5RGMK7ATBXTHQTLU4TMANWIAU,SAWP5,save-merged-p105.arquivo.pt-20260617173901-OEYA0TB1F3.warc.gz,True,
2026-06-16T21:52:20+00:00,https://apps.bea.gov/regionalcore/data/ChartData?fips=22000&year=2014&mtype=3,200,text/plain,C7HRRO6JLGUMGEJTVK5ZRPRKPOTSLU7Z,SAWP5,save-merged-p107.arquivo.pt-20260617183717-97UKVARF3H.warc.gz,True,
2026-06-16T21:52:20+00:00,https://apps.bea.gov/regionalcore/data/ChartData?fips=23000&year=2014&mtype=3,200,text/plain,RTBI2HWRNUECIF4EC4DUGA6I35HACOPO,SAWP5,save-merged-p108.arquivo.pt-20260617202049-NOFS6HTPTU.warc.gz,True,
2026-06-16T21:52:21+00:00,https://apps.bea.gov/regionalcore/data/ChartData?fips=24000&year=2014&mtype=3,200,text/plain,F7QTALQWKVICRGFRT2OY7Q32BTJAQOXF,SAWP5,save-merged-p105.arquivo.pt-20260617173901-OEYA0TB1F3.warc.gz,True,
2026-06-16T21:52:22+00:00,https://apps.bea.gov/regionalcore/data/ChartData?fips=25000&year=2014&mtype=3,200,text/plain,4E6UKJT7WIGSZ3VI4L6TXVJUE6OXSQ33,SAWP5,save-merged-p108.arquivo.pt-20260617201658-F173KOV5US.warc.gz,True,
2026-06-16T21:52:22+00:00,https://apps.bea.gov/regionalcore/data/ChartData?fips=26000&year=2014&mtype=3,200,text/plain,PJCMISKM6MXLA7LNRPCW73YWLTSNCHAC,SAWP5,save-merged-p106.arquivo.pt-20260617193719-OXAQHEIPNM.warc.gz,True,
2026-06-16T21:52:22+00:00,https://apps.bea.gov/regionalcore/data/ChartData?fips=27000&year=2014&mtype=3,200,text/plain,JDDRNHNSEBHJ3QE3NVJGC2WJCKOWN3ZL,SAWP5,save-merged-p105.arquivo.pt-20260617173901-OEYA0TB1F3.warc.gz,True,
2026-06-16T21:52:22+00:00,https://apps.bea.gov/regionalcore/data/ChartData?fips=28000&year=2014&mtype=3,200,text/plain,V7JNMABWTFXQYHB2R6LMCLD3L73HOL6V,SAWP5,save-merged-p107.arquivo.pt-20260617183350-3RHVQIQSLS.warc.gz,True,
2026-06-16T21:52:23+00:00,https://apps.bea.gov/regionalcore/data/ChartData?fips=29000&year=2014&mtype=3,200,text/plain,FBCII2IEJKTNQMP7YZU3DDYRNY5DUVUE,SAWP5,save-merged-p107.arquivo.pt-20260617183717-97UKVARF3H.warc.gz,True,
2026-06-16T21:52:23+00:00,https://apps.bea.gov/regionalcore/data/ChartData?fips=30000&year=2014&mtype=3,200,text/plain,CIYW7S7WVVMQNMNCUKADPSABKUWRYBWU,SAWP5,save-merged-p105.arquivo.pt-20260617173901-OEYA0TB1F3.warc.gz,True,
2026-06-16T21:52:23+00:00,https://apps.bea.gov/regionalcore/data/ChartData?fips=31000&year=2014&mtype=3,200,text/plain,6BLGFVKCKL4REY6LVX3JDWAAOEK7ZSIO,SAWP5,save-merged-p108.arquivo.pt-20260617201642-EMSUJE6Z4U.warc.gz,True,
2026-06-16T21:52:23+00:00,https://apps.bea.gov/regionalcore/data/ChartData?fips=32000&year=2014&mtype=3,200,text/plain,GYIWXVUVRWP7GCIU5OZA3GJSECXNH2VA,SAWP5,save-merged-p107.arquivo.pt-20260617183717-97UKVARF3H.warc.gz,True,
2026-06-16T21:52:23+00:00,https://apps.bea.gov/regionalcore/data/ChartData?fips=33000&year=2014&mtype=3,200,text/plain,TLTL5Y5BVBTV7L4SAFMZJVTWPZMC574Q,SAWP5,save-merged-p105.arquivo.pt-20260617174337-EU47WDLYJP.warc.gz,True,
2026-06-16T21:52:24+00:00,https://apps.bea.gov/regionalcore/data/ChartData?fips=34000&year=2014&mtype=3,200,text/plain,YVNQ4B6ZB54X65FTCG2IJ7E425NKF3MJ,SAWP5,save-merged-p105.arquivo.pt-20260617174337-EU47WDLYJP.warc.gz,True,
2026-06-16T21:52:24+00:00,https://apps.bea.gov/regionalcore/data/ChartData?fips=36000&year=2014&mtype=3,200,text/plain,3OEN3R6HVT6P7YQIX3WZXWLMBS2ZN5KZ,SAWP5,save-merged-p107.arquivo.pt-20260617183717-97UKVARF3H.warc.gz,True,
2026-06-16T21:52:25+00:00,https://apps.bea.gov/regionalcore/data/ChartData?fips=35000&year=2014&mtype=3,200,text/plain,MOUVEV4LNHFX55WFBHX7UHP4GMMWH2UA,SAWP5,save-merged-p105.arquivo.pt-20260617174337-EU47WDLYJP.warc.gz,True,
2026-06-16T21:52:25+00:00,https://apps.bea.gov/regionalcore/data/ChartData?fips=37000&year=2014&mtype=3,200,text/plain,IOAVYQ4CEGFKB5NSV4KOG6HIO5JAZQAF,SAWP5,save-merged-p108.arquivo.pt-20260617201637-MH3Z6T47FX.warc.gz,True,
2026-06-16T21:52:25+00:00,https://apps.bea.gov/regionalcore/data/ChartData?fips=38000&year=2014&mtype=3,200,text/plain,I4GUYZLFDDN2ONRIN3BSAKWN3VM3W327,SAWP5,save-merged-p107.arquivo.pt-20260617183755-KGK98M25I0.warc.gz,True,
2026-06-16T21:52:25+00:00,https://apps.bea.gov/regionalcore/data/ChartData?fips=39000&year=2014&mtype=3,200,text/plain,A5Q2ZTCWFRNBSANFCO74OXSKONOG4FH5,SAWP5,save-merged-p107.arquivo.pt-20260617183755-KGK98M25I0.warc.gz,True,
2026-06-16T21:52:25+00:00,https://apps.bea.gov/regionalcore/data/ChartData?fips=40000&year=2014&mtype=3,200,text/plain,4T2QYKMHQBINS2GQQKFODRCHNOH62SZC,SAWP5,save-merged-p105.arquivo.pt-20260617174337-EU47WDLYJP.warc.gz,True,
2026-06-16T21:52:26+00:00,https://apps.bea.gov/regionalcore/data/ChartData?fips=41000&year=2014&mtype=3,200,text/plain,ZLPKZPEBEYKVEOTMWAHKAEZMECTN7AHY,SAWP5,save-merged-p107.arquivo.pt-20260617183755-KGK98M25I0.warc.gz,True,
2026-06-16T21:52:26+00:00,https://apps.bea.gov/regionalcore/data/ChartData?fips=42000&year=2014&mtype=3,200,text/plain,3EYHQA4EVNJG6HBFY43PIIKEJIRCIM7P,SAWP5,save-merged-p106.arquivo.pt-20260617193719-OXAQHEIPNM.warc.gz,True,
2026-06-16T21:52:26+00:00,https://apps.bea.gov/regionalcore/data/ChartData?fips=44000&year=2014&mtype=3,200,text/plain,X4CLFL47QZSMZIVOMEUAZEOMYYGNRBYA,SAWP5,save-merged-p105.arquivo.pt-20260617174017-T6QKNEEAH7.warc.gz,True,
2026-06-16T21:52:26+00:00,https://apps.bea.gov/regionalcore/data/ChartData?fips=45000&year=2014&mtype=3,200,text/plain,UZMVEV7ZVXK2FVTXYMPLDK7AHCNTB47Y,SAWP5,save-merged-p107.arquivo.pt-20260617183755-KGK98M25I0.warc.gz,True,
2026-06-16T21:52:26+00:00,https://apps.bea.gov/regionalcore/data/ChartData?fips=46000&year=2014&mtype=3,200,text/plain,KFQDQUG2KHJKRL6AHRMO5J2BPAXAZPNY,SAWP5,save-merged-p107.arquivo.pt-20260617183350-3RHVQIQSLS.warc.gz,True,
2026-06-16T21:52:27+00:00,https://apps.bea.gov/regionalcore/data/ChartData?fips=47000&year=2014&mtype=3,200,text/plain,L32D3OQRKIGAUSZ7JHJV7JLOOYL3WAYY,SAWP5,save-merged-p107.arquivo.pt-20260617183717-97UKVARF3H.warc.gz,True,
2026-06-16T21:52:27+00:00,https://apps.bea.gov/regionalcore/data/ChartData?fips=48000&year=2014&mtype=3,200,text/plain,HQZ7KPWUPJ7AMXTPGTMP6HFMTFECLLWA,SAWP5,save-merged-p107.arquivo.pt-20260617183755-KGK98M25I0.warc.gz,True,
2026-06-16T21:52:27+00:00,https://apps.bea.gov/regionalcore/data/ChartData?fips=49000&year=2014&mtype=3,403,text/html,XTFHNHZVTRPCNMYKJLHXF46PCNTEKHP6,SAWP5,save-merged-p105.arquivo.pt-20260617174337-EU47WDLYJP.warc.gz,True,
2026-06-16T21:52:27+00:00,https://apps.bea.gov/regionalcore/data/ChartData?fips=50000&year=2014&mtype=3,200,text/plain,XUQ33HUMCIK3WBDJF33FMGQSIAGG5Y6P,SAWP5,save-merged-p106.arquivo.pt-20260617193719-OXAQHEIPNM.warc.gz,True,
2026-06-16T21:52:27+00:00,https://apps.bea.gov/regionalcore/data/ChartData?fips=51000&year=2014&mtype=3,200,text/plain,TDA7NR2LVVQ4F4FMJZATIWNUZOPMTHFO,SAWP5,save-merged-p106.arquivo.pt-20260617192819-H6UKOL5KIY.warc.gz,True,
2026-06-16T21:52:28+00:00,https://apps.bea.gov/regionalcore/data/ChartData?fips=53000&year=2014&mtype=3,200,text/plain,7737OEOBDV62YAZ2JUH6S4MTIKW45GFE,SAWP5,save-merged-p105.arquivo.pt-20260617173715-UDKQNIZ9GY.warc.gz,True,
2026-06-16T21:52:28+00:00,https://apps.bea.gov/regionalcore/data/ChartData?fips=54000&year=2014&mtype=3,200,text/plain,RTKDGHB7U7TYF7VHETOQAE63W7ZFBNAQ,SAWP5,save-merged-p107.arquivo.pt-20260617183350-3RHVQIQSLS.warc.gz,True,
2026-06-16T21:52:29+00:00,https://apps.bea.gov/regionalcore/data/ChartData?fips=01000&year=2015&mtype=3,200,text/plain,PUEGYNRVVWLTR7ZSRCNQ7LKPZC5WFQFQ,SAWP5,save-merged-p105.arquivo.pt-20260617173906-T5DWKZSI5I.warc.gz,True,
2026-06-16T21:52:29+00:00,https://apps.bea.gov/regionalcore/data/ChartData?fips=02000&year=2015&mtype=3,200,text/plain,I7QAYV2CYUPQYZT4Q3H7IV673UH5AWIH,SAWP5,save-merged-p105.arquivo.pt-20260617174017-T6QKNEEAH7.warc.gz,True,
2026-06-16T21:52:29+00:00,https://apps.bea.gov/regionalcore/data/ChartData?fips=55000&year=2014&mtype=3,200,text/plain,YWROWNSFXUEZKKAUMF6Z5AU6LJ2K6X76,SAWP5,save-merged-p106.arquivo.pt-20260617193358-R0E8DPMPW4.warc.gz,True,
2026-06-16T21:52:30+00:00,https://apps.bea.gov/regionalcore/data/ChartData?fips=04000&year=2015&mtype=3,200,text/plain,ZYBU4R4XHLRIBMNIWZ6P2EIVI22CYJCG,SAWP5,save-merged-p107.arquivo.pt-20260617183350-3RHVQIQSLS.warc.gz,True,
2026-06-16T21:52:30+00:00,https://apps.bea.gov/regionalcore/data/ChartData?fips=05000&year=2015&mtype=3,200,text/plain,5QA5IX7XUFQDS4LJ5E7U5PW7RDJS5MVL,SAWP5,save-merged-p106.arquivo.pt-20260617193358-R0E8DPMPW4.warc.gz,True,
2026-06-16T21:52:30+00:00,https://apps.bea.gov/regionalcore/data/ChartData?fips=06000&year=2015&mtype=3,200,text/plain,JVG2LHYBNKU7CVOULAUPSDSSDRR7AMEF,SAWP5,save-merged-p106.arquivo.pt-20260617193724-A6PL0AF00N.warc.gz,True,
2026-06-16T21:52:30+00:00,https://apps.bea.gov/regionalcore/data/ChartData?fips=08000&year=2015&mtype=3,200,text/plain,CXDQDNLPCQLOK2W4MQVABALMAEDZXQEN,SAWP5,save-merged-p105.arquivo.pt-20260617174337-EU47WDLYJP.warc.gz,True,
2026-06-16T21:52:31+00:00,https://apps.bea.gov/regionalcore/data/ChartData?fips=09000&year=2015&mtype=3,200,text/plain,DRBB7U4JARER6HJRH2WK44CDCGY3YRND,SAWP5,save-merged-p105.arquivo.pt-20260617174337-EU47WDLYJP.warc.gz,True,
2026-06-16T21:52:31+00:00,https://apps.bea.gov/regionalcore/data/ChartData?fips=10000&year=2015&mtype=3,200,text/plain,JSMRIA4F6BI3WNA322STCLEHEOOAXNLD,SAWP5,save-merged-p108.arquivo.pt-20260617201554-4Z13CMB71U.warc.gz,True,
2026-06-16T21:52:31+00:00,https://apps.bea.gov/regionalcore/data/ChartData?fips=11000&year=2015&mtype=3,200,text/plain,T2PTIYESHG23DYNH4Y4I7ZNQAIXQ53NC,SAWP5,save-merged-p106.arquivo.pt-20260617193358-R0E8DPMPW4.warc.gz,True,
2026-06-16T21:52:32+00:00,https://apps.bea.gov/regionalcore/data/ChartData?fips=12000&year=2015&mtype=3,200,text/plain,Y3HL66GKU4SMYSRUSDGHNWJNTC24DGG6,SAWP5,save-merged-p107.arquivo.pt-20260617183717-97UKVARF3H.warc.gz,True,
2026-06-16T21:52:32+00:00,https://apps.bea.gov/regionalcore/data/ChartData?fips=13000&year=2015&mtype=3,200,text/plain,2BS2I76YATMOEKUUKOUDTDEP62ZE3CGL,SAWP5,save-merged-p107.arquivo.pt-20260617183717-97UKVARF3H.warc.gz,True,
2026-06-16T21:52:32+00:00,https://apps.bea.gov/regionalcore/data/ChartData?fips=15000&year=2015&mtype=3,200,text/plain,QTWFWSM5PE6JPLTZTHAHB6V2ZFSQBRUA,SAWP5,save-merged-p105.arquivo.pt-20260617173715-UDKQNIZ9GY.warc.gz,True,
2026-06-16T21:52:32+00:00,https://apps.bea.gov/regionalcore/data/ChartData?fips=16000&year=2015&mtype=3,200,text/plain,6MF7PUUM725L6UDATIS6W2FUCYURFNCN,SAWP5,save-merged-p105.arquivo.pt-20260617174337-EU47WDLYJP.warc.gz,True,
2026-06-16T21:52:33+00:00,https://apps.bea.gov/regionalcore/data/ChartData?fips=17000&year=2015&mtype=3,200,text/plain,OKNZQ5RIGCUQWYGCGML7PL6ZMMXZGKL4,SAWP5,save-merged-p106.arquivo.pt-20260617193358-R0E8DPMPW4.warc.gz,True,
2026-06-16T21:52:33+00:00,https://apps.bea.gov/regionalcore/data/ChartData?fips=18000&year=2015&mtype=3,200,text/plain,YDAKCE3QFPR2SOLCWXYXE4ZI5SAN4UPJ,SAWP5,save-merged-p107.arquivo.pt-20260617183717-97UKVARF3H.warc.gz,True,
2026-06-16T21:52:33+00:00,https://apps.bea.gov/regionalcore/data/ChartData?fips=19000&year=2015&mtype=3,200,text/plain,IVAECMT4UM7LEUWBXFI4YODEWMKLGUF7,SAWP5,save-merged-p105.arquivo.pt-20260617174017-T6QKNEEAH7.warc.gz,True,
2026-06-16T21:52:34+00:00,https://apps.bea.gov/regionalcore/data/ChartData?fips=20000&year=2015&mtype=3,200,text/plain,SSF4KP5QIALAQIRHEF33VGMWDO5NZVLI,SAWP5,save-merged-p108.arquivo.pt-20260617201658-F173KOV5US.warc.gz,True,
2026-06-16T21:52:34+00:00,https://apps.bea.gov/regionalcore/data/ChartData?fips=21000&year=2015&mtype=3,200,text/plain,DKL5KITSZRBLSTUPQCC3F7WHLG42KBXE,SAWP5,save-merged-p107.arquivo.pt-20260617183755-KGK98M25I0.warc.gz,True,
2026-06-16T21:52:34+00:00,https://apps.bea.gov/regionalcore/data/ChartData?fips=22000&year=2015&mtype=3,200,text/plain,CXYDQYI74YAWZKJYIDCQ4EYOLDSJ3NQB,SAWP5,save-merged-p108.arquivo.pt-20260617202056-LYSDL8R0VG.warc.gz,True,
2026-06-16T21:52:35+00:00,https://apps.bea.gov/regionalcore/data/ChartData?fips=23000&year=2015&mtype=3,200,text/plain,WDXLGQ7CLUXDWFGLNKHCB7VQRF7BBQLQ,SAWP5,save-merged-p105.arquivo.pt-20260617173906-T5DWKZSI5I.warc.gz,True,
2026-06-16T21:52:35+00:00,https://apps.bea.gov/regionalcore/data/ChartData?fips=24000&year=2015&mtype=3,200,text/plain,5J6QVHJYGN2DWVHQZWQZUQSAHOLBR42Q,SAWP5,save-merged-p106.arquivo.pt-20260617193724-A6PL0AF00N.warc.gz,True,
2026-06-16T21:52:35+00:00,https://apps.bea.gov/regionalcore/data/ChartData?fips=25000&year=2015&mtype=3,200,text/plain,6U6JXLH5ITA5V5OEJ7A3HW2HTJSSGUY4,SAWP5,save-merged-p106.arquivo.pt-20260617192819-H6UKOL5KIY.warc.gz,True,
2026-06-16T21:52:35+00:00,https://apps.bea.gov/regionalcore/data/ChartData?fips=26000&year=2015&mtype=3,200,text/plain,QSABE4I5GUNEOPC43H54HM4S3224QOAF,SAWP5,save-merged-p106.arquivo.pt-20260617193358-R0E8DPMPW4.warc.gz,True,
2026-06-16T21:52:35+00:00,https://apps.bea.gov/regionalcore/data/ChartData?fips=27000&year=2015&mtype=3,200,text/plain,JIYHAY7AZ3NCTVWDWROTOWLV4OXWAM6O,SAWP5,save-merged-p107.arquivo.pt-20260617183755-KGK98M25I0.warc.gz,True,
2026-06-16T21:52:36+00:00,https://apps.bea.gov/regionalcore/data/ChartData?fips=28000&year=2015&mtype=3,200,text/plain,744RLCABQI7J7D67UEEXT62G53GNJQXG,SAWP5,save-merged-p105.arquivo.pt-20260617173715-UDKQNIZ9GY.warc.gz,True,
2026-06-16T21:52:36+00:00,https://apps.bea.gov/regionalcore/data/ChartData?fips=29000&year=2015&mtype=3,200,text/plain,LJCGDPGVECAT6YDYLTKE3YXLTEC2DWXJ,SAWP5,save-merged-p107.arquivo.pt-20260617183350-3RHVQIQSLS.warc.gz,True,
2026-06-16T21:52:36+00:00,https://apps.bea.gov/regionalcore/data/ChartData?fips=30000&year=2015&mtype=3,200,text/plain,MLKIHZKLW6OKIG2QZMI7GHHHDTT3RLH5,SAWP5,save-merged-p106.arquivo.pt-20260617193358-R0E8DPMPW4.warc.gz,True,
2026-06-16T21:52:37+00:00,https://apps.bea.gov/regionalcore/data/ChartData?fips=31000&year=2015&mtype=3,200,text/plain,NKVCZLXC7LAE7NYLZ3JF55JVU6N7E6MZ,SAWP5,save-merged-p105.arquivo.pt-20260617174017-T6QKNEEAH7.warc.gz,True,
2026-06-16T21:52:37+00:00,https://apps.bea.gov/regionalcore/data/ChartData?fips=32000&year=2015&mtype=3,200,text/plain,OYXGQQYZVT77MVUYTZM4ZL3MVHAEQEZI,SAWP5,save-merged-p107.arquivo.pt-20260617183401-OH8O35KZGM.warc.gz,True,
2026-06-16T21:52:37+00:00,https://apps.bea.gov/regionalcore/data/ChartData?fips=34000&year=2015&mtype=3,200,text/plain,VQ46Y52JXWIFB7LI663U4JSRM5RZ2ECF,SAWP5,save-merged-p107.arquivo.pt-20260617183717-97UKVARF3H.warc.gz,True,
2026-06-16T21:52:37+00:00,https://apps.bea.gov/regionalcore/data/ChartData?fips=35000&year=2015&mtype=3,200,text/plain,KPAVR3YSEWIWSMG7LMKRCYSWN3PYTSZ6,SAWP5,save-merged-p107.arquivo.pt-20260617183755-KGK98M25I0.warc.gz,True,
2026-06-16T21:52:38+00:00,https://apps.bea.gov/regionalcore/data/ChartData?fips=33000&year=2015&mtype=3,200,text/plain,TEHSBAA52K5DU75VTGI4EBNOH72QKQK5,SAWP5,save-merged-p107.arquivo.pt-20260617183350-3RHVQIQSLS.warc.gz,True,
2026-06-16T21:52:38+00:00,https://apps.bea.gov/regionalcore/data/ChartData?fips=36000&year=2015&mtype=3,200,text/plain,KXVVIXO6JTZWMQGPR7ZEMQ6BBICSFX5E,SAWP5,save-merged-p106.arquivo.pt-20260617192826-6TL9PGLH60.warc.gz,True,
2026-06-16T21:52:38+00:00,https://apps.bea.gov/regionalcore/data/ChartData?fips=37000&year=2015&mtype=3,200,text/plain,RV2AOX33ZDG63PAOUYDDKX57WPGH6V6F,SAWP5,save-merged-p105.arquivo.pt-20260617174337-EU47WDLYJP.warc.gz,True,
2026-06-16T21:52:39+00:00,https://apps.bea.gov/regionalcore/data/ChartData?fips=38000&year=2015&mtype=3,200,text/plain,IMS23T42FOODJUMLR7WSUTBEKZEYX5VP,SAWP5,save-merged-p105.arquivo.pt-20260617174017-T6QKNEEAH7.warc.gz,True,
2026-06-16T21:52:39+00:00,https://apps.bea.gov/regionalcore/data/ChartData?fips=39000&year=2015&mtype=3,200,text/plain,UDD3OXRQMHMYH56VDM7FFHGRBYQYC7AE,SAWP5,save-merged-p108.arquivo.pt-20260617202056-LYSDL8R0VG.warc.gz,True,
2026-06-16T21:52:39+00:00,https://apps.bea.gov/regionalcore/data/ChartData?fips=41000&year=2015&mtype=3,200,text/plain,XLIDGD5CA23ACWIRKI4G6SYVWX6RVS6L,SAWP5,save-merged-p107.arquivo.pt-20260617183755-KGK98M25I0.warc.gz,True,
2026-06-16T21:52:40+00:00,https://apps.bea.gov/regionalcore/data/ChartData?fips=40000&year=2015&mtype=3,200,text/plain,RSY6QVZ2UE4KNRXC272XH3C63DYIOEUL,SAWP5,save-merged-p107.arquivo.pt-20260617183717-97UKVARF3H.warc.gz,True,
2026-06-16T21:52:40+00:00,https://apps.bea.gov/regionalcore/data/ChartData?fips=42000&year=2015&mtype=3,200,text/plain,W5YLLFNTUBLQPOVFCPMDRVW53PMTFE4R,SAWP5,save-merged-p107.arquivo.pt-20260617183401-OH8O35KZGM.warc.gz,True,
2026-06-16T21:52:40+00:00,https://apps.bea.gov/regionalcore/data/ChartData?fips=44000&year=2015&mtype=3,200,text/plain,KS776CRGVKCQCXIUWOZBGLHIJ54463H7,SAWP5,save-merged-p108.arquivo.pt-20260617202049-NOFS6HTPTU.warc.gz,True,
2026-06-16T21:52:40+00:00,https://apps.bea.gov/regionalcore/data/ChartData?fips=45000&year=2015&mtype=3,200,text/plain,4B3UYCKMUTANWN5HFAPSCHEMKZUNG4K4,SAWP5,save-merged-p106.arquivo.pt-20260617193719-OXAQHEIPNM.warc.gz,True,
2026-06-16T21:52:41+00:00,https://apps.bea.gov/regionalcore/data/ChartData?fips=46000&year=2015&mtype=3,200,text/plain,ANHIRDNLHA5PDXLOGCY73YWNE47S7YD3,SAWP5,save-merged-p108.arquivo.pt-20260617202056-LYSDL8R0VG.warc.gz,True,
2026-06-16T21:52:41+00:00,https://apps.bea.gov/regionalcore/data/ChartData?fips=47000&year=2015&mtype=3,200,text/plain,3MSYWXE5ZQRYBJYY5WBNIKTIBERMCCHB,SAWP5,save-merged-p107.arquivo.pt-20260617183717-97UKVARF3H.warc.gz,True,
2026-06-16T21:52:41+00:00,https://apps.bea.gov/regionalcore/data/ChartData?fips=48000&year=2015&mtype=3,200,text/plain,P7AHTO35DDGDARVQ5F6PFUFDSOAMFXGT,SAWP5,save-merged-p105.arquivo.pt-20260617174337-EU47WDLYJP.warc.gz,True,
2026-06-16T21:52:42+00:00,https://apps.bea.gov/regionalcore/data/ChartData?fips=49000&year=2015&mtype=3,200,text/plain,VTFP7NEPVQPYZ625O2SJ7FJIOAVAHRFC,SAWP5,save-merged-p107.arquivo.pt-20260617183717-97UKVARF3H.warc.gz,True,
2026-06-16T21:52:42+00:00,https://apps.bea.gov/regionalcore/data/ChartData?fips=50000&year=2015&mtype=3,200,text/plain,HGEY3MPY6HIN5X6543AGY7HO6AI5LZHL,SAWP5,save-merged-p105.arquivo.pt-20260617172915-PJ1VLGJCWA.warc.gz,True,
2026-06-16T21:52:42+00:00,https://apps.bea.gov/regionalcore/data/ChartData?fips=51000&year=2015&mtype=3,200,text/plain,3VBXD3CHDLEQU4AXILGTJPWSHM55NCAN,SAWP5,save-merged-p108.arquivo.pt-20260617202056-LYSDL8R0VG.warc.gz,True,
2026-06-16T21:52:43+00:00,https://apps.bea.gov/regionalcore/data/ChartData?fips=53000&year=2015&mtype=3,200,text/plain,KNFLIR2HJRDLI6FEHM7HFYFJEUBRRWRV,SAWP5,save-merged-p106.arquivo.pt-20260617192819-H6UKOL5KIY.warc.gz,True,
2026-06-16T21:52:43+00:00,https://apps.bea.gov/regionalcore/data/ChartData?fips=54000&year=2015&mtype=3,200,text/plain,UDMHDKF6F3JHAQ5Z2RXLURKLGK3T3EES,SAWP5,save-merged-p107.arquivo.pt-20260617183755-KGK98M25I0.warc.gz,True,
2026-06-16T21:52:43+00:00,https://apps.bea.gov/regionalcore/data/ChartData?fips=55000&year=2015&mtype=3,200,text/plain,5Y4USZQ355COCG6HRPZIIRUCFLWFLGNH,SAWP5,save-merged-p105.arquivo.pt-20260617172421-A7W6Y7AIT4.warc.gz,True,
2026-06-16T21:52:43+00:00,https://apps.bea.gov/regionalcore/data/ChartData?fips=56000&year=2015&mtype=3,200,text/plain,5OWAVDRSSYHX74W3HVQ6XJVPRJW2Z3FH,SAWP5,save-merged-p108.arquivo.pt-20260617202049-NOFS6HTPTU.warc.gz,True,
2026-06-16T21:52:44+00:00,https://apps.bea.gov/histdata/js/modules/HistFileDetails.js,200,application/javascript,CBDG3SIPNWPWNP4JJKAPHWDJLBSHDVZG,SAWP5,save-merged-p108.arquivo.pt-20260617201658-F173KOV5US.warc.gz,True,
2026-06-16T21:52:44+00:00,https://apps.bea.gov/regionalcore/data/ChartData?fips=01000&year=2016&mtype=3,200,text/plain,Y5BN7IEUTOOFNVJTG7NDYXTIRK3QZ2PU,SAWP5,save-merged-p105.arquivo.pt-20260617172421-A7W6Y7AIT4.warc.gz,True,
2026-06-16T21:52:44+00:00,https://apps.bea.gov/regionalcore/data/ChartData?fips=02000&year=2016&mtype=3,200,text/plain,TZCNYFPCHHBNLO4KCNZBXJ75H2VIRWGE,SAWP5,save-merged-p106.arquivo.pt-20260617193358-R0E8DPMPW4.warc.gz,True,
2026-06-16T21:52:44+00:00,https://apps.bea.gov/regionalcore/data/ChartData?fips=04000&year=2016&mtype=3,200,text/plain,62WCA5E6GP3BTPTAFD2QHQ4VSSLUJB5V,SAWP5,save-merged-p108.arquivo.pt-20260617201658-F173KOV5US.warc.gz,True,
2026-06-16T21:52:44+00:00,https://apps.bea.gov/regionalcore/data/ChartData?fips=05000&year=2016&mtype=3,200,text/plain,HBKZI5C3UJ3GI2UF542X45MVVOHP77CA,SAWP5,save-merged-p105.arquivo.pt-20260617172421-A7W6Y7AIT4.warc.gz,True,
2026-06-16T21:52:44+00:00,https://apps.bea.gov/regionalcore/data/ChartData?fips=06000&year=2016&mtype=3,200,text/plain,PGESUGQRISJVHIJKXIRYEHBNQPG4RKMZ,SAWP5,save-merged-p105.arquivo.pt-20260617171324-BN4NKFCTX1.warc.gz,True,
2026-06-16T21:52:45+00:00,https://apps.bea.gov/regionalcore/data/ChartData?fips=08000&year=2016&mtype=3,200,text/plain,KCOYR4LUTGWLEAU4OXLUMGUBEDPN5MNF,SAWP5,save-merged-p106.arquivo.pt-20260617193358-R0E8DPMPW4.warc.gz,True,
2026-06-16T21:52:45+00:00,https://apps.bea.gov/regionalcore/data/ChartData?fips=09000&year=2016&mtype=3,200,text/plain,MY3XU6MKDDFDFBIIQ4P2652TKXYCRNQP,SAWP5,save-merged-p106.arquivo.pt-20260617192814-NWC1K2Z2L1.warc.gz,True,
2026-06-16T21:52:46+00:00,https://apps.bea.gov/regionalcore/data/ChartData?fips=10000&year=2016&mtype=3,200,text/plain,7HJPZPWNJIW6JVTYY3NZLMRMJC5DBWE2,SAWP5,save-merged-p108.arquivo.pt-20260617202049-NOFS6HTPTU.warc.gz,True,
2026-06-16T21:52:46+00:00,https://apps.bea.gov/regionalcore/data/ChartData?fips=11000&year=2016&mtype=3,200,text/plain,2OSERJ6LCXNIPG5UB46ZXJUIA5U5IVBV,SAWP5,save-merged-p106.arquivo.pt-20260617193358-R0E8DPMPW4.warc.gz,True,
2026-06-16T21:52:46+00:00,https://apps.bea.gov/regionalcore/data/ChartData?fips=12000&year=2016&mtype=3,200,text/plain,IQAZKMNQ4SFCHCBZOFNJX76CXGQ6LFKF,SAWP5,save-merged-p105.arquivo.pt-20260617172421-A7W6Y7AIT4.warc.gz,True,
2026-06-16T21:52:46+00:00,https://apps.bea.gov/regionalcore/data/ChartData?fips=13000&year=2016&mtype=3,200,text/plain,XC4OEVBO5CGJ6V4M5YJQRN657XL3I6WJ,SAWP5,save-merged-p108.arquivo.pt-20260617202056-LYSDL8R0VG.warc.gz,True,
2026-06-16T21:52:46+00:00,https://apps.bea.gov/regionalcore/data/ChartData?fips=15000&year=2016&mtype=3,200,text/plain,XQ7F5QFS63SRBDUKHB7JZTNTQBXFQVDM,SAWP5,save-merged-p106.arquivo.pt-20260617193719-OXAQHEIPNM.warc.gz,True,
2026-06-16T21:52:47+00:00,https://apps.bea.gov/regionalcore/data/ChartData?fips=16000&year=2016&mtype=3,200,text/plain,5T35CNNNZRLN6ZD6OBJGHUOGFL4Z7PVE,SAWP5,save-merged-p105.arquivo.pt-20260617172421-A7W6Y7AIT4.warc.gz,True,
2026-06-16T21:52:47+00:00,https://apps.bea.gov/regionalcore/data/ChartData?fips=17000&year=2016&mtype=3,200,text/plain,42BB4NO6G3KIUOKR624676LBGI3J25PY,SAWP5,save-merged-p105.arquivo.pt-20260617174337-EU47WDLYJP.warc.gz,True,
2026-06-16T21:52:47+00:00,https://apps.bea.gov/regionalcore/data/ChartData?fips=18000&year=2016&mtype=3,200,text/plain,OSLX6ADWXSM3NFDHVJFM6V34W5OUAOKS,SAWP5,save-merged-p107.arquivo.pt-20260617183717-97UKVARF3H.warc.gz,True,
2026-06-16T21:52:47+00:00,https://apps.bea.gov/regionalcore/data/ChartData?fips=19000&year=2016&mtype=3,200,text/plain,DMWCL2XDWOGTRMECHDGSIU4YGWWBSHTT,SAWP5,save-merged-p105.arquivo.pt-20260617174337-EU47WDLYJP.warc.gz,True,
2026-06-16T21:52:48+00:00,https://apps.bea.gov/regionalcore/data/ChartData?fips=20000&year=2016&mtype=3,200,text/plain,5DVO73QHDOBXLD5FCTSWPUY2DTWG34N6,SAWP5,save-merged-p107.arquivo.pt-20260617182231-UJTP0SRDT3.warc.gz,True,
2026-06-16T21:52:48+00:00,https://apps.bea.gov/regionalcore/data/ChartData?fips=21000&year=2016&mtype=3,200,text/plain,APM337QNTW47G2WIDGQOG5VMCTEFKOLQ,SAWP5,save-merged-p105.arquivo.pt-20260617173715-UDKQNIZ9GY.warc.gz,True,
2026-06-16T21:52:48+00:00,https://apps.bea.gov/regionalcore/data/ChartData?fips=22000&year=2016&mtype=3,200,text/plain,TWKTKERZJMVLDC5NDG5QGWRGDDX7F72R,SAWP5,save-merged-p106.arquivo.pt-20260617193358-R0E8DPMPW4.warc.gz,True,
2026-06-16T21:52:49+00:00,https://apps.bea.gov/regionalcore/data/ChartData?fips=23000&year=2016&mtype=3,200,text/plain,UGSUHR4S7MHDLZNMFPX355GNOHF3YFNA,SAWP5,save-merged-p107.arquivo.pt-20260617183401-OH8O35KZGM.warc.gz,True,
2026-06-16T21:52:49+00:00,https://apps.bea.gov/regionalcore/data/ChartData?fips=24000&year=2016&mtype=3,200,text/plain,RKLFZZ6IBSTQVYM3TGUYU634QCV5NJAX,SAWP5,save-merged-p107.arquivo.pt-20260617183755-KGK98M25I0.warc.gz,True,
2026-06-16T21:52:49+00:00,https://apps.bea.gov/regionalcore/data/ChartData?fips=25000&year=2016&mtype=3,200,text/plain,OWYFYMRE3NXAJDONTLEQC5NHVEX3NCER,SAWP5,save-merged-p108.arquivo.pt-20260617202049-NOFS6HTPTU.warc.gz,True,
2026-06-16T21:52:49+00:00,https://apps.bea.gov/regionalcore/data/ChartData?fips=26000&year=2016&mtype=3,200,text/plain,OANJWCNLNEBXZ6RSAFYK6DOZOJWOSV5W,SAWP5,save-merged-p105.arquivo.pt-20260617174017-T6QKNEEAH7.warc.gz,True,
2026-06-16T21:52:49+00:00,https://apps.bea.gov/regionalcore/data/ChartData?fips=28000&year=2016&mtype=3,200,text/plain,TTOUFBCKPHWUJ2EOBPHNXQP7AB4GYXAZ,SAWP5,save-merged-p107.arquivo.pt-20260617183337-0BN5MUUB0M.warc.gz,True,
2026-06-16T21:52:50+00:00,https://apps.bea.gov/regionalcore/data/ChartData?fips=27000&year=2016&mtype=3,200,text/plain,ZHAW46URMH2LPDWFHYVSM64AH2BAGYPQ,SAWP5,save-merged-p108.arquivo.pt-20260617201658-F173KOV5US.warc.gz,True,
2026-06-16T21:52:50+00:00,https://apps.bea.gov/regionalcore/data/ChartData?fips=29000&year=2016&mtype=3,200,text/plain,CBW23IDYSWTOJUWWFTFGPLATA4KPZQFY,SAWP5,save-merged-p108.arquivo.pt-20260617201637-MH3Z6T47FX.warc.gz,True,
2026-06-16T21:52:50+00:00,https://apps.bea.gov/regionalcore/data/ChartData?fips=30000&year=2016&mtype=3,200,text/plain,HVJYCRPS6VFYXVTTXSDUE5XLSLBYDRP6,SAWP5,save-merged-p105.arquivo.pt-20260617174337-EU47WDLYJP.warc.gz,True,
2026-06-16T21:52:50+00:00,https://apps.bea.gov/regionalcore/data/ChartData?fips=31000&year=2016&mtype=3,200,text/plain,YTPZMAW5F4JKMF7F4R6FEWIIFU5HEDYK,SAWP5,save-merged-p106.arquivo.pt-20260617192826-6TL9PGLH60.warc.gz,True,
2026-06-16T21:52:51+00:00,https://apps.bea.gov/regionalcore/data/ChartData?fips=32000&year=2016&mtype=3,200,text/plain,YKDUERHD7SRVE6WYVDRRIDELRHMQNRC7,SAWP5,save-merged-p105.arquivo.pt-20260617174017-T6QKNEEAH7.warc.gz,True,
2026-06-16T21:52:51+00:00,https://apps.bea.gov/regionalcore/data/ChartData?fips=33000&year=2016&mtype=3,200,text/plain,PVIZFQGZO6ITSPBRKT2JA46U5L2E6RVD,SAWP5,save-merged-p105.arquivo.pt-20260617174337-EU47WDLYJP.warc.gz,True,
2026-06-16T21:52:51+00:00,https://apps.bea.gov/regionalcore/data/ChartData?fips=34000&year=2016&mtype=3,200,text/plain,5UUJMJBXJSOMRKNT4PMT4FIMVARRQRKC,SAWP5,save-merged-p105.arquivo.pt-20260617174017-T6QKNEEAH7.warc.gz,True,
2026-06-16T21:52:51+00:00,https://apps.bea.gov/regionalcore/data/ChartData?fips=35000&year=2016&mtype=3,200,text/plain,54BTCWHYUSMC5HVJ3EWDOLYFYMTZYHT3,SAWP5,save-merged-p107.arquivo.pt-20260617183717-97UKVARF3H.warc.gz,True,
2026-06-16T21:52:51+00:00,https://apps.bea.gov/regionalcore/data/ChartData?fips=36000&year=2016&mtype=3,200,text/plain,ANNJI33I2WBOCJNBZQIN563IXEXA6XR3,SAWP5,save-merged-p105.arquivo.pt-20260617174017-T6QKNEEAH7.warc.gz,True,
2026-06-16T21:52:52+00:00,https://apps.bea.gov/regionalcore/data/ChartData?fips=37000&year=2016&mtype=3,200,text/plain,BMOZVCYHLJW4WOBUC3EA5A3K7NDA4TDN,SAWP5,save-merged-p107.arquivo.pt-20260617183717-97UKVARF3H.warc.gz,True,
2026-06-16T21:52:52+00:00,https://apps.bea.gov/regionalcore/data/ChartData?fips=38000&year=2016&mtype=3,200,text/plain,NOZ5OS3RS5ON7QLBQEF3IF46ZN5RDT7S,SAWP5,save-merged-p105.arquivo.pt-20260617174337-EU47WDLYJP.warc.gz,True,
2026-06-16T21:52:52+00:00,https://apps.bea.gov/regionalcore/data/ChartData?fips=39000&year=2016&mtype=3,200,text/plain,PGOQFEBHCDZCCHRYAH6Y426OZHZZCJ7B,SAWP5,save-merged-p105.arquivo.pt-20260617174017-T6QKNEEAH7.warc.gz,True,
2026-06-16T21:52:52+00:00,https://apps.bea.gov/regionalcore/data/ChartData?fips=40000&year=2016&mtype=3,200,text/plain,2SA6OXS3IAFRP6OXGHGF2YFN3O7YF62I,SAWP5,save-merged-p106.arquivo.pt-20260617193358-R0E8DPMPW4.warc.gz,True,
2026-06-16T21:52:53+00:00,https://apps.bea.gov/regionalcore/data/ChartData?fips=41000&year=2016&mtype=3,200,text/plain,EKJQSFLD33R5YTQRSZDHXNFJH7EAXBZI,SAWP5,save-merged-p107.arquivo.pt-20260617183717-97UKVARF3H.warc.gz,True,
2026-06-16T21:52:53+00:00,https://apps.bea.gov/regionalcore/data/ChartData?fips=42000&year=2016&mtype=3,200,text/plain,6HE7D7YFMKNVGQEEAEXR37UPSRSOZVE6,SAWP5,save-merged-p105.arquivo.pt-20260617173901-OEYA0TB1F3.warc.gz,True,
2026-06-16T21:52:53+00:00,https://apps.bea.gov/regionalcore/data/ChartData?fips=44000&year=2016&mtype=3,200,text/plain,6AGJPRZDYJPMRTYCE5NOVXJ7YB5KNW2L,SAWP5,save-merged-p105.arquivo.pt-20260617174337-EU47WDLYJP.warc.gz,True,
2026-06-16T21:52:53+00:00,https://apps.bea.gov/regionalcore/data/ChartData?fips=45000&year=2016&mtype=3,200,text/plain,RMIZKEC3B2N7L6XPPILIYIQVCCMCFAG6,SAWP5,save-merged-p105.arquivo.pt-20260617173715-UDKQNIZ9GY.warc.gz,True,
2026-06-16T21:52:53+00:00,https://apps.bea.gov/regionalcore/data/ChartData?fips=46000&year=2016&mtype=3,200,text/plain,CXXVES5QGV475INMK5LCZI5O6K4VF5KV,SAWP5,save-merged-p108.arquivo.pt-20260617201658-F173KOV5US.warc.gz,True,
2026-06-16T21:52:54+00:00,https://apps.bea.gov/regionalcore/data/ChartData?fips=47000&year=2016&mtype=3,200,text/plain,6L5LYS42WBW57IS3RYMZI2WUKP3BWGNV,SAWP5,save-merged-p107.arquivo.pt-20260617183717-97UKVARF3H.warc.gz,True,
2026-06-16T21:52:54+00:00,https://apps.bea.gov/regionalcore/data/ChartData?fips=48000&year=2016&mtype=3,200,text/plain,SOR6JTIBENIKQD53OARN6UPSQ32UF3Q3,SAWP5,save-merged-p107.arquivo.pt-20260617183401-OH8O35KZGM.warc.gz,True,
2026-06-16T21:52:54+00:00,https://apps.bea.gov/regionalcore/data/ChartData?fips=49000&year=2016&mtype=3,200,text/plain,BHFGTEMHGZQWJCRWYFIRA6N3Q6QPAK26,SAWP5,save-merged-p105.arquivo.pt-20260617173715-UDKQNIZ9GY.warc.gz,True,
2026-06-16T21:52:54+00:00,https://apps.bea.gov/regionalcore/data/ChartData?fips=50000&year=2016&mtype=3,200,text/plain,5FGAUWYGLCSXUJNSCEMM5CTPHBPXYPQA,SAWP5,save-merged-p105.arquivo.pt-20260617173715-UDKQNIZ9GY.warc.gz,True,
2026-06-16T21:52:55+00:00,https://apps.bea.gov/regionalcore/data/ChartData?fips=51000&year=2016&mtype=3,200,text/plain,YFRIE2VBS7EN5A4HWBCXFKJ4DXRBP6NA,SAWP5,save-merged-p107.arquivo.pt-20260617183350-3RHVQIQSLS.warc.gz,True,
2026-06-16T21:52:55+00:00,https://apps.bea.gov/regionalcore/data/ChartData?fips=53000&year=2016&mtype=3,200,text/plain,46XDE4XLJLBPDZMOF6ICZXYUNSBP24T5,SAWP5,save-merged-p105.arquivo.pt-20260617174337-EU47WDLYJP.warc.gz,True,
2026-06-16T21:52:55+00:00,https://apps.bea.gov/regionalcore/data/ChartData?fips=54000&year=2016&mtype=3,200,text/plain,ABUIRCKNJLAQPNVZQCPAB7HIQEPMNS3R,SAWP5,save-merged-p105.arquivo.pt-20260617174017-T6QKNEEAH7.warc.gz,True,
2026-06-16T21:52:55+00:00,https://apps.bea.gov/regionalcore/data/ChartData?fips=55000&year=2016&mtype=3,200,text/plain,WCPRYU3MDT52TJK4QKIKH6BCSBTNSAIT,SAWP5,save-merged-p105.arquivo.pt-20260617174017-T6QKNEEAH7.warc.gz,True,
2026-06-16T21:52:56+00:00,https://apps.bea.gov/regionalcore/data/ChartData?fips=01000&year=2017&mtype=3,200,text/plain,SKTMFZ2FAFMPSJH2JBXEOYXPMS5ZKILH,SAWP5,save-merged-p107.arquivo.pt-20260617183717-97UKVARF3H.warc.gz,True,
2026-06-16T21:52:56+00:00,https://apps.bea.gov/regionalcore/data/ChartData?fips=02000&year=2017&mtype=3,200,text/plain,4QES5SCDKS6ZO5Q7TKJOOYJS24EG4EFR,SAWP5,save-merged-p106.arquivo.pt-20260617192826-6TL9PGLH60.warc.gz,True,
2026-06-16T21:52:56+00:00,https://apps.bea.gov/regionalcore/data/ChartData?fips=04000&year=2017&mtype=3,200,text/plain,OBHMC3JRTAT277ZV7UQTD7UHL6TESERR,SAWP5,save-merged-p105.arquivo.pt-20260617172421-A7W6Y7AIT4.warc.gz,True,
2026-06-16T21:52:56+00:00,https://apps.bea.gov/regionalcore/data/ChartData?fips=56000&year=2016&mtype=3,200,text/plain,5JP7H6BXDU56KVOTX3FL2G7U4RJRK33J,SAWP5,save-merged-p105.arquivo.pt-20260617174337-EU47WDLYJP.warc.gz,True,
2026-06-16T21:52:57+00:00,https://apps.bea.gov/regionalcore/data/ChartData?fips=05000&year=2017&mtype=3,200,text/plain,4CU6CFQ55ANOJ4RWT5KVEHU2DID6II64,SAWP5,save-merged-p108.arquivo.pt-20260617202056-LYSDL8R0VG.warc.gz,True,
2026-06-16T21:52:57+00:00,https://apps.bea.gov/regionalcore/data/ChartData?fips=06000&year=2017&mtype=3,200,text/plain,ZWOT6VRRWPADWESHF2G2NVSIR2PLQWRI,SAWP5,save-merged-p106.arquivo.pt-20260617192814-NWC1K2Z2L1.warc.gz,True,
2026-06-16T21:52:57+00:00,https://apps.bea.gov/regionalcore/data/ChartData?fips=08000&year=2017&mtype=3,200,text/plain,YJL3KOHD6OB7QAWKB7ITOVBUER33VIAL,SAWP5,save-merged-p105.arquivo.pt-20260617173901-OEYA0TB1F3.warc.gz,True,
2026-06-16T21:52:57+00:00,https://apps.bea.gov/regionalcore/data/ChartData?fips=09000&year=2017&mtype=3,200,text/plain,OHUXCCCUIMFOPHYAP3XFBEYQWQG6NJHS,SAWP5,save-merged-p108.arquivo.pt-20260617201658-F173KOV5US.warc.gz,True,
2026-06-16T21:52:57+00:00,https://apps.bea.gov/regionalcore/data/ChartData?fips=10000&year=2017&mtype=3,200,text/plain,QMTQWQKROC7L6LACD6XHLNM7SVUGEOVZ,SAWP5,save-merged-p105.arquivo.pt-20260617174017-T6QKNEEAH7.warc.gz,True,
2026-06-16T21:52:57+00:00,https://apps.bea.gov/regionalcore/data/ChartData?fips=11000&year=2017&mtype=3,200,text/plain,6K3I6JJBKUM2QPLHBY3GIVSKOUHEEQJC,SAWP5,save-merged-p106.arquivo.pt-20260617193358-R0E8DPMPW4.warc.gz,True,
2026-06-16T21:52:58+00:00,https://apps.bea.gov/regionalcore/data/ChartData?fips=12000&year=2017&mtype=3,200,text/plain,5TP23Z7URDUNIPETAZEBBXOL6PDAJPUK,SAWP5,save-merged-p105.arquivo.pt-20260617174017-T6QKNEEAH7.warc.gz,True,
2026-06-16T21:52:58+00:00,https://apps.bea.gov/regionalcore/data/ChartData?fips=13000&year=2017&mtype=3,200,text/plain,KP4L6A555NLRRER7B7MBEPIUIKJNMKRL,SAWP5,save-merged-p105.arquivo.pt-20260617174343-0QO434I7RF.warc.gz,True,
2026-06-16T21:52:59+00:00,https://apps.bea.gov/regionalcore/data/ChartData?fips=15000&year=2017&mtype=3,200,text/plain,FVSVYNUQHNK6BCAJDTTY4VIZTSJ7R3PF,SAWP5,save-merged-p105.arquivo.pt-20260617174343-0QO434I7RF.warc.gz,True,
2026-06-16T21:52:59+00:00,https://apps.bea.gov/regionalcore/data/ChartData?fips=16000&year=2017&mtype=3,200,text/plain,PKHVCS5EOVWPCNAQMP23O2AQKDQAUKU2,SAWP5,save-merged-p106.arquivo.pt-20260617193358-R0E8DPMPW4.warc.gz,True,
2026-06-16T21:52:59+00:00,https://apps.bea.gov/regionalcore/data/ChartData?fips=17000&year=2017&mtype=3,200,text/plain,JCOGKX3VT3Q5WRJY47HKM7VCT5LQAFDK,SAWP5,save-merged-p107.arquivo.pt-20260617183350-3RHVQIQSLS.warc.gz,True,
2026-06-16T21:52:59+00:00,https://apps.bea.gov/regionalcore/data/ChartData?fips=18000&year=2017&mtype=3,200,text/plain,L7YESOJTFGJD5F4CRKUVRVMX2YH5EDE4,SAWP5,save-merged-p107.arquivo.pt-20260617183350-3RHVQIQSLS.warc.gz,True,
2026-06-16T21:52:59+00:00,https://apps.bea.gov/regionalcore/data/ChartData?fips=19000&year=2017&mtype=3,200,text/plain,2DJQMHQYT5E4CJCJUQAZQBHXHWFCHOOL,SAWP5,save-merged-p108.arquivo.pt-20260617201658-F173KOV5US.warc.gz,True,
2026-06-16T21:53:00+00:00,https://apps.bea.gov/regionalcore/data/ChartData?fips=20000&year=2017&mtype=3,200,text/plain,PUDQGUG3JXCOOAUQSRJVVUSHCZ6CBCDQ,SAWP5,save-merged-p106.arquivo.pt-20260617193358-R0E8DPMPW4.warc.gz,True,
2026-06-16T21:53:00+00:00,https://apps.bea.gov/regionalcore/data/ChartData?fips=21000&year=2017&mtype=3,200,text/plain,KKW2O3XCDVWD62PYTHTGECO4ZD2OHL7H,SAWP5,save-merged-p105.arquivo.pt-20260617174017-T6QKNEEAH7.warc.gz,True,
2026-06-16T21:53:00+00:00,https://apps.bea.gov/regionalcore/data/ChartData?fips=22000&year=2017&mtype=3,200,text/plain,TXAKQW74FHHHD5OTC5Q3KO7LSECL7OJO,SAWP5,save-merged-p106.arquivo.pt-20260617193358-R0E8DPMPW4.warc.gz,True,
2026-06-16T21:53:00+00:00,https://apps.bea.gov/regionalcore/data/ChartData?fips=23000&year=2017&mtype=3,200,text/plain,S2C67A2SI3O45OOPBHZDGB63LOHPXCEU,SAWP5,save-merged-p105.arquivo.pt-20260617174343-0QO434I7RF.warc.gz,True,
2026-06-16T21:53:01+00:00,https://apps.bea.gov/regionalcore/data/ChartData?fips=24000&year=2017&mtype=3,200,text/plain,LNZIE3QXZ22R3J2PSHZJ2HIACKUKCW44,SAWP5,save-merged-p108.arquivo.pt-20260617202056-LYSDL8R0VG.warc.gz,True,
2026-06-16T21:53:01+00:00,https://apps.bea.gov/regionalcore/data/ChartData?fips=25000&year=2017&mtype=3,200,text/plain,I3QNJMMOOLASXEARNG3YB4Z345BVG6VA,SAWP5,save-merged-p106.arquivo.pt-20260617193719-OXAQHEIPNM.warc.gz,True,
2026-06-16T21:53:01+00:00,https://apps.bea.gov/regionalcore/data/ChartData?fips=26000&year=2017&mtype=3,200,text/plain,DOGPUGGZS7ZDTUJIEI4GJWOPJULX75DN,SAWP5,save-merged-p106.arquivo.pt-20260617193719-OXAQHEIPNM.warc.gz,True,
2026-06-16T21:53:01+00:00,https://apps.bea.gov/regionalcore/data/ChartData?fips=27000&year=2017&mtype=3,200,text/plain,CKC2X6B5COEO7DRHJCRZN5UTN77VNCZQ,SAWP5,save-merged-p105.arquivo.pt-20260617173901-OEYA0TB1F3.warc.gz,True,
2026-06-16T21:53:01+00:00,https://apps.bea.gov/regionalcore/data/ChartData?fips=28000&year=2017&mtype=3,200,text/plain,4WU3XHF52IJ2636VQBMNDNJI7YX24OWJ,SAWP5,save-merged-p107.arquivo.pt-20260617183350-3RHVQIQSLS.warc.gz,True,
2026-06-16T21:53:01+00:00,https://apps.bea.gov/regionalcore/data/ChartData?fips=29000&year=2017&mtype=3,200,text/plain,EJJUURHVXNCB5E24ZTS3WDEFH53ITRVO,SAWP5,save-merged-p105.arquivo.pt-20260617173715-UDKQNIZ9GY.warc.gz,True,
2026-06-16T21:53:02+00:00,https://apps.bea.gov/regionalcore/data/ChartData?fips=31000&year=2017&mtype=3,200,text/plain,IFGHBVHQGS4QWCAJ4O5UQJFRQXW7CGPI,SAWP5,save-merged-p107.arquivo.pt-20260617183717-97UKVARF3H.warc.gz,True,
2026-06-16T21:53:02+00:00,https://apps.bea.gov/regionalcore/data/ChartData?fips=32000&year=2017&mtype=3,200,text/plain,OX6Z5VZQR6U3PSFRQYYZETW2YQMCYLNH,SAWP5,save-merged-p107.arquivo.pt-20260617183350-3RHVQIQSLS.warc.gz,True,
2026-06-16T21:53:03+00:00,https://apps.bea.gov/regionalcore/data/ChartData?fips=33000&year=2017&mtype=3,200,text/plain,U5VWP65GBI6JOB3272QH5XDJQSBALVYQ,SAWP5,save-merged-p107.arquivo.pt-20260617183717-97UKVARF3H.warc.gz,True,
2026-06-16T21:53:03+00:00,https://apps.bea.gov/regionalcore/data/ChartData?fips=34000&year=2017&mtype=3,200,text/plain,V22DSVXJGRQNGDEGIO7RHVUVKRNQOHTI,SAWP5,save-merged-p106.arquivo.pt-20260617193719-OXAQHEIPNM.warc.gz,True,
2026-06-16T21:53:03+00:00,https://apps.bea.gov/regionalcore/data/ChartData?fips=35000&year=2017&mtype=3,200,text/plain,BNMJ4VV2BZCDDUOQEV2QGG64NAYIB2U7,SAWP5,save-merged-p106.arquivo.pt-20260617193358-R0E8DPMPW4.warc.gz,True,
2026-06-16T21:53:03+00:00,https://apps.bea.gov/regionalcore/data/ChartData?fips=36000&year=2017&mtype=3,200,text/plain,2RUEA2CZ5FYEASA7L2EIBSZJO7QUD45G,SAWP5,save-merged-p108.arquivo.pt-20260617201658-F173KOV5US.warc.gz,True,
2026-06-16T21:53:04+00:00,https://apps.bea.gov/regionalcore/data/ChartData?fips=37000&year=2017&mtype=3,200,text/plain,LM7NJICTICAG5HLZCHIET6C3VKMFKXCL,SAWP5,save-merged-p105.arquivo.pt-20260617174343-0QO434I7RF.warc.gz,True,
2026-06-16T21:53:04+00:00,https://apps.bea.gov/regionalcore/data/ChartData?fips=38000&year=2017&mtype=3,200,text/plain,E7Q6Q3B7E7OSBCMYJICGIPRDJB5FIRXG,SAWP5,save-merged-p106.arquivo.pt-20260617193724-A6PL0AF00N.warc.gz,True,
2026-06-16T21:53:04+00:00,https://apps.bea.gov/regionalcore/data/ChartData?fips=39000&year=2017&mtype=3,200,text/plain,Q45EB6FMUD7CVTL7OQSQR4U7QPFGOMS5,SAWP5,save-merged-p108.arquivo.pt-20260617202056-LYSDL8R0VG.warc.gz,True,
2026-06-16T21:53:05+00:00,https://apps.bea.gov/regionalcore/data/ChartData?fips=30000&year=2017&mtype=3,200,text/plain,22PSLKR53YCDYIDDQDQUYKRZ3YEBQHNU,SAWP5,save-merged-p107.arquivo.pt-20260617183350-3RHVQIQSLS.warc.gz,True,
2026-06-16T21:53:05+00:00,https://apps.bea.gov/regionalcore/data/ChartData?fips=40000&year=2017&mtype=3,200,text/plain,GOFH3KIXJPE6M22PIJE6FNE3QZTP2LJJ,SAWP5,save-merged-p105.arquivo.pt-20260617171324-BN4NKFCTX1.warc.gz,True,
2026-06-16T21:53:05+00:00,https://apps.bea.gov/regionalcore/data/ChartData?fips=41000&year=2017&mtype=3,200,text/plain,ABGI2A23L25575IBEBA7ZKSZYP4JZXWY,SAWP5,save-merged-p108.arquivo.pt-20260617201642-EMSUJE6Z4U.warc.gz,True,
2026-06-16T21:53:05+00:00,https://apps.bea.gov/regionalcore/data/ChartData?fips=42000&year=2017&mtype=3,200,text/plain,ILCIAR7YUD2KWMDE6SXHKBVWSLYOKWKQ,SAWP5,save-merged-p106.arquivo.pt-20260617191958-2ZB48MKE9B.warc.gz,True,
2026-06-16T21:53:05+00:00,https://apps.bea.gov/regionalcore/data/ChartData?fips=44000&year=2017&mtype=3,200,text/plain,OH4VG3QRLOQ35OPKBHDRDGFPFSRSBMPY,SAWP5,save-merged-p107.arquivo.pt-20260617183350-3RHVQIQSLS.warc.gz,True,
2026-06-16T21:53:06+00:00,https://apps.bea.gov/regionalcore/data/ChartData?fips=45000&year=2017&mtype=3,200,text/plain,WWHE4ZFVYIH6SMQQP72DH7YHEAVTTCFN,SAWP5,save-merged-p105.arquivo.pt-20260617174017-T6QKNEEAH7.warc.gz,True,
2026-06-16T21:53:06+00:00,https://apps.bea.gov/regionalcore/data/ChartData?fips=46000&year=2017&mtype=3,200,text/plain,3JPSQBAMEQ26IWXCA7OWPMPNHBWH2NC3,SAWP5,save-merged-p105.arquivo.pt-20260617174337-EU47WDLYJP.warc.gz,True,
2026-06-16T21:53:06+00:00,https://apps.bea.gov/regionalcore/data/ChartData?fips=47000&year=2017&mtype=3,200,text/plain,LIWEWTM7CIO3CN47NYDQDZI7V7PKUALA,SAWP5,save-merged-p106.arquivo.pt-20260617193358-R0E8DPMPW4.warc.gz,True,
2026-06-16T21:53:06+00:00,https://apps.bea.gov/regionalcore/data/ChartData?fips=48000&year=2017&mtype=3,200,text/plain,KAY65WRYZF3KFFU25GJYMJ3IV4IFWIB5,SAWP5,save-merged-p106.arquivo.pt-20260617193358-R0E8DPMPW4.warc.gz,True,
2026-06-16T21:53:06+00:00,https://apps.bea.gov/regionalcore/data/ChartData?fips=49000&year=2017&mtype=3,200,text/plain,URMN5YUIPBVOMZIQSCVUTV353ULYNJAQ,SAWP5,save-merged-p105.arquivo.pt-20260617173715-UDKQNIZ9GY.warc.gz,True,
2026-06-16T21:53:07+00:00,https://apps.bea.gov/regionalcore/data/ChartData?fips=50000&year=2017&mtype=3,200,text/plain,H5ZINOYMJ37QZSP222QO3YAUYW4OJBW5,SAWP5,save-merged-p107.arquivo.pt-20260617183717-97UKVARF3H.warc.gz,True,
2026-06-16T21:53:07+00:00,https://apps.bea.gov/regionalcore/data/ChartData?fips=51000&year=2017&mtype=3,200,text/plain,V3QI3DXS2MEOYCGFQAKUKIOSLRH3UR2G,SAWP5,save-merged-p106.arquivo.pt-20260617192819-H6UKOL5KIY.warc.gz,True,
2026-06-16T21:53:07+00:00,https://apps.bea.gov/regionalcore/data/ChartData?fips=53000&year=2017&mtype=3,200,text/plain,V7H72ONB5YLVB3NBE3LMUDDF5IKIWLWP,SAWP5,save-merged-p106.arquivo.pt-20260617192423-6QYJ15PRGC.warc.gz,True,
2026-06-16T21:53:07+00:00,https://apps.bea.gov/regionalcore/data/ChartData?fips=54000&year=2017&mtype=3,200,text/plain,GDEWSCL6PYRSUKGEKD2NNPUPNXFMB3LJ,SAWP5,save-merged-p105.arquivo.pt-20260617173901-OEYA0TB1F3.warc.gz,True,
2026-06-16T21:53:08+00:00,https://apps.bea.gov/regionalcore/data/ChartData?fips=01000&year=2018&mtype=3,200,text/plain,5TDMCTS7VH454BJVROJ2VDYU5RUJC4ZH,SAWP5,save-merged-p105.arquivo.pt-20260617173906-T5DWKZSI5I.warc.gz,True,
2026-06-16T21:53:08+00:00,https://apps.bea.gov/regionalcore/data/ChartData?fips=02000&year=2018&mtype=3,200,text/plain,SWESC6NF2UD2WWMASCW42C3DNUTAZCJ2,SAWP5,save-merged-p105.arquivo.pt-20260617172421-A7W6Y7AIT4.warc.gz,True,
2026-06-16T21:53:08+00:00,https://apps.bea.gov/regionalcore/data/ChartData?fips=55000&year=2017&mtype=3,200,text/plain,QSVLKHVAUF3LFKVJ2CVJ6576TIP4VPR6,SAWP5,save-merged-p108.arquivo.pt-20260617201658-F173KOV5US.warc.gz,True,
2026-06-16T21:53:08+00:00,https://apps.bea.gov/regionalcore/data/ChartData?fips=56000&year=2017&mtype=3,200,text/plain,MBZ6B6KHERDGHIRMCYPUZF2EUQIWR4RZ,SAWP5,save-merged-p105.arquivo.pt-20260617174343-0QO434I7RF.warc.gz,True,
2026-06-16T21:53:09+00:00,https://apps.bea.gov/regionalcore/data/ChartData?fips=04000&year=2018&mtype=3,200,text/plain,NMJD7YPBOMZ3QW2CSPGH2E3HQGB2P4BI,SAWP5,save-merged-p107.arquivo.pt-20260617183401-OH8O35KZGM.warc.gz,True,
2026-06-16T21:53:09+00:00,https://apps.bea.gov/regionalcore/data/ChartData?fips=05000&year=2018&mtype=3,200,text/plain,LC6UWFOYOI5TIG7P4JR3F7OSKY524HV7,SAWP5,save-merged-p106.arquivo.pt-20260617193358-R0E8DPMPW4.warc.gz,True,
2026-06-16T21:53:09+00:00,https://apps.bea.gov/regionalcore/data/ChartData?fips=06000&year=2018&mtype=3,200,text/plain,KBCIL24SKXQ5NSNPET2DLEYXJHWTEQ5F,SAWP5,save-merged-p108.arquivo.pt-20260617201637-MH3Z6T47FX.warc.gz,True,
2026-06-16T21:53:09+00:00,https://apps.bea.gov/regionalcore/data/ChartData?fips=08000&year=2018&mtype=3,200,text/plain,GN2LUE7IVWKFOH6HYIQCXUL6LIDDMN3E,SAWP5,save-merged-p107.arquivo.pt-20260617183717-97UKVARF3H.warc.gz,True,
2026-06-16T21:53:10+00:00,https://apps.bea.gov/regionalcore/data/ChartData?fips=09000&year=2018&mtype=3,200,text/plain,SQHSMT3IF23Y77Z6TFZB47AAD2QHEHRV,SAWP5,save-merged-p105.arquivo.pt-20260617174017-T6QKNEEAH7.warc.gz,True,
2026-06-16T21:53:10+00:00,https://apps.bea.gov/regionalcore/data/ChartData?fips=10000&year=2018&mtype=3,200,text/plain,PDHLD3EG4AQ7NCYZPWNMW2FQBTC4ZPKG,SAWP5,save-merged-p106.arquivo.pt-20260617192826-6TL9PGLH60.warc.gz,True,
2026-06-16T21:53:10+00:00,https://apps.bea.gov/regionalcore/data/ChartData?fips=11000&year=2018&mtype=3,200,text/plain,BWAS3M7CDCHUSS676I7NECIHMR7LAUGU,SAWP5,save-merged-p106.arquivo.pt-20260617193358-R0E8DPMPW4.warc.gz,True,
2026-06-16T21:53:10+00:00,https://apps.bea.gov/regionalcore/data/ChartData?fips=12000&year=2018&mtype=3,200,text/plain,RQBE5XKM6O2FIGOGICYZFBPCIPCQ7FRZ,SAWP5,save-merged-p108.arquivo.pt-20260617202056-LYSDL8R0VG.warc.gz,True,
2026-06-16T21:53:11+00:00,https://apps.bea.gov/regionalcore/data/ChartData?fips=13000&year=2018&mtype=3,200,text/plain,UWZYE54QIXL34BBV5UE6ZMOTPZAWTLUG,SAWP5,save-merged-p105.arquivo.pt-20260617174017-T6QKNEEAH7.warc.gz,True,
2026-06-16T21:53:11+00:00,https://apps.bea.gov/regionalcore/data/ChartData?fips=15000&year=2018&mtype=3,200,text/plain,LPELCI5ONIZYEKOD2QPXC7W5SDQK73B7,SAWP5,save-merged-p105.arquivo.pt-20260617174017-T6QKNEEAH7.warc.gz,True,
2026-06-16T21:53:11+00:00,https://apps.bea.gov/regionalcore/data/ChartData?fips=16000&year=2018&mtype=3,200,text/plain,UHZKIEUKATP3BLNSB5JOV6KFRCIZPWAY,SAWP5,save-merged-p107.arquivo.pt-20260617182247-NW4FVP7I19.warc.gz,True,
2026-06-16T21:53:11+00:00,https://apps.bea.gov/regionalcore/data/ChartData?fips=17000&year=2018&mtype=3,200,text/plain,RMACRYRSTOOL5Q4WX4N2NCV7XYQLRLS3,SAWP5,save-merged-p107.arquivo.pt-20260617183355-928HJFXEAG.warc.gz,True,
2026-06-16T21:53:12+00:00,https://apps.bea.gov/regionalcore/data/ChartData?fips=18000&year=2018&mtype=3,200,text/plain,M5GTDW4MFBCLUB4PRD3ZOLNZYWL6ILVO,SAWP5,save-merged-p105.arquivo.pt-20260617174017-T6QKNEEAH7.warc.gz,True,
2026-06-16T21:53:12+00:00,https://apps.bea.gov/regionalcore/data/ChartData?fips=19000&year=2018&mtype=3,200,text/plain,5VPP454FKOEM5WFL6775JCLLRZEOVWQP,SAWP5,save-merged-p107.arquivo.pt-20260617183401-OH8O35KZGM.warc.gz,True,
2026-06-16T21:53:12+00:00,https://apps.bea.gov/regionalcore/data/ChartData?fips=20000&year=2018&mtype=3,200,text/plain,ZDJXII7D4RNQILKRG42GK6I345MDVMUE,SAWP5,save-merged-p105.arquivo.pt-20260617174017-T6QKNEEAH7.warc.gz,True,
2026-06-16T21:53:12+00:00,https://apps.bea.gov/regionalcore/data/ChartData?fips=21000&year=2018&mtype=3,200,text/plain,OKHXSTXMAE4KNKMCKZOQKXCBLCUOW2S2,SAWP5,save-merged-p105.arquivo.pt-20260617174343-0QO434I7RF.warc.gz,True,
2026-06-16T21:53:12+00:00,https://apps.bea.gov/regionalcore/data/ChartData?fips=22000&year=2018&mtype=3,200,text/plain,BCPN6EGQIOLLCKOKWUQWBPRRRJDLD4TP,SAWP5,save-merged-p106.arquivo.pt-20260617193719-OXAQHEIPNM.warc.gz,True,
2026-06-16T21:53:13+00:00,https://apps.bea.gov/regionalcore/data/ChartData?fips=23000&year=2018&mtype=3,200,text/plain,Y37664EUV7RN7PF5UZ4LIYWZQXB3DNMZ,SAWP5,save-merged-p107.arquivo.pt-20260617183337-0BN5MUUB0M.warc.gz,True,
2026-06-16T21:53:13+00:00,https://apps.bea.gov/regionalcore/data/ChartData?fips=24000&year=2018&mtype=3,200,text/plain,F6WCJOJNCDYJHPKSAOJ4WJAA4E5VI3R4,SAWP5,save-merged-p106.arquivo.pt-20260617193724-A6PL0AF00N.warc.gz,True,
2026-06-16T21:53:13+00:00,https://apps.bea.gov/regionalcore/data/ChartData?fips=25000&year=2018&mtype=3,200,text/plain,PP2E5GHFGEX7BTVO4HCOGYCHW2CFFSKN,SAWP5,save-merged-p107.arquivo.pt-20260617183401-OH8O35KZGM.warc.gz,True,
2026-06-16T21:53:13+00:00,https://apps.bea.gov/regionalcore/data/ChartData?fips=27000&year=2018&mtype=3,200,text/plain,G5NA5OBOYBR2IJZIWMBMCR6J5BZGRSMS,SAWP5,save-merged-p106.arquivo.pt-20260617193358-R0E8DPMPW4.warc.gz,True,
2026-06-16T21:53:14+00:00,https://apps.bea.gov/regionalcore/data/ChartData?fips=26000&year=2018&mtype=3,200,text/plain,OVQ3B7F2OIMMNNOVKOK3KCTTLJPJ6MZ2,SAWP5,save-merged-p106.arquivo.pt-20260617193358-R0E8DPMPW4.warc.gz,True,
2026-06-16T21:53:14+00:00,https://apps.bea.gov/regionalcore/data/ChartData?fips=28000&year=2018&mtype=3,200,text/plain,5KE6BWUJKE262DGOCLDT6I2Y256NCIH4,SAWP5,save-merged-p108.arquivo.pt-20260617202056-LYSDL8R0VG.warc.gz,True,
2026-06-16T21:53:14+00:00,https://apps.bea.gov/regionalcore/data/ChartData?fips=29000&year=2018&mtype=3,200,text/plain,GAOE233OLQINZFF7ZJIW4HJ4MEA4WO4A,SAWP5,save-merged-p108.arquivo.pt-20260617201658-F173KOV5US.warc.gz,True,
2026-06-16T21:53:14+00:00,https://apps.bea.gov/regionalcore/data/ChartData?fips=30000&year=2018&mtype=3,200,text/plain,7XALYZGOGRBJ7AS45CWZGWDIPIRRCBNJ,SAWP5,save-merged-p107.arquivo.pt-20260617183717-97UKVARF3H.warc.gz,True,
2026-06-16T21:53:14+00:00,https://apps.bea.gov/regionalcore/data/ChartData?fips=31000&year=2018&mtype=3,403,text/html,FLQAXNOLUPOKW4BCDNCGRPNAUNK6T475,SAWP5,save-merged-p108.arquivo.pt-20260617201658-F173KOV5US.warc.gz,True,
2026-06-16T21:53:15+00:00,https://apps.bea.gov/regionalcore/data/ChartData?fips=32000&year=2018&mtype=3,200,text/plain,B6QQBVF2W7SGL5OT46WB53DTELIYLW47,SAWP5,save-merged-p105.arquivo.pt-20260617171723-8MZRE53HJY.warc.gz,True,
2026-06-16T21:53:15+00:00,https://apps.bea.gov/regionalcore/data/ChartData?fips=33000&year=2018&mtype=3,200,text/plain,XZRLYQOYZ7E66OHR4N6DLHSTXXWTQDSO,SAWP5,save-merged-p105.arquivo.pt-20260617174343-0QO434I7RF.warc.gz,True,
2026-06-16T21:53:15+00:00,https://apps.bea.gov/regionalcore/data/ChartData?fips=34000&year=2018&mtype=3,200,text/plain,QW7VS334VGNL44W5SSNNFCSR6NMYQQ6E,SAWP5,save-merged-p108.arquivo.pt-20260617201658-F173KOV5US.warc.gz,True,
2026-06-16T21:53:15+00:00,https://apps.bea.gov/regionalcore/data/ChartData?fips=35000&year=2018&mtype=3,200,text/plain,X4SFPEE6EFUNG4NCOSF2QSNT3AGOREP5,SAWP5,save-merged-p108.arquivo.pt-20260617201658-F173KOV5US.warc.gz,True,
2026-06-16T21:53:16+00:00,https://apps.bea.gov/regionalcore/data/ChartData?fips=36000&year=2018&mtype=3,200,text/plain,7O3J3V6MXCGA3AC7CXX6NOOFKJZXSXX7,SAWP5,save-merged-p105.arquivo.pt-20260617173901-OEYA0TB1F3.warc.gz,True,
2026-06-16T21:53:16+00:00,https://apps.bea.gov/regionalcore/data/ChartData?fips=37000&year=2018&mtype=3,200,text/plain,YRDVVSWWLFXK5DNPCKEOWGGSYFYZKBIA,SAWP5,save-merged-p105.arquivo.pt-20260617174337-EU47WDLYJP.warc.gz,True,
2026-06-16T21:53:16+00:00,https://apps.bea.gov/regionalcore/data/ChartData?fips=38000&year=2018&mtype=3,200,text/plain,MLBNUPALATF6EWPH232B5YO65M5MZIKM,SAWP5,save-merged-p108.arquivo.pt-20260617201658-F173KOV5US.warc.gz,True,
2026-06-16T21:53:16+00:00,https://apps.bea.gov/regionalcore/data/ChartData?fips=39000&year=2018&mtype=3,403,text/html,T6OUY7UQ2ZY54AFP2CEGY54HCP7YFHZN,SAWP5,save-merged-p105.arquivo.pt-20260617173715-UDKQNIZ9GY.warc.gz,True,
2026-06-16T21:53:17+00:00,https://apps.bea.gov/regionalcore/data/ChartData?fips=40000&year=2018&mtype=3,200,text/plain,XLYBI4WFCNNNFL7575FVNF5LQFY3E37G,SAWP5,save-merged-p108.arquivo.pt-20260617202049-NOFS6HTPTU.warc.gz,True,
2026-06-16T21:53:17+00:00,https://apps.bea.gov/regionalcore/data/ChartData?fips=41000&year=2018&mtype=3,200,text/plain,UNMMABKZJKN5MPCNCD62LS2SGDKRPZ62,SAWP5,save-merged-p108.arquivo.pt-20260617202056-LYSDL8R0VG.warc.gz,True,
2026-06-16T21:53:18+00:00,https://apps.bea.gov/regionalcore/data/ChartData?fips=42000&year=2018&mtype=3,200,text/plain,E2J2PYGAKUPPXBNSC2L4UFBSKINHJDXW,SAWP5,save-merged-p107.arquivo.pt-20260617183355-928HJFXEAG.warc.gz,True,
2026-06-16T21:53:18+00:00,https://apps.bea.gov/regionalcore/data/ChartData?fips=44000&year=2018&mtype=3,200,text/plain,FDT3OWTR6WYFXIA2S44WIPSFR7WJ4QXL,SAWP5,save-merged-p106.arquivo.pt-20260617193358-R0E8DPMPW4.warc.gz,True,
2026-06-16T21:53:18+00:00,https://apps.bea.gov/regionalcore/data/ChartData?fips=45000&year=2018&mtype=3,200,text/plain,PW2TRJQX4FDWKJO7ZFKOMUZGL5JH5N6F,SAWP5,save-merged-p106.arquivo.pt-20260617192423-6QYJ15PRGC.warc.gz,True,
2026-06-16T21:53:19+00:00,https://apps.bea.gov/regionalcore/data/ChartData?fips=46000&year=2018&mtype=3,200,text/plain,BCU76FD2CVLZYGAVYQF7GFUJBAUSTF66,SAWP5,save-merged-p106.arquivo.pt-20260617193358-R0E8DPMPW4.warc.gz,True,
2026-06-16T21:53:20+00:00,https://apps.bea.gov/regionalcore/data/ChartData?fips=47000&year=2018&mtype=3,200,text/plain,SLVJBMXPLSJTRLAW54JIZ3GEAR4RNJVC,SAWP5,save-merged-p106.arquivo.pt-20260617193358-R0E8DPMPW4.warc.gz,True,
2026-06-16T21:53:20+00:00,https://apps.bea.gov/regionalcore/data/ChartData?fips=48000&year=2018&mtype=3,200,text/plain,EO624UZDA7TSANKBQUSQLMOUJTM2T7G2,SAWP5,save-merged-p105.arquivo.pt-20260617173901-OEYA0TB1F3.warc.gz,True,
2026-06-16T21:53:20+00:00,https://apps.bea.gov/regionalcore/data/ChartData?fips=49000&year=2018&mtype=3,200,text/plain,KXEDFMBUKGLHMRRVFSRR6NRHGHPH5ONF,SAWP5,save-merged-p105.arquivo.pt-20260617174343-0QO434I7RF.warc.gz,True,
2026-06-16T21:53:20+00:00,https://apps.bea.gov/regionalcore/data/ChartData?fips=50000&year=2018&mtype=3,200,text/plain,QZHBLEX3GVJ3VIT6H4LNZNFDWKYU7PQM,SAWP5,save-merged-p105.arquivo.pt-20260617173906-T5DWKZSI5I.warc.gz,True,
2026-06-16T21:53:21+00:00,https://apps.bea.gov/regionalcore/data/ChartData?fips=51000&year=2018&mtype=3,200,text/plain,ME73MSM5AGQ75POBKPIJLO3RBAKG7C7P,SAWP5,save-merged-p105.arquivo.pt-20260617174337-EU47WDLYJP.warc.gz,True,
2026-06-16T21:53:21+00:00,https://apps.bea.gov/regionalcore/data/ChartData?fips=53000&year=2018&mtype=3,200,text/plain,X7PEYPOZSWHY65T25NT7BPNYTH2ZZREU,SAWP5,save-merged-p105.arquivo.pt-20260617172915-PJ1VLGJCWA.warc.gz,True,
2026-06-16T21:53:21+00:00,https://apps.bea.gov/regionalcore/data/ChartData?fips=54000&year=2018&mtype=3,200,text/plain,6INBSGRX64Q2VKLEFF2PQMZDX6FJUPWG,SAWP5,save-merged-p105.arquivo.pt-20260617174017-T6QKNEEAH7.warc.gz,True,
2026-06-16T21:53:22+00:00,https://apps.bea.gov/regionalcore/data/ChartData?fips=01000&year=2019&mtype=3,200,text/plain,3OXSLRPLCAR7JHLBDA6KLYBQUH4JBKO2,SAWP5,save-merged-p108.arquivo.pt-20260617202056-LYSDL8R0VG.warc.gz,True,
2026-06-16T21:53:22+00:00,https://apps.bea.gov/regionalcore/data/ChartData?fips=55000&year=2018&mtype=3,200,text/plain,CUIWJS5OZ2QES3MXJQOECU5ZN6N7RDFJ,SAWP5,save-merged-p105.arquivo.pt-20260617172915-PJ1VLGJCWA.warc.gz,True,
2026-06-16T21:53:22+00:00,https://apps.bea.gov/regionalcore/data/ChartData?fips=56000&year=2018&mtype=3,200,text/plain,SPNLAVABCYLQU2U2WMQ747DGGTH5MZX7,SAWP5,save-merged-p107.arquivo.pt-20260617183717-97UKVARF3H.warc.gz,True,
2026-06-16T21:53:23+00:00,https://apps.bea.gov/regionalcore/data/ChartData?fips=02000&year=2019&mtype=3,200,text/plain,KUYVTIKWWJBIMLFBMR3EKQFDQAYDSVZB,SAWP5,save-merged-p105.arquivo.pt-20260617173906-T5DWKZSI5I.warc.gz,True,
2026-06-16T21:53:23+00:00,https://apps.bea.gov/regionalcore/data/ChartData?fips=04000&year=2019&mtype=3,200,text/plain,OKSJABRDVSAUVTQTCPDCZNBVUGVLSD76,SAWP5,save-merged-p106.arquivo.pt-20260617193358-R0E8DPMPW4.warc.gz,True,
2026-06-16T21:53:24+00:00,https://apps.bea.gov/regionalcore/data/ChartData?fips=05000&year=2019&mtype=3,200,text/plain,CWDUULU2MJIR65MW4IYJGMOQZKQWCNHN,SAWP5,save-merged-p106.arquivo.pt-20260617193358-R0E8DPMPW4.warc.gz,True,
2026-06-16T21:53:24+00:00,https://apps.bea.gov/regionalcore/data/ChartData?fips=06000&year=2019&mtype=3,200,text/plain,VRMSV66O6NTRCX2URPC7LQIL6GQ7Z2FI,SAWP5,save-merged-p105.arquivo.pt-20260617173906-T5DWKZSI5I.warc.gz,True,
2026-06-16T21:53:24+00:00,https://apps.bea.gov/regionalcore/data/ChartData?fips=08000&year=2019&mtype=3,200,text/plain,TV5IPWEG7I6YYGCRTTNKTYGZOM6KUD37,SAWP5,save-merged-p107.arquivo.pt-20260617183355-928HJFXEAG.warc.gz,True,
2026-06-16T21:53:25+00:00,https://apps.bea.gov/regionalcore/data/ChartData?fips=09000&year=2019&mtype=3,200,text/plain,JZD6HPZ7ZPZUY66CUMWQ2VXLXNTGLOEQ,SAWP5,save-merged-p106.arquivo.pt-20260617193719-OXAQHEIPNM.warc.gz,True,
2026-06-16T21:53:25+00:00,https://apps.bea.gov/regionalcore/data/ChartData?fips=10000&year=2019&mtype=3,200,text/plain,WEUNMSY7KCXSZL7TQQES5JS6XE3OWREN,SAWP5,save-merged-p108.arquivo.pt-20260617202056-LYSDL8R0VG.warc.gz,True,
2026-06-16T21:53:25+00:00,https://apps.bea.gov/regionalcore/data/ChartData?fips=11000&year=2019&mtype=3,200,text/plain,MDELO455AIZ46LY4FL4SSHX7RQCJQ5OV,SAWP5,save-merged-p107.arquivo.pt-20260617183717-97UKVARF3H.warc.gz,True,
2026-06-16T21:53:26+00:00,https://apps.bea.gov/regionalcore/data/ChartData?fips=12000&year=2019&mtype=3,200,text/plain,YRYFBRNPDCRDUNTZA4UHOIMZTDTYR67E,SAWP5,save-merged-p107.arquivo.pt-20260617183717-97UKVARF3H.warc.gz,True,
2026-06-16T21:53:26+00:00,https://apps.bea.gov/regionalcore/data/ChartData?fips=13000&year=2019&mtype=3,200,text/plain,5EWSQDQO64PZD2U5277NCGS3AOJN7JBP,SAWP5,save-merged-p106.arquivo.pt-20260617192332-SYIN6H7WKE.warc.gz,True,
2026-06-16T21:53:26+00:00,https://apps.bea.gov/regionalcore/data/ChartData?fips=15000&year=2019&mtype=3,200,text/plain,P54TWN2CO6ME7CZ4YYL7VES6BHHI6DFZ,SAWP5,save-merged-p108.arquivo.pt-20260617202056-LYSDL8R0VG.warc.gz,True,
2026-06-16T21:53:27+00:00,https://apps.bea.gov/regionalcore/data/ChartData?fips=16000&year=2019&mtype=3,200,text/plain,5AVPR7NLOHUCG3SMTWUX64LVQPGWXX5E,SAWP5,save-merged-p105.arquivo.pt-20260617174343-0QO434I7RF.warc.gz,True,
2026-06-16T21:53:27+00:00,https://apps.bea.gov/regionalcore/data/ChartData?fips=17000&year=2019&mtype=3,200,text/plain,RROFLFQFSD3HNG3JMO4XBKDMJ7NHPSQB,SAWP5,save-merged-p105.arquivo.pt-20260617174337-EU47WDLYJP.warc.gz,True,
2026-06-16T21:53:28+00:00,https://apps.bea.gov/regionalcore/data/ChartData?fips=18000&year=2019&mtype=3,200,text/plain,M3JSG5IITZXQAVBWSWSHEVIXBX2TDBNA,SAWP5,save-merged-p108.arquivo.pt-20260617202049-NOFS6HTPTU.warc.gz,True,
2026-06-16T21:53:28+00:00,https://apps.bea.gov/regionalcore/data/ChartData?fips=19000&year=2019&mtype=3,200,text/plain,XNKXO2YMQMETX4GBIDPEUUNLFIXB3G5C,SAWP5,save-merged-p105.arquivo.pt-20260617174017-T6QKNEEAH7.warc.gz,True,
2026-06-16T21:53:28+00:00,https://apps.bea.gov/regionalcore/data/ChartData?fips=20000&year=2019&mtype=3,200,text/plain,CXUZ64KV4BYEP2D4GKXED2Z32K34QDYD,SAWP5,save-merged-p105.arquivo.pt-20260617174017-T6QKNEEAH7.warc.gz,True,
2026-06-16T21:53:28+00:00,https://apps.bea.gov/regionalcore/data/ChartData?fips=21000&year=2019&mtype=3,200,text/plain,FDOLKC74IOVTBIC6PYTE5PMMYMDXOWJA,SAWP5,save-merged-p107.arquivo.pt-20260617183717-97UKVARF3H.warc.gz,True,
2026-06-16T21:53:29+00:00,https://apps.bea.gov/regionalcore/data/ChartData?fips=22000&year=2019&mtype=3,200,text/plain,P33BYK3T56IXVNNGEPDYXZNK7YIGRQI2,SAWP5,save-merged-p105.arquivo.pt-20260617174343-0QO434I7RF.warc.gz,True,
2026-06-16T21:53:29+00:00,https://apps.bea.gov/regionalcore/data/ChartData?fips=23000&year=2019&mtype=3,200,text/plain,R2WOVEUALEF44JRE7Y3ZQVMSDTZ7LLRU,SAWP5,save-merged-p105.arquivo.pt-20260617174343-0QO434I7RF.warc.gz,True,
2026-06-16T21:53:30+00:00,https://apps.bea.gov/regionalcore/data/ChartData?fips=24000&year=2019&mtype=3,200,text/plain,JDRALBZ7XIMCZN24F3Q7F6VIPQ6BPITY,SAWP5,save-merged-p106.arquivo.pt-20260617193358-R0E8DPMPW4.warc.gz,True,
2026-06-16T21:53:30+00:00,https://apps.bea.gov/regionalcore/data/ChartData?fips=25000&year=2019&mtype=3,200,text/plain,I6AE4MQLEWRWQYCU6AX42TJDCTML7F2M,SAWP5,save-merged-p106.arquivo.pt-20260617193358-R0E8DPMPW4.warc.gz,True,
2026-06-16T21:53:30+00:00,https://apps.bea.gov/regionalcore/data/ChartData?fips=26000&year=2019&mtype=3,200,text/plain,LX6TBHCFOGHLGIWAOYIEHJHP2SKAVLH3,SAWP5,save-merged-p106.arquivo.pt-20260617193358-R0E8DPMPW4.warc.gz,True,
2026-06-16T21:53:30+00:00,https://apps.bea.gov/regionalcore/data/ChartData?fips=27000&year=2019&mtype=3,200,text/plain,KVKVT7AAV4ZGSY6QPXA4SMYZDL42QDXY,SAWP5,save-merged-p107.arquivo.pt-20260617183401-OH8O35KZGM.warc.gz,True,
2026-06-16T21:53:31+00:00,https://apps.bea.gov/regionalcore/data/ChartData?fips=28000&year=2019&mtype=3,200,text/plain,IMSSH25ZSPAPETGG6NYBAIMHGVZ6E6VS,SAWP5,save-merged-p108.arquivo.pt-20260617202056-LYSDL8R0VG.warc.gz,True,
2026-06-16T21:53:31+00:00,https://apps.bea.gov/regionalcore/data/ChartData?fips=29000&year=2019&mtype=3,200,text/plain,L6IUWKJNUCS5EZNSDVFUJ37ZUHFJFVQU,SAWP5,save-merged-p105.arquivo.pt-20260617173715-UDKQNIZ9GY.warc.gz,True,
2026-06-16T21:53:32+00:00,https://apps.bea.gov/regionalcore/data/ChartData?fips=30000&year=2019&mtype=3,200,text/plain,XZYHLDT7JP6DADGJ76B3ZEWOKRIGRANJ,SAWP5,save-merged-p106.arquivo.pt-20260617193358-R0E8DPMPW4.warc.gz,True,
2026-06-16T21:53:32+00:00,https://apps.bea.gov/regionalcore/data/ChartData?fips=31000&year=2019&mtype=3,200,text/plain,TG5DIHEXJCXBRMX5GSLHKJJ3EOWIF7D2,SAWP5,save-merged-p108.arquivo.pt-20260617201642-EMSUJE6Z4U.warc.gz,True,
2026-06-16T21:53:32+00:00,https://apps.bea.gov/regionalcore/data/ChartData?fips=32000&year=2019&mtype=3,200,text/plain,TFG3T7X5DHE3GQLWGEPZT7CPRNWIRDAJ,SAWP5,save-merged-p105.arquivo.pt-20260617172421-A7W6Y7AIT4.warc.gz,True,
2026-06-16T21:53:33+00:00,https://apps.bea.gov/regionalcore/data/ChartData?fips=33000&year=2019&mtype=3,200,text/plain,XDIG6UUN6UFYUN5XM7SV4ZI2DH7GKSPL,SAWP5,save-merged-p108.arquivo.pt-20260617201658-F173KOV5US.warc.gz,True,
2026-06-16T21:53:33+00:00,https://apps.bea.gov/regionalcore/data/ChartData?fips=34000&year=2019&mtype=3,200,text/plain,IYF2QK5EYXQFKF2UZV55X2GEFEUPHUWE,SAWP5,save-merged-p106.arquivo.pt-20260617193358-R0E8DPMPW4.warc.gz,True,
2026-06-16T21:53:33+00:00,https://apps.bea.gov/regionalcore/data/ChartData?fips=35000&year=2019&mtype=3,200,text/plain,ZAJZ5GNWMPT7NEZXGIERJFY2QTAIWTIV,SAWP5,save-merged-p107.arquivo.pt-20260617183355-928HJFXEAG.warc.gz,True,
2026-06-16T21:53:33+00:00,https://apps.bea.gov/regionalcore/data/ChartData?fips=36000&year=2019&mtype=3,200,text/plain,RJKODBDUFJ3H2JOY4FB3KLB2GGYWLWMN,SAWP5,save-merged-p107.arquivo.pt-20260617183355-928HJFXEAG.warc.gz,True,
2026-06-16T21:53:33+00:00,https://apps.bea.gov/regionalcore/data/ChartData?fips=50000&year=2023&mtype=3/,400,application/problem+json,QFZ2XUXMLYXDBA5MOG5WT54WQ76SZCQG,SAWP5,save-merged-p107.arquivo.pt-20260617183355-928HJFXEAG.warc.gz,True,
2026-06-16T21:53:34+00:00,https://apps.bea.gov/regionalcore/data/ChartData?fips=37000&year=2019&mtype=3,200,text/plain,FBU7QTQ6R25JY24WXJ3Q6ZELW44PHHTH,SAWP5,save-merged-p105.arquivo.pt-20260617173906-T5DWKZSI5I.warc.gz,True,
2026-06-16T21:53:34+00:00,https://apps.bea.gov/regionalcore/data/ChartData?fips=38000&year=2019&mtype=3,200,text/plain,XXMPFVXMTBZRS32G6YT7SILBRVIEKF64,SAWP5,save-merged-p108.arquivo.pt-20260617202049-NOFS6HTPTU.warc.gz,True,
2026-06-16T21:53:34+00:00,https://apps.bea.gov/regionalcore/data/ChartData?fips=39000&year=2019&mtype=3,200,text/plain,VNZSYVDPVYBYH2RKAQKXMUMYYRQRTLKT,SAWP5,save-merged-p108.arquivo.pt-20260617201642-EMSUJE6Z4U.warc.gz,True,
2026-06-16T21:53:34+00:00,https://apps.bea.gov/regionalcore/data/ChartData?fips=50000&year=2023&mtype=3/,400,application/problem+json,LDJASFXLBHLAZWXQH3GP5IXHHPI6NH6V,SAWP5,save-merged-p105.arquivo.pt-20260617172421-A7W6Y7AIT4.warc.gz,True,
2026-06-16T21:53:35+00:00,https://apps.bea.gov/regionalcore/data/ChartData?fips=40000&year=2019&mtype=3,200,text/plain,NQOQWMXJSQOKCEULQXMRAVCKNTYAX2VD,SAWP5,save-merged-p107.arquivo.pt-20260617183755-KGK98M25I0.warc.gz,True,
2026-06-16T21:53:35+00:00,https://apps.bea.gov/regionalcore/data/ChartData?fips=41000&year=2019&mtype=3,200,text/plain,T6XS5WFFAPIDKNIVAYCYBHA4VH4QGUNA,SAWP5,save-merged-p107.arquivo.pt-20260617183755-KGK98M25I0.warc.gz,True,
2026-06-16T21:53:35+00:00,https://apps.bea.gov/regionalcore/data/ChartData?fips=42000&year=2019&mtype=3,200,text/plain,MJKV47LFE4HCH6BQCNJGUVZKS2MZVDZL,SAWP5,save-merged-p107.arquivo.pt-20260617183755-KGK98M25I0.warc.gz,True,
2026-06-16T21:53:35+00:00,https://apps.bea.gov/regionalcore/data/ChartData?fips=44000&year=2019&mtype=3,200,text/plain,K2KHPK3OJI6YOFRVEK6HZXDYPO7CCBWE,SAWP5,save-merged-p107.arquivo.pt-20260617183355-928HJFXEAG.warc.gz,True,
2026-06-16T21:53:36+00:00,https://apps.bea.gov/regionalcore/data/ChartData?fips=45000&year=2019&mtype=3,200,text/plain,JSVM2WZWVQBDLJ3NDULR4GHLXSMFXWUJ,SAWP5,save-merged-p107.arquivo.pt-20260617183717-97UKVARF3H.warc.gz,True,
2026-06-16T21:53:36+00:00,https://apps.bea.gov/regionalcore/data/ChartData?fips=46000&year=2019&mtype=3,200,text/plain,7BY7K5KSOIODIXII5UK3CD2UNIFQ45HX,SAWP5,save-merged-p108.arquivo.pt-20260617202049-NOFS6HTPTU.warc.gz,True,
2026-06-16T21:53:36+00:00,https://apps.bea.gov/regionalcore/data/ChartData?fips=47000&year=2019&mtype=3,200,text/plain,5ADQXSK4HKXVGOOELL6TOOZY43L4UFBO,SAWP5,save-merged-p107.arquivo.pt-20260617183717-97UKVARF3H.warc.gz,True,
2026-06-16T21:53:36+00:00,https://apps.bea.gov/regionalcore/data/ChartData?fips=48000&year=2019&mtype=3,200,text/plain,OV2I752XP3GMRWASMBBBP75ZTMGOBW7E,SAWP5,save-merged-p106.arquivo.pt-20260617193358-R0E8DPMPW4.warc.gz,True,
2026-06-16T21:53:37+00:00,https://apps.bea.gov/regionalcore/data/ChartData?fips=49000&year=2019&mtype=3,200,text/plain,U7BEMXMVPB5MDW7J4JHXTKIVNBOROHAY,SAWP5,save-merged-p108.arquivo.pt-20260617202056-LYSDL8R0VG.warc.gz,True,
2026-06-16T21:53:37+00:00,https://apps.bea.gov/regionalcore/data/ChartData?fips=50000&year=2019&mtype=3,200,text/plain,GGCY7NGNU6VTNQ3GBBGG76VHCCRURWOT,SAWP5,save-merged-p105.arquivo.pt-20260617174017-T6QKNEEAH7.warc.gz,True,
2026-06-16T21:53:37+00:00,https://apps.bea.gov/regionalcore/data/ChartData?fips=51000&year=2019&mtype=3,200,text/plain,BHSCZWVGTIOZEGEOOAAPM3GK23JQY3WD,SAWP5,save-merged-p108.arquivo.pt-20260617202056-LYSDL8R0VG.warc.gz,True,
2026-06-16T21:53:37+00:00,https://apps.bea.gov/regionalcore/data/ChartData?fips=53000&year=2019&mtype=3,200,text/plain,HSFNSPAUEPCMSBEZMGQRMFCVRTIOAYNC,SAWP5,save-merged-p107.arquivo.pt-20260617183717-97UKVARF3H.warc.gz,True,
2026-06-16T21:53:37+00:00,https://apps.bea.gov/regionalcore/data/ChartData?fips=54000&year=2019&mtype=3,200,text/plain,FDELC3OWRUT6LQHVKRDZ6SLPXO4LZXXC,SAWP5,save-merged-p105.arquivo.pt-20260617173715-UDKQNIZ9GY.warc.gz,True,
2026-06-16T21:53:38+00:00,https://apps.bea.gov/regionalcore/data/ChartData?fips=56000&year=2019&mtype=3,200,text/plain,NWR2BXKJWPTXOPWXPUIHLMDXRWJUNJUF,SAWP5,save-merged-p105.arquivo.pt-20260617174343-0QO434I7RF.warc.gz,True,
2026-06-16T21:53:39+00:00,https://apps.bea.gov/regionalcore/data/ChartData?fips=04000&year=2020&mtype=3,200,text/plain,7JYK7KI3CPILD64KIM7HFV2NHQMZD4MZ,SAWP5,save-merged-p108.arquivo.pt-20260617202056-LYSDL8R0VG.warc.gz,True,
2026-06-16T21:53:39+00:00,https://apps.bea.gov/regionalcore/data/ChartData?fips=05000&year=2020&mtype=3,200,text/plain,4QNVTB3VBVUET6LFNKO4PVXV64XU6TLQ,SAWP5,save-merged-p107.arquivo.pt-20260617182647-0VM22ASYAK.warc.gz,True,
2026-06-16T21:53:39+00:00,https://apps.bea.gov/regionalcore/data/ChartData?fips=08000&year=2020&mtype=3,200,text/plain,XDGFFECBWCZFPYHXALY6DWVIUURAU4UP,SAWP5,save-merged-p108.arquivo.pt-20260617202056-LYSDL8R0VG.warc.gz,True,
2026-06-16T21:53:39+00:00,https://apps.bea.gov/regionalcore/data/ChartData?fips=09000&year=2020&mtype=3,200,text/plain,XMDSLMIEK6SMYCUZJEOHD2TCKKUYWFXO,SAWP5,save-merged-p106.arquivo.pt-20260617193358-R0E8DPMPW4.warc.gz,True,
2026-06-16T21:53:39+00:00,https://apps.bea.gov/regionalcore/data/ChartData?fips=10000&year=2020&mtype=3,200,text/plain,7HOXLWU2LNEHFGDG52WVIOCLUP6TZART,SAWP5,save-merged-p107.arquivo.pt-20260617183401-OH8O35KZGM.warc.gz,True,
2026-06-16T21:53:39+00:00,https://apps.bea.gov/regionalcore/data/ChartData?fips=55000&year=2019&mtype=3,200,text/plain,IC242BW25NG3QAYKZD2IPKMUTMSY2HDZ,SAWP5,save-merged-p105.arquivo.pt-20260617172421-A7W6Y7AIT4.warc.gz,True,
2026-06-16T21:53:40+00:00,https://apps.bea.gov/regionalcore/data/ChartData?fips=12000&year=2020&mtype=3,200,text/plain,K53VMBJDCA5GZRX7SJKQYIJWQJBPULU5,SAWP5,save-merged-p108.arquivo.pt-20260617202056-LYSDL8R0VG.warc.gz,True,
2026-06-16T21:53:40+00:00,https://apps.bea.gov/regionalcore/data/ChartData?fips=13000&year=2020&mtype=3,200,text/plain,SARHHVFC2DEUE4DHRCEIPCR6C6JTP3FP,SAWP5,save-merged-p108.arquivo.pt-20260617202049-NOFS6HTPTU.warc.gz,True,
2026-06-16T21:53:41+00:00,https://apps.bea.gov/regionalcore/data/ChartData?fips=15000&year=2020&mtype=3,200,text/plain,7KUKAN2CM6LOUXMXPRROKN2ZWLMCMWFC,SAWP5,save-merged-p105.arquivo.pt-20260617174337-EU47WDLYJP.warc.gz,True,
2026-06-16T21:53:41+00:00,https://apps.bea.gov/regionalcore/data/ChartData?fips=16000&year=2020&mtype=3,200,text/plain,B4YSSFFUMULDM6T263SV2H5RZSV45GHD,SAWP5,save-merged-p106.arquivo.pt-20260617193358-R0E8DPMPW4.warc.gz,True,
2026-06-16T21:53:41+00:00,https://apps.bea.gov/regionalcore/data/ChartData?fips=17000&year=2020&mtype=3,200,text/plain,OHVLIBNMVPGAAHKF3342FB4ODI3U2Q5D,SAWP5,save-merged-p106.arquivo.pt-20260617193358-R0E8DPMPW4.warc.gz,True,
2026-06-16T21:53:41+00:00,https://apps.bea.gov/regionalcore/data/ChartData?fips=18000&year=2020&mtype=3,200,text/plain,GCZPVA4YK3H4ZSPSR5COT6XDOS3IEK32,SAWP5,save-merged-p105.arquivo.pt-20260617174337-EU47WDLYJP.warc.gz,True,
2026-06-16T21:53:42+00:00,https://apps.bea.gov/regionalcore/data/ChartData?fips=19000&year=2020&mtype=3,200,text/plain,KGO6DKN53OC5DY6PMKHJFJG5WKYGURSX,SAWP5,save-merged-p106.arquivo.pt-20260617193724-A6PL0AF00N.warc.gz,True,
2026-06-16T21:53:42+00:00,https://apps.bea.gov/regionalcore/data/ChartData?fips=20000&year=2020&mtype=3,403,text/html,QKOTLOZHIELZCQLO5Q7TGZLW2SECBH5I,SAWP5,save-merged-p106.arquivo.pt-20260617193358-R0E8DPMPW4.warc.gz,True,
2026-06-16T21:53:42+00:00,https://apps.bea.gov/regionalcore/data/ChartData?fips=21000&year=2020&mtype=3,200,text/plain,TRRAPGUUHU3JKAFP3Z6Y4C4A4HBM6RRX,SAWP5,save-merged-p107.arquivo.pt-20260617183355-928HJFXEAG.warc.gz,True,
2026-06-16T21:53:42+00:00,https://apps.bea.gov/regionalcore/data/ChartData?fips=22000&year=2020&mtype=3,200,text/plain,BM22KF6YKPEPNYFOIQJHA2NR2XOBVOLO,SAWP5,save-merged-p108.arquivo.pt-20260617202056-LYSDL8R0VG.warc.gz,True,
2026-06-16T21:53:42+00:00,https://apps.bea.gov/regionalcore/data/ChartData?fips=23000&year=2020&mtype=3,200,text/plain,FGDXJ5EQNEWC5YX425FDMOZUDGANAYFL,SAWP5,save-merged-p105.arquivo.pt-20260617174337-EU47WDLYJP.warc.gz,True,
2026-06-16T21:53:43+00:00,https://apps.bea.gov/regionalcore/data/ChartData?fips=24000&year=2020&mtype=3,200,text/plain,BVRHPBFV4CVZIFCOUGPMWHP2NWDAHQ6V,SAWP5,save-merged-p107.arquivo.pt-20260617182647-0VM22ASYAK.warc.gz,True,
2026-06-16T21:53:43+00:00,https://apps.bea.gov/regionalcore/data/ChartData?fips=25000&year=2020&mtype=3,200,text/plain,ONBUBN3SUIBHMZZMJGCVQ2DS5WFVI4IQ,SAWP5,save-merged-p107.arquivo.pt-20260617183355-928HJFXEAG.warc.gz,True,
2026-06-16T21:53:43+00:00,https://apps.bea.gov/regionalcore/data/ChartData?fips=26000&year=2020&mtype=3,200,text/plain,VEXMYPXCCGZXLU5ENF5WVNQYEZ63AXON,SAWP5,save-merged-p105.arquivo.pt-20260617174343-0QO434I7RF.warc.gz,True,
2026-06-16T21:53:44+00:00,https://apps.bea.gov/regionalcore/data/ChartData?fips=27000&year=2020&mtype=3,200,text/plain,O7JEEKFADF63XXARGGYC5IQOGSHC7OPC,SAWP5,save-merged-p106.arquivo.pt-20260617193719-OXAQHEIPNM.warc.gz,True,
2026-06-16T21:53:44+00:00,https://apps.bea.gov/regionalcore/data/ChartData?fips=28000&year=2020&mtype=3,200,text/plain,WV4J5ZPIW4G56FV5UC7XTZHFRII2ZC3V,SAWP5,save-merged-p106.arquivo.pt-20260617193358-R0E8DPMPW4.warc.gz,True,
2026-06-16T21:53:44+00:00,https://apps.bea.gov/regionalcore/data/ChartData?fips=29000&year=2020&mtype=3,200,text/plain,NJ6QOTZE22GGCQ35PFWBDWJKNOONN4SO,SAWP5,save-merged-p107.arquivo.pt-20260617183755-KGK98M25I0.warc.gz,True,
2026-06-16T21:53:45+00:00,https://apps.bea.gov/regionalcore/data/ChartData?fips=30000&year=2020&mtype=3,200,text/plain,UVWREWQLZLRAXBZ6YM6Z7T44I63KJCM3,SAWP5,save-merged-p105.arquivo.pt-20260617174017-T6QKNEEAH7.warc.gz,True,
2026-06-16T21:53:45+00:00,https://apps.bea.gov/regionalcore/data/ChartData?fips=31000&year=2020&mtype=3,200,text/plain,XSYQ3MBDCEBOCMPR24REE2F73JHIJVDL,SAWP5,save-merged-p105.arquivo.pt-20260617174017-T6QKNEEAH7.warc.gz,True,
2026-06-16T21:53:45+00:00,https://apps.bea.gov/regionalcore/data/ChartData?fips=32000&year=2020&mtype=3,200,text/plain,QAYGRK3R736D6HDIKDSZ3PP2WYNIVGJL,SAWP5,save-merged-p107.arquivo.pt-20260617182231-UJTP0SRDT3.warc.gz,True,
2026-06-16T21:53:45+00:00,https://apps.bea.gov/regionalcore/data/ChartData?fips=33000&year=2020&mtype=3,200,text/plain,SBZYNSDYQBX2MXU4V6NIHAWEFISCXJGR,SAWP5,save-merged-p106.arquivo.pt-20260617193358-R0E8DPMPW4.warc.gz,True,
2026-06-16T21:53:46+00:00,https://apps.bea.gov/regionalcore/data/ChartData?fips=34000&year=2020&mtype=3,200,text/plain,2KUO6T7KI3YFUNAL2ZEW2IOMSLRZKFPS,SAWP5,save-merged-p107.arquivo.pt-20260617183755-KGK98M25I0.warc.gz,True,
2026-06-16T21:53:46+00:00,https://apps.bea.gov/regionalcore/data/ChartData?fips=35000&year=2020&mtype=3,200,text/plain,7VP4GRXUG5QJKQMFELOW2CEN5V3II6MP,SAWP5,save-merged-p107.arquivo.pt-20260617183717-97UKVARF3H.warc.gz,True,
2026-06-16T21:53:46+00:00,https://apps.bea.gov/regionalcore/data/ChartData?fips=36000&year=2020&mtype=3,200,text/plain,K7KNXAG2C5V33T7MHEMSO6UO4CAYOKUV,SAWP5,save-merged-p107.arquivo.pt-20260617183717-97UKVARF3H.warc.gz,True,
2026-06-16T21:53:46+00:00,https://apps.bea.gov/regionalcore/data/ChartData?fips=37000&year=2020&mtype=3,200,text/plain,VX56BD2LVUGB7CO7ROC7NLJXDJ5SEBZR,SAWP5,save-merged-p106.arquivo.pt-20260617193358-R0E8DPMPW4.warc.gz,True,
2026-06-16T21:53:47+00:00,https://apps.bea.gov/regionalcore/data/ChartData?fips=39000&year=2020&mtype=3,200,text/plain,YD2NAENEAK36Z5FJCXXJIN5K574LR6Q2,SAWP5,save-merged-p105.arquivo.pt-20260617174337-EU47WDLYJP.warc.gz,True,
2026-06-16T21:53:47+00:00,https://apps.bea.gov/regionalcore/data/ChartData?fips=40000&year=2020&mtype=3,200,text/plain,X4ANSGYMJXZBSHWUKLDGTC5NTTHZSPLM,SAWP5,save-merged-p105.arquivo.pt-20260617174337-EU47WDLYJP.warc.gz,True,
2026-06-16T21:53:47+00:00,https://apps.bea.gov/regionalcore/data/ChartData?fips=41000&year=2020&mtype=3,200,text/plain,XMNZRGMYSK4FOWYTTF6HUHFPOOMM6KJL,SAWP5,save-merged-p108.arquivo.pt-20260617201554-4Z13CMB71U.warc.gz,True,
2026-06-16T21:53:47+00:00,https://apps.bea.gov/regionalcore/data/ChartData?fips=42000&year=2020&mtype=3,200,text/plain,VAIYSXC2ESJNS66IX6AKAWTJ4ULDFUO5,SAWP5,save-merged-p107.arquivo.pt-20260617183401-OH8O35KZGM.warc.gz,True,
2026-06-16T21:53:47+00:00,https://apps.bea.gov/regionalcore/data/StateList?cb=1781646826255819344,200,text/plain,PYIBYBCG6KFN6FYXFLYEI7GKSLPCX5CI,SAWP5,save-merged-p106.arquivo.pt-20260617192819-H6UKOL5KIY.warc.gz,True,
2026-06-16T21:53:48+00:00,https://apps.bea.gov/regionalcore/data/ChartData?fips=44000&year=2020&mtype=3,200,text/plain,44BJPY5XFAATE6BSPMIKMZT4S2PK4RKK,SAWP5,save-merged-p105.arquivo.pt-20260617174017-T6QKNEEAH7.warc.gz,True,
2026-06-16T21:53:48+00:00,https://apps.bea.gov/regionalcore/data/ChartData?fips=45000&year=2020&mtype=3,200,text/plain,IPXV3TBCQ2ZV7QY2QPLR35HMAUOEMZTQ,SAWP5,save-merged-p106.arquivo.pt-20260617193358-R0E8DPMPW4.warc.gz,True,
2026-06-16T21:53:48+00:00,https://apps.bea.gov/regionalcore/data/ChartData?fips=47000&year=2020&mtype=3,200,text/plain,DNZYR7UH5RKUE365DJ3RSFY6SWYUBHK5,SAWP5,save-merged-p108.arquivo.pt-20260617201554-4Z13CMB71U.warc.gz,True,
2026-06-16T21:53:49+00:00,https://apps.bea.gov/regionalcore/data/appinfo?cb=1781646828012940823,200,text/plain,GV5JZFTZQVZUFSKI6SEKUT2PZVKIPUHP,SAWP5,save-merged-p105.arquivo.pt-20260617174017-T6QKNEEAH7.warc.gz,True,
2026-06-16T21:53:49+00:00,https://apps.bea.gov/regionalcore/data/ChartData?fips=46000&year=2020&mtype=3,200,text/plain,WVD6VDOFN6CNX5TQCEJA7P7BBQ6VQZOG,SAWP5,save-merged-p107.arquivo.pt-20260617183717-97UKVARF3H.warc.gz,True,
2026-06-16T21:53:49+00:00,https://apps.bea.gov/regionalcore/data/ChartData?fips=48000&year=2020&mtype=3,200,text/plain,AJVXNGXO5DD35YHPYQFRTZLHADCFF3OA,SAWP5,save-merged-p105.arquivo.pt-20260617174343-0QO434I7RF.warc.gz,True,
2026-06-16T21:53:49+00:00,https://apps.bea.gov/regionalcore/data/ChartData?fips=49000&year=2020&mtype=3,200,text/plain,PYZGZ6MYVB3RZRBU63BGEMDKDBC36ARD,SAWP5,save-merged-p105.arquivo.pt-20260617174343-0QO434I7RF.warc.gz,True,
2026-06-16T21:53:50+00:00,https://apps.bea.gov/regionalcore/data/ChartData?fips=50000&year=2020&mtype=3,200,text/plain,XJ43W45W2ZUB3A6S3ZXTCAJQ43P2RLKF,SAWP5,save-merged-p106.arquivo.pt-20260617192819-H6UKOL5KIY.warc.gz,True,
2026-06-16T21:53:50+00:00,https://apps.bea.gov/regionalcore/data/ChartData?fips=51000&year=2020&mtype=3,200,text/plain,345QUCGDXZDAMTSNY2SEQDMBETGSMIWL,SAWP5,save-merged-p107.arquivo.pt-20260617183755-KGK98M25I0.warc.gz,True,
2026-06-16T21:53:50+00:00,https://apps.bea.gov/regionalcore/data/ChartData?fips=53000&year=2020&mtype=3,200,text/plain,EDLJV6H2PE2XR3TQY4ZE3RNAPUWWIRDN,SAWP5,save-merged-p106.arquivo.pt-20260617192819-H6UKOL5KIY.warc.gz,True,
2026-06-16T21:53:51+00:00,https://apps.bea.gov/histdata/core/data/GetHistFileDetails/?FileGroupID=290%26FileType=HistFile,400,application/problem+json,2SWXADQI5PY3A6NWH362R2QUELLDBDJY,SAWP5,save-merged-p105.arquivo.pt-20260617173901-OEYA0TB1F3.warc.gz,True,
2026-06-16T21:53:51+00:00,https://apps.bea.gov/regionalcore/data/ChartData?fips=01000&year=2021&mtype=3,200,text/plain,BUDWPRECYZG62LIRTKQA7QZYUAA24USL,SAWP5,save-merged-p107.arquivo.pt-20260617183717-97UKVARF3H.warc.gz,True,
2026-06-16T21:53:51+00:00,https://apps.bea.gov/regionalcore/data/ChartData?fips=02000&year=2021&mtype=3,200,text/plain,SJ3OQFEZWWD5OMCMN5B7COTM67KBLB2W,SAWP5,save-merged-p106.arquivo.pt-20260617193719-OXAQHEIPNM.warc.gz,True,
2026-06-16T21:53:51+00:00,https://apps.bea.gov/regionalcore/data/ChartData?fips=55000&year=2020&mtype=3,200,text/plain,3HWWZNEKJT3XJBIKT56YEQ2JCIXEH3WM,SAWP5,save-merged-p105.arquivo.pt-20260617173715-UDKQNIZ9GY.warc.gz,True,
2026-06-16T21:53:51+00:00,https://apps.bea.gov/regionalcore/data/ChartData?fips=56000&year=2020&mtype=3,200,text/plain,YC7TK6HM67WBUHBYCDKPGM5NO6FZADDR,SAWP5,save-merged-p105.arquivo.pt-20260617174343-0QO434I7RF.warc.gz,True,
2026-06-16T21:53:52+00:00,https://apps.bea.gov/regionalcore/data/ChartData?fips=04000&year=2021&mtype=3,200,text/plain,ZMRWKMRYCWLPKH4DP4LBPYG6TBRVBB4Q,SAWP5,save-merged-p107.arquivo.pt-20260617183355-928HJFXEAG.warc.gz,True,
2026-06-16T21:53:52+00:00,https://apps.bea.gov/regionalcore/data/ChartData?fips=05000&year=2021&mtype=3,200,text/plain,B5M43W55WYCALBAJ7BEY4HJIBNPT5OHP,SAWP5,save-merged-p105.arquivo.pt-20260617174343-0QO434I7RF.warc.gz,True,
2026-06-16T21:53:52+00:00,https://apps.bea.gov/regionalcore/data/ChartData?fips=06000&year=2021&mtype=3,200,text/plain,33J3ZSHRJCCXW25UJX2P5MCQP5E4JRLD,SAWP5,save-merged-p106.arquivo.pt-20260617193719-OXAQHEIPNM.warc.gz,True,
2026-06-16T21:53:53+00:00,https://apps.bea.gov/histdata/core/data/GetHistFileDetails/?FileGroupID=292%26FileType=HistFile,400,application/problem+json,FYIAZNAMVEPVUNHDYOZGHTGEQ3DAIBJW,SAWP5,save-merged-p107.arquivo.pt-20260617183717-97UKVARF3H.warc.gz,True,
2026-06-16T21:53:53+00:00,https://apps.bea.gov/regionalcore/data/ChartData?fips=08000&year=2021&mtype=3,200,text/plain,7KGRCFZYPRC3DGFPCS5CK4RXDTVU3DXD,SAWP5,save-merged-p107.arquivo.pt-20260617183717-97UKVARF3H.warc.gz,True,
2026-06-16T21:53:53+00:00,https://apps.bea.gov/regionalcore/data/ChartData?fips=09000&year=2021&mtype=3,200,text/plain,FRPFINFY2V7RD4NFWRA46EGRTBPNTDV5,SAWP5,save-merged-p107.arquivo.pt-20260617183355-928HJFXEAG.warc.gz,True,
2026-06-16T21:53:53+00:00,https://apps.bea.gov/regionalcore/data/ChartData?fips=10000&year=2021&mtype=3,200,text/plain,EUM662UF6BLURW6RFAQ7FTSMCR6YWX3U,SAWP5,save-merged-p106.arquivo.pt-20260617192826-6TL9PGLH60.warc.gz,True,
2026-06-16T21:53:53+00:00,https://apps.bea.gov/regionalcore/data/ChartData?fips=11000&year=2021&mtype=3,200,text/plain,TXNFG7OX2ONXYDWXVQUJPCKVJFQT4TBE,SAWP5,save-merged-p107.arquivo.pt-20260617183755-KGK98M25I0.warc.gz,True,
2026-06-16T21:53:54+00:00,https://apps.bea.gov/regionalcore/data/ChartData?fips=12000&year=2021&mtype=3,200,text/plain,NA4JDA2U5L6EJ2TM5NHJNQ5KOOIXQMUL,SAWP5,save-merged-p105.arquivo.pt-20260617174017-T6QKNEEAH7.warc.gz,True,
2026-06-16T21:53:54+00:00,https://apps.bea.gov/regionalcore/data/ChartData?fips=13000&year=2021&mtype=3,200,text/plain,IMEDHJVM7RRDZJZRS62VWMHZXLPL7DF3,SAWP5,save-merged-p105.arquivo.pt-20260617174337-EU47WDLYJP.warc.gz,True,
2026-06-16T21:53:54+00:00,https://apps.bea.gov/regionalcore/data/ChartData?fips=15000&year=2021&mtype=3,200,text/plain,4ETBDM2CFXEWKASJEOUIUG4TU7PM7TVP,SAWP5,save-merged-p106.arquivo.pt-20260617193358-R0E8DPMPW4.warc.gz,True,
2026-06-16T21:53:54+00:00,https://apps.bea.gov/regionalcore/data/ChartData?fips=16000&year=2021&mtype=3,200,text/plain,46ZXQMSB4DHFRP3U4UAOGRJAJV7A7H7Z,SAWP5,save-merged-p105.arquivo.pt-20260617174017-T6QKNEEAH7.warc.gz,True,
2026-06-16T21:53:55+00:00,https://apps.bea.gov/histdata/core/data/GetHistFileDetails/?FileGroupID=299%26FileType=HistFile,400,application/problem+json,ZHFAJZIJTFFNERBHWMWJH3LD2I5OS46N,SAWP5,save-merged-p107.arquivo.pt-20260617183717-97UKVARF3H.warc.gz,True,
2026-06-16T21:53:55+00:00,https://apps.bea.gov/regionalcore/data/ChartData?fips=17000&year=2021&mtype=3,200,text/plain,TLRSTNPEL6IC2XK4HAJNK5FPCOCG3MLD,SAWP5,save-merged-p105.arquivo.pt-20260617174337-EU47WDLYJP.warc.gz,True,
2026-06-16T21:53:55+00:00,https://apps.bea.gov/regionalcore/data/ChartData?fips=18000&year=2021&mtype=3,200,text/plain,2LFYSAPCGP5NPE42DFKGBTAT4NCBXGBG,SAWP5,save-merged-p105.arquivo.pt-20260617174337-EU47WDLYJP.warc.gz,True,
2026-06-16T21:53:55+00:00,https://apps.bea.gov/regionalcore/data/ChartData?fips=19000&year=2021&mtype=3,200,text/plain,WCXZA3UZ4EVD6D6URP6WTWABNALCRBZ3,SAWP5,save-merged-p108.arquivo.pt-20260617201658-F173KOV5US.warc.gz,True,
2026-06-16T21:53:56+00:00,https://apps.bea.gov/regionalcore/data/ChartData?fips=20000&year=2021&mtype=3,200,text/plain,QYUOM7ED6HIV342PJHHYH3ZSXL4O6MNZ,SAWP5,save-merged-p106.arquivo.pt-20260617193358-R0E8DPMPW4.warc.gz,True,
2026-06-16T21:53:56+00:00,https://apps.bea.gov/regionalcore/data/ChartData?fips=21000&year=2021&mtype=3,200,text/plain,U436TWGMQDE2VODN6KRBRI5RYQNIZIJK,SAWP5,save-merged-p106.arquivo.pt-20260617193719-OXAQHEIPNM.warc.gz,True,
2026-06-16T21:53:56+00:00,https://apps.bea.gov/regionalcore/data/ChartData?fips=22000&year=2021&mtype=3,200,text/plain,4K4YPFRYQH73WK77NCFJCDCPPM7R6UDP,SAWP5,save-merged-p105.arquivo.pt-20260617174343-0QO434I7RF.warc.gz,True,
2026-06-16T21:53:56+00:00,https://apps.bea.gov/regionalcore/data/ChartData?fips=23000&year=2021&mtype=3,403,text/html,NJSNVK47XM6C2LRFL3RMUBXESKRQBHVX,SAWP5,save-merged-p105.arquivo.pt-20260617174343-0QO434I7RF.warc.gz,True,
2026-06-16T21:53:57+00:00,https://apps.bea.gov/regionalcore/data/ChartData?fips=24000&year=2021&mtype=3,200,text/plain,ZQMM62W2BKXJIUSJEREIDYU7IE6WZ3XN,SAWP5,save-merged-p106.arquivo.pt-20260617193358-R0E8DPMPW4.warc.gz,True,
2026-06-16T21:53:57+00:00,https://apps.bea.gov/regionalcore/data/ChartData?fips=25000&year=2021&mtype=3,200,text/plain,MZ7JJD7FCJ2AIBU6QSCSRE3K27VCKF24,SAWP5,save-merged-p106.arquivo.pt-20260617193358-R0E8DPMPW4.warc.gz,True,
2026-06-16T21:53:57+00:00,https://apps.bea.gov/regionalcore/data/ChartData?fips=26000&year=2021&mtype=3,200,text/plain,MHJ3TBGAVN7MEOYLWITNNJRIMKPZWWYG,SAWP5,save-merged-p108.arquivo.pt-20260617201658-F173KOV5US.warc.gz,True,
2026-06-16T21:53:57+00:00,https://apps.bea.gov/regionalcore/data/ChartData?fips=27000&year=2021&mtype=3,200,text/plain,32V7PTUOIIQYIEMYDJ3SAIT2E36SOT2P,SAWP5,save-merged-p105.arquivo.pt-20260617174337-EU47WDLYJP.warc.gz,True,
2026-06-16T21:53:58+00:00,https://apps.bea.gov/regionalcore/data/ChartData?fips=28000&year=2021&mtype=3,200,text/plain,MOMZIWEPD5ZN4FBNCPYLJNCZKDJFXXDO,SAWP5,save-merged-p106.arquivo.pt-20260617192814-NWC1K2Z2L1.warc.gz,True,
2026-06-16T21:53:58+00:00,https://apps.bea.gov/regionalcore/data/ChartData?fips=29000&year=2021&mtype=3,200,text/plain,U4QHRUPI6KKLJ2Z4BWEIQRXGRHZCKKXX,SAWP5,save-merged-p105.arquivo.pt-20260617174337-EU47WDLYJP.warc.gz,True,
2026-06-16T21:53:59+00:00,https://apps.bea.gov/regionalcore/data/ChartData?fips=30000&year=2021&mtype=3,200,text/plain,C3EXHIP6D53N6OD3NZQCSATEUJGQQNZV,SAWP5,save-merged-p106.arquivo.pt-20260617193358-R0E8DPMPW4.warc.gz,True,
2026-06-16T21:53:59+00:00,https://apps.bea.gov/regionalcore/data/ChartData?fips=31000&year=2021&mtype=3,200,text/plain,ZXRCCO2T5PXSP7AMDE7GUUIPAM3M4DOR,SAWP5,save-merged-p107.arquivo.pt-20260617182231-UJTP0SRDT3.warc.gz,True,
2026-06-16T21:53:59+00:00,https://apps.bea.gov/regionalcore/data/ChartData?fips=32000&year=2021&mtype=3,200,text/plain,TMDLZUSIF3ZVTVF7XGDAD72T2FDLS5DN,SAWP5,save-merged-p106.arquivo.pt-20260617193358-R0E8DPMPW4.warc.gz,True,
2026-06-16T21:54:00+00:00,https://apps.bea.gov/regionalcore/data/ChartData?fips=33000&year=2021&mtype=3,200,text/plain,DQEUOBNIMDM7B5OM4DEOXT75QCZJUQUF,SAWP5,save-merged-p105.arquivo.pt-20260617174017-T6QKNEEAH7.warc.gz,True,
2026-06-16T21:54:00+00:00,https://apps.bea.gov/regionalcore/data/ChartData?fips=34000&year=2021&mtype=3,200,text/plain,GCONT2TYUTFV6KQ6Q2OKN3HUIC2R7G7T,SAWP5,save-merged-p107.arquivo.pt-20260617183717-97UKVARF3H.warc.gz,True,
2026-06-16T21:54:00+00:00,https://apps.bea.gov/regionalcore/data/ChartData?fips=35000&year=2021&mtype=3,200,text/plain,YQ557GF6KDRAKY3A4APA4YT2GHZOSTW7,SAWP5,save-merged-p107.arquivo.pt-20260617183755-KGK98M25I0.warc.gz,True,
2026-06-16T21:54:01+00:00,https://apps.bea.gov/regionalcore/data/ChartData?fips=36000&year=2021&mtype=3,200,text/plain,PODTE2UXHYZ5BLOXNIRRXSX6XANC4A4X,SAWP5,save-merged-p105.arquivo.pt-20260617174343-0QO434I7RF.warc.gz,True,
2026-06-16T21:54:01+00:00,https://apps.bea.gov/regionalcore/data/ChartData?fips=37000&year=2021&mtype=3,200,text/plain,7FWDAN72L25DDBTTVROYPHJZ7BJRMP36,SAWP5,save-merged-p105.arquivo.pt-20260617174337-EU47WDLYJP.warc.gz,True,
2026-06-16T21:54:01+00:00,https://apps.bea.gov/regionalcore/data/ChartData?fips=38000&year=2021&mtype=3,200,text/plain,WAJSORWWBKMNGN7VBMSNN5YLBYVJA5K2,SAWP5,save-merged-p105.arquivo.pt-20260617174343-0QO434I7RF.warc.gz,True,
2026-06-16T21:54:02+00:00,https://apps.bea.gov/regionalcore/data/ChartData?fips=39000&year=2021&mtype=3,200,text/plain,RGPZWGP76GKZ5TZMZ3TZSZNMSXD5TZMX,SAWP5,save-merged-p105.arquivo.pt-20260617174337-EU47WDLYJP.warc.gz,True,
2026-06-16T21:54:02+00:00,https://apps.bea.gov/regionalcore/data/ChartData?fips=40000&year=2021&mtype=3,200,text/plain,CZ2TQJ4MNHKUGMKOSHPCOD556H7KI2FL,SAWP5,save-merged-p107.arquivo.pt-20260617182312-XHD8JDIGEX.warc.gz,True,
2026-06-16T21:54:02+00:00,https://apps.bea.gov/regionalcore/data/ChartData?fips=41000&year=2021&mtype=3,200,text/plain,B77IMJRO6YK6XJDRTE35JT4F653PAAZN,SAWP5,save-merged-p106.arquivo.pt-20260617192826-6TL9PGLH60.warc.gz,True,
2026-06-16T21:54:02+00:00,https://apps.bea.gov/regionalcore/data/ChartData?fips=42000&year=2021&mtype=3,200,text/plain,W7OIQAVEPPVNIMVORMTG2DL4KBKGTAJA,SAWP5,save-merged-p106.arquivo.pt-20260617193719-OXAQHEIPNM.warc.gz,True,
2026-06-16T21:54:03+00:00,https://apps.bea.gov/regionalcore/data/ChartData?fips=44000&year=2021&mtype=3,200,text/plain,KVEZFL7TYKV6T4CM622LNXCRF4Y2KTGP,SAWP5,save-merged-p106.arquivo.pt-20260617193719-OXAQHEIPNM.warc.gz,True,
2026-06-16T21:54:03+00:00,https://apps.bea.gov/regionalcore/data/ChartData?fips=45000&year=2021&mtype=3,200,text/plain,KJWSVNFJ5USTCUQFRL7TASVGIYRXK6FK,SAWP5,save-merged-p108.arquivo.pt-20260617202049-NOFS6HTPTU.warc.gz,True,
2026-06-16T21:54:03+00:00,https://apps.bea.gov/regionalcore/data/ChartData?fips=46000&year=2021&mtype=3,200,text/plain,A3FLI63E5JV4JESYGSARHPYESPO3TPO6,SAWP5,save-merged-p106.arquivo.pt-20260617193719-OXAQHEIPNM.warc.gz,True,
2026-06-16T21:54:03+00:00,https://apps.bea.gov/regionalcore/data/ChartData?fips=47000&year=2021&mtype=3,403,text/html,LR5AUC6BKC25WR3LJKLQBUMRWF7JA3R2,SAWP5,save-merged-p106.arquivo.pt-20260617193719-OXAQHEIPNM.warc.gz,True,
2026-06-16T21:54:04+00:00,https://apps.bea.gov/regionalcore/data/ChartData?fips=48000&year=2021&mtype=3,200,text/plain,GEIY67LOROI62RKFHI65TGWHOIVWS3SA,SAWP5,save-merged-p105.arquivo.pt-20260617174017-T6QKNEEAH7.warc.gz,True,
2026-06-16T21:54:04+00:00,https://apps.bea.gov/regionalcore/data/ChartData?fips=49000&year=2021&mtype=3,200,text/plain,TT734OHTVQKCP5NEO2JXWPDZVZGHL33M,SAWP5,save-merged-p106.arquivo.pt-20260617193358-R0E8DPMPW4.warc.gz,True,
2026-06-16T21:54:04+00:00,https://apps.bea.gov/regionalcore/data/ChartData?fips=50000&year=2021&mtype=3,200,text/plain,SK7AKAJ4CPDUZOWC4DCVHJZCDEJFBJIE,SAWP5,save-merged-p105.arquivo.pt-20260617174337-EU47WDLYJP.warc.gz,True,
2026-06-16T21:54:05+00:00,https://apps.bea.gov/regionalcore/data/ChartData?fips=51000&year=2021&mtype=3,200,text/plain,ZWUY2P7VEC4SZJ22H4C35IYXIKEZ33H4,SAWP5,save-merged-p106.arquivo.pt-20260617193358-R0E8DPMPW4.warc.gz,True,
2026-06-16T21:54:05+00:00,https://apps.bea.gov/regionalcore/data/ChartData?fips=53000&year=2021&mtype=3,200,text/plain,RTO2LQFQGGWZRJ6QTOCTH4QZQL7HG7JE,SAWP5,save-merged-p108.arquivo.pt-20260617202056-LYSDL8R0VG.warc.gz,True,
2026-06-16T21:54:05+00:00,https://apps.bea.gov/regionalcore/data/ChartData?fips=54000&year=2021&mtype=3,200,text/plain,NDQU5ZESRJEAH5MWSGQZ6GH4F43HFWRS,SAWP5,save-merged-p106.arquivo.pt-20260617193358-R0E8DPMPW4.warc.gz,True,
2026-06-16T21:54:06+00:00,https://apps.bea.gov/regionalcore/data/ChartData?fips=01000&year=2022&mtype=3,200,text/plain,C5KYIGWAVURPDJM6MYFOMFXVPXWFKAHN,SAWP5,save-merged-p108.arquivo.pt-20260617202056-LYSDL8R0VG.warc.gz,True,
2026-06-16T21:54:06+00:00,https://apps.bea.gov/regionalcore/data/ChartData?fips=55000&year=2021&mtype=3,200,text/plain,5PDDACNHZLWOMU4BMOXLW2544XIUZOGB,SAWP5,save-merged-p107.arquivo.pt-20260617183717-97UKVARF3H.warc.gz,True,
2026-06-16T21:54:06+00:00,https://apps.bea.gov/regionalcore/data/ChartData?fips=56000&year=2021&mtype=3,200,text/plain,MYRA6LMCDGB3YFQU3VQSLRI5HKBNUASS,SAWP5,save-merged-p105.arquivo.pt-20260617173906-T5DWKZSI5I.warc.gz,True,
2026-06-16T21:54:07+00:00,https://apps.bea.gov/regionalcore/data/ChartData?fips=02000&year=2022&mtype=3,200,text/plain,7FYK2JJVMCCSLWXRQRRJ4JQN6OMLBANM,SAWP5,save-merged-p108.arquivo.pt-20260617201658-F173KOV5US.warc.gz,True,
2026-06-16T21:54:07+00:00,https://apps.bea.gov/regionalcore/data/ChartData?fips=04000&year=2022&mtype=3,200,text/plain,XQE3JZS3QLE63MYQTEKV37EP4NBD3SVM,SAWP5,save-merged-p108.arquivo.pt-20260617201554-4Z13CMB71U.warc.gz,True,
2026-06-16T21:54:08+00:00,https://apps.bea.gov/regionalcore/data/ChartData?fips=05000&year=2022&mtype=3,200,text/plain,G66SOEV5BBVBDJCPAVSADCSJDU4T6TOT,SAWP5,save-merged-p108.arquivo.pt-20260617202056-LYSDL8R0VG.warc.gz,True,
2026-06-16T21:54:08+00:00,https://apps.bea.gov/regionalcore/data/ChartData?fips=06000&year=2022&mtype=3,403,text/html,BHJGLRAJJG6PNXQCGXKI3BBABYOCCWU7,SAWP5,save-merged-p105.arquivo.pt-20260617174017-T6QKNEEAH7.warc.gz,True,
2026-06-16T21:54:08+00:00,https://apps.bea.gov/regionalcore/data/ChartData?fips=08000&year=2022&mtype=3,200,text/plain,PSIRMVXBUVH6SF6NOHIMM73L57A6EZVM,SAWP5,save-merged-p106.arquivo.pt-20260617193358-R0E8DPMPW4.warc.gz,True,
2026-06-16T21:54:09+00:00,https://apps.bea.gov/regionalcore/data/ChartData?fips=09000&year=2022&mtype=3,200,text/plain,POXSQ2XFTXDK4TCY4UJODGMOA53EMMB2,SAWP5,save-merged-p105.arquivo.pt-20260617174343-0QO434I7RF.warc.gz,True,
2026-06-16T21:54:09+00:00,https://apps.bea.gov/regionalcore/data/ChartData?fips=10000&year=2022&mtype=3,403,text/html,F2M232DQ722M5UPO7BXKEGNMF7LQLIUC,SAWP5,save-merged-p105.arquivo.pt-20260617174337-EU47WDLYJP.warc.gz,True,
2026-06-16T21:54:10+00:00,https://apps.bea.gov/regionalcore/data/ChartData?fips=11000&year=2022&mtype=3,200,text/plain,6R66O56WUTMNULMXF6F3HDILJPDVGHYT,SAWP5,save-merged-p106.arquivo.pt-20260617192826-6TL9PGLH60.warc.gz,True,
2026-06-16T21:54:10+00:00,https://apps.bea.gov/regionalcore/data/ChartData?fips=12000&year=2022&mtype=3,200,text/plain,Q4BNXCW4E6E74OYVC3BB2FQUMSOKYUHZ,SAWP5,save-merged-p105.arquivo.pt-20260617174343-0QO434I7RF.warc.gz,True,
2026-06-16T21:54:11+00:00,https://apps.bea.gov/regionalcore/data/ChartData?fips=13000&year=2022&mtype=3,200,text/plain,ZRJAJ5ENTFYHO5PAUX5ZYMRIZLFO75M5,SAWP5,save-merged-p105.arquivo.pt-20260617173901-OEYA0TB1F3.warc.gz,True,
2026-06-16T21:54:11+00:00,https://apps.bea.gov/regionalcore/data/StateList?cb=1781646850052961801,200,text/plain,PYIBYBCG6KFN6FYXFLYEI7GKSLPCX5CI,SAWP5,save-merged-p105.arquivo.pt-20260617174017-T6QKNEEAH7.warc.gz,True,
2026-06-16T21:54:12+00:00,https://apps.bea.gov/regionalcore/data/ChartData?fips=15000&year=2022&mtype=3,200,text/plain,4MLB72ZAUF652R2QUAJX4EK3W45CB34B,SAWP5,save-merged-p107.arquivo.pt-20260617183337-0BN5MUUB0M.warc.gz,True,
2026-06-16T21:54:13+00:00,https://apps.bea.gov/regionalcore/data/ChartData?fips=16000&year=2022&mtype=3,200,text/plain,LCSUEJIALB4P67UU7KMXZG5UFQTB6LFD,SAWP5,save-merged-p108.arquivo.pt-20260617202049-NOFS6HTPTU.warc.gz,True,
2026-06-16T21:54:13+00:00,https://apps.bea.gov/regionalcore/data/ChartData?fips=17000&year=2022&mtype=3,403,text/html,JDG34JHE47UMD6DJBT7KT5LXYK6ZZMTM,SAWP5,save-merged-p108.arquivo.pt-20260617202049-NOFS6HTPTU.warc.gz,True,
2026-06-16T21:54:14+00:00,https://apps.bea.gov/regionalcore/data/ChartData?fips=18000&year=2022&mtype=3,200,text/plain,IAOGFPNQFQADU2FG5TJ6UGRM5UNAK6PW,SAWP5,save-merged-p105.arquivo.pt-20260617174337-EU47WDLYJP.warc.gz,True,
2026-06-16T21:54:15+00:00,https://apps.bea.gov/regionalcore/data/ChartData?fips=19000&year=2022&mtype=3,200,text/plain,OUZIQXOZ3O3K6WUFU2BWKU7BUCNTJPKK,SAWP5,save-merged-p105.arquivo.pt-20260617174337-EU47WDLYJP.warc.gz,True,
2026-06-16T21:54:16+00:00,https://apps.bea.gov/regionalcore/data/ChartData?fips=20000&year=2022&mtype=3,200,text/plain,HMNAV7U2RBGXKG5XJTFSSYH3W4PERKTT,SAWP5,save-merged-p107.arquivo.pt-20260617183401-OH8O35KZGM.warc.gz,True,
2026-06-16T21:54:17+00:00,https://apps.bea.gov/regionalcore/data/ChartData?fips=21000&year=2022&mtype=3,200,text/plain,6WAEY6UXUVL4Q7UVMYP7HWQUGCCVXHZG,SAWP5,save-merged-p107.arquivo.pt-20260617183355-928HJFXEAG.warc.gz,True,
2026-06-16T21:54:17+00:00,https://apps.bea.gov/regionalcore/data/ChartData?fips=22000&year=2022&mtype=3,200,text/plain,A3PAY7UYS4EUSGGAX3WHHVPBDKMQC76X,SAWP5,save-merged-p106.arquivo.pt-20260617193358-R0E8DPMPW4.warc.gz,True,
2026-06-16T21:54:18+00:00,https://apps.bea.gov/regionalcore/data/ChartData?fips=23000&year=2022&mtype=3,200,text/plain,FIKM3MSK3ZPQ34USH2JBY6WN7APOLOAL,SAWP5,save-merged-p105.arquivo.pt-20260617174337-EU47WDLYJP.warc.gz,True,
2026-06-16T21:54:18+00:00,https://apps.bea.gov/regionalcore/data/ChartData?fips=24000&year=2022&mtype=3,200,text/plain,FJ4SMEUMOL4OQJ6BOHIXZYABYLYYF42B,SAWP5,save-merged-p105.arquivo.pt-20260617174337-EU47WDLYJP.warc.gz,True,
2026-06-16T21:54:20+00:00,https://apps.bea.gov/regionalcore/data/ChartData?fips=25000&year=2022&mtype=3,200,text/plain,WDQUCTCOS3XA7WSCEXMCL2Q2AJPZBKX2,SAWP5,save-merged-p106.arquivo.pt-20260617193358-R0E8DPMPW4.warc.gz,True,
2026-06-16T21:54:20+00:00,https://apps.bea.gov/regionalcore/data/ChartData?fips=26000&year=2022&mtype=3,200,text/plain,3R4W74OXQBY2QQ5J5ZR7IPJSKR7M5DEN,SAWP5,save-merged-p108.arquivo.pt-20260617201658-F173KOV5US.warc.gz,True,
2026-06-16T21:54:21+00:00,https://apps.bea.gov/regionalcore/data/ChartData?fips=27000&year=2022&mtype=3,200,text/plain,5UVO23BJZAO3UEIEWC3XJIR5IEUPDYMW,SAWP5,save-merged-p108.arquivo.pt-20260617202049-NOFS6HTPTU.warc.gz,True,
2026-06-16T21:54:22+00:00,https://apps.bea.gov/regionalcore/data/ChartData?fips=28000&year=2022&mtype=3,200,text/plain,ZLKTSOT3U77VXARTQV3GT7QOHXSPWH2E,SAWP5,save-merged-p108.arquivo.pt-20260617202049-NOFS6HTPTU.warc.gz,True,
2026-06-16T21:54:22+00:00,https://apps.bea.gov/regionalcore/data/ChartData?fips=29000&year=2022&mtype=3,200,text/plain,IAMBVFVTYH4FTRPSABYUQ3TKH3YXJKZB,SAWP5,save-merged-p105.arquivo.pt-20260617174337-EU47WDLYJP.warc.gz,True,
2026-06-16T21:54:23+00:00,https://apps.bea.gov/regionalcore/data/ChartData?fips=30000&year=2022&mtype=3,200,text/plain,YHLJLSNIPLOFOVBEQJ7GYCGSRWZ25DGX,SAWP5,save-merged-p106.arquivo.pt-20260617192819-H6UKOL5KIY.warc.gz,True,
2026-06-16T21:54:23+00:00,https://apps.bea.gov/regionalcore/data/ChartData?fips=31000&year=2022&mtype=3,200,text/plain,S26RZJCGEOCR2MHORFHNYX7TTSS7ILPK,SAWP5,save-merged-p107.arquivo.pt-20260617183355-928HJFXEAG.warc.gz,True,
2026-06-16T21:54:24+00:00,https://apps.bea.gov/regionalcore/data/ChartData?fips=32000&year=2022&mtype=3,200,text/plain,36D3EMZRJBZDH367P2NWVBXFOLY7B3LB,SAWP5,save-merged-p106.arquivo.pt-20260617193719-OXAQHEIPNM.warc.gz,True,
2026-06-16T21:54:24+00:00,https://apps.bea.gov/regionalcore/data/ChartData?fips=33000&year=2022&mtype=3,200,text/plain,ZWVA634CNAINQ3G2LZCBXAAKBANUJD7B,SAWP5,save-merged-p106.arquivo.pt-20260617193719-OXAQHEIPNM.warc.gz,True,
2026-06-16T21:54:24+00:00,https://apps.bea.gov/regionalcore/data/ChartData?fips=34000&year=2022&mtype=3,200,text/plain,RLV7J5WEZJACHZ5R42O6SLC2INBGC77Z,SAWP5,save-merged-p108.arquivo.pt-20260617202056-LYSDL8R0VG.warc.gz,True,
2026-06-16T21:54:26+00:00,https://apps.bea.gov/regionalcore/data/ChartData?fips=35000&year=2022&mtype=3,200,text/plain,IB6ZFO5PISGDH2PZZTFHRUL3CDSBWR34,SAWP5,save-merged-p107.arquivo.pt-20260617183717-97UKVARF3H.warc.gz,True,
2026-06-16T21:54:26+00:00,https://apps.bea.gov/regionalcore/data/ChartData?fips=36000&year=2022&mtype=3,200,text/plain,IWF4BCBYPODMSEU7NQ64BPPJYYK7KUTE,SAWP5,save-merged-p107.arquivo.pt-20260617183355-928HJFXEAG.warc.gz,True,
2026-06-16T21:54:26+00:00,https://apps.bea.gov/regionalcore/data/ChartData?fips=37000&year=2022&mtype=3,200,text/plain,GG3JOZJHEYOTGKA54SUFGQIOD4GNMFKW,SAWP5,save-merged-p106.arquivo.pt-20260617193358-R0E8DPMPW4.warc.gz,True,
2026-06-16T21:54:27+00:00,https://apps.bea.gov/regionalcore/data/ChartData?fips=38000&year=2022&mtype=3,200,text/plain,WNM22KTTKLUNQHV2D6ID3XYF37WAQELA,SAWP5,save-merged-p105.arquivo.pt-20260617171723-8MZRE53HJY.warc.gz,True,
2026-06-16T21:54:27+00:00,https://apps.bea.gov/regionalcore/data/ChartData?fips=39000&year=2022&mtype=3,200,text/plain,OJTZUTQDHNJJB5KR5Q5YYG3R4GBLMF6R,SAWP5,save-merged-p107.arquivo.pt-20260617183401-OH8O35KZGM.warc.gz,True,
2026-06-16T21:54:27+00:00,https://apps.bea.gov/regionalcore/data/ChartData?fips=40000&year=2022&mtype=3,200,text/plain,HMFSD2XCYN6BSKUGVFGKBPF4DOFAZT7K,SAWP5,save-merged-p108.arquivo.pt-20260617201658-F173KOV5US.warc.gz,True,
2026-06-16T21:54:27+00:00,https://apps.bea.gov/regionalcore/data/ChartData?fips=41000&year=2022&mtype=3,200,text/plain,4RGUC3FRSWW4EMTG27OHZV2VI466TSO3,SAWP5,save-merged-p105.arquivo.pt-20260617174337-EU47WDLYJP.warc.gz,True,
2026-06-16T21:54:28+00:00,https://apps.bea.gov/regionalcore/data/ChartData?fips=42000&year=2022&mtype=3,200,text/plain,DECPKO6NS5HUH42I36L6REH76EENANAM,SAWP5,save-merged-p106.arquivo.pt-20260617193358-R0E8DPMPW4.warc.gz,True,
2026-06-16T21:54:28+00:00,https://apps.bea.gov/regionalcore/data/ChartData?fips=44000&year=2022&mtype=3,200,text/plain,4K3DHAUOYHANIVWDPX6QDRZZBEZSMOCG,SAWP5,save-merged-p106.arquivo.pt-20260617193719-OXAQHEIPNM.warc.gz,True,
2026-06-16T21:54:28+00:00,https://apps.bea.gov/regionalcore/data/ChartData?fips=45000&year=2022&mtype=3,200,text/plain,2EIGPJ33VQUP7NK4XLW4CWWNGIQSGC3E,SAWP5,save-merged-p107.arquivo.pt-20260617182312-XHD8JDIGEX.warc.gz,True,
2026-06-16T21:54:28+00:00,https://apps.bea.gov/regionalcore/data/ChartData?fips=46000&year=2022&mtype=3,200,text/plain,6373CPOHOJUQYPYI4A2XA32QHJGDOLS7,SAWP5,save-merged-p107.arquivo.pt-20260617183355-928HJFXEAG.warc.gz,True,
2026-06-16T21:54:29+00:00,https://apps.bea.gov/regionalcore/data/ChartData?fips=47000&year=2022&mtype=3,200,text/plain,EZSWCXRDKMTCIZQKXWFTOVFAK6AGGFNQ,SAWP5,save-merged-p108.arquivo.pt-20260617201642-EMSUJE6Z4U.warc.gz,True,
2026-06-16T21:54:29+00:00,https://apps.bea.gov/regionalcore/data/ChartData?fips=48000&year=2022&mtype=3,200,text/plain,PPXYY6DRWWGNHY2HVNEUWTF4QB3JOZJ2,SAWP5,save-merged-p105.arquivo.pt-20260617174017-T6QKNEEAH7.warc.gz,True,
2026-06-16T21:54:30+00:00,https://apps.bea.gov/regionalcore/data/ChartData?fips=49000&year=2022&mtype=3,200,text/plain,GTLLJ3C6PAJWXM4ZVOOTVVHPFVLUBUSB,SAWP5,save-merged-p107.arquivo.pt-20260617183717-97UKVARF3H.warc.gz,True,
2026-06-16T21:54:30+00:00,https://apps.bea.gov/regionalcore/data/ChartData?fips=50000&year=2022&mtype=3,200,text/plain,2VKRFNFCH45F34QPV4244YPQYDTUCMXM,SAWP5,save-merged-p107.arquivo.pt-20260617183355-928HJFXEAG.warc.gz,True,
2026-06-16T21:54:30+00:00,https://apps.bea.gov/regionalcore/data/ChartData?fips=51000&year=2022&mtype=3,200,text/plain,J7AVLGZ74TR4LOAPUJYUGRMUK4SARFFK,SAWP5,save-merged-p107.arquivo.pt-20260617183337-0BN5MUUB0M.warc.gz,True,
2026-06-16T21:54:30+00:00,https://apps.bea.gov/regionalcore/data/ChartData?fips=53000&year=2022&mtype=3,200,text/plain,62HQ3V24BNG7WQUCWSLVBET65OPJWGFH,SAWP5,save-merged-p107.arquivo.pt-20260617183355-928HJFXEAG.warc.gz,True,
2026-06-16T21:54:31+00:00,https://apps.bea.gov/regionalcore/data/ChartData?fips=54000&year=2022&mtype=3,200,text/plain,65VXHHWYQE3WSPD65M36HHOQFJS5DENY,SAWP5,save-merged-p107.arquivo.pt-20260617183337-0BN5MUUB0M.warc.gz,True,
2026-06-16T21:54:31+00:00,https://apps.bea.gov/regionalcore/data/ChartData?fips=55000&year=2022&mtype=3,200,text/plain,7BU56OFZOKA3RCUIUIGZZMRGX3PGEUBQ,SAWP5,save-merged-p108.arquivo.pt-20260617202056-LYSDL8R0VG.warc.gz,True,
2026-06-16T21:54:38+00:00,https://apps.bea.gov/regionalcore/data/ChartData?fips=04000&year=2024&mtype=3,200,text/plain,P5C6EEF337JDKWWH6SQVFZZ4C5TJHUMO,SAWP5,save-merged-p107.arquivo.pt-20260617183717-97UKVARF3H.warc.gz,True,
2026-06-16T21:54:38+00:00,https://apps.bea.gov/regionalcore/data/ChartData?fips=05000&year=2024&mtype=3,200,text/plain,S2NMRNZGWE57U5XMZ6IVD4SLEM6XAOOH,SAWP5,save-merged-p108.arquivo.pt-20260617202049-NOFS6HTPTU.warc.gz,True,
2026-06-16T21:54:39+00:00,https://apps.bea.gov/regionalcore/data/ChartData?fips=08000&year=2024&mtype=3,200,text/plain,DN62OGCAVLD7GZBXEEATYSEA4RK2BA72,SAWP5,save-merged-p106.arquivo.pt-20260617193358-R0E8DPMPW4.warc.gz,True,
2026-06-16T21:54:39+00:00,https://apps.bea.gov/regionalcore/data/ChartData?fips=09000&year=2024&mtype=3,200,text/plain,2XKPO4DUEF3DGAZUTJE2KMATX7JMVOPI,SAWP5,save-merged-p107.arquivo.pt-20260617183755-KGK98M25I0.warc.gz,True,
2026-06-16T21:54:39+00:00,https://apps.bea.gov/regionalcore/data/ChartData?fips=10000&year=2024&mtype=3,200,text/plain,JMXEPTCLUCYSZGPEGSMXJXTH27SUAM3Y,SAWP5,save-merged-p107.arquivo.pt-20260617183717-97UKVARF3H.warc.gz,True,
2026-06-16T21:54:40+00:00,https://apps.bea.gov/regionalcore/data/ChartData?fips=12000&year=2024&mtype=3,200,text/plain,UA4Y33UZPSHVYGF5R2TO3P2LIJZWQUKE,SAWP5,save-merged-p105.arquivo.pt-20260617174337-EU47WDLYJP.warc.gz,True,
2026-06-16T21:54:40+00:00,https://apps.bea.gov/regionalcore/data/ChartData?fips=13000&year=2024&mtype=3,200,text/plain,JFTAFQBC7YLD6T5CFWOXZYRWOM6KWLSW,SAWP5,save-merged-p108.arquivo.pt-20260617202056-LYSDL8R0VG.warc.gz,True,
2026-06-16T21:54:40+00:00,https://apps.bea.gov/regionalcore/data/ChartData?fips=15000&year=2024&mtype=3,200,text/plain,IWY3DLKJ4JWHP7B47NW2MDJYBP6KUTX3,SAWP5,save-merged-p107.arquivo.pt-20260617183355-928HJFXEAG.warc.gz,True,
2026-06-16T21:54:40+00:00,https://apps.bea.gov/regionalcore/data/ChartData?fips=16000&year=2024&mtype=3,200,text/plain,H6IDAYYLIUQKBGWKYIHVP5QPWJTXWGJI,SAWP5,save-merged-p106.arquivo.pt-20260617193358-R0E8DPMPW4.warc.gz,True,
2026-06-16T21:54:41+00:00,https://apps.bea.gov/regionalcore/data/ChartData?fips=17000&year=2024&mtype=3,200,text/plain,LJXKSGAJSGJ56WT5Z7YJRKGLPSLTCSHR,SAWP5,save-merged-p105.arquivo.pt-20260617174017-T6QKNEEAH7.warc.gz,True,
2026-06-16T21:54:41+00:00,https://apps.bea.gov/regionalcore/data/ChartData?fips=18000&year=2024&mtype=3,200,text/plain,AZX3IDF7BZXIYAA3NLFMDBQB2GAEM5I5,SAWP5,save-merged-p106.arquivo.pt-20260617193358-R0E8DPMPW4.warc.gz,True,
2026-06-16T21:54:41+00:00,https://apps.bea.gov/regionalcore/data/ChartData?fips=19000&year=2024&mtype=3,200,text/plain,RDGV44G2CWD4A6MTYWDXVAUNHEZ372SU,SAWP5,save-merged-p107.arquivo.pt-20260617183401-OH8O35KZGM.warc.gz,True,
2026-06-16T21:54:41+00:00,https://apps.bea.gov/regionalcore/data/ChartData?fips=20000&year=2024&mtype=3,200,text/plain,O2AAOGIT3A52PAKLDSHMRBKBD2GBN23P,SAWP5,save-merged-p107.arquivo.pt-20260617183755-KGK98M25I0.warc.gz,True,
2026-06-16T21:54:42+00:00,https://apps.bea.gov/regionalcore/data/ChartData?fips=21000&year=2024&mtype=3,200,text/plain,4QFJ3BOUAERAI76477YZ2YOSD4L34AL4,SAWP5,save-merged-p107.arquivo.pt-20260617183717-97UKVARF3H.warc.gz,True,
2026-06-16T21:54:42+00:00,https://apps.bea.gov/regionalcore/data/ChartData?fips=22000&year=2024&mtype=3,200,text/plain,WGIX2GZ4ZOEJ7I5K72KQC4BEPFHYQHFP,SAWP5,save-merged-p107.arquivo.pt-20260617183355-928HJFXEAG.warc.gz,True,
2026-06-16T21:54:42+00:00,https://apps.bea.gov/regionalcore/data/ChartData?fips=23000&year=2024&mtype=3,200,text/plain,2K7ZJDMF2TJQM32XJBQ3K4LFZZO2OTCT,SAWP5,save-merged-p105.arquivo.pt-20260617173901-OEYA0TB1F3.warc.gz,True,
2026-06-16T21:54:42+00:00,https://apps.bea.gov/regionalcore/data/ChartData?fips=24000&year=2024&mtype=3,200,text/plain,U6OYCNCR427MEPPCC5XRNJJ6MUPGHU7Y,SAWP5,save-merged-p106.arquivo.pt-20260617193724-A6PL0AF00N.warc.gz,True,
2026-06-16T21:54:43+00:00,https://apps.bea.gov/regionalcore/data/ChartData?fips=25000&year=2024&mtype=3,200,text/plain,HXBPFSSB5I5PGMOHZULFD2RDLC4KFHEF,SAWP5,save-merged-p105.arquivo.pt-20260617174337-EU47WDLYJP.warc.gz,True,
2026-06-16T21:54:43+00:00,https://apps.bea.gov/regionalcore/data/ChartData?fips=26000&year=2024&mtype=3,200,text/plain,TKZ5I23XSVJONDYLBE7RQZJNJFYOPSLM,SAWP5,save-merged-p107.arquivo.pt-20260617183755-KGK98M25I0.warc.gz,True,
2026-06-16T21:54:43+00:00,https://apps.bea.gov/regionalcore/data/ChartData?fips=27000&year=2024&mtype=3,200,text/plain,RRE6UP7LJHV24DEBIO52QSAZTNA7CL3Y,SAWP5,save-merged-p106.arquivo.pt-20260617193358-R0E8DPMPW4.warc.gz,True,
2026-06-16T21:54:43+00:00,https://apps.bea.gov/regionalcore/data/ChartData?fips=28000&year=2024&mtype=3,200,text/plain,LFLKGKLAHFJELBSR3XLGWWS6ELZZAYVW,SAWP5,save-merged-p105.arquivo.pt-20260617173901-OEYA0TB1F3.warc.gz,True,
2026-06-16T21:54:43+00:00,https://apps.bea.gov/regionalcore/data/ChartData?fips=29000&year=2024&mtype=3,200,text/plain,L6OJALTXZTYPOUCPYUUX4ZZ7JW7NRSZX,SAWP5,save-merged-p105.arquivo.pt-20260617174343-0QO434I7RF.warc.gz,True,
2026-06-16T21:54:44+00:00,https://apps.bea.gov/regionalcore/data/ChartData?fips=30000&year=2024&mtype=3,200,text/plain,CSIVLFHIS4CG2RY6MT6PTJCKY3WTEGLW,SAWP5,save-merged-p108.arquivo.pt-20260617202056-LYSDL8R0VG.warc.gz,True,
2026-06-16T21:54:44+00:00,https://apps.bea.gov/regionalcore/data/ChartData?fips=31000&year=2024&mtype=3,200,text/plain,JQEAN3JS4ETRXEM2BG52KLFEX26MWHLA,SAWP5,save-merged-p106.arquivo.pt-20260617193358-R0E8DPMPW4.warc.gz,True,
2026-06-16T21:54:44+00:00,https://apps.bea.gov/regionalcore/data/ChartData?fips=33000&year=2024&mtype=3,200,text/plain,H6ITPA2FH7XIEUDYEIIUUWCE5LMZELHQ,SAWP5,save-merged-p106.arquivo.pt-20260617193358-R0E8DPMPW4.warc.gz,True,
2026-06-16T21:54:45+00:00,https://apps.bea.gov/regionalcore/data/ChartData?fips=32000&year=2024&mtype=3,200,text/plain,FQ5PLLAINIDNUTCUY6P5J7SNJFP7ZRCO,SAWP5,save-merged-p107.arquivo.pt-20260617183355-928HJFXEAG.warc.gz,True,
2026-06-16T21:54:45+00:00,https://apps.bea.gov/regionalcore/data/ChartData?fips=34000&year=2024&mtype=3,200,text/plain,CQ67AT5RE66PWMZTZRP32W2GEBNLHZFM,SAWP5,save-merged-p107.arquivo.pt-20260617183755-KGK98M25I0.warc.gz,True,
2026-06-16T21:54:45+00:00,https://apps.bea.gov/regionalcore/data/ChartData?fips=35000&year=2024&mtype=3,200,text/plain,C774PSHJRYKJWJJHF455JLWXYOXBMQO3,SAWP5,save-merged-p105.arquivo.pt-20260617174017-T6QKNEEAH7.warc.gz,True,
2026-06-16T21:54:45+00:00,https://apps.bea.gov/regionalcore/data/ChartData?fips=36000&year=2024&mtype=3,403,text/html,BP6P4NVLASFUVYBAPYXVLE3SEOWJ427Q,SAWP5,save-merged-p107.arquivo.pt-20260617183355-928HJFXEAG.warc.gz,True,
2026-06-16T21:54:46+00:00,https://apps.bea.gov/regionalcore/data/ChartData?fips=37000&year=2024&mtype=3,200,text/plain,3BPIH5GFR45J7C74XEK2RYCKIMYZAGOY,SAWP5,save-merged-p106.arquivo.pt-20260617193358-R0E8DPMPW4.warc.gz,True,
2026-06-16T21:54:46+00:00,https://apps.bea.gov/regionalcore/data/ChartData?fips=40000&year=2024&mtype=3,200,text/plain,EOOEXK3OKKCFNALZK5KPU4UTFUSFZHVF,SAWP5,save-merged-p106.arquivo.pt-20260617193719-OXAQHEIPNM.warc.gz,True,
2026-06-16T21:54:46+00:00,https://apps.bea.gov/regionalcore/data/ChartData?fips=41000&year=2024&mtype=3,200,text/plain,VW2BWJVZVYRZXR7XHET7FLRNHVJAKANI,SAWP5,save-merged-p108.arquivo.pt-20260617202049-NOFS6HTPTU.warc.gz,True,
2026-06-16T21:54:46+00:00,https://apps.bea.gov/regionalcore/data/ChartData?fips=42000&year=2024&mtype=3,200,text/plain,VNZPO3JCGGRTOOAGY54LF3FKX5RVBPWH,SAWP5,save-merged-p107.arquivo.pt-20260617183755-KGK98M25I0.warc.gz,True,
2026-06-16T21:54:47+00:00,https://apps.bea.gov/regionalcore/data/ChartData?fips=39000&year=2024&mtype=3,200,text/plain,BXUNFMV3CFK4YE2O7XSPAZ5NRPVCZUFW,SAWP5,save-merged-p107.arquivo.pt-20260617182647-0VM22ASYAK.warc.gz,True,
2026-06-16T21:54:47+00:00,https://apps.bea.gov/regionalcore/data/ChartData?fips=44000&year=2024&mtype=3,200,text/plain,HDCKJOVVC5O4T3FPGYPRWUMBNI6PTOPQ,SAWP5,save-merged-p105.arquivo.pt-20260617174017-T6QKNEEAH7.warc.gz,True,
2026-06-16T21:54:47+00:00,https://apps.bea.gov/regionalcore/data/ChartData?fips=45000&year=2024&mtype=3,200,text/plain,FINIURQ6NWAKGB7XKHNN6KCV3SWLF77C,SAWP5,save-merged-p105.arquivo.pt-20260617174343-0QO434I7RF.warc.gz,True,
2026-06-16T21:54:48+00:00,https://apps.bea.gov/regionalcore/data/ChartData?fips=46000&year=2024&mtype=3,200,text/plain,JN5LJCQNISXUHQMUSGVX5RDVNPN654B5,SAWP5,save-merged-p106.arquivo.pt-20260617193358-R0E8DPMPW4.warc.gz,True,
2026-06-16T21:54:48+00:00,https://apps.bea.gov/regionalcore/data/ChartData?fips=47000&year=2024&mtype=3,200,text/plain,ZLU5YOWWY3AGXPLLF3YOGWHSDGFFZLU4,SAWP5,save-merged-p107.arquivo.pt-20260617183355-928HJFXEAG.warc.gz,True,
2026-06-16T21:54:48+00:00,https://apps.bea.gov/regionalcore/data/ChartData?fips=48000&year=2024&mtype=3,200,text/plain,JKIPPJ57NTDZAV2MF67WHITYUBMNHEPE,SAWP5,save-merged-p105.arquivo.pt-20260617174343-0QO434I7RF.warc.gz,True,
2026-06-16T21:54:49+00:00,https://apps.bea.gov/regionalcore/data/ChartData?fips=49000&year=2024&mtype=3,200,text/plain,OIJVAU2AMOW4N5DRGXHASAS4YEKPJK23,SAWP5,save-merged-p105.arquivo.pt-20260617174017-T6QKNEEAH7.warc.gz,True,
2026-06-16T21:54:49+00:00,https://apps.bea.gov/regionalcore/data/ChartData?fips=50000&year=2024&mtype=3,200,text/plain,TMPAGXTI5NL77SWFS2NFRMEU2P7EIE3Q,SAWP5,save-merged-p105.arquivo.pt-20260617173901-OEYA0TB1F3.warc.gz,True,
2026-06-16T21:54:49+00:00,https://apps.bea.gov/regionalcore/data/ChartData?fips=51000&year=2024&mtype=3,200,text/plain,NXKWGHK34ADGH7BAIFR6IO2Q6PY6QEO2,SAWP5,save-merged-p106.arquivo.pt-20260617193358-R0E8DPMPW4.warc.gz,True,
2026-06-16T21:54:50+00:00,https://apps.bea.gov/regionalcore/data/ChartData?fips=01000&year=2025&mtype=3,200,text/plain,NPD4CJX3LTWIHHIZRYSL6IHSAWSAKBTY,SAWP5,save-merged-p105.arquivo.pt-20260617174343-0QO434I7RF.warc.gz,True,
2026-06-16T21:54:50+00:00,https://apps.bea.gov/regionalcore/data/ChartData?fips=02000&year=2025&mtype=3,200,text/plain,SHCPW7WJOML3GJDCUUX3MESBMJ7RU4Z7,SAWP5,save-merged-p108.arquivo.pt-20260617202049-NOFS6HTPTU.warc.gz,True,
2026-06-16T21:54:50+00:00,https://apps.bea.gov/regionalcore/data/ChartData?fips=53000&year=2024&mtype=3,200,text/plain,72B4WVZCV3NHX3SZ653FIGDFIWCTMLPB,SAWP5,save-merged-p105.arquivo.pt-20260617174337-EU47WDLYJP.warc.gz,True,
2026-06-16T21:54:50+00:00,https://apps.bea.gov/regionalcore/data/ChartData?fips=55000&year=2024&mtype=3,200,text/plain,IBTGL6CYQH4KUQGSV2CWOLEHJDPSD7AF,SAWP5,save-merged-p107.arquivo.pt-20260617183717-97UKVARF3H.warc.gz,True,
2026-06-16T21:54:51+00:00,https://apps.bea.gov/regionalcore/data/ChartData?fips=04000&year=2025&mtype=3,200,text/plain,TI24HDOMP4VATTCTA5DYFMRQM7S63O3J,SAWP5,save-merged-p108.arquivo.pt-20260617202049-NOFS6HTPTU.warc.gz,True,
2026-06-16T21:54:51+00:00,https://apps.bea.gov/regionalcore/data/ChartData?fips=05000&year=2025&mtype=3,200,text/plain,XQFHVN6CQDOZBIFA3R5UR6LIEMU2WD5J,SAWP5,save-merged-p106.arquivo.pt-20260617193724-A6PL0AF00N.warc.gz,True,
2026-06-16T21:54:51+00:00,https://apps.bea.gov/regionalcore/data/ChartData?fips=06000&year=2025&mtype=3,200,text/plain,JIVETV3CZN4ZMFJBPWRBN45L2I44NG3N,SAWP5,save-merged-p108.arquivo.pt-20260617202056-LYSDL8R0VG.warc.gz,True,
2026-06-16T21:54:52+00:00,https://apps.bea.gov/regionalcore/data/ChartData?fips=08000&year=2025&mtype=3,200,text/plain,VZ77Y7U22MSFLFWBDNSPJIXCZNMAILXN,SAWP5,save-merged-p105.arquivo.pt-20260617174017-T6QKNEEAH7.warc.gz,True,
2026-06-16T21:54:52+00:00,https://apps.bea.gov/regionalcore/data/ChartData?fips=09000&year=2025&mtype=3,200,text/plain,7I2XRYPJXMB7V5AGCLJSJ4MLLCEJPKL3,SAWP5,save-merged-p107.arquivo.pt-20260617183717-97UKVARF3H.warc.gz,True,
2026-06-16T21:54:52+00:00,https://apps.bea.gov/regionalcore/data/ChartData?fips=10000&year=2025&mtype=3,200,text/plain,IH7BXCF32DHMO75RHZ2CB6W3AKCZBACH,SAWP5,save-merged-p105.arquivo.pt-20260617174337-EU47WDLYJP.warc.gz,True,
2026-06-16T21:54:52+00:00,https://apps.bea.gov/regionalcore/data/ChartData?fips=11000&year=2025&mtype=3,200,text/plain,2QIHEVJWJW4FAYJSLYQY2NBDG4BHQ3LF,SAWP5,save-merged-p105.arquivo.pt-20260617173901-OEYA0TB1F3.warc.gz,True,
2026-06-16T21:54:53+00:00,https://apps.bea.gov/regionalcore/data/ChartData?fips=12000&year=2025&mtype=3,403,text/html,WNTGIQTQQN3XJ5JJN7NJ2BHGEVWVL2GF,SAWP5,save-merged-p105.arquivo.pt-20260617174343-0QO434I7RF.warc.gz,True,
2026-06-16T21:54:53+00:00,https://apps.bea.gov/regionalcore/data/ChartData?fips=13000&year=2025&mtype=3,200,text/plain,CSOAEY64BQBBGBISLN4J4IWWIA7LO7RW,SAWP5,save-merged-p105.arquivo.pt-20260617174343-0QO434I7RF.warc.gz,True,
2026-06-16T21:54:53+00:00,https://apps.bea.gov/regionalcore/data/ChartData?fips=15000&year=2025&mtype=3,200,text/plain,ZQTJZMQT5TVA4R5TZW6RDLN6WH6MX6VE,SAWP5,save-merged-p107.arquivo.pt-20260617183755-KGK98M25I0.warc.gz,True,
2026-06-16T21:54:54+00:00,https://apps.bea.gov/regionalcore/data/ChartData?fips=17000&year=2025&mtype=3,200,text/plain,EVCRCNBXDQ34LVL5K22UWUDZPRKO237N,SAWP5,save-merged-p105.arquivo.pt-20260617173715-UDKQNIZ9GY.warc.gz,True,
2026-06-16T21:54:54+00:00,https://apps.bea.gov/regionalcore/data/ChartData?fips=18000&year=2025&mtype=3,200,text/plain,TDXZSTRNLZGQXMPOGVHL6CKBRLJCMAQ3,SAWP5,save-merged-p108.arquivo.pt-20260617202056-LYSDL8R0VG.warc.gz,True,
2026-06-16T21:54:54+00:00,https://apps.bea.gov/regionalcore/data/ChartData?fips=19000&year=2025&mtype=3,200,text/plain,CXRHNQUJXT7PJY2TXEG7KJES2ALEPHKF,SAWP5,save-merged-p106.arquivo.pt-20260617193358-R0E8DPMPW4.warc.gz,True,
2026-06-16T21:54:55+00:00,https://apps.bea.gov/regionalcore/data/ChartData?fips=20000&year=2025&mtype=3,200,text/plain,MEQ7YMOAV547EMGJCSENGNEXUYNDBN32,SAWP5,save-merged-p107.arquivo.pt-20260617183355-928HJFXEAG.warc.gz,True,
2026-06-16T21:54:56+00:00,https://apps.bea.gov/regionalcore/data/ChartData?fips=16000&year=2025&mtype=3,200,text/plain,TBMBYZ6JWTF6Z6NJV7CNC74G5HTEUBXO,SAWP5,save-merged-p105.arquivo.pt-20260617174337-EU47WDLYJP.warc.gz,True,
2026-06-16T21:54:56+00:00,https://apps.bea.gov/regionalcore/data/ChartData?fips=21000&year=2025&mtype=3,200,text/plain,JYOGKGE3XBXZUYU7CIU7JU4KIQBMJM7Z,SAWP5,save-merged-p107.arquivo.pt-20260617183755-KGK98M25I0.warc.gz,True,
2026-06-16T21:54:56+00:00,https://apps.bea.gov/regionalcore/data/ChartData?fips=22000&year=2025&mtype=3,200,text/plain,EJPJN5EXEV3WV45J6TH5SQEBZVEZSKE5,SAWP5,save-merged-p105.arquivo.pt-20260617174337-EU47WDLYJP.warc.gz,True,
2026-06-16T21:54:57+00:00,https://apps.bea.gov/regionalcore/data/ChartData?fips=23000&year=2025&mtype=3,200,text/plain,WQ3PYM3I2QKFTSH5577IWBSBGTX3F4DV,SAWP5,save-merged-p108.arquivo.pt-20260617201637-MH3Z6T47FX.warc.gz,True,
2026-06-16T21:54:57+00:00,https://apps.bea.gov/regionalcore/data/ChartData?fips=24000&year=2025&mtype=3,200,text/plain,6TYNEGSRLQCZC3U3RQWQGKRE4E34SA34,SAWP5,save-merged-p107.arquivo.pt-20260617183355-928HJFXEAG.warc.gz,True,
2026-06-16T21:54:57+00:00,https://apps.bea.gov/regionalcore/data/ChartData?fips=25000&year=2025&mtype=3,200,text/plain,SB5K4U7J2WFPPHL3FFCZMJOT4GVNCSIK,SAWP5,save-merged-p106.arquivo.pt-20260617193719-OXAQHEIPNM.warc.gz,True,
2026-06-16T21:54:57+00:00,https://apps.bea.gov/regionalcore/data/ChartData?fips=26000&year=2025&mtype=3,200,text/plain,4MDZJRYCF6RKWXRQT6PHEDS6YFNW4FZG,SAWP5,save-merged-p107.arquivo.pt-20260617183355-928HJFXEAG.warc.gz,True,
2026-06-16T21:54:58+00:00,https://apps.bea.gov/regionalcore/data/ChartData?fips=27000&year=2025&mtype=3,200,text/plain,HOEZGJCEIGLHQSCRVRRA4M45DDTF6PU6,SAWP5,save-merged-p106.arquivo.pt-20260617191958-2ZB48MKE9B.warc.gz,True,
2026-06-16T21:54:59+00:00,https://apps.bea.gov/regionalcore/data/ChartData?fips=28000&year=2025&mtype=3,200,text/plain,VUHYI6EBEGBMJTO5KFB7IZ3ZVA5OOSUC,SAWP5,save-merged-p105.arquivo.pt-20260617173906-T5DWKZSI5I.warc.gz,True,
2026-06-16T21:54:59+00:00,https://apps.bea.gov/regionalcore/data/ChartData?fips=29000&year=2025&mtype=3,200,text/plain,NY4XZVN7IOAOQLMEM32EIQHJF2UIUWQQ,SAWP5,save-merged-p105.arquivo.pt-20260617174343-0QO434I7RF.warc.gz,True,
2026-06-16T21:54:59+00:00,https://apps.bea.gov/regionalcore/data/ChartData?fips=30000&year=2025&mtype=3,200,text/plain,ZNGXTSVYBJ6N6CCPAWLV6FK75UE5MBUG,SAWP5,save-merged-p107.arquivo.pt-20260617183717-97UKVARF3H.warc.gz,True,
2026-06-16T21:54:59+00:00,https://apps.bea.gov/regionalcore/data/ChartData?fips=31000&year=2025&mtype=3,200,text/plain,YAEJWKMRQQ2HHUTE3GKTVBB4RI3JGQ3Q,SAWP5,save-merged-p106.arquivo.pt-20260617192332-SYIN6H7WKE.warc.gz,True,
2026-06-16T21:55:00+00:00,https://apps.bea.gov/regionalcore/data/ChartData?fips=32000&year=2025&mtype=3,200,text/plain,YDPB5IODMIRXCLRHKRWZQGW2MSO4FDGS,SAWP5,save-merged-p108.arquivo.pt-20260617202056-LYSDL8R0VG.warc.gz,True,
2026-06-16T21:55:00+00:00,https://apps.bea.gov/regionalcore/data/ChartData?fips=33000&year=2025&mtype=3,200,text/plain,IQV3KYTVYJICO26KSI2QZL2SDRHDGARG,SAWP5,save-merged-p106.arquivo.pt-20260617193358-R0E8DPMPW4.warc.gz,True,
2026-06-16T21:55:01+00:00,https://apps.bea.gov/regionalcore/data/ChartData?fips=34000&year=2025&mtype=3,200,text/plain,CQ6E7XJW7WMSJ2YV4OG4IIESDQVLDNE2,SAWP5,save-merged-p108.arquivo.pt-20260617201658-F173KOV5US.warc.gz,True,
2026-06-16T21:55:01+00:00,https://apps.bea.gov/regionalcore/data/ChartData?fips=35000&year=2025&mtype=3,200,text/plain,7J5CB5Z4L5YYRMEOT7J226HNDTS5T4OO,SAWP5,save-merged-p108.arquivo.pt-20260617201637-MH3Z6T47FX.warc.gz,True,
2026-06-16T21:55:01+00:00,https://apps.bea.gov/regionalcore/data/ChartData?fips=36000&year=2025&mtype=3,200,text/plain,73CZJFTLF4YQQLE4HS6ZJHIU2KVLJMGK,SAWP5,save-merged-p105.arquivo.pt-20260617174337-EU47WDLYJP.warc.gz,True,
2026-06-16T21:55:02+00:00,https://apps.bea.gov/histdata/core/data/GetHistFileDetails/?FileGroupID=292&FileType=HistFile,200,application/json,QQTNIGWSVOTBAIIW43NZB56KB5IGDTQZ,SAWP5,save-merged-p107.arquivo.pt-20260617183755-KGK98M25I0.warc.gz,True,
2026-06-16T21:55:02+00:00,https://apps.bea.gov/regionalcore/data/ChartData?fips=37000&year=2025&mtype=3,200,text/plain,AQ5WLG5BVLGH52IKIASWZQ6KKG4VAZSL,SAWP5,save-merged-p105.arquivo.pt-20260617174017-T6QKNEEAH7.warc.gz,True,
2026-06-16T21:55:02+00:00,https://apps.bea.gov/regionalcore/data/ChartData?fips=38000&year=2025&mtype=3,200,text/plain,OFI5O2CMCHJZYNMBM227FHD67JOZADAD,SAWP5,save-merged-p108.arquivo.pt-20260617201637-MH3Z6T47FX.warc.gz,True,
2026-06-16T21:55:02+00:00,https://apps.bea.gov/regionalcore/data/ChartData?fips=39000&year=2025&mtype=3,200,text/plain,ZTZCVWSJJ6GGB7DQMW2VI26AHGOPCSL3,SAWP5,save-merged-p107.arquivo.pt-20260617183355-928HJFXEAG.warc.gz,True,
2026-06-16T21:55:03+00:00,https://apps.bea.gov/regionalcore/data/ChartData?fips=40000&year=2025&mtype=3,200,text/plain,RJZCWUBK7OIZBGFUM6CEFXS4LPC4XSO2,SAWP5,save-merged-p107.arquivo.pt-20260617183355-928HJFXEAG.warc.gz,True,
2026-06-16T21:55:03+00:00,https://apps.bea.gov/regionalcore/data/ChartData?fips=41000&year=2025&mtype=3,200,text/plain,DQEW2WMZC2SFKRNAZ3MRRKPN2B7PFBC3,SAWP5,save-merged-p105.arquivo.pt-20260617174017-T6QKNEEAH7.warc.gz,True,
2026-06-16T21:55:03+00:00,https://apps.bea.gov/regionalcore/data/ChartData?fips=42000&year=2025&mtype=3,200,text/plain,5GYXU4DIMRU3I467GBXIYPPT5FDGGUM5,SAWP5,save-merged-p106.arquivo.pt-20260617192332-SYIN6H7WKE.warc.gz,True,
2026-06-16T21:55:03+00:00,https://apps.bea.gov/regionalcore/data/ChartData?fips=44000&year=2025&mtype=3,200,text/plain,5ZTHL6NLBN2KH7TKKEQIX5PTNHABSYHC,SAWP5,save-merged-p105.arquivo.pt-20260617172421-A7W6Y7AIT4.warc.gz,True,
2026-06-16T21:55:04+00:00,https://apps.bea.gov/histdata/core/data/GetHistFileDetails/?FileGroupID=292&FileType=HistFile,200,application/json,QQTNIGWSVOTBAIIW43NZB56KB5IGDTQZ,SAWP5,save-merged-p106.arquivo.pt-20260617192332-SYIN6H7WKE.warc.gz,True,
2026-06-16T21:55:04+00:00,https://apps.bea.gov/regionalcore/data/ChartData?fips=45000&year=2025&mtype=3,200,text/plain,WS6T2SJUMFE7GDZKXBL3C7M2JNETZSDV,SAWP5,save-merged-p106.arquivo.pt-20260617192332-SYIN6H7WKE.warc.gz,True,
2026-06-16T21:55:04+00:00,https://apps.bea.gov/regionalcore/data/ChartData?fips=46000&year=2025&mtype=3,200,text/plain,CK5NM44OWABYNB5G4S7SH372RFWZS4CO,SAWP5,save-merged-p106.arquivo.pt-20260617193358-R0E8DPMPW4.warc.gz,True,
2026-06-16T21:55:05+00:00,https://apps.bea.gov/regionalcore/data/ChartData?fips=47000&year=2025&mtype=3,200,text/plain,XUEB4RSZIQ5AVS7V2TEBVUWBGRACSHIO,SAWP5,save-merged-p105.arquivo.pt-20260617174017-T6QKNEEAH7.warc.gz,True,
2026-06-16T21:55:05+00:00,https://apps.bea.gov/regionalcore/data/ChartData?fips=48000&year=2025&mtype=3,200,text/plain,BW44HYTUOUQQZDBNZ7QCS7CCF2P2V4SW,SAWP5,save-merged-p108.arquivo.pt-20260617201637-MH3Z6T47FX.warc.gz,True,
2026-06-16T21:55:05+00:00,https://apps.bea.gov/regionalcore/data/ChartData?fips=49000&year=2025&mtype=3,200,text/plain,DQMUYJZ4DPVMQ4J3NXT766RBZC55MMDD,SAWP5,save-merged-p107.arquivo.pt-20260617183401-OH8O35KZGM.warc.gz,True,
2026-06-16T21:55:05+00:00,https://apps.bea.gov/regionalcore/data/ChartData?fips=50000&year=2025&mtype=3,200,text/plain,S7O3XF7QR62OS6I2RZ2PGLV24UET4T5W,SAWP5,save-merged-p105.arquivo.pt-20260617174337-EU47WDLYJP.warc.gz,True,
2026-06-16T21:55:06+00:00,https://apps.bea.gov/regionalcore/data/ChartData?fips=51000&year=2025&mtype=3,200,text/plain,OBS3FSZPOU53KLSH24BGV6YKJNT5Y2N3,SAWP5,save-merged-p105.arquivo.pt-20260617174017-T6QKNEEAH7.warc.gz,True,
2026-06-16T21:55:06+00:00,https://apps.bea.gov/regionalcore/data/ChartData?fips=53000&year=2025&mtype=3,200,text/plain,FZXUP5U4B2WWYCH4QRD6H5GNPF7TT2HC,SAWP5,save-merged-p105.arquivo.pt-20260617174337-EU47WDLYJP.warc.gz,True,
2026-06-16T21:55:06+00:00,https://apps.bea.gov/regionalcore/data/ChartData?fips=54000&year=2025&mtype=3,200,text/plain,ZQ5PT7MJK5E76ZGDAK6HRKMTDWCTRZAN,SAWP5,save-merged-p105.arquivo.pt-20260617174343-0QO434I7RF.warc.gz,True,
2026-06-16T21:55:06+00:00,https://apps.bea.gov/regionalcore/data/ChartData?fips=55000&year=2025&mtype=3,200,text/plain,XBGDR3TNYV5UUPYEY7GKKO6MBJUQIGQT,SAWP5,save-merged-p108.arquivo.pt-20260617201637-MH3Z6T47FX.warc.gz,True,
2026-06-16T21:55:37+00:00,https://apps.bea.gov/regional/bearfacts/js/amcharts4/core.js,200,application/javascript,HBUBF6P2MHHWN7LUL3XXRHZKADW2F4JN,SAWP5,save-merged-p108.arquivo.pt-20260617201658-F173KOV5US.warc.gz,True,
2026-06-16T21:55:40+00:00,https://apps.bea.gov/regional/bearfacts/js/amcharts4/core.js,200,application/javascript,HBUBF6P2MHHWN7LUL3XXRHZKADW2F4JN,SAWP5,save-merged-p107.arquivo.pt-20260617183755-KGK98M25I0.warc.gz,True,
2026-06-16T21:55:59+00:00,https://apps.bea.gov/regional/histdata/releases/0624pistate/SQINC.zip,200,application/x-zip-compressed,4AL2KKYYPSWZKXL5H5OSTATRBITZMQGS,SAWP5,save-merged-p105.arquivo.pt-20260617174343-0QO434I7RF.warc.gz,True,
2026-06-16T21:56:50+00:00,https://apps.bea.gov/regional/histdata/releases/0324pistate/SAINC.zip,200,application/x-zip-compressed,5RHVOC4MGSBXYEOL44ITII5BE52YH2OM,SAWP5,save-merged-p107.arquivo.pt-20260617183717-97UKVARF3H.warc.gz,True,
2026-06-16T21:56:51+00:00,https://apps.bea.gov/regional/histdata/releases/0923pistate/SAINC.zip,200,application/x-zip-compressed,JHZ6BPIJ5HWLBCU5HUMZ2UO32GIIV5R6,SAWP5,save-merged-p106.arquivo.pt-20260617191958-2ZB48MKE9B.warc.gz,True,
2026-06-16T21:56:51+00:00,https://apps.bea.gov/regional/histdata/releases/0924pistate/SAINC.zip,200,application/x-zip-compressed,OGJ3ZO7U4IQR5N24IRYA2REJTOQYWO7F,SAWP5,save-merged-p105.arquivo.pt-20260617174343-0QO434I7RF.warc.gz,True,
2026-06-16T22:00:16+00:00,https://apps.bea.gov/regionalcore/data/ChartData?fips=54000%26year=2012%26mtype=3,500,unk,3I42H3S6NNFQ2MSVX7XZKYAYSCX5QBYJ,SAWP5,save-merged-p106.arquivo.pt-20260617193719-OXAQHEIPNM.warc.gz,True,
2026-06-16T22:05:23+00:00,https://apps.bea.gov/regionalcore/data/ChartData?fips=06000&year=2022&mtype=3&retry=1781647520810714519,200,text/plain,ATEBQ3JQNBOH3NBZDUBNWM6EBKVOCSW2,SAWP5,save-merged-p105.arquivo.pt-20260617172915-PJ1VLGJCWA.warc.gz,True,
2026-06-16T22:05:23+00:00,https://apps.bea.gov/regionalcore/data/ChartData?fips=10000&year=2022&mtype=3&retry=1781647520811322520,200,text/plain,ZV3QLIN7LEUKN3E6ZW27HO6EE7VNT6VG,SAWP5,save-merged-p105.arquivo.pt-20260617174337-EU47WDLYJP.warc.gz,True,
2026-06-16T22:05:23+00:00,https://apps.bea.gov/regionalcore/data/ChartData?fips=12000&year=2025&mtype=3&retry=1781647520811993108,200,text/plain,LE7NYNNZVRT2NQNIERF245EQP4TUJFG2,SAWP5,save-merged-p108.arquivo.pt-20260617201637-MH3Z6T47FX.warc.gz,True,
2026-06-16T22:05:23+00:00,https://apps.bea.gov/regionalcore/data/ChartData?fips=17000&year=2022&mtype=3&retry=1781647520812503988,200,text/plain,IO7FSWACG3YJ35ED2XCLSXPXOZMHFZH5,SAWP5,save-merged-p106.arquivo.pt-20260617193719-OXAQHEIPNM.warc.gz,True,
2026-06-16T22:05:23+00:00,https://apps.bea.gov/regionalcore/data/ChartData?fips=20000&year=2020&mtype=3&retry=1781647520812923845,200,text/plain,QUYN6HRPIEOUZC3X463RDIGIHRUMLKIU,SAWP5,save-merged-p108.arquivo.pt-20260617202049-NOFS6HTPTU.warc.gz,True,
2026-06-16T22:05:23+00:00,https://apps.bea.gov/regionalcore/data/ChartData?fips=23000&year=2021&mtype=3&retry=1781647520813324512,200,text/plain,RIBR7MFGJJC3XK5IXOIU5YCPE6Q457C2,SAWP5,save-merged-p106.arquivo.pt-20260617193719-OXAQHEIPNM.warc.gz,True,
2026-06-16T22:05:23+00:00,https://apps.bea.gov/regionalcore/data/ChartData?fips=31000&year=2018&mtype=3&retry=1781647520816212265,200,text/plain,4GBHP7JWCRQWFXTS5GZEVHQF2QCCMND2,SAWP5,save-merged-p106.arquivo.pt-20260617192332-SYIN6H7WKE.warc.gz,True,
2026-06-16T22:05:23+00:00,https://apps.bea.gov/regionalcore/data/ChartData?fips=36000&year=2024&mtype=3&retry=1781647520819152350,200,text/plain,ZAUDWEV7BH5K53AFZAZXORRR4KPPVN23,SAWP5,save-merged-p108.arquivo.pt-20260617201637-MH3Z6T47FX.warc.gz,True,
2026-06-16T22:05:24+00:00,https://apps.bea.gov/regionalcore/data/ChartData?fips=39000&year=2018&mtype=3&retry=1781647523806987132,200,text/plain,AEFDHJ5VNSU5RDVRCWB5T3SGJAIO26OT,SAWP5,save-merged-p106.arquivo.pt-20260617193719-OXAQHEIPNM.warc.gz,True,
2026-06-16T22:05:24+00:00,https://apps.bea.gov/regionalcore/data/ChartData?fips=47000&year=2021&mtype=3&retry=1781647523820654908,200,text/plain,7CA2XIFUJH5W5W36Y3EONZCVXYBSB6V2,SAWP5,save-merged-p105.arquivo.pt-20260617174343-0QO434I7RF.warc.gz,True,
2026-06-16T22:05:25+00:00,https://apps.bea.gov/regionalcore/data/ChartData?fips=49000&year=2014&mtype=3&retry=1781647523953367437,200,text/plain,DAHD2C2S5PBTX3OFELLZVAPPVQXNVOXN,SAWP5,save-merged-p108.arquivo.pt-20260617202056-LYSDL8R0VG.warc.gz,True,
2026-06-16T22:05:25+00:00,https://apps.bea.gov/regionalcore/data/ChartData?fips=50000&year=2012&mtype=3&retry=1781647524040470497,200,text/plain,BIAHVR5NVUN2H2KTISO42MJNY3NLGIQA,SAWP5,save-merged-p105.arquivo.pt-20260617173715-UDKQNIZ9GY.warc.gz,True,
2026-06-16T22:17:57+00:00,https://apps.bea.gov/regionalcore/data/ChartData?fips=00000&year=2023&mtype=3,200,text/plain,EHCFBUWYPKVGT52LSO7SLZU7LOMC4HUF,SAWP5,save-merged-p107.arquivo.pt-20260617182647-0VM22ASYAK.warc.gz,True,
2026-06-16T22:17:59+00:00,https://apps.bea.gov/regionalcore/data/ChartData?fips=72000&year=2023&mtype=3,200,text/plain,EHCFBUWYPKVGT52LSO7SLZU7LOMC4HUF,SAWP5,save-merged-p105.arquivo.pt-20260617173901-OEYA0TB1F3.warc.gz,True,
2026-06-16T22:18:01+00:00,https://apps.bea.gov/regionalcore/data/ChartData?fips=78000&year=2023&mtype=3,200,text/plain,EHCFBUWYPKVGT52LSO7SLZU7LOMC4HUF,SAWP5,save-merged-p108.arquivo.pt-20260617201637-MH3Z6T47FX.warc.gz,True,
2026-06-16T22:18:03+00:00,https://apps.bea.gov/regionalcore/data/ChartData?fips=60000&year=2023&mtype=3,200,text/plain,EHCFBUWYPKVGT52LSO7SLZU7LOMC4HUF,SAWP5,save-merged-p105.arquivo.pt-20260617173901-OEYA0TB1F3.warc.gz,True,
2026-06-16T22:18:05+00:00,https://apps.bea.gov/regionalcore/data/ChartData?fips=66000&year=2023&mtype=3,200,text/plain,EHCFBUWYPKVGT52LSO7SLZU7LOMC4HUF,SAWP5,save-merged-p107.arquivo.pt-20260617182231-UJTP0SRDT3.warc.gz,True,
2026-06-16T22:18:18+00:00,https://apps.bea.gov/regionalcore/data/ChartData?fips=69000&year=2023&mtype=3,200,text/plain,EHCFBUWYPKVGT52LSO7SLZU7LOMC4HUF,SAWP5,save-merged-p108.arquivo.pt-20260617202049-NOFS6HTPTU.warc.gz,True,
2026-06-16T22:20:18+00:00,https://apps.bea.gov/regional/histdata/releases/0923spi/SAINC.zip,200,application/x-zip-compressed,JHZ6BPIJ5HWLBCU5HUMZ2UO32GIIV5R6,SAWP5,save-merged-p105.arquivo.pt-20260617174337-EU47WDLYJP.warc.gz,True,
2026-06-16T22:20:55+00:00,https://apps.bea.gov/histdatacore/Fea_DisplayChildrenB/?ParentId=5,307,text/html,JYGYWNWYDGQ25PEKWL72ZS3XMIGRJPC6,SAWP5,save-merged-p108.arquivo.pt-20260617202414-DKPDAJVL3F.warc.gz,True,
2026-06-16T22:20:57+00:00,https://apps.bea.gov/histdatacore/HistCategory/?histCateID=0,307,text/html,LYG4XBQMELIACUBUQJEMMBZ7PKFDUTAX,SAWP5,save-merged-p107.arquivo.pt-20260617183717-97UKVARF3H.warc.gz,True,
2026-06-16T22:21:00+00:00,https://apps.bea.gov/histdatacore/HistFileGroup/?histCateID=5&fileGroupID=0&getFileList=false,307,text/html,TGPJ4BMQWVVBPVHHADB3VG667BT2CMS2,SAWP5,save-merged-p107.arquivo.pt-20260617183717-97UKVARF3H.warc.gz,True,
2026-06-16T22:21:03+00:00,https://apps.bea.gov/histdatacore/Fea_DisplayChildrenC/?ParentId=5,307,text/html,ZYZ36TOQABSTPWGU2TNZVOPNWOLHFNN2,SAWP5,save-merged-p105.arquivo.pt-20260617174349-EXUBQ1BNS9.warc.gz,True,
2026-06-16T22:21:05+00:00,https://apps.bea.gov/histdatacore/Fea_DisplayChildrenB/?ParentId=1,307,text/html,CAVSYPQQRJKJ2B52MMRJSYRG24KZJPRF,SAWP5,save-merged-p107.arquivo.pt-20260617183755-KGK98M25I0.warc.gz,True,
2026-06-16T22:21:19+00:00,https://apps.bea.gov/regional/histdata/releases/0624spi/SAINC.zip,200,text/html,HFYPROZIQUMO6W3N3O5BDN5RUSCCONPO,SAWP5,save-merged-p108.arquivo.pt-20260617202049-NOFS6HTPTU.warc.gz,True,
2026-06-16T22:21:21+00:00,https://apps.bea.gov/regional/histdata/releases/0624spi/index.cfm,403,text/html,ZQXCPPFTRF6Y7DGLFF4TPYPFZUT3O3TA,SAWP5,save-merged-p106.arquivo.pt-20260617193719-OXAQHEIPNM.warc.gz,True,
2026-06-16T22:21:23+00:00,https://apps.bea.gov/regional/histdata/releases/0924spi/SAINC.zip,200,text/html,HFYPROZIQUMO6W3N3O5BDN5RUSCCONPO,SAWP5,save-merged-p106.arquivo.pt-20260617194306-DS4E8OXBIW.warc.gz,True,
2026-06-16T22:21:24+00:00,https://apps.bea.gov/regional/histdata/releases/0924spi/index.cfm,200,text/html,HFYPROZIQUMO6W3N3O5BDN5RUSCCONPO,SAWP5,save-merged-p105.arquivo.pt-20260617172421-A7W6Y7AIT4.warc.gz,True,
2026-06-16T22:21:26+00:00,https://apps.bea.gov/regional/histdata/releases/1223spi/SAINC.zip,200,text/html,HFYPROZIQUMO6W3N3O5BDN5RUSCCONPO,SAWP5,save-merged-p105.arquivo.pt-20260617171723-8MZRE53HJY.warc.gz,True,
2026-06-16T22:21:28+00:00,https://apps.bea.gov/regional/histdata/releases/1223spi/index.cfm,200,text/html,HFYPROZIQUMO6W3N3O5BDN5RUSCCONPO,SAWP5,save-merged-p108.arquivo.pt-20260617201704-HLHN7F9FXB.warc.gz,True,
2026-06-16T22:21:29+00:00,https://apps.bea.gov/regional/histdata/releases/1224spi/SAINC.zip,200,text/html,HFYPROZIQUMO6W3N3O5BDN5RUSCCONPO,SAWP5,save-merged-p108.arquivo.pt-20260617202414-DKPDAJVL3F.warc.gz,True,
2026-06-16T22:21:31+00:00,https://apps.bea.gov/regional/histdata/releases/1224spi/index.cfm,200,text/html,HFYPROZIQUMO6W3N3O5BDN5RUSCCONPO,SAWP5,save-merged-p106.arquivo.pt-20260617194222-8K58L548P8.warc.gz,True,
2026-06-16T22:21:36+00:00,https://apps.bea.gov/histdata/Fea_DisplayChildrenB/?ParentId=5,403,text/html,TRVNV6YTPV7HG2S3XVHWJIB74JPU7B43,SAWP5,save-merged-p105.arquivo.pt-20260617173906-T5DWKZSI5I.warc.gz,True,
2026-06-16T22:21:54+00:00,https://apps.bea.gov/histdatacore/,307,text/html,W3CQWRBSNQM5IJ3KATSMJ5FTYMPO3JLQ,SAWP5,save-merged-p108.arquivo.pt-20260617202049-NOFS6HTPTU.warc.gz,True,
2026-06-16T22:21:56+00:00,https://apps.bea.gov/histdata/HistCategory/?histCateID=0,200,text/html,HFYPROZIQUMO6W3N3O5BDN5RUSCCONPO,SAWP5,save-merged-p106.arquivo.pt-20260617194344-NDNTA0XQUF.warc.gz,True,
2026-06-16T22:21:56+00:00,https://apps.bea.gov/histdatacore/Regional_Accounts_new.html,307,text/html,GZMVRRB2Q7QGBLKVMPCBGZCDGEBFT6IP,SAWP5,save-merged-p106.arquivo.pt-20260617194306-DS4E8OXBIW.warc.gz,True,
2026-06-16T22:21:57+00:00,https://apps.bea.gov/histdatacore/histChildLevels.html?HMI=5,307,text/html,KXMQIT7FTU3TQ7HADS5A5H435CLH46KE,SAWP5,save-merged-p107.arquivo.pt-20260617183717-97UKVARF3H.warc.gz,True,
2026-06-16T22:26:22+00:00,https://apps.bea.gov/histdata/js/utils/ajax.js,200,text/html,HFYPROZIQUMO6W3N3O5BDN5RUSCCONPO,SAWP5,save-merged-p105.arquivo.pt-20260617174343-0QO434I7RF.warc.gz,True,
2026-06-16T22:28:18+00:00,https://apps.bea.gov/histdata/core/data/Fea_DisplayChildrenB/1,200,application/json,GSI3KVNHC4W66RBO3DNHHQFICOVQJNTX,SAWP5,save-merged-p106.arquivo.pt-20260617193719-OXAQHEIPNM.warc.gz,True,
2026-06-16T22:29:49+00:00,https://apps.bea.gov/histdata/HistFileDetails.html?HistCateID=4&FileGroupID=290,200,text/html,CVTIT63O7C2OC6MQR4ER2JSYUMTGE2FC,SAWP5,save-merged-p106.arquivo.pt-20260617193719-OXAQHEIPNM.warc.gz,True,
2026-06-16T22:30:17+00:00,https://apps.bea.gov/histdata/core/data/GetHistFileDetails/?FileGroupID=285&FileType=HistFile,403,text/html,JBAIHYM2TMJ6XB4A6PMO3XN2Y3R7EVGQ,SAWP5,save-merged-p105.arquivo.pt-20260617174343-0QO434I7RF.warc.gz,True,
2026-06-16T22:30:19+00:00,https://apps.bea.gov/histdata/core/data/GetHistFileDetails/?FileGroupID=287&FileType=HistFile,200,application/json,GX3WJE6C5I22MJY7YAP42CEROJQ3S7KF,SAWP5,save-merged-p106.arquivo.pt-20260617191958-2ZB48MKE9B.warc.gz,True,
2026-06-16T22:30:21+00:00,https://apps.bea.gov/histdata/core/data/GetHistFileDetails/?FileGroupID=292&FileType=HistFile,200,application/json,QQTNIGWSVOTBAIIW43NZB56KB5IGDTQZ,SAWP5,save-merged-p108.arquivo.pt-20260617202049-NOFS6HTPTU.warc.gz,True,
2026-06-16T22:33:00+00:00,https://apps.bea.gov/regional/histdata/releases/0324pistate/SAINC.zip,200,application/x-zip-compressed,5RHVOC4MGSBXYEOL44ITII5BE52YH2OM,SAWP5,save-merged-p106.arquivo.pt-20260617193719-OXAQHEIPNM.warc.gz,True,
2026-06-16T22:41:47+00:00,https://apps.bea.gov/histdata/HistCategory/?histCateID=0,200,text/html,HFYPROZIQUMO6W3N3O5BDN5RUSCCONPO,SAWP5,save-merged-p108.arquivo.pt-20260617201637-MH3Z6T47FX.warc.gz,True,
2026-06-16T22:41:49+00:00,https://apps.bea.gov/histdata/HistCategory/?histCateID=0,200,text/html,HFYPROZIQUMO6W3N3O5BDN5RUSCCONPO,SAWP5,save-merged-p108.arquivo.pt-20260617202414-DKPDAJVL3F.warc.gz,True,
2026-06-16T22:42:16+00:00,https://apps.bea.gov/histdata/HistCategory/?histCateID=0,200,text/html,HFYPROZIQUMO6W3N3O5BDN5RUSCCONPO,SAWP5,save-merged-p106.arquivo.pt-20260617192826-6TL9PGLH60.warc.gz,True,
2026-06-16T22:42:57+00:00,https://apps.bea.gov/histdata/Regional_Accounts_new.html,200,text/html,HFYPROZIQUMO6W3N3O5BDN5RUSCCONPO,SAWP5,save-merged-p108.arquivo.pt-20260617202049-NOFS6HTPTU.warc.gz,True,
2026-06-16T22:43:49+00:00,https://apps.bea.gov/histdata/js/RegionalAccounts.js,200,text/html,HFYPROZIQUMO6W3N3O5BDN5RUSCCONPO,SAWP5,save-merged-p106.arquivo.pt-20260617194351-TXZV843LN7.warc.gz,True,
2026-06-16T22:44:54+00:00,https://apps.bea.gov/histdata/HistFileDetails.html?HistCateID=4&FileGroupID=290,200,text/html,CVTIT63O7C2OC6MQR4ER2JSYUMTGE2FC,SAWP5,save-merged-p108.arquivo.pt-20260617202414-DKPDAJVL3F.warc.gz,True,
2026-06-16T22:45:07+00:00,https://apps.bea.gov/regionalcore/data/ChartData?fips=01000%26year=2023%26mtype=3,500,unk,3I42H3S6NNFQ2MSVX7XZKYAYSCX5QBYJ,SAWP5,save-merged-p108.arquivo.pt-20260617201704-HLHN7F9FXB.warc.gz,True,
2026-06-16T22:45:20+00:00,https://apps.bea.gov/histdata/core/data/GetHistFileDetails/?FileGroupID=290&FileType=NotesArticles,200,application/json,KZGXWGKMOYWRP5IJHPVWYMSFUGNABR6A,SAWP5,save-merged-p106.arquivo.pt-20260617194351-TXZV843LN7.warc.gz,True,
2026-06-16T22:45:42+00:00,https://apps.bea.gov/regional/histdata/releases/0324pistate/SAINC.zip,200,application/x-zip-compressed,5RHVOC4MGSBXYEOL44ITII5BE52YH2OM,SAWP5,save-merged-p108.arquivo.pt-20260617202414-DKPDAJVL3F.warc.gz,True,
2026-06-16T22:45:49+00:00,https://apps.bea.gov/regionalcore/data/ChartData?fips=51000%26year=2023%26mtype=3,500,unk,3I42H3S6NNFQ2MSVX7XZKYAYSCX5QBYJ,SAWP5,save-merged-p107.arquivo.pt-20260617183852-R0X3XG4FUB.warc.gz,True,
2026-06-16T22:45:50+00:00,https://apps.bea.gov/regionalcore/data/ChartData?fips=50000%26year=2023%26mtype=3,500,unk,3I42H3S6NNFQ2MSVX7XZKYAYSCX5QBYJ,SAWP5,save-merged-p106.arquivo.pt-20260617194306-DS4E8OXBIW.warc.gz,True,
2026-06-16T22:45:52+00:00,https://apps.bea.gov/regionalcore/data/ChartData?fips=49000%26year=2023%26mtype=3,500,unk,3I42H3S6NNFQ2MSVX7XZKYAYSCX5QBYJ,SAWP5,save-merged-p108.arquivo.pt-20260617202414-DKPDAJVL3F.warc.gz,True,
2026-06-16T22:46:03+00:00,https://apps.bea.gov/regional/histdata/releases/0324pistate/SAINC.zip,200,application/x-zip-compressed,5RHVOC4MGSBXYEOL44ITII5BE52YH2OM,SAWP5,save-merged-p106.arquivo.pt-20260617194351-TXZV843LN7.warc.gz,True,
2026-06-16T22:46:07+00:00,https://apps.bea.gov/regional/histdata/releases/0324pistate/SAINC.zip,200,application/x-zip-compressed,5RHVOC4MGSBXYEOL44ITII5BE52YH2OM,SAWP5,save-merged-p106.arquivo.pt-20260617194351-TXZV843LN7.warc.gz,True,
2026-06-16T22:46:08+00:00,https://apps.bea.gov/regionalcore/data/ChartData?fips%3D01000%26year%3D2023%26mtype%3D3,500,unk,3I42H3S6NNFQ2MSVX7XZKYAYSCX5QBYJ,SAWP5,save-merged-p108.arquivo.pt-20260617202414-DKPDAJVL3F.warc.gz,True,
2026-06-16T22:46:11+00:00,https://apps.bea.gov/regionalcore/data/ChartData?fips=01000%26year=2023%26mtype=3,500,unk,3I42H3S6NNFQ2MSVX7XZKYAYSCX5QBYJ,SAWP5,save-merged-p107.arquivo.pt-20260617183852-R0X3XG4FUB.warc.gz,True,
2026-06-16T22:46:18+00:00,https://apps.bea.gov/regionalcore/data/ChartData?fips=51000%26year%3D2023%26mtype%3D3,500,unk,3I42H3S6NNFQ2MSVX7XZKYAYSCX5QBYJ,SAWP5,save-merged-p105.arquivo.pt-20260617174337-EU47WDLYJP.warc.gz,True,
2026-06-16T22:46:20+00:00,https://apps.bea.gov/regionalcore/data/ChartData?fips%3D51000%26year%3D2023%26mtype%3D3,500,unk,3I42H3S6NNFQ2MSVX7XZKYAYSCX5QBYJ,SAWP5,save-merged-p107.arquivo.pt-20260617183717-97UKVARF3H.warc.gz,True,
2026-06-16T22:48:45+00:00,https://apps.bea.gov/regionalcore/data/ChartData?fips=54000%26year=2023%26mtype=3,500,unk,3I42H3S6NNFQ2MSVX7XZKYAYSCX5QBYJ,SAWP5,save-merged-p105.arquivo.pt-20260617174343-0QO434I7RF.warc.gz,True,
2026-06-16T22:49:16+00:00,https://apps.bea.gov/regionalcore/data/ChartData?fips=00000&year=2023&mtype=3,200,text/plain,EHCFBUWYPKVGT52LSO7SLZU7LOMC4HUF,SAWP5,save-merged-p106.arquivo.pt-20260617194306-DS4E8OXBIW.warc.gz,True,
2026-06-16T22:59:58+00:00,https://apps.bea.gov/regionalcore/data/ChartData?fips=54000%26year=2023%26mtype=3,500,unk,3I42H3S6NNFQ2MSVX7XZKYAYSCX5QBYJ,SAWP5,save-merged-p105.arquivo.pt-20260617173906-T5DWKZSI5I.warc.gz,True,
2026-06-16T23:01:28+00:00,https://apps.bea.gov/regionalcore/data/ChartData?fips=72000&year=2023&mtype=3,200,text/plain,EHCFBUWYPKVGT52LSO7SLZU7LOMC4HUF,SAWP5,save-merged-p106.arquivo.pt-20260617194344-NDNTA0XQUF.warc.gz,True,
2026-06-16T23:01:31+00:00,https://apps.bea.gov/regionalcore/data/ChartData?fips=78000&year=2023&mtype=3,200,text/plain,EHCFBUWYPKVGT52LSO7SLZU7LOMC4HUF,SAWP5,save-merged-p108.arquivo.pt-20260617202414-DKPDAJVL3F.warc.gz,True,
2026-06-16T23:01:33+00:00,https://apps.bea.gov/regionalcore/data/ChartData?fips=60000&year=2023&mtype=3,200,text/plain,EHCFBUWYPKVGT52LSO7SLZU7LOMC4HUF,SAWP5,save-merged-p107.arquivo.pt-20260617183717-97UKVARF3H.warc.gz,True,
2026-06-16T23:01:35+00:00,https://apps.bea.gov/regionalcore/data/ChartData?fips=66000&year=2023&mtype=3,200,text/plain,EHCFBUWYPKVGT52LSO7SLZU7LOMC4HUF,SAWP5,save-merged-p106.arquivo.pt-20260617194351-TXZV843LN7.warc.gz,True,
2026-06-16T23:01:37+00:00,https://apps.bea.gov/regionalcore/data/ChartData?fips=69000&year=2023&mtype=3,200,text/plain,EHCFBUWYPKVGT52LSO7SLZU7LOMC4HUF,SAWP5,save-merged-p105.arquivo.pt-20260617174349-EXUBQ1BNS9.warc.gz,True,
2026-06-16T23:02:56+00:00,https://apps.bea.gov/regionalcore/data/ChartData?fips=53000%26year=2023%26mtype=3,500,unk,3I42H3S6NNFQ2MSVX7XZKYAYSCX5QBYJ,SAWP5,save-merged-p108.arquivo.pt-20260617201648-0V9QBJ1WHP.warc.gz,True,
2026-06-16T23:04:24+00:00,https://apps.bea.gov/regional/histdata/releases/0318spi/index.cfm,200,text/html,TOMM7MTEYLVZVDABZP64EP7SO3GY7YSY,SAWP5,save-merged-p106.arquivo.pt-20260617194351-TXZV843LN7.warc.gz,True,
2026-06-16T23:04:27+00:00,https://apps.bea.gov/regional/histdata/releases/0324qspi/index.cfm,200,text/html,HFYPROZIQUMO6W3N3O5BDN5RUSCCONPO,SAWP5,save-merged-p105.arquivo.pt-20260617174349-EXUBQ1BNS9.warc.gz,True,
2026-06-16T23:05:17+00:00,https://apps.bea.gov/regional/histdata/releases/,403,text/html,UBNOKG2KHYXAA5RCFS6L5HCYQM6N54II,SAWP5,save-merged-p105.arquivo.pt-20260617173715-UDKQNIZ9GY.warc.gz,True,
2026-06-16T23:13:10+00:00,https://apps.bea.gov/regional/histdata/releases/0324pistate/SAINC.zip,200,application/x-zip-compressed,5RHVOC4MGSBXYEOL44ITII5BE52YH2OM,SAWP5,save-merged-p106.arquivo.pt-20260617194351-TXZV843LN7.warc.gz,True,
2026-06-16T23:14:16+00:00,https://apps.bea.gov/regionalcore/data/ChartData?fips=50000%26year=2023%26mtype=3,500,unk,3I42H3S6NNFQ2MSVX7XZKYAYSCX5QBYJ,SAWP5,save-merged-p107.arquivo.pt-20260617184207-8A894F3ZA4.warc.gz,True,
2026-06-16T23:14:26+00:00,https://apps.bea.gov/regional/histdata/releases/0324pistate/SAINC.zip,200,application/x-zip-compressed,5RHVOC4MGSBXYEOL44ITII5BE52YH2OM,SAWP5,save-merged-p107.arquivo.pt-20260617184259-LCY6AVS3HW.warc.gz,True,
2026-06-16T23:15:38+00:00,https://apps.bea.gov/regionalcore/data/ChartData?fips=50000%26year=2023%26mtype=3,500,unk,3I42H3S6NNFQ2MSVX7XZKYAYSCX5QBYJ,SAWP5,save-merged-p106.arquivo.pt-20260617194222-8K58L548P8.warc.gz,True,
2026-06-16T23:15:39+00:00,https://apps.bea.gov/regionalcore/data/ChartData?fips=50000%26year=2023%26mtype=3,500,unk,3I42H3S6NNFQ2MSVX7XZKYAYSCX5QBYJ,SAWP5,save-merged-p106.arquivo.pt-20260617192826-6TL9PGLH60.warc.gz,True,
2026-06-16T23:22:46+00:00,https://apps.bea.gov/regionalcore/data/ChartData?fips=91000&year=2023&mtype=3,200,text/plain,EHCFBUWYPKVGT52LSO7SLZU7LOMC4HUF,SAWP5,save-merged-p106.arquivo.pt-20260617194222-8K58L548P8.warc.gz,True,
2026-06-16T23:22:46+00:00,https://apps.bea.gov/regionalcore/data/ChartData?fips=92000&year=2023&mtype=3,200,text/plain,EHCFBUWYPKVGT52LSO7SLZU7LOMC4HUF,SAWP5,save-merged-p108.arquivo.pt-20260617201642-EMSUJE6Z4U.warc.gz,True,
2026-06-16T23:22:46+00:00,https://apps.bea.gov/regionalcore/data/ChartData?fips=93000&year=2023&mtype=3,200,text/plain,EHCFBUWYPKVGT52LSO7SLZU7LOMC4HUF,SAWP5,save-merged-p105.arquivo.pt-20260617174337-EU47WDLYJP.warc.gz,True,
2026-06-16T23:22:46+00:00,https://apps.bea.gov/regionalcore/data/ChartData?fips=94000&year=2023&mtype=3,200,text/plain,EHCFBUWYPKVGT52LSO7SLZU7LOMC4HUF,SAWP5,save-merged-p106.arquivo.pt-20260617194344-NDNTA0XQUF.warc.gz,True,
2026-06-16T23:22:47+00:00,https://apps.bea.gov/regionalcore/data/ChartData?fips=95000&year=2023&mtype=3,200,text/plain,EHCFBUWYPKVGT52LSO7SLZU7LOMC4HUF,SAWP5,save-merged-p108.arquivo.pt-20260617202419-0YMYA5RJ20.warc.gz,True,
2026-06-16T23:22:47+00:00,https://apps.bea.gov/regionalcore/data/ChartData?fips=96000&year=2023&mtype=3,200,text/plain,EHCFBUWYPKVGT52LSO7SLZU7LOMC4HUF,SAWP5,save-merged-p108.arquivo.pt-20260617201642-EMSUJE6Z4U.warc.gz,True,
2026-06-16T23:22:47+00:00,https://apps.bea.gov/regionalcore/data/ChartData?fips=97000&year=2023&mtype=3,200,text/plain,EHCFBUWYPKVGT52LSO7SLZU7LOMC4HUF,SAWP5,save-merged-p105.arquivo.pt-20260617174520-7I916P8X8O.warc.gz,True,
2026-06-16T23:22:48+00:00,https://apps.bea.gov/regionalcore/data/ChartData?fips=98000&year=2023&mtype=3,200,text/plain,EHCFBUWYPKVGT52LSO7SLZU7LOMC4HUF,SAWP5,save-merged-p108.arquivo.pt-20260617201704-HLHN7F9FXB.warc.gz,True,
2026-06-16T23:22:53+00:00,https://apps.bea.gov/regional/histdata/releases/0923spi/SAINC4.zip,200,text/html,HFYPROZIQUMO6W3N3O5BDN5RUSCCONPO,SAWP5,save-merged-p106.arquivo.pt-20260617191958-2ZB48MKE9B.warc.gz,True,
2026-06-16T23:22:54+00:00,https://apps.bea.gov/regional/histdata/releases/0923spi/SAINC4.csv,200,text/html,HFYPROZIQUMO6W3N3O5BDN5RUSCCONPO,SAWP5,save-merged-p105.arquivo.pt-20260617174343-0QO434I7RF.warc.gz,True,
2026-06-16T23:23:35+00:00,https://apps.bea.gov/regional/histdata/releases/0923spi/SAINC.zip,200,application/x-zip-compressed,JHZ6BPIJ5HWLBCU5HUMZ2UO32GIIV5R6,SAWP5,save-merged-p105.arquivo.pt-20260617174343-0QO434I7RF.warc.gz,True,
2026-06-16T23:24:23+00:00,https://apps.bea.gov/regional/zip/SAINC4.zip?download=1,200,text/html,HFYPROZIQUMO6W3N3O5BDN5RUSCCONPO,SAWP5,save-merged-p106.arquivo.pt-20260617194344-NDNTA0XQUF.warc.gz,True,
2026-06-16T23:24:25+00:00,https://apps.bea.gov/regional/zip/SAINC4.zip?year=2023,200,text/html,HFYPROZIQUMO6W3N3O5BDN5RUSCCONPO,SAWP5,save-merged-p106.arquivo.pt-20260617192332-SYIN6H7WKE.warc.gz,True,
2026-06-16T23:24:27+00:00,https://apps.bea.gov/regional/zip/SAINC4.zip?Vintage=2024,200,text/html,HFYPROZIQUMO6W3N3O5BDN5RUSCCONPO,SAWP5,save-merged-p105.arquivo.pt-20260617174343-0QO434I7RF.warc.gz,True,
2026-06-16T23:25:46+00:00,https://apps.bea.gov/regional/downloadzip.cfm?method=GETDATA&table=SAINC4,301,text/html,3I42H3S6NNFQ2MSVX7XZKYAYSCX5QBYJ,SAWP5,save-merged-p107.arquivo.pt-20260617184259-LCY6AVS3HW.warc.gz,True,
2026-06-16T23:26:34+00:00,https://apps.bea.gov/regionalcore/data/ChartData?fips=12000&year=2023&mtype=3,200,text/plain,BS37Z6QYXBY43E3H6BJ546NCQPZMPOX6,SAWP5,save-merged-p108.arquivo.pt-20260617201658-F173KOV5US.warc.gz,True,
2026-06-16T23:29:06+00:00,https://apps.bea.gov/regionalcore/data/ChartData?fips=12000&year=2023&mtype=3,200,text/plain,BS37Z6QYXBY43E3H6BJ546NCQPZMPOX6,SAWP5,save-merged-p107.arquivo.pt-20260617183755-KGK98M25I0.warc.gz,True,
2026-06-16T23:29:09+00:00,https://apps.bea.gov/regionalcore/data/ChartData?fips=12000&year=2023&mtype=3,200,text/plain,BS37Z6QYXBY43E3H6BJ546NCQPZMPOX6,SAWP5,save-merged-p107.arquivo.pt-20260617184259-LCY6AVS3HW.warc.gz,True,
2026-06-16T23:29:13+00:00,https://apps.bea.gov/regionalcore/data/ChartData?fips=12000&year=2023&mtype=3,200,text/plain,BS37Z6QYXBY43E3H6BJ546NCQPZMPOX6,SAWP5,save-merged-p106.arquivo.pt-20260617194351-TXZV843LN7.warc.gz,True,
2026-06-16T23:29:15+00:00,https://apps.bea.gov/regionalcore/data/ChartData?fips=12000&year=2023&mtype=3,200,text/plain,BS37Z6QYXBY43E3H6BJ546NCQPZMPOX6,SAWP5,save-merged-p105.arquivo.pt-20260617174349-EXUBQ1BNS9.warc.gz,True,
2026-06-16T23:29:18+00:00,https://apps.bea.gov/regionalcore/data/ChartData?fips=12000&year=2023&mtype=3,200,text/plain,BS37Z6QYXBY43E3H6BJ546NCQPZMPOX6,SAWP5,save-merged-p108.arquivo.pt-20260617202419-0YMYA5RJ20.warc.gz,True,
2026-06-16T23:31:28+00:00,https://apps.bea.gov/regional/downloadzip.htm,200,text/html,45ZKSYTG4GP2QKSZZU54ZQDRD2U2J5OR,SAWP5,save-merged-p108.arquivo.pt-20260617202419-0YMYA5RJ20.warc.gz,True,
2026-06-16T23:31:43+00:00,http://apps.bea.gov/regionalcore/data/ChartData?fips=50000%26year=2023%26mtype=3,307,text/html,3I42H3S6NNFQ2MSVX7XZKYAYSCX5QBYJ,SAWP5,save-merged-p108.arquivo.pt-20260617201648-0V9QBJ1WHP.warc.gz,True,
2026-06-16T23:31:45+00:00,http://apps.bea.gov/regionalcore/data/ChartData?fips=50000&year=2023&mtype=3,307,text/html,3I42H3S6NNFQ2MSVX7XZKYAYSCX5QBYJ,SAWP5,save-merged-p108.arquivo.pt-20260617202419-0YMYA5RJ20.warc.gz,True,
2026-06-16T23:31:46+00:00,http://apps.bea.gov/regionalcore/data/ChartData?fips=50000%26year=2023%26mtype=3,307,text/html,3I42H3S6NNFQ2MSVX7XZKYAYSCX5QBYJ,SAWP5,save-merged-p107.arquivo.pt-20260617184338-M7VJP0AIU4.warc.gz,True,
2026-06-16T23:32:52+00:00,https://apps.bea.gov/regional/js/app.js,200,application/javascript,ITYGTL3BHZH7JVO4A3DPXVJRNPZDJ6HF,SAWP5,save-merged-p108.arquivo.pt-20260617202419-0YMYA5RJ20.warc.gz,True,
2026-06-16T23:33:27+00:00,https://apps.bea.gov/regional/js/config.json,200,application/json,U5QGGG5AET4SQPRP4NY4F5DDTMVVJMRU,SAWP5,save-merged-p107.arquivo.pt-20260617184338-M7VJP0AIU4.warc.gz,True,
2026-06-16T23:33:29+00:00,https://apps.bea.gov/regional/js/modules/downloadzip.js,200,application/javascript,SMXT3QMQHZOVR4FO7HKNE4HHHES45C4X,SAWP5,save-merged-p105.arquivo.pt-20260617174349-EXUBQ1BNS9.warc.gz,True,
2026-06-16T23:33:31+00:00,https://apps.bea.gov/regional/js/modules/index.js,200,application/javascript,CF2XEQPA5U734T3OSBO4KG2BSTBEF5N7,SAWP5,save-merged-p105.arquivo.pt-20260617174337-EU47WDLYJP.warc.gz,True,
2026-06-16T23:34:21+00:00,https://apps.bea.gov/regionalcore/data/regional/DownloadZip?csvType=2,200,text/plain,REZWL7WGUEU5BU7HXPT466NAGIHZCRDZ,SAWP5,save-merged-p106.arquivo.pt-20260617194222-8K58L548P8.warc.gz,True,
2026-06-16T23:34:39+00:00,https://apps.bea.gov/regional/zip/SAINC.zip,403,text/html,53UFXIHKAQTDXKPCUTIYRNTXHXYYGEYC,SAWP5,save-merged-p105.arquivo.pt-20260617174337-EU47WDLYJP.warc.gz,True,
2026-06-16T23:35:20+00:00,https://apps.bea.gov/histdata/core/data/Fea_DisplayChildrenA/,200,application/json,TE6ZUSACWUMJHUJ6NAWHYQ6HMFY7GUB3,SAWP5,save-merged-p108.arquivo.pt-20260617202419-0YMYA5RJ20.warc.gz,True,
2026-06-16T23:35:24+00:00,https://apps.bea.gov/regionalcore/data/ChartData?fips=30000&year=2023&mtype=3,200,text/plain,HLWBMHOAE7WLPNU5HTM6PZWFEEQHYJHW,SAWP5,save-merged-p107.arquivo.pt-20260617184207-8A894F3ZA4.warc.gz,True,
2026-06-16T23:35:25+00:00,https://apps.bea.gov/regionalcore/data/ChartData?fips=27000&year=2023&mtype=3,200,text/plain,UHJ5H7BWZEC7K2F32T5ROMJECX3Y7BIO,SAWP5,save-merged-p106.arquivo.pt-20260617194344-NDNTA0XQUF.warc.gz,True,
2026-06-16T23:36:03+00:00,http://apps.bea.gov/regional/zip/SAINC.zip,307,text/html,3I42H3S6NNFQ2MSVX7XZKYAYSCX5QBYJ,SAWP5,save-merged-p105.arquivo.pt-20260617174337-EU47WDLYJP.warc.gz,True,
2026-06-16T23:36:04+00:00,https://apps.bea.gov//regional/zip/SAINC.zip,200,application/x-zip-compressed,CIL2VA2BORXN7TQEWOSV2WN3CO73IXQM,SAWP5,save-merged-p105.arquivo.pt-20260617174343-0QO434I7RF.warc.gz,True,
2026-06-16T23:36:08+00:00,https://apps.bea.gov/regional/zip//SAINC.zip,200,application/x-zip-compressed,CIL2VA2BORXN7TQEWOSV2WN3CO73IXQM,SAWP5,save-merged-p105.arquivo.pt-20260617174349-EXUBQ1BNS9.warc.gz,True,
2026-06-16T23:36:11+00:00,https://apps.bea.gov/regional/zip/SAINC.zip?download=1,200,application/x-zip-compressed,CIL2VA2BORXN7TQEWOSV2WN3CO73IXQM,SAWP5,save-merged-p105.arquivo.pt-20260617174349-EXUBQ1BNS9.warc.gz,True,
2026-06-16T23:38:28+00:00,https://apps.bea.gov//regional/zip/SAINC.zip,200,application/x-zip-compressed,CIL2VA2BORXN7TQEWOSV2WN3CO73IXQM,SAWP5,save-merged-p105.arquivo.pt-20260617172421-A7W6Y7AIT4.warc.gz,True,
2026-06-16T23:39:18+00:00,https://apps.bea.gov/regionalcore/data/ChartData?fips=50000&year=2023&mtype=3&cb=1781653157,200,text/plain,JTBO5J622MSTQGNX37D5QADXNJT6OZDX,SAWP5,save-merged-p105.arquivo.pt-20260617174432-500ASHTDQI.warc.gz,True,
2026-06-16T23:39:39+00:00,https://apps.bea.gov/regionalcore/data/ChartData?fips=50000&year=2023&mtype=3&cb=1781653157,200,text/plain,JTBO5J622MSTQGNX37D5QADXNJT6OZDX,SAWP5,save-merged-p107.arquivo.pt-20260617184259-LCY6AVS3HW.warc.gz,True,
2026-06-16T23:41:16+00:00,https://apps.bea.gov/regional/,200,text/html,U3IRFIKOUDYC7NWCGQVWCVVOX4O3XSDF,SAWP5,save-merged-p107.arquivo.pt-20260617184207-8A894F3ZA4.warc.gz,True,
2026-06-16T23:41:17+00:00,https://apps.bea.gov/itable/,200,text/html,NB6Y62EHCYSCRIL37HUR2LDHY2LO3XKL,SAWP5,save-merged-p107.arquivo.pt-20260617184207-8A894F3ZA4.warc.gz,True,
2026-06-16T23:41:20+00:00,https://apps.bea.gov/itable/index.html,200,text/html,NB6Y62EHCYSCRIL37HUR2LDHY2LO3XKL,SAWP5,save-merged-p108.arquivo.pt-20260617201658-F173KOV5US.warc.gz,True,
2026-06-16T23:41:21+00:00,https://apps.bea.gov/histdata/HistFileDetails.html?HistCateID=4&FileGroupID=292,200,text/html,CVTIT63O7C2OC6MQR4ER2JSYUMTGE2FC,SAWP5,save-merged-p107.arquivo.pt-20260617184338-M7VJP0AIU4.warc.gz,True,
2026-06-16T23:41:22+00:00,https://apps.bea.gov/regional/quick.cfm,301,text/html,3I42H3S6NNFQ2MSVX7XZKYAYSCX5QBYJ,SAWP5,save-merged-p105.arquivo.pt-20260617174337-EU47WDLYJP.warc.gz,True,
2026-06-16T23:43:04+00:00,http://apps.bea.gov/regionalcore/data/ChartData?fips=53000&year=2023&mtype=3,307,text/html,3I42H3S6NNFQ2MSVX7XZKYAYSCX5QBYJ,SAWP5,save-merged-p106.arquivo.pt-20260617194344-NDNTA0XQUF.warc.gz,True,
2026-06-16T23:43:06+00:00,http://apps.bea.gov/regionalcore/data/ChartData?fips=53000&year=2023&mtype=3,307,text/html,3I42H3S6NNFQ2MSVX7XZKYAYSCX5QBYJ,SAWP5,save-merged-p107.arquivo.pt-20260617184338-M7VJP0AIU4.warc.gz,True,
2026-06-16T23:43:08+00:00,http://apps.bea.gov/regionalcore/data/ChartData?fips=53000&year=2023&mtype=3,307,text/html,3I42H3S6NNFQ2MSVX7XZKYAYSCX5QBYJ,SAWP5,save-merged-p108.arquivo.pt-20260617202419-0YMYA5RJ20.warc.gz,True,
2026-06-16T23:43:28+00:00,https://apps.bea.gov/histdata/core/data/GetHistFileDetails/?FileGroupID=285&FileType=HistFile,200,application/json,UZIXHEKPNGZVLLORJZAUUNOIFBAD66K3,SAWP5,save-merged-p106.arquivo.pt-20260617194344-NDNTA0XQUF.warc.gz,True,
2026-06-16T23:43:30+00:00,https://apps.bea.gov/histdata/core/data/GetHistFileDetails/?FileGroupID=300&FileType=HistFile,200,application/json,YOYX2Y7VKV5TLQVXSCUK63NXS3PXRQYN,SAWP5,save-merged-p105.arquivo.pt-20260617174349-EXUBQ1BNS9.warc.gz,True,
2026-06-16T23:43:32+00:00,https://apps.bea.gov/histdata/core/data/GetHistFileDetails/?FileGroupID=312&FileType=HistFile,200,application/json,UKCCLRK54ZHBFOYHPTXL5M3IKLG4VLM2,SAWP5,save-merged-p108.arquivo.pt-20260617202419-0YMYA5RJ20.warc.gz,True,
2026-06-16T23:43:34+00:00,https://apps.bea.gov/histdata/core/data/GetHistFileDetails/?FileGroupID=307&FileType=HistFile,200,application/json,OHRQI5I2FA3NB2CLTBYDA4AWYQ2PWNOF,SAWP5,save-merged-p108.arquivo.pt-20260617202419-0YMYA5RJ20.warc.gz,True,
2026-06-16T23:44:10+00:00,https://apps.bea.gov/regional/histdata/releases/0324pistate/SAINC.zip,200,application/x-zip-compressed,5RHVOC4MGSBXYEOL44ITII5BE52YH2OM,SAWP5,save-merged-p106.arquivo.pt-20260617194222-8K58L548P8.warc.gz,True,
2026-06-16T23:44:31+00:00,https://apps.bea.gov/itable/js/scripts.js?2,200,application/javascript,E6I3KUFLYLO2UMOODZSR6DZGJMVZO7OI,SAWP5,save-merged-p108.arquivo.pt-20260617202419-0YMYA5RJ20.warc.gz,True,
2026-06-16T23:44:33+00:00,https://apps.bea.gov/itable/js/promptKeyData.js?1,200,application/javascript,4IBSMWNDT6VEP6MBSJC6TEYQQ2FLSJDR,SAWP5,save-merged-p105.arquivo.pt-20260617174432-500ASHTDQI.warc.gz,True,
2026-06-16T23:44:35+00:00,https://apps.bea.gov/itable/js/Table.js?1,200,application/javascript,6B3F6FEPSI2MU5GIKQGBXKKSEJB726JB,SAWP5,save-merged-p106.arquivo.pt-20260617192826-6TL9PGLH60.warc.gz,True,
2026-06-16T23:44:37+00:00,https://apps.bea.gov/itable/js/utils.js?1,200,application/javascript,DGF2SRJUDZWY3Y2VA76NL4W62EI5GCLG,SAWP5,save-merged-p107.arquivo.pt-20260617184338-M7VJP0AIU4.warc.gz,True,
2026-06-16T23:45:31+00:00,https://apps.bea.gov//regional/zip/SAINC.zip,200,application/x-zip-compressed,CIL2VA2BORXN7TQEWOSV2WN3CO73IXQM,SAWP5,save-merged-p107.arquivo.pt-20260617184338-M7VJP0AIU4.warc.gz,True,
2026-06-16T23:46:10+00:00,https://apps.bea.gov/iTablecore/data/app/70,200,text/plain,N5KX67S5CGMN2NF32LZYT4D5LGD45O4Z,SAWP5,save-merged-p105.arquivo.pt-20260617174337-EU47WDLYJP.warc.gz,True,
2026-06-16T23:46:12+00:00,https://apps.bea.gov/iTablecore/data/app/99,200,text/plain,H5GIS5ZGUNBJJXMXWXR4UWXBUPZFMG75,SAWP5,save-merged-p107.arquivo.pt-20260617184338-M7VJP0AIU4.warc.gz,True,
2026-06-16T23:46:14+00:00,https://apps.bea.gov/iTablecore/data/app/GetSteps,400,application/problem+json,ZBBAAFDOYRU7GH4BH46DDUQGVFS2RODE,SAWP5,save-merged-p108.arquivo.pt-20260617201648-0V9QBJ1WHP.warc.gz,True,
2026-06-16T23:51:29+00:00,https://apps.bea.gov/regionalcore/data/ChartData?fips=49000&year=2023&mtype=3&cb=1781653887823236897,200,text/plain,YDMVRSX5LJ3D4VCAGRP5UDGBBMJ4R3JI,SAWP5,save-merged-p105.arquivo.pt-20260617174432-500ASHTDQI.warc.gz,True,
2026-06-16T23:51:54+00:00,https://apps.bea.gov//regional/histdata/,301,text/html,3I42H3S6NNFQ2MSVX7XZKYAYSCX5QBYJ,SAWP5,save-merged-p105.arquivo.pt-20260617171324-BN4NKFCTX1.warc.gz,True,
2026-06-16T23:52:14+00:00,https://apps.bea.gov/regionalcore/data/ChartData?fips=49000&year=2023&mtype=3&cb=1781653887823236897,200,text/plain,YDMVRSX5LJ3D4VCAGRP5UDGBBMJ4R3JI,SAWP5,save-merged-p108.arquivo.pt-20260617202049-NOFS6HTPTU.warc.gz,True,
2026-06-16T23:52:36+00:00,https://apps.bea.gov///histdatacore/Regional_Accounts_new.html,307,text/html,GZMVRRB2Q7QGBLKVMPCBGZCDGEBFT6IP,SAWP5,save-merged-p105.arquivo.pt-20260617174343-0QO434I7RF.warc.gz,True,
2026-06-16T23:53:53+00:00,https://apps.bea.gov/regionalcore/data/ChartData?fips=54000&year=2023&mtype=3&vintage=2024,200,text/plain,LP4WBMSP4RVVBMHX6T77ID6WM7ZG6XWQ,SAWP5,save-merged-p105.arquivo.pt-20260617174349-EXUBQ1BNS9.warc.gz,True,
2026-06-16T23:53:55+00:00,https://apps.bea.gov/regionalcore/data/ChartData?fips=54000&year=2023&mtype=3&release=20240329,200,text/plain,LP4WBMSP4RVVBMHX6T77ID6WM7ZG6XWQ,SAWP5,save-merged-p106.arquivo.pt-20260617194222-8K58L548P8.warc.gz,True,
2026-06-16T23:53:56+00:00,https://apps.bea.gov/regionalcore/data/ChartData?fips=54000&year=2023&mtype=3&asof=2024-03-29,200,text/plain,LP4WBMSP4RVVBMHX6T77ID6WM7ZG6XWQ,SAWP5,save-merged-p105.arquivo.pt-20260617174520-7I916P8X8O.warc.gz,True,
2026-06-16T23:55:15+00:00,https://apps.bea.gov//histdata/Regional_Accounts_new.html,200,text/html,HFYPROZIQUMO6W3N3O5BDN5RUSCCONPO,SAWP5,save-merged-p107.arquivo.pt-20260617184338-M7VJP0AIU4.warc.gz,True,
2026-06-16T23:55:17+00:00,https://apps.bea.gov//histdatacore/Regional_Accounts_new.html,307,text/html,GZMVRRB2Q7QGBLKVMPCBGZCDGEBFT6IP,SAWP5,save-merged-p108.arquivo.pt-20260617202419-0YMYA5RJ20.warc.gz,True,
2026-06-16T23:56:25+00:00,https://apps.bea.gov//histdata/,200,text/html,TD5KPSJSH76DCZ7WZVPPU3VMQWZM3WMK,SAWP5,save-merged-p107.arquivo.pt-20260617184207-8A894F3ZA4.warc.gz,True,
2026-06-16T23:56:27+00:00,https://apps.bea.gov//histdata/index.html,200,text/html,TD5KPSJSH76DCZ7WZVPPU3VMQWZM3WMK,SAWP5,save-merged-p107.arquivo.pt-20260617184338-M7VJP0AIU4.warc.gz,True,
2026-06-16T23:56:28+00:00,https://apps.bea.gov//histdata/Regional_Accounts.html,200,text/html,HFYPROZIQUMO6W3N3O5BDN5RUSCCONPO,SAWP5,save-merged-p107.arquivo.pt-20260617184338-M7VJP0AIU4.warc.gz,True,
2026-06-16T23:56:30+00:00,https://apps.bea.gov//histdata/regional.html,200,text/html,HFYPROZIQUMO6W3N3O5BDN5RUSCCONPO,SAWP5,save-merged-p107.arquivo.pt-20260617184207-8A894F3ZA4.warc.gz,True,
2026-06-16T23:56:32+00:00,https://apps.bea.gov//histdata/RegionalAccounts.html,200,text/html,MOULAT5QHMGX7OTTPOUOJFH5YV566A73,SAWP5,save-merged-p108.arquivo.pt-20260617202419-0YMYA5RJ20.warc.gz,True,
2026-06-16T23:57:12+00:00,https://apps.bea.gov/regionalcore/data/ChartData?fips=53000%26year=2023%26mtype=3,500,unk,3I42H3S6NNFQ2MSVX7XZKYAYSCX5QBYJ,SAWP5,save-merged-p106.arquivo.pt-20260617194355-A1XS3U9PL7.warc.gz,True,
2026-06-16T23:57:33+00:00,https://apps.bea.gov//histdata/js/app.js,200,application/javascript,INKA3HOPX272SFIHAUYECCHOWFDLT5VC,SAWP5,save-merged-p107.arquivo.pt-20260617184338-M7VJP0AIU4.warc.gz,True,
2026-06-16T23:57:35+00:00,https://apps.bea.gov//histdata/css/main.css,200,text/css,BMR4PIZNOU3J63UTDZTQ2DDINFH5OMCV,SAWP5,save-merged-p105.arquivo.pt-20260617174343-0QO434I7RF.warc.gz,True,
2026-06-16T23:57:38+00:00,https://apps.bea.gov/histdatacore/HistFileGroup/?histCateID=4&fileGroupID=0&getFileList=false,307,text/html,CE2Q4IRY5272KOOK6D6XHZ66OLS6VGTQ,SAWP5,save-merged-p108.arquivo.pt-20260617202419-0YMYA5RJ20.warc.gz,True,
2026-06-16T23:57:59+00:00,https://apps.bea.gov/histdata/HistFileGroup/?histCateID=4&fileGroupID=0&getFileList=false,200,text/html,HFYPROZIQUMO6W3N3O5BDN5RUSCCONPO,SAWP5,save-merged-p108.arquivo.pt-20260617201658-F173KOV5US.warc.gz,True,
2026-06-16T23:58:01+00:00,https://apps.bea.gov/histdata/Fea_DisplayChildrenB/?ParentId=1,200,text/html,HFYPROZIQUMO6W3N3O5BDN5RUSCCONPO,SAWP5,save-merged-p106.arquivo.pt-20260617194355-A1XS3U9PL7.warc.gz,True,
2026-06-16T23:58:11+00:00,https://apps.bea.gov//histdata/js/config.json,200,application/json,OUW2ZK7BNA7Q2TA2BKT2HHA4IKRVJC67,SAWP5,save-merged-p106.arquivo.pt-20260617191958-2ZB48MKE9B.warc.gz,True,
2026-06-16T23:58:12+00:00,https://apps.bea.gov/regionalcore/data/ChartData?fips=01000&year=2023&mtype=3&cb=6016e6324dfc40d39b7f30261d92718c,200,text/plain,EHCFBUWYPKVGT52LSO7SLZU7LOMC4HUF,SAWP5,save-merged-p105.arquivo.pt-20260617174432-500ASHTDQI.warc.gz,True,
2026-06-16T23:58:12+00:00,https://apps.bea.gov/regionalcore/data/ChartData?fips=04000&year=2023&mtype=3&cb=7eef006e44434876a803b8c7bcd5a78c,200,text/plain,5FUOYYF426XEULENMR3WP4AK6HW4ATI6,SAWP5,save-merged-p105.arquivo.pt-20260617174343-0QO434I7RF.warc.gz,True,
2026-06-16T23:58:12+00:00,https://apps.bea.gov/regionalcore/data/ChartData?fips=05000&year=2023&mtype=3&cb=cadd47c856974ee6bbe6ff0c935a7b53,200,text/plain,BUP5PCR4YLMWJPIUQ6ERDSCKBMH2AOEG,SAWP5,save-merged-p107.arquivo.pt-20260617184338-M7VJP0AIU4.warc.gz,True,
2026-06-16T23:58:12+00:00,https://apps.bea.gov/regionalcore/data/ChartData?fips=02000&year=2023&mtype=3&cb=cb2a2fac0c7844d2aa953aaade3c669a,200,text/plain,V7AEGZV2SII3WTQRS5RNPHHM4OCXZBBW,SAWP5,save-merged-p105.arquivo.pt-20260617174337-EU47WDLYJP.warc.gz,True,
2026-06-16T23:58:13+00:00,https://apps.bea.gov//histdata/js/modules/index.js,200,application/javascript,EDUYAQX5GAYAP5CI5BIFYD7XTIEFFKYV,SAWP5,save-merged-p106.arquivo.pt-20260617194355-A1XS3U9PL7.warc.gz,True,
2026-06-16T23:58:14+00:00,https://apps.bea.gov/regionalcore/data/ChartData?fips=01000&year=2023&mtype=3&cb=6016e6324dfc40d39b7f30261d92718c,200,text/plain,EHCFBUWYPKVGT52LSO7SLZU7LOMC4HUF,SAWP5,save-merged-p107.arquivo.pt-20260617184207-8A894F3ZA4.warc.gz,True,
2026-06-16T23:58:14+00:00,https://apps.bea.gov/regionalcore/data/ChartData?fips=04000&year=2023&mtype=3&cb=7eef006e44434876a803b8c7bcd5a78c,200,text/plain,5FUOYYF426XEULENMR3WP4AK6HW4ATI6,SAWP5,save-merged-p107.arquivo.pt-20260617182247-NW4FVP7I19.warc.gz,True,
2026-06-16T23:58:14+00:00,https://apps.bea.gov/regionalcore/data/ChartData?fips=05000&year=2023&mtype=3&cb=cadd47c856974ee6bbe6ff0c935a7b53,200,text/plain,BUP5PCR4YLMWJPIUQ6ERDSCKBMH2AOEG,SAWP5,save-merged-p106.arquivo.pt-20260617191958-2ZB48MKE9B.warc.gz,True,
2026-06-16T23:58:14+00:00,https://apps.bea.gov/regionalcore/data/ChartData?fips=02000&year=2023&mtype=3&cb=cb2a2fac0c7844d2aa953aaade3c669a,200,text/plain,V7AEGZV2SII3WTQRS5RNPHHM4OCXZBBW,SAWP5,save-merged-p107.arquivo.pt-20260617183755-KGK98M25I0.warc.gz,True,
2026-06-16T23:58:15+00:00,https://apps.bea.gov//histdata/js/utils/impersonation.js,200,text/html,HFYPROZIQUMO6W3N3O5BDN5RUSCCONPO,SAWP5,save-merged-p105.arquivo.pt-20260617174432-500ASHTDQI.warc.gz,True,
2026-06-16T23:58:15+00:00,https://apps.bea.gov/regionalcore/data/ChartData?fips=06000&year=2023&mtype=3&cb=3a61e0d544fc4430981735d2b0e34274,200,text/plain,IWYSXAFYRNREGUH7VMI4C5WJHEXX6U33,SAWP5,save-merged-p105.arquivo.pt-20260617174343-0QO434I7RF.warc.gz,True,
2026-06-16T23:58:15+00:00,https://apps.bea.gov/regionalcore/data/ChartData?fips=09000&year=2023&mtype=3&cb=d9972f9cfaef4a698102b6fde1c6b303,200,text/plain,ISOPBJT5FTAFALVWO5D5TRO6G7MEOC26,SAWP5,save-merged-p106.arquivo.pt-20260617192826-6TL9PGLH60.warc.gz,True,
2026-06-16T23:58:16+00:00,https://apps.bea.gov/regionalcore/data/ChartData?fips=10000&year=2023&mtype=3&cb=45c3cc805e4f40ffb221d92b3e8abdd3,200,text/plain,45AHMLX4LBSCOVK4PE73QVE7I4Y2S6YO,SAWP5,save-merged-p107.arquivo.pt-20260617184338-M7VJP0AIU4.warc.gz,True,
2026-06-16T23:58:16+00:00,https://apps.bea.gov/regionalcore/data/ChartData?fips=08000&year=2023&mtype=3&cb=b9710497c077465eb0d6ec63a4d7f272,200,text/plain,J4RWVQFKOO5OB22PKT75UATAB74XEZBL,SAWP5,save-merged-p106.arquivo.pt-20260617194344-NDNTA0XQUF.warc.gz,True,
2026-06-16T23:58:17+00:00,https://apps.bea.gov/regionalcore/data/ChartData?fips=06000&year=2023&mtype=3&cb=3a61e0d544fc4430981735d2b0e34274,200,text/plain,IWYSXAFYRNREGUH7VMI4C5WJHEXX6U33,SAWP5,save-merged-p106.arquivo.pt-20260617194355-A1XS3U9PL7.warc.gz,True,
2026-06-16T23:58:17+00:00,https://apps.bea.gov/regionalcore/data/ChartData?fips=08000&year=2023&mtype=3&cb=b9710497c077465eb0d6ec63a4d7f272,200,text/plain,J4RWVQFKOO5OB22PKT75UATAB74XEZBL,SAWP5,save-merged-p108.arquivo.pt-20260617201704-HLHN7F9FXB.warc.gz,True,
2026-06-16T23:58:17+00:00,https://apps.bea.gov/regionalcore/data/ChartData?fips=09000&year=2023&mtype=3&cb=d9972f9cfaef4a698102b6fde1c6b303,200,text/plain,ISOPBJT5FTAFALVWO5D5TRO6G7MEOC26,SAWP5,save-merged-p107.arquivo.pt-20260617184338-M7VJP0AIU4.warc.gz,True,
2026-06-16T23:58:18+00:00,https://apps.bea.gov/regionalcore/data/ChartData?fips=11000&year=2023&mtype=3&cb=0e08fc16c5884529b0ff6ff3d915286e,200,text/plain,YQJGF7CDW6QYRNY5X2EZYM2OIBPNA3XO,SAWP5,save-merged-p105.arquivo.pt-20260617174337-EU47WDLYJP.warc.gz,True,
2026-06-16T23:58:18+00:00,https://apps.bea.gov/regionalcore/data/ChartData?fips=12000&year=2023&mtype=3&cb=2a32ef895ec347f188afebffd513128b,200,text/plain,BS37Z6QYXBY43E3H6BJ546NCQPZMPOX6,SAWP5,save-merged-p106.arquivo.pt-20260617194222-8K58L548P8.warc.gz,True,
2026-06-16T23:58:18+00:00,https://apps.bea.gov/regionalcore/data/ChartData?fips=10000&year=2023&mtype=3&cb=45c3cc805e4f40ffb221d92b3e8abdd3,200,text/plain,45AHMLX4LBSCOVK4PE73QVE7I4Y2S6YO,SAWP5,save-merged-p107.arquivo.pt-20260617184338-M7VJP0AIU4.warc.gz,True,
2026-06-16T23:58:19+00:00,https://apps.bea.gov/regionalcore/data/ChartData?fips=13000&year=2023&mtype=3&cb=b444c8884f504adcb688d8e3b1520a98,200,text/plain,IY7WZ257ZUWN3BZD7RDTXWO2YRLYTZJV,SAWP5,save-merged-p105.arquivo.pt-20260617174337-EU47WDLYJP.warc.gz,True,
2026-06-16T23:58:19+00:00,https://apps.bea.gov/regionalcore/data/ChartData?fips=15000&year=2023&mtype=3&cb=ce1236ebf75f432d953074441e8afcca,200,text/plain,75B6UUSGSEXMOQJLBKG7LO74DQJ7K74L,SAWP5,save-merged-p107.arquivo.pt-20260617184338-M7VJP0AIU4.warc.gz,True,
2026-06-16T23:58:20+00:00,https://apps.bea.gov/regionalcore/data/ChartData?fips=11000&year=2023&mtype=3&cb=0e08fc16c5884529b0ff6ff3d915286e,200,text/plain,YQJGF7CDW6QYRNY5X2EZYM2OIBPNA3XO,SAWP5,save-merged-p105.arquivo.pt-20260617174337-EU47WDLYJP.warc.gz,True,
2026-06-16T23:58:20+00:00,https://apps.bea.gov/regionalcore/data/ChartData?fips=12000&year=2023&mtype=3&cb=2a32ef895ec347f188afebffd513128b,200,text/plain,BS37Z6QYXBY43E3H6BJ546NCQPZMPOX6,SAWP5,save-merged-p107.arquivo.pt-20260617184338-M7VJP0AIU4.warc.gz,True,
2026-06-16T23:58:20+00:00,https://apps.bea.gov/regionalcore/data/ChartData?fips=13000&year=2023&mtype=3&cb=b444c8884f504adcb688d8e3b1520a98,200,text/plain,IY7WZ257ZUWN3BZD7RDTXWO2YRLYTZJV,SAWP5,save-merged-p105.arquivo.pt-20260617174349-EXUBQ1BNS9.warc.gz,True,
2026-06-16T23:58:20+00:00,https://apps.bea.gov/regionalcore/data/ChartData?fips=15000&year=2023&mtype=3&cb=ce1236ebf75f432d953074441e8afcca,200,text/plain,75B6UUSGSEXMOQJLBKG7LO74DQJ7K74L,SAWP5,save-merged-p106.arquivo.pt-20260617192826-6TL9PGLH60.warc.gz,True,
2026-06-16T23:58:21+00:00,https://apps.bea.gov/regionalcore/data/ChartData?fips=16000&year=2023&mtype=3&cb=0052d4881a9a482c88de16ea9ad1a167,200,text/plain,E7YUGQQI337M42ZC6APXEQHW7QFOCCCG,SAWP5,save-merged-p107.arquivo.pt-20260617184430-POJ6UUQOMP.warc.gz,True,
2026-06-16T23:58:21+00:00,https://apps.bea.gov/regionalcore/data/ChartData?fips=17000&year=2023&mtype=3&cb=51f13f69f9c840b1958687d37b22d710,200,text/plain,RJH7SZTGMJLMQNZXWUFNB5JQBKWNQ3F2,SAWP5,save-merged-p107.arquivo.pt-20260617184430-POJ6UUQOMP.warc.gz,True,
2026-06-16T23:58:22+00:00,https://apps.bea.gov/regionalcore/data/ChartData?fips=16000&year=2023&mtype=3&cb=0052d4881a9a482c88de16ea9ad1a167,200,text/plain,E7YUGQQI337M42ZC6APXEQHW7QFOCCCG,SAWP5,save-merged-p108.arquivo.pt-20260617202419-0YMYA5RJ20.warc.gz,True,
2026-06-16T23:58:22+00:00,https://apps.bea.gov/regionalcore/data/ChartData?fips=18000&year=2023&mtype=3&cb=6b14e4c0b5e0424e8b298ff176f8c877,200,text/plain,NV67O4N4QQSE2FTEFIUNI6HXIWH5Q7XE,SAWP5,save-merged-p108.arquivo.pt-20260617201642-EMSUJE6Z4U.warc.gz,True,
2026-06-16T23:58:22+00:00,https://apps.bea.gov/regionalcore/data/ChartData?fips=19000&year=2023&mtype=3&cb=dee8d9c604584538a030b03f941f0218,200,text/plain,TVFZD34Q3MOC4U35AIX2D3XZLIFB66AO,SAWP5,save-merged-p108.arquivo.pt-20260617201642-EMSUJE6Z4U.warc.gz,True,
2026-06-16T23:58:23+00:00,https://apps.bea.gov/regionalcore/data/ChartData?fips=17000&year=2023&mtype=3&cb=51f13f69f9c840b1958687d37b22d710,200,text/plain,RJH7SZTGMJLMQNZXWUFNB5JQBKWNQ3F2,SAWP5,save-merged-p108.arquivo.pt-20260617202419-0YMYA5RJ20.warc.gz,True,
2026-06-16T23:58:23+00:00,https://apps.bea.gov/regionalcore/data/ChartData?fips=18000&year=2023&mtype=3&cb=6b14e4c0b5e0424e8b298ff176f8c877,200,text/plain,NV67O4N4QQSE2FTEFIUNI6HXIWH5Q7XE,SAWP5,save-merged-p107.arquivo.pt-20260617184338-M7VJP0AIU4.warc.gz,True,
2026-06-16T23:58:23+00:00,https://apps.bea.gov/regionalcore/data/ChartData?fips=19000&year=2023&mtype=3&cb=dee8d9c604584538a030b03f941f0218,403,text/html,SVJ6BT5BY7SQKAASA3NTDIM5OANOJSME,SAWP5,save-merged-p107.arquivo.pt-20260617184338-M7VJP0AIU4.warc.gz,True,
2026-06-16T23:58:24+00:00,https://apps.bea.gov/regionalcore/data/ChartData?fips=21000&year=2023&mtype=3&cb=5bf2a777428d4e6e86cf1d8b46906e77,200,text/plain,7NWGXAS3GOG5SUM3F33PYIN76NWKCCFK,SAWP5,save-merged-p105.arquivo.pt-20260617174337-EU47WDLYJP.warc.gz,True,
2026-06-16T23:58:24+00:00,https://apps.bea.gov/regionalcore/data/ChartData?fips=20000&year=2023&mtype=3&cb=9900330369544939b9f79f2eae18f66a,200,text/plain,3OY5CG4YQ4HSOXAW2ZVZG7Q243ER44AC,SAWP5,save-merged-p108.arquivo.pt-20260617201642-EMSUJE6Z4U.warc.gz,True,
2026-06-16T23:58:24+00:00,https://apps.bea.gov/regionalcore/data/ChartData?fips=22000&year=2023&mtype=3&cb=d5dcbf73aa454cab92efdf26d30897db,200,text/plain,Q3DDYFTVDVX6FKRUS7WURSMNJ3KD7KXC,SAWP5,save-merged-p106.arquivo.pt-20260617194344-NDNTA0XQUF.warc.gz,True,
2026-06-16T23:58:25+00:00,https://apps.bea.gov/histdata/HistCategory?histCateID=0,200,text/html,HFYPROZIQUMO6W3N3O5BDN5RUSCCONPO,SAWP5,save-merged-p107.arquivo.pt-20260617184338-M7VJP0AIU4.warc.gz,True,
2026-06-16T23:58:25+00:00,https://apps.bea.gov/regionalcore/data/ChartData?fips=20000&year=2023&mtype=3&cb=9900330369544939b9f79f2eae18f66a,200,text/plain,3OY5CG4YQ4HSOXAW2ZVZG7Q243ER44AC,SAWP5,save-merged-p106.arquivo.pt-20260617194355-A1XS3U9PL7.warc.gz,True,
2026-06-16T23:58:25+00:00,https://apps.bea.gov/regionalcore/data/ChartData?fips=23000&year=2023&mtype=3&cb=9f34608674bd42c586dbbe87773799cb,200,text/plain,7PSUQ3SHGODF4EREYV4MAJX7BFC5OSZL,SAWP5,save-merged-p106.arquivo.pt-20260617194306-DS4E8OXBIW.warc.gz,True,
2026-06-16T23:58:26+00:00,https://apps.bea.gov/histdata/HistFileGroup?histCateID=4&fileGroupID=0&getFileList=false,200,text/html,HFYPROZIQUMO6W3N3O5BDN5RUSCCONPO,SAWP5,save-merged-p108.arquivo.pt-20260617202419-0YMYA5RJ20.warc.gz,True,
2026-06-16T23:58:26+00:00,https://apps.bea.gov/regionalcore/data/ChartData?fips=21000&year=2023&mtype=3&cb=5bf2a777428d4e6e86cf1d8b46906e77,200,text/plain,7NWGXAS3GOG5SUM3F33PYIN76NWKCCFK,SAWP5,save-merged-p105.arquivo.pt-20260617174343-0QO434I7RF.warc.gz,True,
2026-06-16T23:58:26+00:00,https://apps.bea.gov/regionalcore/data/ChartData?fips=22000&year=2023&mtype=3&cb=d5dcbf73aa454cab92efdf26d30897db,200,text/plain,Q3DDYFTVDVX6FKRUS7WURSMNJ3KD7KXC,SAWP5,save-merged-p106.arquivo.pt-20260617194355-A1XS3U9PL7.warc.gz,True,
2026-06-16T23:58:27+00:00,https://apps.bea.gov/regionalcore/data/ChartData?fips=25000&year=2023&mtype=3&cb=04cb4b27a8f0414aa1f9d351f28e9df6,200,text/plain,64OYP3HMKWFZDRJ7ZYBFA5EFWJY3CPAZ,SAWP5,save-merged-p105.arquivo.pt-20260617174337-EU47WDLYJP.warc.gz,True,
2026-06-16T23:58:27+00:00,https://apps.bea.gov/regionalcore/data/ChartData?fips=26000&year=2023&mtype=3&cb=85c05efa97d643babb8d7d21df19133d,200,text/plain,ZSA4JMPALYVJCSDFHBZM4Z4VNRFVTM4G,SAWP5,save-merged-p107.arquivo.pt-20260617184338-M7VJP0AIU4.warc.gz,True,
2026-06-16T23:58:27+00:00,https://apps.bea.gov/regionalcore/data/ChartData?fips=23000&year=2023&mtype=3&cb=9f34608674bd42c586dbbe87773799cb,200,text/plain,7PSUQ3SHGODF4EREYV4MAJX7BFC5OSZL,SAWP5,save-merged-p105.arquivo.pt-20260617174349-EXUBQ1BNS9.warc.gz,True,
2026-06-16T23:58:27+00:00,https://apps.bea.gov/regionalcore/data/ChartData?fips=24000&year=2023&mtype=3&cb=f3bc6bb718094e0282a8e542c38ce309,200,text/plain,7SOLQOBA7YQCNFTEV2VR5P3RTPELRX44,SAWP5,save-merged-p105.arquivo.pt-20260617174349-EXUBQ1BNS9.warc.gz,True,
2026-06-16T23:58:28+00:00,https://apps.bea.gov/histdata/Fea_DisplayChildrenB?ParentId=1,200,text/html,HFYPROZIQUMO6W3N3O5BDN5RUSCCONPO,SAWP5,save-merged-p105.arquivo.pt-20260617174432-500ASHTDQI.warc.gz,True,
2026-06-16T23:58:28+00:00,https://apps.bea.gov/regionalcore/data/ChartData?fips=25000&year=2023&mtype=3&cb=04cb4b27a8f0414aa1f9d351f28e9df6,200,text/plain,64OYP3HMKWFZDRJ7ZYBFA5EFWJY3CPAZ,SAWP5,save-merged-p106.arquivo.pt-20260617194355-A1XS3U9PL7.warc.gz,True,
2026-06-16T23:58:28+00:00,https://apps.bea.gov/regionalcore/data/ChartData?fips=27000&year=2023&mtype=3&cb=3413788852f54203a13d1574c9d21ee1,200,text/plain,UHJ5H7BWZEC7K2F32T5ROMJECX3Y7BIO,SAWP5,save-merged-p107.arquivo.pt-20260617184338-M7VJP0AIU4.warc.gz,True,
2026-06-16T23:58:28+00:00,https://apps.bea.gov/regionalcore/data/ChartData?fips=24000&year=2023&mtype=3&cb=f3bc6bb718094e0282a8e542c38ce309,200,text/plain,7SOLQOBA7YQCNFTEV2VR5P3RTPELRX44,SAWP5,save-merged-p106.arquivo.pt-20260617194344-NDNTA0XQUF.warc.gz,True,
2026-06-16T23:58:29+00:00,https://apps.bea.gov/histdata/Fea_DisplayChildrenB?ParentId=1,200,text/html,HFYPROZIQUMO6W3N3O5BDN5RUSCCONPO,SAWP5,save-merged-p105.arquivo.pt-20260617174343-0QO434I7RF.warc.gz,True,
2026-06-16T23:58:29+00:00,https://apps.bea.gov/regionalcore/data/ChartData?fips=26000&year=2023&mtype=3&cb=85c05efa97d643babb8d7d21df19133d,200,text/plain,ZSA4JMPALYVJCSDFHBZM4Z4VNRFVTM4G,SAWP5,save-merged-p108.arquivo.pt-20260617201637-MH3Z6T47FX.warc.gz,True,
2026-06-16T23:58:30+00:00,https://apps.bea.gov/regionalcore/data/ChartData?fips=28000&year=2023&mtype=3&cb=07d47631e7aa4078ab0fdfd79d883cc6,200,text/plain,IJTURUEFI6VPR2H4STAT3LQYZGVDFD4C,SAWP5,save-merged-p105.arquivo.pt-20260617174337-EU47WDLYJP.warc.gz,True,
2026-06-16T23:58:30+00:00,https://apps.bea.gov/regionalcore/data/ChartData?fips=30000&year=2023&mtype=3&cb=17dc2472e8fb460990f4ae5119b5d05d,200,text/plain,HLWBMHOAE7WLPNU5HTM6PZWFEEQHYJHW,SAWP5,save-merged-p107.arquivo.pt-20260617184338-M7VJP0AIU4.warc.gz,True,
2026-06-16T23:58:30+00:00,https://apps.bea.gov/regionalcore/data/ChartData?fips=27000&year=2023&mtype=3&cb=3413788852f54203a13d1574c9d21ee1,200,text/plain,UHJ5H7BWZEC7K2F32T5ROMJECX3Y7BIO,SAWP5,save-merged-p106.arquivo.pt-20260617194355-A1XS3U9PL7.warc.gz,True,
2026-06-16T23:58:30+00:00,https://apps.bea.gov/regionalcore/data/ChartData?fips=29000&year=2023&mtype=3&cb=f893bd2087e24941b17a5383d4ae45a7,200,text/plain,HJTSWYSSKZS4YDODHUDJYOV5W727TODM,SAWP5,save-merged-p107.arquivo.pt-20260617184338-M7VJP0AIU4.warc.gz,True,
2026-06-16T23:58:31+00:00,https://apps.bea.gov/regionalcore/data/ChartData?fips=31000&year=2023&mtype=3&cb=1fab7b296db84f1e92abd838a2dc27e5,200,text/plain,SAUTRCB522YKNGD4CTPWCTHHHMA4NG2J,SAWP5,save-merged-p107.arquivo.pt-20260617184430-POJ6UUQOMP.warc.gz,True,
2026-06-16T23:58:31+00:00,https://apps.bea.gov/regionalcore/data/ChartData?fips=29000&year=2023&mtype=3&cb=f893bd2087e24941b17a5383d4ae45a7,200,text/plain,HJTSWYSSKZS4YDODHUDJYOV5W727TODM,SAWP5,save-merged-p108.arquivo.pt-20260617201642-EMSUJE6Z4U.warc.gz,True,
2026-06-16T23:58:32+00:00,https://apps.bea.gov/regionalcore/data/ChartData?fips=28000&year=2023&mtype=3&cb=07d47631e7aa4078ab0fdfd79d883cc6,200,text/plain,IJTURUEFI6VPR2H4STAT3LQYZGVDFD4C,SAWP5,save-merged-p107.arquivo.pt-20260617184338-M7VJP0AIU4.warc.gz,True,
2026-06-16T23:58:32+00:00,https://apps.bea.gov/regionalcore/data/ChartData?fips=30000&year=2023&mtype=3&cb=17dc2472e8fb460990f4ae5119b5d05d,200,text/plain,HLWBMHOAE7WLPNU5HTM6PZWFEEQHYJHW,SAWP5,save-merged-p105.arquivo.pt-20260617174520-7I916P8X8O.warc.gz,True,
2026-06-16T23:58:32+00:00,https://apps.bea.gov/regionalcore/data/ChartData?fips=32000&year=2023&mtype=3&cb=f79a9cb56838482c8ade334fda055000,200,text/plain,P6ARSWBQQ75DPAGA3ZT27QWOZ5PWZZCR,SAWP5,save-merged-p107.arquivo.pt-20260617182647-0VM22ASYAK.warc.gz,True,
2026-06-16T23:58:33+00:00,https://apps.bea.gov/regionalcore/data/ChartData?fips=31000&year=2023&mtype=3&cb=1fab7b296db84f1e92abd838a2dc27e5,200,text/plain,SAUTRCB522YKNGD4CTPWCTHHHMA4NG2J,SAWP5,save-merged-p105.arquivo.pt-20260617174343-0QO434I7RF.warc.gz,True,
2026-06-16T23:58:33+00:00,https://apps.bea.gov/regionalcore/data/ChartData?fips=34000&year=2023&mtype=3&cb=5692a711866f4f708780d87ad609d448,200,text/plain,O6LGLI6D6YZ32LVM5YIMM6UKWKODQLK6,SAWP5,save-merged-p106.arquivo.pt-20260617194306-DS4E8OXBIW.warc.gz,True,
2026-06-16T23:58:33+00:00,https://apps.bea.gov/regionalcore/data/ChartData?fips=33000&year=2023&mtype=3&cb=606f7afac9074013b7a4a89d2147ca26,200,text/plain,5ILHG7QZ7S42EVKSP372VE2NDTW6LIBV,SAWP5,save-merged-p108.arquivo.pt-20260617202419-0YMYA5RJ20.warc.gz,True,
2026-06-16T23:58:34+00:00,https://apps.bea.gov/regionalcore/data/ChartData?fips=35000&year=2023&mtype=3&cb=19ac021636d94c4d9f5156c92cb648e8,200,text/plain,CTDETRUYA26EKCLNCZ3VCZQRUQ5VQ6NL,SAWP5,save-merged-p106.arquivo.pt-20260617194222-8K58L548P8.warc.gz,True,
2026-06-16T23:58:34+00:00,https://apps.bea.gov/regionalcore/data/ChartData?fips=33000&year=2023&mtype=3&cb=606f7afac9074013b7a4a89d2147ca26,200,text/plain,5ILHG7QZ7S42EVKSP372VE2NDTW6LIBV,SAWP5,save-merged-p108.arquivo.pt-20260617202419-0YMYA5RJ20.warc.gz,True,
2026-06-16T23:58:34+00:00,https://apps.bea.gov/regionalcore/data/ChartData?fips=32000&year=2023&mtype=3&cb=f79a9cb56838482c8ade334fda055000,200,text/plain,P6ARSWBQQ75DPAGA3ZT27QWOZ5PWZZCR,SAWP5,save-merged-p107.arquivo.pt-20260617184338-M7VJP0AIU4.warc.gz,True,
2026-06-16T23:58:35+00:00,https://apps.bea.gov/regionalcore/data/ChartData?fips=35000&year=2023&mtype=3&cb=19ac021636d94c4d9f5156c92cb648e8,200,text/plain,CTDETRUYA26EKCLNCZ3VCZQRUQ5VQ6NL,SAWP5,save-merged-p107.arquivo.pt-20260617184338-M7VJP0AIU4.warc.gz,True,
2026-06-16T23:58:35+00:00,https://apps.bea.gov/regionalcore/data/ChartData?fips=34000&year=2023&mtype=3&cb=5692a711866f4f708780d87ad609d448,200,text/plain,O6LGLI6D6YZ32LVM5YIMM6UKWKODQLK6,SAWP5,save-merged-p105.arquivo.pt-20260617174343-0QO434I7RF.warc.gz,True,
2026-06-16T23:58:36+00:00,https://apps.bea.gov/regionalcore/data/ChartData?fips=37000&year=2023&mtype=3&cb=0b295cb02ed64cb1a08a12991f33d6bf,200,text/plain,SRLJSU3GJAP35SVDU7TDPJG3ACNJKWHL,SAWP5,save-merged-p105.arquivo.pt-20260617174337-EU47WDLYJP.warc.gz,True,
2026-06-16T23:58:36+00:00,https://apps.bea.gov/regionalcore/data/ChartData?fips=36000&year=2023&mtype=3&cb=a4c425822fd244798e72f0e0750b5084,200,text/plain,CQNYQZEMAB7LMBSEKYVS7LHBRE3ABDS2,SAWP5,save-merged-p106.arquivo.pt-20260617194344-NDNTA0XQUF.warc.gz,True,
2026-06-16T23:58:36+00:00,https://apps.bea.gov/regionalcore/data/ChartData?fips=38000&year=2023&mtype=3&cb=ee4db5ebe36541cb832d682500d92bf8,200,text/plain,2MVMLZGF4AK3OQQNHRXBON7FYZMUVU5H,SAWP5,save-merged-p105.arquivo.pt-20260617174337-EU47WDLYJP.warc.gz,True,
2026-06-16T23:58:37+00:00,https://apps.bea.gov/regionalcore/data/ChartData?fips=37000&year=2023&mtype=3&cb=0b295cb02ed64cb1a08a12991f33d6bf,403,text/html,A6ZRL4NAUFCBJG2X5B4QBNLM4Q54EM4K,SAWP5,save-merged-p105.arquivo.pt-20260617174337-EU47WDLYJP.warc.gz,True,
2026-06-16T23:58:37+00:00,https://apps.bea.gov/regionalcore/data/ChartData?fips=39000&year=2023&mtype=3&cb=27eb1aa97ea243038626e23d7bb9f28e,200,text/plain,L2UTXGXRYQKHBUJ3VY5U2F7W5CSKY6ZL,SAWP5,save-merged-p107.arquivo.pt-20260617183755-KGK98M25I0.warc.gz,True,
2026-06-16T23:58:37+00:00,https://apps.bea.gov/regionalcore/data/ChartData?fips=36000&year=2023&mtype=3&cb=a4c425822fd244798e72f0e0750b5084,200,text/plain,CQNYQZEMAB7LMBSEKYVS7LHBRE3ABDS2,SAWP5,save-merged-p106.arquivo.pt-20260617194355-A1XS3U9PL7.warc.gz,True,
2026-06-16T23:58:38+00:00,https://apps.bea.gov/regionalcore/data/ChartData?fips=40000&year=2023&mtype=3&cb=04c7e4716f7d4577a87f90a1d3339395,200,text/plain,HR63GQRJH5LHMVQ3FJ676UJWJTOW2OZA,SAWP5,save-merged-p106.arquivo.pt-20260617194222-8K58L548P8.warc.gz,True,
2026-06-16T23:58:38+00:00,https://apps.bea.gov/regionalcore/data/ChartData?fips=39000&year=2023&mtype=3&cb=27eb1aa97ea243038626e23d7bb9f28e,200,text/plain,L2UTXGXRYQKHBUJ3VY5U2F7W5CSKY6ZL,SAWP5,save-merged-p105.arquivo.pt-20260617174349-EXUBQ1BNS9.warc.gz,True,
2026-06-16T23:58:38+00:00,https://apps.bea.gov/regionalcore/data/ChartData?fips=41000&year=2023&mtype=3&cb=85f3f1e68aeb4ff39ce037eaa44b296b,200,text/plain,ZR4KBGSN3TPMKI43WEB3VVZMVN4DDN76,SAWP5,save-merged-p105.arquivo.pt-20260617174349-EXUBQ1BNS9.warc.gz,True,
2026-06-16T23:58:38+00:00,https://apps.bea.gov/regionalcore/data/ChartData?fips=38000&year=2023&mtype=3&cb=ee4db5ebe36541cb832d682500d92bf8,200,text/plain,2MVMLZGF4AK3OQQNHRXBON7FYZMUVU5H,SAWP5,save-merged-p105.arquivo.pt-20260617174349-EXUBQ1BNS9.warc.gz,True,
2026-06-16T23:58:39+00:00,https://apps.bea.gov/regionalcore/data/ChartData?fips=40000&year=2023&mtype=3&cb=04c7e4716f7d4577a87f90a1d3339395,200,text/plain,HR63GQRJH5LHMVQ3FJ676UJWJTOW2OZA,SAWP5,save-merged-p105.arquivo.pt-20260617174432-500ASHTDQI.warc.gz,True,
2026-06-16T23:58:40+00:00,https://apps.bea.gov/regionalcore/data/ChartData?fips=44000&year=2023&mtype=3&cb=11c59875cde844ff95868e0d3c576fd4,200,text/plain,NLZOZJVNIL6NNJ5NBU5NV46HT4SMJ4CF,SAWP5,save-merged-p107.arquivo.pt-20260617184338-M7VJP0AIU4.warc.gz,True,
2026-06-16T23:58:40+00:00,https://apps.bea.gov/regionalcore/data/ChartData?fips=45000&year=2023&mtype=3&cb=513714eb703a419da0632cc4c4cb1fe2,200,text/plain,54GJAHW2WYF2J45H4WILPGXHT5KRARHD,SAWP5,save-merged-p105.arquivo.pt-20260617174520-7I916P8X8O.warc.gz,True,
2026-06-16T23:58:40+00:00,https://apps.bea.gov/regionalcore/data/ChartData?fips=41000&year=2023&mtype=3&cb=85f3f1e68aeb4ff39ce037eaa44b296b,200,text/plain,ZR4KBGSN3TPMKI43WEB3VVZMVN4DDN76,SAWP5,save-merged-p105.arquivo.pt-20260617174520-7I916P8X8O.warc.gz,True,
2026-06-16T23:58:41+00:00,https://apps.bea.gov/regionalcore/data/ChartData?fips=44000&year=2023&mtype=3&cb=11c59875cde844ff95868e0d3c576fd4,200,text/plain,NLZOZJVNIL6NNJ5NBU5NV46HT4SMJ4CF,SAWP5,save-merged-p107.arquivo.pt-20260617184430-POJ6UUQOMP.warc.gz,True,
2026-06-16T23:58:41+00:00,https://apps.bea.gov/regionalcore/data/ChartData?fips=47000&year=2023&mtype=3&cb=78102903d35d4829bd7c713253d74039,200,text/plain,MKIOZZB77FOXY2TKUBLUBBTCNFVFTFLH,SAWP5,save-merged-p107.arquivo.pt-20260617184338-M7VJP0AIU4.warc.gz,True,
2026-06-16T23:58:41+00:00,https://apps.bea.gov/regionalcore/data/ChartData?fips=46000&year=2023&mtype=3&cb=7db3640b725e4f9e9048781af3eb5aa3,200,text/plain,4UDZ5K2TTDOP5LFHIPLPDFVCA7KI23JU,SAWP5,save-merged-p105.arquivo.pt-20260617174349-EXUBQ1BNS9.warc.gz,True,
2026-06-16T23:58:42+00:00,https://apps.bea.gov/regionalcore/data/ChartData?fips=45000&year=2023&mtype=3&cb=513714eb703a419da0632cc4c4cb1fe2,200,text/plain,54GJAHW2WYF2J45H4WILPGXHT5KRARHD,SAWP5,save-merged-p105.arquivo.pt-20260617174520-7I916P8X8O.warc.gz,True,
2026-06-16T23:58:42+00:00,https://apps.bea.gov/regionalcore/data/ChartData?fips=47000&year=2023&mtype=3&cb=78102903d35d4829bd7c713253d74039,200,text/plain,MKIOZZB77FOXY2TKUBLUBBTCNFVFTFLH,SAWP5,save-merged-p105.arquivo.pt-20260617174343-0QO434I7RF.warc.gz,True,
2026-06-16T23:58:42+00:00,https://apps.bea.gov/regionalcore/data/ChartData?fips=48000&year=2023&mtype=3&cb=cd463b5a61ba4452ac73abeb26c4940c,200,text/plain,RIUCZU5F2627O3W3SU6DTSHGR4DDHOTT,SAWP5,save-merged-p107.arquivo.pt-20260617184259-LCY6AVS3HW.warc.gz,True,
2026-06-16T23:58:43+00:00,https://apps.bea.gov/regionalcore/data/ChartData?fips=49000&year=2023&mtype=3&cb=1f30d83265d64f0b82502ffcec8d6477,200,text/plain,YDMVRSX5LJ3D4VCAGRP5UDGBBMJ4R3JI,SAWP5,save-merged-p107.arquivo.pt-20260617184430-POJ6UUQOMP.warc.gz,True,
2026-06-16T23:58:43+00:00,https://apps.bea.gov/regionalcore/data/ChartData?fips=46000&year=2023&mtype=3&cb=7db3640b725e4f9e9048781af3eb5aa3,200,text/plain,4UDZ5K2TTDOP5LFHIPLPDFVCA7KI23JU,SAWP5,save-merged-p108.arquivo.pt-20260617201637-MH3Z6T47FX.warc.gz,True,
2026-06-16T23:58:43+00:00,https://apps.bea.gov/regionalcore/data/ChartData?fips=48000&year=2023&mtype=3&cb=cd463b5a61ba4452ac73abeb26c4940c,200,text/plain,RIUCZU5F2627O3W3SU6DTSHGR4DDHOTT,SAWP5,save-merged-p108.arquivo.pt-20260617201704-HLHN7F9FXB.warc.gz,True,
2026-06-16T23:58:44+00:00,https://apps.bea.gov/regionalcore/data/ChartData?fips=50000&year=2023&mtype=3&cb=8f89e29a1ffc4f1e94b5985fc4d52395,200,text/plain,JTBO5J622MSTQGNX37D5QADXNJT6OZDX,SAWP5,save-merged-p105.arquivo.pt-20260617174349-EXUBQ1BNS9.warc.gz,True,
2026-06-16T23:58:44+00:00,https://apps.bea.gov/regionalcore/data/ChartData?fips=51000&year=2023&mtype=3&cb=a79e78d052e6451f90e5c3cf29aa07fb,200,text/plain,ON5BPCTHPYTZAZS77DQF4QDNUNCWAMDI,SAWP5,save-merged-p106.arquivo.pt-20260617194344-NDNTA0XQUF.warc.gz,True,
2026-06-16T23:58:45+00:00,https://apps.bea.gov/regionalcore/data/ChartData?fips=49000&year=2023&mtype=3&cb=1f30d83265d64f0b82502ffcec8d6477,200,text/plain,YDMVRSX5LJ3D4VCAGRP5UDGBBMJ4R3JI,SAWP5,save-merged-p106.arquivo.pt-20260617194355-A1XS3U9PL7.warc.gz,True,
2026-06-16T23:58:45+00:00,https://apps.bea.gov/regionalcore/data/ChartData?fips=50000&year=2023&mtype=3&cb=8f89e29a1ffc4f1e94b5985fc4d52395,200,text/plain,JTBO5J622MSTQGNX37D5QADXNJT6OZDX,SAWP5,save-merged-p108.arquivo.pt-20260617202419-0YMYA5RJ20.warc.gz,True,
2026-06-16T23:58:45+00:00,https://apps.bea.gov/regionalcore/data/ChartData?fips=53000&year=2023&mtype=3&cb=fdf700ac8ab24332b9c6c70fcba50f66,200,text/plain,Z2W3L2C4P4Q5XZDDJUOHL7Q4B6OD3HWZ,SAWP5,save-merged-p108.arquivo.pt-20260617202419-0YMYA5RJ20.warc.gz,True,
2026-06-16T23:58:46+00:00,https://apps.bea.gov/regionalcore/data/ChartData?fips=54000&year=2023&mtype=3&cb=99bf15bcd42e43fdbc76ce54d2cf05c6,200,text/plain,LP4WBMSP4RVVBMHX6T77ID6WM7ZG6XWQ,SAWP5,save-merged-p107.arquivo.pt-20260617184338-M7VJP0AIU4.warc.gz,True,
2026-06-16T23:58:46+00:00,https://apps.bea.gov/regionalcore/data/ChartData?fips=51000&year=2023&mtype=3&cb=a79e78d052e6451f90e5c3cf29aa07fb,200,text/plain,ON5BPCTHPYTZAZS77DQF4QDNUNCWAMDI,SAWP5,save-merged-p106.arquivo.pt-20260617194344-NDNTA0XQUF.warc.gz,True,
2026-06-16T23:58:46+00:00,https://apps.bea.gov/regionalcore/data/ChartData?fips=53000&year=2023&mtype=3&cb=fdf700ac8ab24332b9c6c70fcba50f66,200,text/plain,Z2W3L2C4P4Q5XZDDJUOHL7Q4B6OD3HWZ,SAWP5,save-merged-p106.arquivo.pt-20260617194222-8K58L548P8.warc.gz,True,
2026-06-16T23:58:47+00:00,https://apps.bea.gov/regionalcore/data/ChartData?fips=55000&year=2023&mtype=3&cb=6ed2d057dba242569b271c09ed17dcdc,200,text/plain,ZOQT3GA2I6G3LMDMD3MQWM6O7RUAA54R,SAWP5,save-merged-p107.arquivo.pt-20260617184430-POJ6UUQOMP.warc.gz,True,
2026-06-16T23:58:47+00:00,https://apps.bea.gov/regionalcore/data/ChartData?fips=54000&year=2023&mtype=3&cb=99bf15bcd42e43fdbc76ce54d2cf05c6,200,text/plain,LP4WBMSP4RVVBMHX6T77ID6WM7ZG6XWQ,SAWP5,save-merged-p105.arquivo.pt-20260617174343-0QO434I7RF.warc.gz,True,
2026-06-16T23:58:47+00:00,https://apps.bea.gov/regionalcore/data/ChartData?fips=56000&year=2023&mtype=3&cb=9db30e53eef8426e89c3d070433dc436,200,text/plain,BI4PVSPV2T3XDWWRV6VCARQHZDBNDLNQ,SAWP5,save-merged-p106.arquivo.pt-20260617192826-6TL9PGLH60.warc.gz,True,
2026-06-16T23:58:48+00:00,https://apps.bea.gov/regionalcore/data/ChartData?fips=55000&year=2023&mtype=3&cb=6ed2d057dba242569b271c09ed17dcdc,200,text/plain,ZOQT3GA2I6G3LMDMD3MQWM6O7RUAA54R,SAWP5,save-merged-p105.arquivo.pt-20260617174520-7I916P8X8O.warc.gz,True,
2026-06-16T23:58:49+00:00,https://apps.bea.gov/regionalcore/data/ChartData?fips=56000&year=2023&mtype=3&cb=9db30e53eef8426e89c3d070433dc436,200,text/plain,BI4PVSPV2T3XDWWRV6VCARQHZDBNDLNQ,SAWP5,save-merged-p105.arquivo.pt-20260617172421-A7W6Y7AIT4.warc.gz,True,
2026-06-16T23:59:20+00:00,https://apps.bea.gov//histdata/js/modules/RegionalAccounts.js,200,application/javascript,S76L4AOUEESZXR7HAKJ5TPLUWD2DTGAO,SAWP5,save-merged-p105.arquivo.pt-20260617174337-EU47WDLYJP.warc.gz,True,
2026-06-16T23:59:21+00:00,https://apps.bea.gov//histdata/js/utils/datastore.js,200,application/javascript,SD5MK6NBGMK34RNC5NDHKAAOYOGYBRPW,SAWP5,save-merged-p106.arquivo.pt-20260617194344-NDNTA0XQUF.warc.gz,True,
2026-06-16T23:59:22+00:00,https://apps.bea.gov//histdata/js/utils/utils.js,200,application/javascript,4LNRYTI7Z3TP66JWGYBUNFY67LM3I4SR,SAWP5,save-merged-p107.arquivo.pt-20260617184338-M7VJP0AIU4.warc.gz,True,
2026-06-16T23:59:23+00:00,https://apps.bea.gov//histdata/js/utils/modals.js,200,application/javascript,MZPZQ6IPTMGB5CL6ZXD3ZHCY6UCLJXAB,SAWP5,save-merged-p106.arquivo.pt-20260617194355-A1XS3U9PL7.warc.gz,True,
2026-06-16T23:59:49+00:00,https://apps.bea.gov/histdata/js/modules/RegionalAccounts.html.js,200,text/html,HFYPROZIQUMO6W3N3O5BDN5RUSCCONPO,SAWP5,save-merged-p106.arquivo.pt-20260617194355-A1XS3U9PL7.warc.gz,True,
2026-06-17T00:00:06+00:00,https://apps.bea.gov//histdata/core/data/GetHistCategory/,200,application/json,WNWBCOK6UZVDR5BJSTFWNQBZQYBSBXJ4,SAWP5,save-merged-p105.arquivo.pt-20260617174349-EXUBQ1BNS9.warc.gz,True,
2026-06-17T00:00:08+00:00,https://apps.bea.gov//histdatacore/data/GetHistCategory/,307,text/html,BO4FEREBI6DEC2GV3TCOFQWHIHY7Q3W5,SAWP5,save-merged-p107.arquivo.pt-20260617184430-POJ6UUQOMP.warc.gz,True,
2026-06-17T00:00:10+00:00,https://apps.bea.gov//histdata/core/data/Fea_DisplayChildrenA/,200,application/json,TE6ZUSACWUMJHUJ6NAWHYQ6HMFY7GUB3,SAWP5,save-merged-p108.arquivo.pt-20260617202419-0YMYA5RJ20.warc.gz,True,
2026-06-17T00:00:11+00:00,https://apps.bea.gov/histdata/core/data/GetHistFileGroup?histCateID=4,200,application/json,JON3MVXHBRABAA5P4WDVAKJS4UPDAV4Z,SAWP5,save-merged-p108.arquivo.pt-20260617202419-0YMYA5RJ20.warc.gz,True,
2026-06-17T00:00:12+00:00,https://apps.bea.gov//histdatacore/data/Fea_DisplayChildrenA/,307,text/html,RGC3ISFX37CN3FNJTNBFXSCQHGVXWZ32,SAWP5,save-merged-p108.arquivo.pt-20260617202419-0YMYA5RJ20.warc.gz,True,
2026-06-17T00:00:46+00:00,https://apps.bea.gov//histdata/core/data/GetHistFileGroup/?histCateID=2,200,application/json,E65BTAGU2BLS6VQMOE73656DVFLUZRWC,SAWP5,save-merged-p105.arquivo.pt-20260617174337-EU47WDLYJP.warc.gz,True,
2026-06-17T00:00:47+00:00,https://apps.bea.gov//histdata/core/data/GetHistFileGroup/?histCateID=3,200,application/json,KLKK6YW3DQESSLP3IAAMHATOEENF2S6V,SAWP5,save-merged-p105.arquivo.pt-20260617174432-500ASHTDQI.warc.gz,True,
2026-06-17T00:00:49+00:00,https://apps.bea.gov//histdata/core/data/GetHistFileGroup/?histCateID=4,200,application/json,JON3MVXHBRABAA5P4WDVAKJS4UPDAV4Z,SAWP5,save-merged-p106.arquivo.pt-20260617194344-NDNTA0XQUF.warc.gz,True,
2026-06-17T00:00:51+00:00,https://apps.bea.gov/histdata/HistFileDetails.html?HistCateID=4&FileGroupID=292,200,text/html,CVTIT63O7C2OC6MQR4ER2JSYUMTGE2FC,SAWP5,save-merged-p106.arquivo.pt-20260617194306-DS4E8OXBIW.warc.gz,True,
2026-06-17T00:00:57+00:00,https://apps.bea.gov/regionalcore/data/ChartData?fips=19000&year=2023&mtype=3&cb=326b8a754ae04fb2be8ce0ee90e0fe1d,200,text/plain,TVFZD34Q3MOC4U35AIX2D3XZLIFB66AO,SAWP5,save-merged-p108.arquivo.pt-20260617202419-0YMYA5RJ20.warc.gz,True,
2026-06-17T00:00:59+00:00,https://apps.bea.gov/regionalcore/data/ChartData?fips=19000&year=2023&mtype=3&cb=326b8a754ae04fb2be8ce0ee90e0fe1d,200,text/plain,TVFZD34Q3MOC4U35AIX2D3XZLIFB66AO,SAWP5,save-merged-p107.arquivo.pt-20260617184207-8A894F3ZA4.warc.gz,True,
2026-06-17T00:01:01+00:00,https://apps.bea.gov/regionalcore/data/ChartData?fips=37000&year=2023&mtype=3&cb=795fb8db31584b14b09883c87af6d9d4,200,text/plain,SRLJSU3GJAP35SVDU7TDPJG3ACNJKWHL,SAWP5,save-merged-p105.arquivo.pt-20260617174432-500ASHTDQI.warc.gz,True,
2026-06-17T00:01:02+00:00,https://apps.bea.gov/regionalcore/data/ChartData?fips=37000&year=2023&mtype=3&cb=795fb8db31584b14b09883c87af6d9d4,200,text/plain,SRLJSU3GJAP35SVDU7TDPJG3ACNJKWHL,SAWP5,save-merged-p107.arquivo.pt-20260617182305-CS0K7OQOKG.warc.gz,True,
2026-06-17T00:01:04+00:00,https://apps.bea.gov/regionalcore/data/ChartData?fips=42000&year=2023&mtype=3&cb=224fb4efbf5847d8969651714e8b41ff,200,text/plain,2XDQFNBK2QQPIPYMCCYRWYORMQLOCANP,SAWP5,save-merged-p106.arquivo.pt-20260617191958-2ZB48MKE9B.warc.gz,True,
2026-06-17T00:01:05+00:00,https://apps.bea.gov/regionalcore/data/ChartData?fips=42000&year=2023&mtype=3&cb=224fb4efbf5847d8969651714e8b41ff,403,text/html,OQCTXD4NF6JROAIHDCKPXAFKOPEMHO4N,SAWP5,save-merged-p105.arquivo.pt-20260617174349-EXUBQ1BNS9.warc.gz,True,
2026-06-17T00:01:11+00:00,https://apps.bea.gov/histdata/core/data/GetHistFileDetails/?FileGroupID=292&FileType=HistFile,200,application/json,QQTNIGWSVOTBAIIW43NZB56KB5IGDTQZ,SAWP5,save-merged-p106.arquivo.pt-20260617194344-NDNTA0XQUF.warc.gz,True,
2026-06-17T00:01:14+00:00,https://apps.bea.gov/histdata/core/data/GetHistFileDetails/?FileGroupID=299&FileType=HistFile,200,application/json,RE6LAAHJXUAAY4WY4R3JEENDQ3RXZM3Q,SAWP5,save-merged-p106.arquivo.pt-20260617192826-6TL9PGLH60.warc.gz,True,
2026-06-17T00:01:15+00:00,https://apps.bea.gov/histdata/core/data/GetHistFileDetails/?FileGroupID=287&FileType=HistFile,200,application/json,GX3WJE6C5I22MJY7YAP42CEROJQ3S7KF,SAWP5,save-merged-p105.arquivo.pt-20260617174343-0QO434I7RF.warc.gz,True,
2026-06-17T00:01:15+00:00,https://apps.bea.gov//histdata/HistFileDetails.html?HistCateID=4&FileGroupID=290,200,text/html,CVTIT63O7C2OC6MQR4ER2JSYUMTGE2FC,SAWP5,save-merged-p107.arquivo.pt-20260617184338-M7VJP0AIU4.warc.gz,True,
2026-06-17T00:01:15+00:00,https://apps.bea.gov/regionalcore/data/ChartData?fips=50000&year=2023&mtype=3&cb=1781654474384085598,200,text/plain,JTBO5J622MSTQGNX37D5QADXNJT6OZDX,SAWP5,save-merged-p105.arquivo.pt-20260617174349-EXUBQ1BNS9.warc.gz,True,
2026-06-17T00:01:17+00:00,https://apps.bea.gov/histdata/core/data/GetHistFileDetails/?FileGroupID=285&FileType=HistFile,200,application/json,UZIXHEKPNGZVLLORJZAUUNOIFBAD66K3,SAWP5,save-merged-p106.arquivo.pt-20260617194344-NDNTA0XQUF.warc.gz,True,
2026-06-17T00:01:17+00:00,https://apps.bea.gov//histdata/js/modules/HistFileDetails.js,200,application/javascript,CBDG3SIPNWPWNP4JJKAPHWDJLBSHDVZG,SAWP5,save-merged-p106.arquivo.pt-20260617194344-NDNTA0XQUF.warc.gz,True,
2026-06-17T00:01:18+00:00,https://apps.bea.gov/histdata/core/data/GetHistFileDetails/?FileGroupID=300&FileType=HistFile,200,application/json,YOYX2Y7VKV5TLQVXSCUK63NXS3PXRQYN,SAWP5,save-merged-p107.arquivo.pt-20260617184338-M7VJP0AIU4.warc.gz,True,
2026-06-17T00:01:38+00:00,https://apps.bea.gov/regional/histdata/releases/0324pistate/SAINC.zip,200,application/x-zip-compressed,5RHVOC4MGSBXYEOL44ITII5BE52YH2OM,SAWP5,save-merged-p107.arquivo.pt-20260617184430-POJ6UUQOMP.warc.gz,True,
2026-06-17T00:01:41+00:00,https://apps.bea.gov/regionalcore/data/ChartData?fips=50000&year=2023&mtype=3&cb=1781654474384085598,200,text/plain,JTBO5J622MSTQGNX37D5QADXNJT6OZDX,SAWP5,save-merged-p108.arquivo.pt-20260617201704-HLHN7F9FXB.warc.gz,True,
2026-06-17T00:01:42+00:00,https://apps.bea.gov/regional/histdata/releases/0923pistate/SAINC.zip,200,application/x-zip-compressed,JHZ6BPIJ5HWLBCU5HUMZ2UO32GIIV5R6,SAWP5,save-merged-p106.arquivo.pt-20260617194355-A1XS3U9PL7.warc.gz,True,
2026-06-17T00:01:44+00:00,https://apps.bea.gov//histdata/core/data/GetHistFileDetails/?FileGroupID=290&FileType=HistFile,200,application/json,XEHX4HII3QLMTWZN3MLQ6LIIAF5IHDBZ,SAWP5,save-merged-p107.arquivo.pt-20260617184430-POJ6UUQOMP.warc.gz,True,
2026-06-17T00:01:46+00:00,https://apps.bea.gov//histdata/core/data/GetHistFileDetails/?FileGroupID=290&FileType=NotesArticles,200,application/json,KZGXWGKMOYWRP5IJHPVWYMSFUGNABR6A,SAWP5,save-merged-p105.arquivo.pt-20260617174349-EXUBQ1BNS9.warc.gz,True,
2026-06-17T00:01:46+00:00,https://apps.bea.gov/regional/histdata/releases/0924pistate/SAINC.zip,200,application/x-zip-compressed,OGJ3ZO7U4IQR5N24IRYA2REJTOQYWO7F,SAWP5,save-merged-p108.arquivo.pt-20260617202419-0YMYA5RJ20.warc.gz,True,
2026-06-17T00:02:37+00:00,https://apps.bea.gov/regional/histdata/releases/0324pistate/SAINC.zip,200,application/x-zip-compressed,5RHVOC4MGSBXYEOL44ITII5BE52YH2OM,SAWP5,save-merged-p105.arquivo.pt-20260617174337-EU47WDLYJP.warc.gz,True,
2026-06-17T00:02:41+00:00,https://apps.bea.gov//regional/histdata/releases/0324pistate/SAINC.zip,200,application/x-zip-compressed,5RHVOC4MGSBXYEOL44ITII5BE52YH2OM,SAWP5,save-merged-p108.arquivo.pt-20260617202419-0YMYA5RJ20.warc.gz,True,
2026-06-17T00:02:46+00:00,https://apps.bea.gov/regionalcore/data/ChartData?fips=49000&year=2023&mtype=3&cb=1781654565334766639,200,text/plain,YDMVRSX5LJ3D4VCAGRP5UDGBBMJ4R3JI,SAWP5,save-merged-p108.arquivo.pt-20260617202427-PM7D0MACCV.warc.gz,True,
2026-06-17T00:03:52+00:00,https://apps.bea.gov/regionalcore/data/ChartData?fips=42000&year=2023&mtype=3&cb=a2335f52f9b748ab9a19b024a860a166,200,text/plain,2XDQFNBK2QQPIPYMCCYRWYORMQLOCANP,SAWP5,save-merged-p106.arquivo.pt-20260617194344-NDNTA0XQUF.warc.gz,True,
2026-06-17T00:03:55+00:00,https://apps.bea.gov/regionalcore/data/ChartData?fips=42000&year=2023&mtype=3&cb=a2335f52f9b748ab9a19b024a860a166,200,text/plain,2XDQFNBK2QQPIPYMCCYRWYORMQLOCANP,SAWP5,save-merged-p105.arquivo.pt-20260617174337-EU47WDLYJP.warc.gz,True,
2026-06-17T00:04:26+00:00,https://apps.bea.gov/regionalcore/data/ChartData?fips=49000&year=2023&mtype=3&cb=1781654565334766639,200,text/plain,YDMVRSX5LJ3D4VCAGRP5UDGBBMJ4R3JI,SAWP5,save-merged-p105.arquivo.pt-20260617172421-A7W6Y7AIT4.warc.gz,True,
2026-06-17T00:07:33+00:00,https://apps.bea.gov/regionalcore/data/ChartData?fips=47000&year=2023&mtype=3&cb=1781654852641550183,200,text/plain,MKIOZZB77FOXY2TKUBLUBBTCNFVFTFLH,SAWP5,save-merged-p105.arquivo.pt-20260617174343-0QO434I7RF.warc.gz,True,
2026-06-17T00:07:34+00:00,https://apps.bea.gov/regionalcore/data/ChartData?fips=48000&year=2023&mtype=3&cb=1781654852640084215,200,text/plain,RIUCZU5F2627O3W3SU6DTSHGR4DDHOTT,SAWP5,save-merged-p106.arquivo.pt-20260617194222-8K58L548P8.warc.gz,True,
2026-06-17T00:07:34+00:00,https://apps.bea.gov/regionalcore/data/ChartData?fips=46000&year=2023&mtype=3&cb=1781654852641941411,200,text/plain,4UDZ5K2TTDOP5LFHIPLPDFVCA7KI23JU,SAWP5,save-merged-p108.arquivo.pt-20260617202427-PM7D0MACCV.warc.gz,True,
2026-06-17T00:07:36+00:00,https://apps.bea.gov/regionalcore/data/ChartData?fips=48000&year=2023&mtype=3&cb=1781654852640084215,200,text/plain,RIUCZU5F2627O3W3SU6DTSHGR4DDHOTT,SAWP5,save-merged-p106.arquivo.pt-20260617194355-A1XS3U9PL7.warc.gz,True,
2026-06-17T00:07:36+00:00,https://apps.bea.gov/regionalcore/data/ChartData?fips=46000&year=2023&mtype=3&cb=1781654852641941411,200,text/plain,4UDZ5K2TTDOP5LFHIPLPDFVCA7KI23JU,SAWP5,save-merged-p107.arquivo.pt-20260617184430-POJ6UUQOMP.warc.gz,True,
2026-06-17T00:07:38+00:00,https://apps.bea.gov/regionalcore/data/ChartData?fips=47000&year=2023&mtype=3&cb=1781654852641550183,200,text/plain,MKIOZZB77FOXY2TKUBLUBBTCNFVFTFLH,SAWP5,save-merged-p105.arquivo.pt-20260617174349-EXUBQ1BNS9.warc.gz,True,
2026-06-17T00:08:41+00:00,https://apps.bea.gov/regionalcore/data/ChartData?fips=51000&year=2023&mtype=3&cb=1781654919429251661,200,text/plain,ON5BPCTHPYTZAZS77DQF4QDNUNCWAMDI,SAWP5,save-merged-p107.arquivo.pt-20260617184338-M7VJP0AIU4.warc.gz,True,
2026-06-17T00:08:41+00:00,https://apps.bea.gov/regionalcore/data/ChartData?fips=45000&year=2023&mtype=3&cb=1781654919430648540,200,text/plain,54GJAHW2WYF2J45H4WILPGXHT5KRARHD,SAWP5,save-merged-p107.arquivo.pt-20260617184430-POJ6UUQOMP.warc.gz,True,
2026-06-17T00:08:41+00:00,https://apps.bea.gov/regionalcore/data/ChartData?fips=44000&year=2023&mtype=3&cb=1781654919431159374,200,text/plain,NLZOZJVNIL6NNJ5NBU5NV46HT4SMJ4CF,SAWP5,save-merged-p108.arquivo.pt-20260617202427-PM7D0MACCV.warc.gz,True,
2026-06-17T00:08:41+00:00,https://apps.bea.gov/regionalcore/data/ChartData?fips=42000&year=2023&mtype=3&cb=1781654919431658010,200,text/plain,2XDQFNBK2QQPIPYMCCYRWYORMQLOCANP,SAWP5,save-merged-p105.arquivo.pt-20260617174337-EU47WDLYJP.warc.gz,True,
2026-06-17T00:08:42+00:00,https://apps.bea.gov/regionalcore/data/ChartData?fips=51000&year=2023&mtype=3&cb=1781654919429251661,200,text/plain,ON5BPCTHPYTZAZS77DQF4QDNUNCWAMDI,SAWP5,save-merged-p108.arquivo.pt-20260617202419-0YMYA5RJ20.warc.gz,True,
2026-06-17T00:08:43+00:00,https://apps.bea.gov/regionalcore/data/ChartData?fips=45000&year=2023&mtype=3&cb=1781654919430648540,200,text/plain,54GJAHW2WYF2J45H4WILPGXHT5KRARHD,SAWP5,save-merged-p105.arquivo.pt-20260617174432-500ASHTDQI.warc.gz,True,
2026-06-17T00:08:43+00:00,https://apps.bea.gov/regionalcore/data/ChartData?fips=44000&year=2023&mtype=3&cb=1781654919431159374,200,text/plain,NLZOZJVNIL6NNJ5NBU5NV46HT4SMJ4CF,SAWP5,save-merged-p106.arquivo.pt-20260617194355-A1XS3U9PL7.warc.gz,True,
2026-06-17T00:08:43+00:00,https://apps.bea.gov/regionalcore/data/ChartData?fips=42000&year=2023&mtype=3&cb=1781654919431658010,200,text/plain,2XDQFNBK2QQPIPYMCCYRWYORMQLOCANP,SAWP5,save-merged-p107.arquivo.pt-20260617184338-M7VJP0AIU4.warc.gz,True,
2026-06-17T00:08:45+00:00,https://apps.bea.gov/regionalcore/data/ChartData?fips=41000&year=2023&mtype=3&cb=1781654923470995452,200,text/plain,ZR4KBGSN3TPMKI43WEB3VVZMVN4DDN76,SAWP5,save-merged-p106.arquivo.pt-20260617194222-8K58L548P8.warc.gz,True,
2026-06-17T00:08:45+00:00,https://apps.bea.gov/regionalcore/data/ChartData?fips=40000&year=2023&mtype=3&cb=1781654923552405240,200,text/plain,HR63GQRJH5LHMVQ3FJ676UJWJTOW2OZA,SAWP5,save-merged-p108.arquivo.pt-20260617202427-PM7D0MACCV.warc.gz,True,
2026-06-17T00:08:45+00:00,https://apps.bea.gov/regionalcore/data/ChartData?fips=39000&year=2023&mtype=3&cb=1781654923641165404,200,text/plain,L2UTXGXRYQKHBUJ3VY5U2F7W5CSKY6ZL,SAWP5,save-merged-p108.arquivo.pt-20260617202419-0YMYA5RJ20.warc.gz,True,
2026-06-17T00:08:45+00:00,https://apps.bea.gov/regionalcore/data/ChartData?fips=38000&year=2023&mtype=3&cb=1781654923726639608,200,text/plain,2MVMLZGF4AK3OQQNHRXBON7FYZMUVU5H,SAWP5,save-merged-p105.arquivo.pt-20260617172421-A7W6Y7AIT4.warc.gz,True,
2026-06-17T00:08:46+00:00,https://apps.bea.gov/regionalcore/data/ChartData?fips=41000&year=2023&mtype=3&cb=1781654923470995452,200,text/plain,ZR4KBGSN3TPMKI43WEB3VVZMVN4DDN76,SAWP5,save-merged-p105.arquivo.pt-20260617174432-500ASHTDQI.warc.gz,True,
2026-06-17T00:08:46+00:00,https://apps.bea.gov/regionalcore/data/ChartData?fips=38000&year=2023&mtype=3&cb=1781654923726639608,200,text/plain,2MVMLZGF4AK3OQQNHRXBON7FYZMUVU5H,SAWP5,save-merged-p107.arquivo.pt-20260617184338-M7VJP0AIU4.warc.gz,True,
2026-06-17T00:08:47+00:00,https://apps.bea.gov/regionalcore/data/ChartData?fips=40000&year=2023&mtype=3&cb=1781654923552405240,200,text/plain,HR63GQRJH5LHMVQ3FJ676UJWJTOW2OZA,SAWP5,save-merged-p107.arquivo.pt-20260617184338-M7VJP0AIU4.warc.gz,True,
2026-06-17T00:08:47+00:00,https://apps.bea.gov/regionalcore/data/ChartData?fips=39000&year=2023&mtype=3&cb=1781654923641165404,200,text/plain,L2UTXGXRYQKHBUJ3VY5U2F7W5CSKY6ZL,SAWP5,save-merged-p107.arquivo.pt-20260617184338-M7VJP0AIU4.warc.gz,True,
2026-06-17T00:08:48+00:00,https://apps.bea.gov/regionalcore/data/ChartData?fips=37000&year=2023&mtype=3&cb=1781654927318113000,200,text/plain,SRLJSU3GJAP35SVDU7TDPJG3ACNJKWHL,SAWP5,save-merged-p106.arquivo.pt-20260617194344-NDNTA0XQUF.warc.gz,True,
2026-06-17T00:08:48+00:00,https://apps.bea.gov/regionalcore/data/ChartData?fips=36000&year=2023&mtype=3&cb=1781654927324850565,200,text/plain,CQNYQZEMAB7LMBSEKYVS7LHBRE3ABDS2,SAWP5,save-merged-p105.arquivo.pt-20260617174349-EXUBQ1BNS9.warc.gz,True,
2026-06-17T00:08:49+00:00,https://apps.bea.gov/regionalcore/data/ChartData?fips=35000&year=2023&mtype=3&cb=1781654927429518036,200,text/plain,CTDETRUYA26EKCLNCZ3VCZQRUQ5VQ6NL,SAWP5,save-merged-p107.arquivo.pt-20260617184338-M7VJP0AIU4.warc.gz,True,
2026-06-17T00:08:49+00:00,https://apps.bea.gov/regionalcore/data/ChartData?fips=34000&year=2023&mtype=3&cb=1781654927766116733,200,text/plain,O6LGLI6D6YZ32LVM5YIMM6UKWKODQLK6,SAWP5,save-merged-p107.arquivo.pt-20260617184338-M7VJP0AIU4.warc.gz,True,
2026-06-17T00:08:50+00:00,https://apps.bea.gov/regionalcore/data/ChartData?fips=37000&year=2023&mtype=3&cb=1781654927318113000,200,text/plain,SRLJSU3GJAP35SVDU7TDPJG3ACNJKWHL,SAWP5,save-merged-p105.arquivo.pt-20260617174337-EU47WDLYJP.warc.gz,True,
2026-06-17T00:08:50+00:00,https://apps.bea.gov/regionalcore/data/ChartData?fips=36000&year=2023&mtype=3&cb=1781654927324850565,200,text/plain,CQNYQZEMAB7LMBSEKYVS7LHBRE3ABDS2,SAWP5,save-merged-p106.arquivo.pt-20260617194222-8K58L548P8.warc.gz,True,
2026-06-17T00:08:51+00:00,https://apps.bea.gov/regionalcore/data/ChartData?fips=35000&year=2023&mtype=3&cb=1781654927429518036,200,text/plain,CTDETRUYA26EKCLNCZ3VCZQRUQ5VQ6NL,SAWP5,save-merged-p107.arquivo.pt-20260617184338-M7VJP0AIU4.warc.gz,True,
2026-06-17T00:08:51+00:00,https://apps.bea.gov/regionalcore/data/ChartData?fips=34000&year=2023&mtype=3&cb=1781654927766116733,200,text/plain,O6LGLI6D6YZ32LVM5YIMM6UKWKODQLK6,SAWP5,save-merged-p106.arquivo.pt-20260617194344-NDNTA0XQUF.warc.gz,True,
2026-06-17T00:08:52+00:00,https://apps.bea.gov/regionalcore/data/ChartData?fips=33000&year=2023&mtype=3&cb=1781654931052848032,200,text/plain,5ILHG7QZ7S42EVKSP372VE2NDTW6LIBV,SAWP5,save-merged-p106.arquivo.pt-20260617194355-A1XS3U9PL7.warc.gz,True,
2026-06-17T00:08:52+00:00,https://apps.bea.gov/regionalcore/data/ChartData?fips=32000&year=2023&mtype=3&cb=1781654931138039878,200,text/plain,P6ARSWBQQ75DPAGA3ZT27QWOZ5PWZZCR,SAWP5,save-merged-p106.arquivo.pt-20260617192826-6TL9PGLH60.warc.gz,True,
2026-06-17T00:08:52+00:00,https://apps.bea.gov/regionalcore/data/ChartData?fips=31000&year=2023&mtype=3&cb=1781654931370330364,200,text/plain,SAUTRCB522YKNGD4CTPWCTHHHMA4NG2J,SAWP5,save-merged-p105.arquivo.pt-20260617174343-0QO434I7RF.warc.gz,True,
2026-06-17T00:08:53+00:00,https://apps.bea.gov/regionalcore/data/ChartData?fips=30000&year=2023&mtype=3&cb=1781654932192675978,200,text/plain,HLWBMHOAE7WLPNU5HTM6PZWFEEQHYJHW,SAWP5,save-merged-p107.arquivo.pt-20260617184207-8A894F3ZA4.warc.gz,True,
2026-06-17T00:08:54+00:00,https://apps.bea.gov/regionalcore/data/ChartData?fips=33000&year=2023&mtype=3&cb=1781654931052848032,200,text/plain,5ILHG7QZ7S42EVKSP372VE2NDTW6LIBV,SAWP5,save-merged-p105.arquivo.pt-20260617174343-0QO434I7RF.warc.gz,True,
2026-06-17T00:08:54+00:00,https://apps.bea.gov/regionalcore/data/ChartData?fips=32000&year=2023&mtype=3&cb=1781654931138039878,200,text/plain,P6ARSWBQQ75DPAGA3ZT27QWOZ5PWZZCR,SAWP5,save-merged-p105.arquivo.pt-20260617174337-EU47WDLYJP.warc.gz,True,
2026-06-17T00:08:55+00:00,https://apps.bea.gov/regionalcore/data/ChartData?fips=30000&year=2023&mtype=3&cb=1781654932192675978,200,text/plain,HLWBMHOAE7WLPNU5HTM6PZWFEEQHYJHW,SAWP5,save-merged-p108.arquivo.pt-20260617202419-0YMYA5RJ20.warc.gz,True,
2026-06-17T00:08:55+00:00,https://apps.bea.gov/regionalcore/data/ChartData?fips=29000&year=2023&mtype=3&cb=1781654934452288507,200,text/plain,HJTSWYSSKZS4YDODHUDJYOV5W727TODM,SAWP5,save-merged-p105.arquivo.pt-20260617174343-0QO434I7RF.warc.gz,True,
2026-06-17T00:08:56+00:00,https://apps.bea.gov/regionalcore/data/ChartData?fips=28000&year=2023&mtype=3&cb=1781654934703419070,200,text/plain,IJTURUEFI6VPR2H4STAT3LQYZGVDFD4C,SAWP5,save-merged-p106.arquivo.pt-20260617194306-DS4E8OXBIW.warc.gz,True,
2026-06-17T00:08:57+00:00,https://apps.bea.gov/regionalcore/data/ChartData?fips=31000&year=2023&mtype=3&cb=1781654931370330364,200,text/plain,SAUTRCB522YKNGD4CTPWCTHHHMA4NG2J,SAWP5,save-merged-p105.arquivo.pt-20260617174337-EU47WDLYJP.warc.gz,True,
2026-06-17T00:08:57+00:00,https://apps.bea.gov/regionalcore/data/ChartData?fips=27000&year=2023&mtype=3&cb=1781654935828605511,200,text/plain,UHJ5H7BWZEC7K2F32T5ROMJECX3Y7BIO,SAWP5,save-merged-p106.arquivo.pt-20260617194344-NDNTA0XQUF.warc.gz,True,
2026-06-17T00:08:58+00:00,https://apps.bea.gov/regionalcore/data/ChartData?fips=29000&year=2023&mtype=3&cb=1781654934452288507,200,text/plain,HJTSWYSSKZS4YDODHUDJYOV5W727TODM,SAWP5,save-merged-p108.arquivo.pt-20260617202419-0YMYA5RJ20.warc.gz,True,
2026-06-17T00:08:58+00:00,https://apps.bea.gov/regionalcore/data/ChartData?fips=28000&year=2023&mtype=3&cb=1781654934703419070,200,text/plain,IJTURUEFI6VPR2H4STAT3LQYZGVDFD4C,SAWP5,save-merged-p108.arquivo.pt-20260617202427-PM7D0MACCV.warc.gz,True,
2026-06-17T00:08:59+00:00,https://apps.bea.gov/regionalcore/data/ChartData?fips=27000&year=2023&mtype=3&cb=1781654935828605511,200,text/plain,UHJ5H7BWZEC7K2F32T5ROMJECX3Y7BIO,SAWP5,save-merged-p106.arquivo.pt-20260617194222-8K58L548P8.warc.gz,True,
2026-06-17T00:08:59+00:00,https://apps.bea.gov/regionalcore/data/ChartData?fips=26000&year=2023&mtype=3&cb=1781654937985644365,200,text/plain,ZSA4JMPALYVJCSDFHBZM4Z4VNRFVTM4G,SAWP5,save-merged-p105.arquivo.pt-20260617174343-0QO434I7RF.warc.gz,True,
2026-06-17T00:09:00+00:00,https://apps.bea.gov/regionalcore/data/ChartData?fips=25000&year=2023&mtype=3&cb=1781654938724404031,200,text/plain,64OYP3HMKWFZDRJ7ZYBFA5EFWJY3CPAZ,SAWP5,save-merged-p107.arquivo.pt-20260617184207-8A894F3ZA4.warc.gz,True,
2026-06-17T00:09:00+00:00,https://apps.bea.gov/regionalcore/data/ChartData?fips=24000&year=2023&mtype=3&cb=1781654938928708115,200,text/plain,7SOLQOBA7YQCNFTEV2VR5P3RTPELRX44,SAWP5,save-merged-p107.arquivo.pt-20260617184338-M7VJP0AIU4.warc.gz,True,
2026-06-17T00:09:00+00:00,https://apps.bea.gov/regionalcore/data/ChartData?fips=23000&year=2023&mtype=3&cb=1781654939593437524,200,text/plain,7PSUQ3SHGODF4EREYV4MAJX7BFC5OSZL,SAWP5,save-merged-p108.arquivo.pt-20260617202419-0YMYA5RJ20.warc.gz,True,
2026-06-17T00:09:01+00:00,https://apps.bea.gov/regionalcore/data/ChartData?fips=26000&year=2023&mtype=3&cb=1781654937985644365,200,text/plain,ZSA4JMPALYVJCSDFHBZM4Z4VNRFVTM4G,SAWP5,save-merged-p108.arquivo.pt-20260617202419-0YMYA5RJ20.warc.gz,True,
2026-06-17T00:09:01+00:00,https://apps.bea.gov/regionalcore/data/ChartData?fips=24000&year=2023&mtype=3&cb=1781654938928708115,200,text/plain,7SOLQOBA7YQCNFTEV2VR5P3RTPELRX44,SAWP5,save-merged-p108.arquivo.pt-20260617202419-0YMYA5RJ20.warc.gz,True,
2026-06-17T00:09:02+00:00,https://apps.bea.gov/regionalcore/data/ChartData?fips=25000&year=2023&mtype=3&cb=1781654938724404031,200,text/plain,64OYP3HMKWFZDRJ7ZYBFA5EFWJY3CPAZ,SAWP5,save-merged-p108.arquivo.pt-20260617202419-0YMYA5RJ20.warc.gz,True,
2026-06-17T00:09:02+00:00,https://apps.bea.gov/regionalcore/data/ChartData?fips=23000&year=2023&mtype=3&cb=1781654939593437524,403,text/html,I47LPCZXOL2VSUB35DPNBPTBNW7XT25X,SAWP5,save-merged-p105.arquivo.pt-20260617174343-0QO434I7RF.warc.gz,True,
2026-06-17T00:09:02+00:00,https://apps.bea.gov/regionalcore/data/ChartData?fips=22000&year=2023&mtype=3&cb=1781654941496956555,200,text/plain,Q3DDYFTVDVX6FKRUS7WURSMNJ3KD7KXC,SAWP5,save-merged-p105.arquivo.pt-20260617174349-EXUBQ1BNS9.warc.gz,True,
2026-06-17T00:09:03+00:00,https://apps.bea.gov/regionalcore/data/ChartData?fips=21000&year=2023&mtype=3&cb=1781654942254358684,200,text/plain,7NWGXAS3GOG5SUM3F33PYIN76NWKCCFK,SAWP5,save-merged-p105.arquivo.pt-20260617174337-EU47WDLYJP.warc.gz,True,
2026-06-17T00:09:03+00:00,https://apps.bea.gov/regionalcore/data/ChartData?fips=20000&year=2023&mtype=3&cb=1781654942590108587,200,text/plain,3OY5CG4YQ4HSOXAW2ZVZG7Q243ER44AC,SAWP5,save-merged-p106.arquivo.pt-20260617194222-8K58L548P8.warc.gz,True,
2026-06-17T00:09:04+00:00,https://apps.bea.gov/regionalcore/data/ChartData?fips=22000&year=2023&mtype=3&cb=1781654941496956555,200,text/plain,Q3DDYFTVDVX6FKRUS7WURSMNJ3KD7KXC,SAWP5,save-merged-p108.arquivo.pt-20260617201637-MH3Z6T47FX.warc.gz,True,
2026-06-17T00:09:04+00:00,https://apps.bea.gov/regionalcore/data/ChartData?fips=19000&year=2023&mtype=3&cb=1781654942839036416,200,text/plain,TVFZD34Q3MOC4U35AIX2D3XZLIFB66AO,SAWP5,save-merged-p105.arquivo.pt-20260617174349-EXUBQ1BNS9.warc.gz,True,
2026-06-17T00:09:05+00:00,https://apps.bea.gov/regionalcore/data/ChartData?fips=21000&year=2023&mtype=3&cb=1781654942254358684,200,text/plain,7NWGXAS3GOG5SUM3F33PYIN76NWKCCFK,SAWP5,save-merged-p105.arquivo.pt-20260617174343-0QO434I7RF.warc.gz,True,
2026-06-17T00:09:05+00:00,https://apps.bea.gov/regionalcore/data/ChartData?fips=20000&year=2023&mtype=3&cb=1781654942590108587,200,text/plain,3OY5CG4YQ4HSOXAW2ZVZG7Q243ER44AC,SAWP5,save-merged-p106.arquivo.pt-20260617192332-SYIN6H7WKE.warc.gz,True,
2026-06-17T00:09:05+00:00,https://apps.bea.gov/regionalcore/data/ChartData?fips=19000&year=2023&mtype=3&cb=1781654942839036416,200,text/plain,TVFZD34Q3MOC4U35AIX2D3XZLIFB66AO,SAWP5,save-merged-p106.arquivo.pt-20260617194344-NDNTA0XQUF.warc.gz,True,
2026-06-17T00:09:06+00:00,https://apps.bea.gov/regionalcore/data/ChartData?fips=18000&year=2023&mtype=3&cb=1781654944931321196,200,text/plain,NV67O4N4QQSE2FTEFIUNI6HXIWH5Q7XE,SAWP5,save-merged-p107.arquivo.pt-20260617182312-XHD8JDIGEX.warc.gz,True,
2026-06-17T00:09:07+00:00,https://apps.bea.gov/regionalcore/data/ChartData?fips=17000&year=2023&mtype=3&cb=1781654946219481879,200,text/plain,RJH7SZTGMJLMQNZXWUFNB5JQBKWNQ3F2,SAWP5,save-merged-p106.arquivo.pt-20260617194344-NDNTA0XQUF.warc.gz,True,
2026-06-17T00:09:07+00:00,https://apps.bea.gov/regionalcore/data/ChartData?fips=16000&year=2023&mtype=3&cb=1781654946227442894,200,text/plain,E7YUGQQI337M42ZC6APXEQHW7QFOCCCG,SAWP5,save-merged-p106.arquivo.pt-20260617194355-A1XS3U9PL7.warc.gz,True,
2026-06-17T00:09:08+00:00,https://apps.bea.gov/regionalcore/data/ChartData?fips=18000&year=2023&mtype=3&cb=1781654944931321196,200,text/plain,NV67O4N4QQSE2FTEFIUNI6HXIWH5Q7XE,SAWP5,save-merged-p106.arquivo.pt-20260617194355-A1XS3U9PL7.warc.gz,True,
2026-06-17T00:09:08+00:00,https://apps.bea.gov/regionalcore/data/ChartData?fips=15000&year=2023&mtype=3&cb=1781654946526115435,200,text/plain,75B6UUSGSEXMOQJLBKG7LO74DQJ7K74L,SAWP5,save-merged-p108.arquivo.pt-20260617202419-0YMYA5RJ20.warc.gz,True,
2026-06-17T00:09:09+00:00,https://apps.bea.gov/regionalcore/data/ChartData?fips=17000&year=2023&mtype=3&cb=1781654946219481879,200,text/plain,RJH7SZTGMJLMQNZXWUFNB5JQBKWNQ3F2,SAWP5,save-merged-p108.arquivo.pt-20260617202419-0YMYA5RJ20.warc.gz,True,
2026-06-17T00:09:09+00:00,https://apps.bea.gov/regionalcore/data/ChartData?fips=16000&year=2023&mtype=3&cb=1781654946227442894,200,text/plain,E7YUGQQI337M42ZC6APXEQHW7QFOCCCG,SAWP5,save-merged-p107.arquivo.pt-20260617184338-M7VJP0AIU4.warc.gz,True,
2026-06-17T00:09:09+00:00,https://apps.bea.gov/regionalcore/data/ChartData?fips=15000&year=2023&mtype=3&cb=1781654946526115435,200,text/plain,75B6UUSGSEXMOQJLBKG7LO74DQJ7K74L,SAWP5,save-merged-p108.arquivo.pt-20260617202427-PM7D0MACCV.warc.gz,True,
2026-06-17T00:09:09+00:00,https://apps.bea.gov/regionalcore/data/ChartData?fips=13000&year=2023&mtype=3&cb=1781654948337405504,200,text/plain,IY7WZ257ZUWN3BZD7RDTXWO2YRLYTZJV,SAWP5,save-merged-p108.arquivo.pt-20260617201642-EMSUJE6Z4U.warc.gz,True,
2026-06-17T00:09:11+00:00,https://apps.bea.gov/regionalcore/data/ChartData?fips=13000&year=2023&mtype=3&cb=1781654948337405504,200,text/plain,IY7WZ257ZUWN3BZD7RDTXWO2YRLYTZJV,SAWP5,save-merged-p108.arquivo.pt-20260617202419-0YMYA5RJ20.warc.gz,True,
2026-06-17T00:09:11+00:00,https://apps.bea.gov/regionalcore/data/ChartData?fips=12000&year=2023&mtype=3&cb=1781654949787549282,200,text/plain,BS37Z6QYXBY43E3H6BJ546NCQPZMPOX6,SAWP5,save-merged-p105.arquivo.pt-20260617174349-EXUBQ1BNS9.warc.gz,True,
2026-06-17T00:09:11+00:00,https://apps.bea.gov/regionalcore/data/ChartData?fips=11000&year=2023&mtype=3&cb=1781654949920671835,200,text/plain,YQJGF7CDW6QYRNY5X2EZYM2OIBPNA3XO,SAWP5,save-merged-p108.arquivo.pt-20260617202419-0YMYA5RJ20.warc.gz,True,
2026-06-17T00:09:11+00:00,https://apps.bea.gov/regionalcore/data/ChartData?fips=10000&year=2023&mtype=3&cb=1781654950147484231,200,text/plain,45AHMLX4LBSCOVK4PE73QVE7I4Y2S6YO,SAWP5,save-merged-p106.arquivo.pt-20260617194355-A1XS3U9PL7.warc.gz,True,
2026-06-17T00:09:12+00:00,https://apps.bea.gov/regionalcore/data/ChartData?fips=12000&year=2023&mtype=3&cb=1781654949787549282,200,text/plain,BS37Z6QYXBY43E3H6BJ546NCQPZMPOX6,SAWP5,save-merged-p106.arquivo.pt-20260617194222-8K58L548P8.warc.gz,True,
2026-06-17T00:09:12+00:00,https://apps.bea.gov/regionalcore/data/ChartData?fips=11000&year=2023&mtype=3&cb=1781654949920671835,200,text/plain,YQJGF7CDW6QYRNY5X2EZYM2OIBPNA3XO,SAWP5,save-merged-p108.arquivo.pt-20260617202419-0YMYA5RJ20.warc.gz,True,
2026-06-17T00:09:12+00:00,https://apps.bea.gov/regionalcore/data/ChartData?fips=10000&year=2023&mtype=3&cb=1781654950147484231,200,text/plain,45AHMLX4LBSCOVK4PE73QVE7I4Y2S6YO,SAWP5,save-merged-p107.arquivo.pt-20260617184430-POJ6UUQOMP.warc.gz,True,
2026-06-17T00:09:13+00:00,https://apps.bea.gov/regionalcore/data/ChartData?fips=09000&year=2023&mtype=3&cb=1781654952186917645,200,text/plain,ISOPBJT5FTAFALVWO5D5TRO6G7MEOC26,SAWP5,save-merged-p106.arquivo.pt-20260617194222-8K58L548P8.warc.gz,True,
2026-06-17T00:09:14+00:00,https://apps.bea.gov/regionalcore/data/ChartData?fips=08000&year=2023&mtype=3&cb=1781654953151586995,200,text/plain,J4RWVQFKOO5OB22PKT75UATAB74XEZBL,SAWP5,save-merged-p108.arquivo.pt-20260617202419-0YMYA5RJ20.warc.gz,True,
2026-06-17T00:09:14+00:00,https://apps.bea.gov/regionalcore/data/ChartData?fips=06000&year=2023&mtype=3&cb=1781654953234040041,200,text/plain,IWYSXAFYRNREGUH7VMI4C5WJHEXX6U33,SAWP5,save-merged-p108.arquivo.pt-20260617202427-PM7D0MACCV.warc.gz,True,
2026-06-17T00:09:14+00:00,https://apps.bea.gov/regionalcore/data/ChartData?fips=05000&year=2023&mtype=3&cb=1781654953402798334,200,text/plain,BUP5PCR4YLMWJPIUQ6ERDSCKBMH2AOEG,SAWP5,save-merged-p105.arquivo.pt-20260617174337-EU47WDLYJP.warc.gz,True,
2026-06-17T00:09:15+00:00,https://apps.bea.gov/regionalcore/data/ChartData?fips=09000&year=2023&mtype=3&cb=1781654952186917645,200,text/plain,ISOPBJT5FTAFALVWO5D5TRO6G7MEOC26,SAWP5,save-merged-p107.arquivo.pt-20260617184207-8A894F3ZA4.warc.gz,True,
2026-06-17T00:09:16+00:00,https://apps.bea.gov/regionalcore/data/ChartData?fips=08000&year=2023&mtype=3&cb=1781654953151586995,200,text/plain,J4RWVQFKOO5OB22PKT75UATAB74XEZBL,SAWP5,save-merged-p108.arquivo.pt-20260617202427-PM7D0MACCV.warc.gz,True,
2026-06-17T00:09:16+00:00,https://apps.bea.gov/regionalcore/data/ChartData?fips=06000&year=2023&mtype=3&cb=1781654953234040041,200,text/plain,IWYSXAFYRNREGUH7VMI4C5WJHEXX6U33,SAWP5,save-merged-p106.arquivo.pt-20260617192826-6TL9PGLH60.warc.gz,True,
2026-06-17T00:09:16+00:00,https://apps.bea.gov/regionalcore/data/ChartData?fips=05000&year=2023&mtype=3&cb=1781654953402798334,200,text/plain,BUP5PCR4YLMWJPIUQ6ERDSCKBMH2AOEG,SAWP5,save-merged-p106.arquivo.pt-20260617194355-A1XS3U9PL7.warc.gz,True,
2026-06-17T00:09:17+00:00,https://apps.bea.gov/regionalcore/data/ChartData?fips=04000&year=2023&mtype=3&cb=1781654955563699845,200,text/plain,5FUOYYF426XEULENMR3WP4AK6HW4ATI6,SAWP5,save-merged-p108.arquivo.pt-20260617202427-PM7D0MACCV.warc.gz,True,
2026-06-17T00:09:17+00:00,https://apps.bea.gov/regionalcore/data/ChartData?fips=02000&year=2023&mtype=3&cb=1781654956371631706,200,text/plain,V7AEGZV2SII3WTQRS5RNPHHM4OCXZBBW,SAWP5,save-merged-p105.arquivo.pt-20260617174337-EU47WDLYJP.warc.gz,True,
2026-06-17T00:09:18+00:00,https://apps.bea.gov/regionalcore/data/ChartData?fips=04000&year=2023&mtype=3&cb=1781654955563699845,200,text/plain,5FUOYYF426XEULENMR3WP4AK6HW4ATI6,SAWP5,save-merged-p106.arquivo.pt-20260617194355-A1XS3U9PL7.warc.gz,True,
2026-06-17T00:09:18+00:00,https://apps.bea.gov/regionalcore/data/ChartData?fips=01000&year=2023&mtype=3&cb=1781654956724726733,200,text/plain,EHCFBUWYPKVGT52LSO7SLZU7LOMC4HUF,SAWP5,save-merged-p108.arquivo.pt-20260617202419-0YMYA5RJ20.warc.gz,True,
2026-06-17T00:09:19+00:00,https://apps.bea.gov/regionalcore/data/ChartData?fips=02000&year=2023&mtype=3&cb=1781654956371631706,200,text/plain,V7AEGZV2SII3WTQRS5RNPHHM4OCXZBBW,SAWP5,save-merged-p107.arquivo.pt-20260617184338-M7VJP0AIU4.warc.gz,True,
2026-06-17T00:09:20+00:00,https://apps.bea.gov/regionalcore/data/ChartData?fips=01000&year=2023&mtype=3&cb=1781654956724726733,200,text/plain,EHCFBUWYPKVGT52LSO7SLZU7LOMC4HUF,SAWP5,save-merged-p107.arquivo.pt-20260617184338-M7VJP0AIU4.warc.gz,True,
2026-06-17T00:09:47+00:00,https://apps.bea.gov/regionalcore/data/ChartData?fips=02000%26year=2023%26mtype=3,500,unk,3I42H3S6NNFQ2MSVX7XZKYAYSCX5QBYJ,SAWP5,save-merged-p108.arquivo.pt-20260617202419-0YMYA5RJ20.warc.gz,True,
2026-06-17T00:10:01+00:00,https://apps.bea.gov/regionalcore/data/ChartData?fips=23000&year=2023&mtype=3&cb=1781654999858458194,200,text/plain,7PSUQ3SHGODF4EREYV4MAJX7BFC5OSZL,SAWP5,save-merged-p108.arquivo.pt-20260617201704-HLHN7F9FXB.warc.gz,True,
2026-06-17T00:10:01+00:00,https://apps.bea.gov/regionalcore/data/ChartData?fips=49000&year=2023&mtype=3&cb=1781654999859823792,200,text/plain,YDMVRSX5LJ3D4VCAGRP5UDGBBMJ4R3JI,SAWP5,save-merged-p108.arquivo.pt-20260617202427-PM7D0MACCV.warc.gz,True,
2026-06-17T00:10:01+00:00,https://apps.bea.gov/regionalcore/data/ChartData?fips=50000&year=2023&mtype=3&cb=1781654999860234332,200,text/plain,JTBO5J622MSTQGNX37D5QADXNJT6OZDX,SAWP5,save-merged-p105.arquivo.pt-20260617172421-A7W6Y7AIT4.warc.gz,True,
2026-06-17T00:10:03+00:00,https://apps.bea.gov/regionalcore/data/ChartData?fips=23000&year=2023&mtype=3&cb=1781654999858458194,200,text/plain,7PSUQ3SHGODF4EREYV4MAJX7BFC5OSZL,SAWP5,save-merged-p108.arquivo.pt-20260617202419-0YMYA5RJ20.warc.gz,True,
2026-06-17T00:10:03+00:00,https://apps.bea.gov/regionalcore/data/ChartData?fips=49000&year=2023&mtype=3&cb=1781654999859823792,200,text/plain,YDMVRSX5LJ3D4VCAGRP5UDGBBMJ4R3JI,SAWP5,save-merged-p106.arquivo.pt-20260617194222-8K58L548P8.warc.gz,True,
2026-06-17T00:10:03+00:00,https://apps.bea.gov/regionalcore/data/ChartData?fips=50000&year=2023&mtype=3&cb=1781654999860234332,200,text/plain,JTBO5J622MSTQGNX37D5QADXNJT6OZDX,SAWP5,save-merged-p105.arquivo.pt-20260617172421-A7W6Y7AIT4.warc.gz,True,
2026-06-17T00:10:03+00:00,https://apps.bea.gov/regionalcore/data/ChartData?fips=08000&year=2023&mtype=3,200,text/plain,J4RWVQFKOO5OB22PKT75UATAB74XEZBL,SAWP5,save-merged-p107.arquivo.pt-20260617184430-POJ6UUQOMP.warc.gz,True,
2026-06-17T00:10:09+00:00,https://apps.bea.gov/regionalcore/data/ChartData?fips=53000&year=2023&mtype=3&cb=1781655007952564938,200,text/plain,Z2W3L2C4P4Q5XZDDJUOHL7Q4B6OD3HWZ,SAWP5,save-merged-p107.arquivo.pt-20260617184430-POJ6UUQOMP.warc.gz,True,
2026-06-17T00:10:09+00:00,https://apps.bea.gov/regionalcore/data/ChartData?fips=54000&year=2023&mtype=3&cb=1781655007953750569,200,text/plain,LP4WBMSP4RVVBMHX6T77ID6WM7ZG6XWQ,SAWP5,save-merged-p106.arquivo.pt-20260617194306-DS4E8OXBIW.warc.gz,True,
2026-06-17T00:10:09+00:00,https://apps.bea.gov/regionalcore/data/ChartData?fips=55000&year=2023&mtype=3&cb=1781655007954089776,200,text/plain,ZOQT3GA2I6G3LMDMD3MQWM6O7RUAA54R,SAWP5,save-merged-p107.arquivo.pt-20260617184430-POJ6UUQOMP.warc.gz,True,
2026-06-17T00:10:09+00:00,https://apps.bea.gov/regionalcore/data/ChartData?fips=56000&year=2023&mtype=3&cb=1781655007954391109,200,text/plain,BI4PVSPV2T3XDWWRV6VCARQHZDBNDLNQ,SAWP5,save-merged-p107.arquivo.pt-20260617184338-M7VJP0AIU4.warc.gz,True,
2026-06-17T00:10:11+00:00,https://apps.bea.gov/regionalcore/data/ChartData?fips=53000&year=2023&mtype=3&cb=1781655007952564938,200,text/plain,Z2W3L2C4P4Q5XZDDJUOHL7Q4B6OD3HWZ,SAWP5,save-merged-p107.arquivo.pt-20260617184338-M7VJP0AIU4.warc.gz,True,
2026-06-17T00:10:11+00:00,https://apps.bea.gov/regionalcore/data/ChartData?fips=54000&year=2023&mtype=3&cb=1781655007953750569,200,text/plain,LP4WBMSP4RVVBMHX6T77ID6WM7ZG6XWQ,SAWP5,save-merged-p107.arquivo.pt-20260617184338-M7VJP0AIU4.warc.gz,True,
2026-06-17T00:10:11+00:00,https://apps.bea.gov/regionalcore/data/ChartData?fips=55000&year=2023&mtype=3&cb=1781655007954089776,200,text/plain,ZOQT3GA2I6G3LMDMD3MQWM6O7RUAA54R,SAWP5,save-merged-p105.arquivo.pt-20260617174349-EXUBQ1BNS9.warc.gz,True,
2026-06-17T00:10:11+00:00,https://apps.bea.gov/regionalcore/data/ChartData?fips=56000&year=2023&mtype=3&cb=1781655007954391109,200,text/plain,BI4PVSPV2T3XDWWRV6VCARQHZDBNDLNQ,SAWP5,save-merged-p107.arquivo.pt-20260617182247-NW4FVP7I19.warc.gz,True,
2026-06-17T00:16:43+00:00,https://apps.bea.gov/regionalcore/data/ChartData?fips=00000&year=2023&mtype=3,200,text/plain,EHCFBUWYPKVGT52LSO7SLZU7LOMC4HUF,SAWP5,save-merged-p106.arquivo.pt-20260617194344-NDNTA0XQUF.warc.gz,True,
2026-06-17T00:16:45+00:00,https://apps.bea.gov/regionalcore/data/ChartData?fips=08000&year=2023&mtype=3,200,text/plain,J4RWVQFKOO5OB22PKT75UATAB74XEZBL,SAWP5,save-merged-p106.arquivo.pt-20260617194222-8K58L548P8.warc.gz,True,
2026-06-17T00:19:20+00:00,https://apps.bea.gov/regionalcore/data/ChartData?fips=02000&year=2023&mtype=3&xcache=abc123,200,text/plain,V7AEGZV2SII3WTQRS5RNPHHM4OCXZBBW,SAWP5,save-merged-p107.arquivo.pt-20260617184457-0ON5GAMLYD.warc.gz,True,
2026-06-17T00:19:22+00:00,https://apps.bea.gov/regionalcore/data/ChartData?fips=02000&year=2023&mtype=3&foo=bar,200,text/plain,V7AEGZV2SII3WTQRS5RNPHHM4OCXZBBW,SAWP5,save-merged-p107.arquivo.pt-20260617184338-M7VJP0AIU4.warc.gz,True,
2026-06-17T01:14:56+00:00,https://apps.bea.gov/histdata/js/app.js,200,application/javascript,INKA3HOPX272SFIHAUYECCHOWFDLT5VC,SAWP5,save-merged-p105.arquivo.pt-20260617174631-YRKE7LSD6J.warc.gz,True,
2026-06-17T01:16:47+00:00,https://apps.bea.gov/histdata/core/data/GetHistFileDetails/?HistCateID=4&FileGroupID=290,200,application/json,YSQPFJHUWZEIEWLTDMEDE73UJC6ARAR6,SAWP5,save-merged-p105.arquivo.pt-20260617174343-0QO434I7RF.warc.gz,True,
2026-06-17T01:16:51+00:00,https://apps.bea.gov/histdata/core/data/GetHistFileDetails/?histCateID=4&fileGroupID=290,200,application/json,YSQPFJHUWZEIEWLTDMEDE73UJC6ARAR6,SAWP5,save-merged-p106.arquivo.pt-20260617194541-8OFQRRRFHH.warc.gz,True,
2026-06-17T01:17:11+00:00,https://apps.bea.gov/histdata/core/data/GetHistFileDetails/?HistCateID=4&FileGroupID=292,200,application/json,XUGA6EGOQRIRCNSV43554AR62KFQ55QE,SAWP5,save-merged-p108.arquivo.pt-20260617202419-0YMYA5RJ20.warc.gz,True,
2026-06-17T01:17:13+00:00,https://apps.bea.gov/histdata/core/data/GetHistFileDetails/?HistCateID=4&FileGroupID=299,200,application/json,5HOAAOUFDIRHCB2DDTDSTDY54BMV2AGY,SAWP5,save-merged-p105.arquivo.pt-20260617174639-SD2XA9KKMP.warc.gz,True,
2026-06-17T01:17:15+00:00,https://apps.bea.gov/histdata/core/data/GetHistFileDetails/?HistCateID=4&FileGroupID=300,200,application/json,WIOQ5CKJ4J6P4VW2HU462T2GA3AOTRAE,SAWP5,save-merged-p108.arquivo.pt-20260617202503-6KPGIUCK32.warc.gz,True,
2026-06-17T01:17:17+00:00,https://apps.bea.gov/histdata/core/data/GetHistFileDetails/?HistCateID=4&FileGroupID=287,200,application/json,AN2ZJK5ERISLSLBDXVCP4XMVKYLKRSIK,SAWP5,save-merged-p106.arquivo.pt-20260617194222-8K58L548P8.warc.gz,True,
2026-06-17T01:17:19+00:00,https://apps.bea.gov/histdata/core/data/GetHistFileDetails/?HistCateID=4&FileGroupID=285,200,application/json,MHZN6RRZMXIDQ2IFHPX5PFFX6PFIC6XU,SAWP5,save-merged-p108.arquivo.pt-20260617202419-0YMYA5RJ20.warc.gz,True,
2026-06-17T01:18:00+00:00,https://apps.bea.gov/regional/histdata/releases/0324pistate/SAINC.zip,200,application/x-zip-compressed,5RHVOC4MGSBXYEOL44ITII5BE52YH2OM,SAWP5,save-merged-p105.arquivo.pt-20260617174631-YRKE7LSD6J.warc.gz,True,
2026-06-17T01:19:05+00:00,https://apps.bea.gov/regional/histdata/releases/0324pistate/SAINC.zip?x=full1032,200,application/x-zip-compressed,5RHVOC4MGSBXYEOL44ITII5BE52YH2OM,SAWP5,save-merged-p107.arquivo.pt-20260617184457-0ON5GAMLYD.warc.gz,True,
2026-06-17T01:19:26+00:00,https://apps.bea.gov/regional/histdata/releases/0324pistate/SAINC.zip?x=full103210,200,application/x-zip-compressed,5RHVOC4MGSBXYEOL44ITII5BE52YH2OM,SAWP5,save-merged-p105.arquivo.pt-20260617174639-SD2XA9KKMP.warc.gz,True,
2026-06-17T01:22:19+00:00,https://apps.bea.gov/regionalcore/data/StateList/,200,text/plain,PYIBYBCG6KFN6FYXFLYEI7GKSLPCX5CI,SAWP5,save-merged-p106.arquivo.pt-20260617194541-8OFQRRRFHH.warc.gz,True,
2026-06-17T21:56:01+00:00,https://apps.bea.gov/regionalcore/data/ChartData?fips=16000%26year=2023%26mtype=3%26x=1781650001,500,unk,3I42H3S6NNFQ2MSVX7XZKYAYSCX5QBYJ,SAWP5,save-merged-p106.arquivo.pt-20260618170842-L1LARS6OTM.warc.gz,True,
2026-06-18T01:37:14+00:00,https://apps.bea.gov/regionalcore/data/ChartData?fips=01000%26year=2023%26mtype=3%26x=1781746633.0592575,500,unk,3I42H3S6NNFQ2MSVX7XZKYAYSCX5QBYJ,SAWP5,save-merged-p107.arquivo.pt-20260618170113-4FQ71DL7W7.warc.gz,True,
2026-06-18T02:03:40+00:00,https://apps.bea.gov/regionalcore/data/ChartData?fips=06000%26year=2023%26mtype=3%26x=1781748219.4813688,500,unk,3I42H3S6NNFQ2MSVX7XZKYAYSCX5QBYJ,SAWP5,save-merged-p108.arquivo.pt-20260618172949-WB7KQ150X8.warc.gz,True,
2026-06-18T03:50:49+00:00,https://apps.bea.gov/regional/zip/SAINC.zip?zz=1781754648550067779,200,application/x-zip-compressed,CIL2VA2BORXN7TQEWOSV2WN3CO73IXQM,SAWP5,save-merged-p108.arquivo.pt-20260618173038-ZEOTXS1GAV.warc.gz,True,
2026-06-18T03:50:53+00:00,https://apps.bea.gov/regionalcore/data/ChartData?fips=48000%26year=2023%26mtype=3&zz=1781754652229580806,500,unk,3I42H3S6NNFQ2MSVX7XZKYAYSCX5QBYJ,SAWP5,save-merged-p106.arquivo.pt-20260618171401-83T2391Z3U.warc.gz,True,
2026-06-18T03:50:55+00:00,https://apps.bea.gov/regionalcore/data/ChartData?fips=48000&year=2023&mtype=3&zz=1781754654044883202,200,text/plain,RIUCZU5F2627O3W3SU6DTSHGR4DDHOTT,SAWP5,save-merged-p107.arquivo.pt-20260618170131-T55TCX3II6.warc.gz,True,
2026-06-18T03:51:41+00:00,https://apps.bea.gov/regional/zip/SAINC.zip?zz=1781754700806574793,200,application/x-zip-compressed,CIL2VA2BORXN7TQEWOSV2WN3CO73IXQM,SAWP5,save-merged-p106.arquivo.pt-20260618171420-JRTOH0MAZO.warc.gz,True,
2026-06-18T03:53:16+00:00,https://apps.bea.gov/regionalcore/data/ChartData?fips=01000&year=2023&mtype=3&zz=1781754795589352180,200,text/plain,EHCFBUWYPKVGT52LSO7SLZU7LOMC4HUF,SAWP5,save-merged-p106.arquivo.pt-20260618171420-JRTOH0MAZO.warc.gz,True,
2026-06-18T03:55:30+00:00,https://apps.bea.gov/regionalcore/data/ChartData?fips=06000&year=2023&mtype=3&zz=1781754930056223443,200,text/plain,IWYSXAFYRNREGUH7VMI4C5WJHEXX6U33,SAWP5,save-merged-p105.arquivo.pt-20260618165459-OZ358YJHSA.warc.gz,True,
2026-06-18T03:55:31+00:00,https://apps.bea.gov/regionalcore/data/ChartData?fips=00000&year=2023&mtype=3&zz=1781754930054152343,200,text/plain,EHCFBUWYPKVGT52LSO7SLZU7LOMC4HUF,SAWP5,save-merged-p107.arquivo.pt-20260618170131-T55TCX3II6.warc.gz,True,
2026-06-18T03:55:31+00:00,https://apps.bea.gov/regionalcore/data/ChartData?fips=01000&year=2023&mtype=3&zz=1781754930054900420,200,text/plain,EHCFBUWYPKVGT52LSO7SLZU7LOMC4HUF,SAWP5,save-merged-p105.arquivo.pt-20260618165242-RKJVFZMMSF.warc.gz,True,
2026-06-18T03:55:31+00:00,https://apps.bea.gov/regionalcore/data/ChartData?fips=02000&year=2023&mtype=3&zz=1781754930055246662,200,text/plain,V7AEGZV2SII3WTQRS5RNPHHM4OCXZBBW,SAWP5,save-merged-p105.arquivo.pt-20260618165459-OZ358YJHSA.warc.gz,True,
2026-06-18T03:55:31+00:00,https://apps.bea.gov/regionalcore/data/ChartData?fips=04000&year=2023&mtype=3&zz=1781754930055584510,200,text/plain,5FUOYYF426XEULENMR3WP4AK6HW4ATI6,SAWP5,save-merged-p106.arquivo.pt-20260618171401-83T2391Z3U.warc.gz,True,
2026-06-18T03:55:31+00:00,https://apps.bea.gov/regionalcore/data/ChartData?fips=05000&year=2023&mtype=3&zz=1781754930055925535,200,text/plain,BUP5PCR4YLMWJPIUQ6ERDSCKBMH2AOEG,SAWP5,save-merged-p105.arquivo.pt-20260618165242-RKJVFZMMSF.warc.gz,True,
2026-06-18T03:55:31+00:00,https://apps.bea.gov/regionalcore/data/ChartData?fips=08000&year=2023&mtype=3&zz=1781754930056558442,200,text/plain,J4RWVQFKOO5OB22PKT75UATAB74XEZBL,SAWP5,save-merged-p106.arquivo.pt-20260618171420-JRTOH0MAZO.warc.gz,True,
2026-06-18T03:55:31+00:00,https://apps.bea.gov/regionalcore/data/ChartData?fips=09000&year=2023&mtype=3&zz=1781754930056865964,200,text/plain,ISOPBJT5FTAFALVWO5D5TRO6G7MEOC26,SAWP5,save-merged-p107.arquivo.pt-20260618170118-TQGNFMK22C.warc.gz,True,
2026-06-18T03:55:32+00:00,https://apps.bea.gov/regionalcore/data/ChartData?fips=10000&year=2023&mtype=3&zz=1781754930057262623,200,text/plain,45AHMLX4LBSCOVK4PE73QVE7I4Y2S6YO,SAWP5,save-merged-p107.arquivo.pt-20260618170131-T55TCX3II6.warc.gz,True,
2026-06-18T03:55:32+00:00,https://apps.bea.gov/regionalcore/data/ChartData?fips=11000&year=2023&mtype=3&zz=1781754930057299493,200,text/plain,YQJGF7CDW6QYRNY5X2EZYM2OIBPNA3XO,SAWP5,save-merged-p106.arquivo.pt-20260618171401-83T2391Z3U.warc.gz,True,
2026-06-18T03:55:32+00:00,https://apps.bea.gov/regionalcore/data/ChartData?fips=12000&year=2023&mtype=3&zz=1781754930057330354,200,text/plain,BS37Z6QYXBY43E3H6BJ546NCQPZMPOX6,SAWP5,save-merged-p108.arquivo.pt-20260618173038-ZEOTXS1GAV.warc.gz,True,
2026-06-18T03:55:32+00:00,https://apps.bea.gov/regionalcore/data/ChartData?fips=13000&year=2023&mtype=3&zz=1781754930057365361,200,text/plain,IY7WZ257ZUWN3BZD7RDTXWO2YRLYTZJV,SAWP5,save-merged-p107.arquivo.pt-20260618170118-TQGNFMK22C.warc.gz,True,
2026-06-18T03:55:32+00:00,https://apps.bea.gov/regionalcore/data/ChartData?fips=15000&year=2023&mtype=3&zz=1781754930057400255,200,text/plain,75B6UUSGSEXMOQJLBKG7LO74DQJ7K74L,SAWP5,save-merged-p107.arquivo.pt-20260618170131-T55TCX3II6.warc.gz,True,
2026-06-18T03:55:32+00:00,https://apps.bea.gov/regionalcore/data/ChartData?fips=16000&year=2023&mtype=3&zz=1781754930057425775,200,text/plain,E7YUGQQI337M42ZC6APXEQHW7QFOCCCG,SAWP5,save-merged-p107.arquivo.pt-20260618170053-VZ3ESCLDJX.warc.gz,True,
2026-06-18T03:55:32+00:00,https://apps.bea.gov/regionalcore/data/ChartData?fips=17000&year=2023&mtype=3&zz=1781754930057459420,200,text/plain,RJH7SZTGMJLMQNZXWUFNB5JQBKWNQ3F2,SAWP5,save-merged-p107.arquivo.pt-20260618170131-T55TCX3II6.warc.gz,True,
2026-06-18T03:55:32+00:00,https://apps.bea.gov/regionalcore/data/ChartData?fips=18000&year=2023&mtype=3&zz=1781754930057491940,200,text/plain,NV67O4N4QQSE2FTEFIUNI6HXIWH5Q7XE,SAWP5,save-merged-p107.arquivo.pt-20260618170131-T55TCX3II6.warc.gz,True,
2026-06-18T03:55:33+00:00,https://apps.bea.gov/regionalcore/data/ChartData?fips=19000&year=2023&mtype=3&zz=1781754930057528721,200,text/plain,TVFZD34Q3MOC4U35AIX2D3XZLIFB66AO,SAWP5,save-merged-p107.arquivo.pt-20260618170118-TQGNFMK22C.warc.gz,True,
2026-06-18T03:55:33+00:00,https://apps.bea.gov/regionalcore/data/ChartData?fips=20000&year=2023&mtype=3&zz=1781754930057554253,200,text/plain,3OY5CG4YQ4HSOXAW2ZVZG7Q243ER44AC,SAWP5,save-merged-p106.arquivo.pt-20260618171425-FKTBKC8A8L.warc.gz,True,
2026-06-18T03:55:33+00:00,https://apps.bea.gov/regionalcore/data/ChartData?fips=21000&year=2023&mtype=3&zz=1781754930057588269,200,text/plain,7NWGXAS3GOG5SUM3F33PYIN76NWKCCFK,SAWP5,save-merged-p107.arquivo.pt-20260618170126-B4PUAAXPNQ.warc.gz,True,
2026-06-18T03:55:33+00:00,https://apps.bea.gov/regionalcore/data/ChartData?fips=22000&year=2023&mtype=3&zz=1781754930057616734,200,text/plain,Q3DDYFTVDVX6FKRUS7WURSMNJ3KD7KXC,SAWP5,save-merged-p106.arquivo.pt-20260618171425-FKTBKC8A8L.warc.gz,True,
2026-06-18T03:55:33+00:00,https://apps.bea.gov/regionalcore/data/ChartData?fips=23000&year=2023&mtype=3&zz=1781754930057649453,200,text/plain,7PSUQ3SHGODF4EREYV4MAJX7BFC5OSZL,SAWP5,save-merged-p108.arquivo.pt-20260618173038-ZEOTXS1GAV.warc.gz,True,
2026-06-18T03:55:33+00:00,https://apps.bea.gov/regionalcore/data/ChartData?fips=24000&year=2023&mtype=3&zz=1781754930057676647,200,text/plain,7SOLQOBA7YQCNFTEV2VR5P3RTPELRX44,SAWP5,save-merged-p106.arquivo.pt-20260618171357-BYSYJ712JG.warc.gz,True,
2026-06-18T03:55:33+00:00,https://apps.bea.gov/regionalcore/data/ChartData?fips=25000&year=2023&mtype=3&zz=1781754930057708596,200,text/plain,64OYP3HMKWFZDRJ7ZYBFA5EFWJY3CPAZ,SAWP5,save-merged-p105.arquivo.pt-20260618165459-OZ358YJHSA.warc.gz,True,
2026-06-18T03:55:33+00:00,https://apps.bea.gov/regionalcore/data/ChartData?fips=26000&year=2023&mtype=3&zz=1781754930057740651,200,text/plain,ZSA4JMPALYVJCSDFHBZM4Z4VNRFVTM4G,SAWP5,save-merged-p105.arquivo.pt-20260618165459-OZ358YJHSA.warc.gz,True,
2026-06-18T03:55:34+00:00,https://apps.bea.gov/regionalcore/data/ChartData?fips=27000&year=2023&mtype=3&zz=1781754930057765883,200,text/plain,UHJ5H7BWZEC7K2F32T5ROMJECX3Y7BIO,SAWP5,save-merged-p108.arquivo.pt-20260618172949-WB7KQ150X8.warc.gz,True,
2026-06-18T03:55:34+00:00,https://apps.bea.gov/regionalcore/data/ChartData?fips=28000&year=2023&mtype=3&zz=1781754930057788326,200,text/plain,IJTURUEFI6VPR2H4STAT3LQYZGVDFD4C,SAWP5,save-merged-p107.arquivo.pt-20260618170118-TQGNFMK22C.warc.gz,True,
2026-06-18T03:55:34+00:00,https://apps.bea.gov/regionalcore/data/ChartData?fips=29000&year=2023&mtype=3&zz=1781754930057814890,200,text/plain,HJTSWYSSKZS4YDODHUDJYOV5W727TODM,SAWP5,save-merged-p106.arquivo.pt-20260618171420-JRTOH0MAZO.warc.gz,True,
2026-06-18T03:55:34+00:00,https://apps.bea.gov/regionalcore/data/ChartData?fips=30000&year=2023&mtype=3&zz=1781754930057844970,200,text/plain,HLWBMHOAE7WLPNU5HTM6PZWFEEQHYJHW,SAWP5,save-merged-p106.arquivo.pt-20260618171425-FKTBKC8A8L.warc.gz,True,
2026-06-18T03:55:34+00:00,https://apps.bea.gov/regionalcore/data/ChartData?fips=31000&year=2023&mtype=3&zz=1781754930057878928,200,text/plain,SAUTRCB522YKNGD4CTPWCTHHHMA4NG2J,SAWP5,save-merged-p107.arquivo.pt-20260618170131-T55TCX3II6.warc.gz,True,
2026-06-18T03:55:34+00:00,https://apps.bea.gov/regionalcore/data/ChartData?fips=32000&year=2023&mtype=3&zz=1781754930057912670,200,text/plain,P6ARSWBQQ75DPAGA3ZT27QWOZ5PWZZCR,SAWP5,save-merged-p106.arquivo.pt-20260618171425-FKTBKC8A8L.warc.gz,True,
2026-06-18T03:55:34+00:00,https://apps.bea.gov/regionalcore/data/ChartData?fips=33000&year=2023&mtype=3&zz=1781754930057945765,200,text/plain,5ILHG7QZ7S42EVKSP372VE2NDTW6LIBV,SAWP5,save-merged-p107.arquivo.pt-20260618170131-T55TCX3II6.warc.gz,True,
2026-06-18T03:55:34+00:00,https://apps.bea.gov/regionalcore/data/ChartData?fips=34000&year=2023&mtype=3&zz=1781754930057982437,200,text/plain,O6LGLI6D6YZ32LVM5YIMM6UKWKODQLK6,SAWP5,save-merged-p107.arquivo.pt-20260618170118-TQGNFMK22C.warc.gz,True,
2026-06-18T03:55:35+00:00,https://apps.bea.gov/regionalcore/data/ChartData?fips=35000&year=2023&mtype=3&zz=1781754930058012782,200,text/plain,CTDETRUYA26EKCLNCZ3VCZQRUQ5VQ6NL,SAWP5,save-merged-p108.arquivo.pt-20260618173038-ZEOTXS1GAV.warc.gz,True,
2026-06-18T03:55:35+00:00,https://apps.bea.gov/regionalcore/data/ChartData?fips=36000&year=2023&mtype=3&zz=1781754930058043353,200,text/plain,CQNYQZEMAB7LMBSEKYVS7LHBRE3ABDS2,SAWP5,save-merged-p108.arquivo.pt-20260618173038-ZEOTXS1GAV.warc.gz,True,
2026-06-18T03:55:35+00:00,https://apps.bea.gov/regionalcore/data/ChartData?fips=37000&year=2023&mtype=3&zz=1781754930058078378,200,text/plain,SRLJSU3GJAP35SVDU7TDPJG3ACNJKWHL,SAWP5,save-merged-p108.arquivo.pt-20260618173038-ZEOTXS1GAV.warc.gz,True,
2026-06-18T03:55:35+00:00,https://apps.bea.gov/regionalcore/data/ChartData?fips=38000&year=2023&mtype=3&zz=1781754930058107793,200,text/plain,2MVMLZGF4AK3OQQNHRXBON7FYZMUVU5H,SAWP5,save-merged-p108.arquivo.pt-20260618173038-ZEOTXS1GAV.warc.gz,True,
2026-06-18T03:55:35+00:00,https://apps.bea.gov/regionalcore/data/ChartData?fips=39000&year=2023&mtype=3&zz=1781754930058139245,200,text/plain,L2UTXGXRYQKHBUJ3VY5U2F7W5CSKY6ZL,SAWP5,save-merged-p107.arquivo.pt-20260618170131-T55TCX3II6.warc.gz,True,
2026-06-18T03:55:35+00:00,https://apps.bea.gov/regionalcore/data/ChartData?fips=40000&year=2023&mtype=3&zz=1781754930058172349,200,text/plain,HR63GQRJH5LHMVQ3FJ676UJWJTOW2OZA,SAWP5,save-merged-p107.arquivo.pt-20260618170053-VZ3ESCLDJX.warc.gz,True,
2026-06-18T03:55:35+00:00,https://apps.bea.gov/regionalcore/data/ChartData?fips=41000&year=2023&mtype=3&zz=1781754930058202763,200,text/plain,ZR4KBGSN3TPMKI43WEB3VVZMVN4DDN76,SAWP5,save-merged-p107.arquivo.pt-20260618170131-T55TCX3II6.warc.gz,True,
2026-06-18T03:55:35+00:00,https://apps.bea.gov/regionalcore/data/ChartData?fips=42000&year=2023&mtype=3&zz=1781754930058233876,200,text/plain,2XDQFNBK2QQPIPYMCCYRWYORMQLOCANP,SAWP5,save-merged-p107.arquivo.pt-20260618170131-T55TCX3II6.warc.gz,True,
2026-06-18T03:55:35+00:00,https://apps.bea.gov/regionalcore/data/ChartData?fips=44000&year=2023&mtype=3&zz=1781754930058262321,200,text/plain,NLZOZJVNIL6NNJ5NBU5NV46HT4SMJ4CF,SAWP5,save-merged-p108.arquivo.pt-20260618173038-ZEOTXS1GAV.warc.gz,True,
2026-06-18T03:55:36+00:00,https://apps.bea.gov/regionalcore/data/ChartData?fips=45000&year=2023&mtype=3&zz=1781754930058292007,200,text/plain,54GJAHW2WYF2J45H4WILPGXHT5KRARHD,SAWP5,save-merged-p105.arquivo.pt-20260618165459-OZ358YJHSA.warc.gz,True,
2026-06-18T03:55:36+00:00,https://apps.bea.gov/regionalcore/data/ChartData?fips=46000&year=2023&mtype=3&zz=1781754930058326103,200,text/plain,4UDZ5K2TTDOP5LFHIPLPDFVCA7KI23JU,SAWP5,save-merged-p105.arquivo.pt-20260618165459-OZ358YJHSA.warc.gz,True,
2026-06-18T03:55:36+00:00,https://apps.bea.gov/regionalcore/data/ChartData?fips=47000&year=2023&mtype=3&zz=1781754930058356435,200,text/plain,MKIOZZB77FOXY2TKUBLUBBTCNFVFTFLH,SAWP5,save-merged-p105.arquivo.pt-20260618165422-IR02TE16HK.warc.gz,True,
2026-06-18T03:55:36+00:00,https://apps.bea.gov/regionalcore/data/ChartData?fips=48000&year=2023&mtype=3&zz=1781754930058383021,200,text/plain,RIUCZU5F2627O3W3SU6DTSHGR4DDHOTT,SAWP5,save-merged-p108.arquivo.pt-20260618173038-ZEOTXS1GAV.warc.gz,True,
2026-06-18T03:55:36+00:00,https://apps.bea.gov/regionalcore/data/ChartData?fips=49000&year=2023&mtype=3&zz=1781754930058422328,200,text/plain,7NXF23BYHYYY5CVSGVQEGO2XV4K5TOKR,SAWP5,save-merged-p108.arquivo.pt-20260618172949-WB7KQ150X8.warc.gz,True,
2026-06-18T03:55:36+00:00,https://apps.bea.gov/regionalcore/data/ChartData?fips=50000&year=2023&mtype=3&zz=1781754930058458299,200,text/plain,JTBO5J622MSTQGNX37D5QADXNJT6OZDX,SAWP5,save-merged-p108.arquivo.pt-20260618173038-ZEOTXS1GAV.warc.gz,True,
2026-06-18T03:55:36+00:00,https://apps.bea.gov/regionalcore/data/ChartData?fips=51000&year=2023&mtype=3&zz=1781754930058488531,200,text/plain,ON5BPCTHPYTZAZS77DQF4QDNUNCWAMDI,SAWP5,save-merged-p108.arquivo.pt-20260618173038-ZEOTXS1GAV.warc.gz,True,
2026-06-18T03:55:36+00:00,https://apps.bea.gov/regionalcore/data/ChartData?fips=53000&year=2023&mtype=3&zz=1781754930058517998,200,text/plain,Z2W3L2C4P4Q5XZDDJUOHL7Q4B6OD3HWZ,SAWP5,save-merged-p106.arquivo.pt-20260618171420-JRTOH0MAZO.warc.gz,True,
2026-06-18T03:55:37+00:00,https://apps.bea.gov/regionalcore/data/ChartData?fips=00000&year=2013&mtype=3&zz=1781754930058639152,200,text/plain,ZITICSZR577PJLX2QNSJGHMCGLYY2446,SAWP5,save-merged-p108.arquivo.pt-20260618173038-ZEOTXS1GAV.warc.gz,True,
2026-06-18T03:55:37+00:00,https://apps.bea.gov/regionalcore/data/ChartData?fips=01000&year=2013&mtype=3&zz=1781754930058670025,200,text/plain,ZITICSZR577PJLX2QNSJGHMCGLYY2446,SAWP5,save-merged-p106.arquivo.pt-20260618171425-FKTBKC8A8L.warc.gz,True,
2026-06-18T03:55:37+00:00,https://apps.bea.gov/regionalcore/data/ChartData?fips=02000&year=2013&mtype=3&zz=1781754930058696272,200,text/plain,6PLSGKCM3UX6SL7AK6VLBRV2YPOKPBAQ,SAWP5,save-merged-p108.arquivo.pt-20260618173038-ZEOTXS1GAV.warc.gz,True,
2026-06-18T03:55:37+00:00,https://apps.bea.gov/regionalcore/data/ChartData?fips=04000&year=2013&mtype=3&zz=1781754930058728111,200,text/plain,UVRLPJEH2II762LLP4POPM3I2AAOVZ7A,SAWP5,save-merged-p105.arquivo.pt-20260618165347-3XQA28ST72.warc.gz,True,
2026-06-18T03:55:37+00:00,https://apps.bea.gov/regionalcore/data/ChartData?fips=05000&year=2013&mtype=3&zz=1781754930058754851,200,text/plain,X42FVI2JBS2EFV67GVCHETOYA3NIXQYL,SAWP5,save-merged-p106.arquivo.pt-20260618171420-JRTOH0MAZO.warc.gz,True,
2026-06-18T03:55:37+00:00,https://apps.bea.gov/regionalcore/data/ChartData?fips=54000&year=2023&mtype=3&zz=1781754930058553200,200,text/plain,LP4WBMSP4RVVBMHX6T77ID6WM7ZG6XWQ,SAWP5,save-merged-p108.arquivo.pt-20260618173038-ZEOTXS1GAV.warc.gz,True,
2026-06-18T03:55:37+00:00,https://apps.bea.gov/regionalcore/data/ChartData?fips=55000&year=2023&mtype=3&zz=1781754930058582912,200,text/plain,ZOQT3GA2I6G3LMDMD3MQWM6O7RUAA54R,SAWP5,save-merged-p105.arquivo.pt-20260618165242-RKJVFZMMSF.warc.gz,True,
2026-06-18T03:55:37+00:00,https://apps.bea.gov/regionalcore/data/ChartData?fips=56000&year=2023&mtype=3&zz=1781754930058609072,200,text/plain,BI4PVSPV2T3XDWWRV6VCARQHZDBNDLNQ,SAWP5,save-merged-p105.arquivo.pt-20260618165459-OZ358YJHSA.warc.gz,True,
2026-06-18T03:55:38+00:00,https://apps.bea.gov/regionalcore/data/ChartData?fips=06000&year=2013&mtype=3&zz=1781754930058787173,200,text/plain,QDJ5ZDUS3FK4I3ZXVJOFSEAHKKGA36Q6,SAWP5,save-merged-p108.arquivo.pt-20260618172949-WB7KQ150X8.warc.gz,True,
2026-06-18T03:55:38+00:00,https://apps.bea.gov/regionalcore/data/ChartData?fips=08000&year=2013&mtype=3&zz=1781754930058812033,200,text/plain,GQDJDKAKAW2XPYELGWFVFWKSMNYD57VV,SAWP5,save-merged-p106.arquivo.pt-20260618171425-FKTBKC8A8L.warc.gz,True,
2026-06-18T03:55:38+00:00,https://apps.bea.gov/regionalcore/data/ChartData?fips=09000&year=2013&mtype=3&zz=1781754930058844601,200,text/plain,54GLVS74QWTWKY7ZW5SAU2WSB6JVU2UF,SAWP5,save-merged-p105.arquivo.pt-20260618165459-OZ358YJHSA.warc.gz,True,
2026-06-18T03:55:38+00:00,https://apps.bea.gov/regionalcore/data/ChartData?fips=10000&year=2013&mtype=3&zz=1781754930058870983,200,text/plain,56GBIMIRF7MKBEL7VMIZ4TTCCAO7HFV4,SAWP5,save-merged-p106.arquivo.pt-20260618171420-JRTOH0MAZO.warc.gz,True,
2026-06-18T03:55:38+00:00,https://apps.bea.gov/regionalcore/data/ChartData?fips=11000&year=2013&mtype=3&zz=1781754930058900846,200,text/plain,RVBLY3PEY4BGMFD6UPFCXOFD3QA653RR,SAWP5,save-merged-p105.arquivo.pt-20260618165247-8M7FY95D4A.warc.gz,True,
2026-06-18T03:55:38+00:00,https://apps.bea.gov/regionalcore/data/ChartData?fips=12000&year=2013&mtype=3&zz=1781754930058935575,200,text/plain,YYJR5CRGRTRGLGZN2NVNPGQ4VUGMDDOW,SAWP5,save-merged-p105.arquivo.pt-20260618165459-OZ358YJHSA.warc.gz,True,
2026-06-18T03:55:38+00:00,https://apps.bea.gov/regionalcore/data/ChartData?fips=13000&year=2013&mtype=3&zz=1781754930058963070,200,text/plain,AW4XSNZ3OL3THTPGDFFYRPTTJVQEI4WK,SAWP5,save-merged-p106.arquivo.pt-20260618171420-JRTOH0MAZO.warc.gz,True,
2026-06-18T03:55:38+00:00,https://apps.bea.gov/regionalcore/data/ChartData?fips=15000&year=2013&mtype=3&zz=1781754930058994567,200,text/plain,KF63XJE4SQIMESXLHTHP5T57GQZ6TSEA,SAWP5,save-merged-p106.arquivo.pt-20260618171420-JRTOH0MAZO.warc.gz,True,
2026-06-18T03:55:38+00:00,https://apps.bea.gov/regionalcore/data/ChartData?fips=56000&year=2023&mtype=3&zz=1781754930058609072,200,text/plain,BI4PVSPV2T3XDWWRV6VCARQHZDBNDLNQ,SAWP5,save-merged-p105.arquivo.pt-20260618165242-RKJVFZMMSF.warc.gz,True,
2026-06-18T03:55:39+00:00,https://apps.bea.gov/regionalcore/data/ChartData?fips=16000&year=2013&mtype=3&zz=1781754930059021957,200,text/plain,QYALLZPKQXAE3UBY7YGWASM4OWKDRZRS,SAWP5,save-merged-p108.arquivo.pt-20260618173038-ZEOTXS1GAV.warc.gz,True,
2026-06-18T03:55:39+00:00,https://apps.bea.gov/regionalcore/data/ChartData?fips=17000&year=2013&mtype=3&zz=1781754930059055613,200,text/plain,3PLJXYPTDOOKUGKULMSY2M7E3FV3PKV5,SAWP5,save-merged-p108.arquivo.pt-20260618173038-ZEOTXS1GAV.warc.gz,True,
2026-06-18T03:55:39+00:00,https://apps.bea.gov/regionalcore/data/ChartData?fips=18000&year=2013&mtype=3&zz=1781754930059087253,200,text/plain,IC5HAUFOI5IDHYSDUAQLNEQ5GHZLHUEE,SAWP5,save-merged-p108.arquivo.pt-20260618173038-ZEOTXS1GAV.warc.gz,True,
2026-06-18T03:55:39+00:00,https://apps.bea.gov/regionalcore/data/ChartData?fips=19000&year=2013&mtype=3&zz=1781754930059113597,200,text/plain,EFIHJQV75FUMI5BUS7T5L2IGRW6VJM4V,SAWP5,save-merged-p107.arquivo.pt-20260618170118-TQGNFMK22C.warc.gz,True,
2026-06-18T03:55:39+00:00,https://apps.bea.gov/regionalcore/data/ChartData?fips=20000&year=2013&mtype=3&zz=1781754930059146909,200,text/plain,IRFPAVALKDFCWTVDXTYIL4A6XUKBTJBP,SAWP5,save-merged-p105.arquivo.pt-20260618165459-OZ358YJHSA.warc.gz,True,
2026-06-18T03:55:39+00:00,https://apps.bea.gov/regionalcore/data/ChartData?fips=21000&year=2013&mtype=3&zz=1781754930059174877,200,text/plain,J5KDCEFWE4DSTEDJPGKEJS53K437KNVS,SAWP5,save-merged-p108.arquivo.pt-20260618173038-ZEOTXS1GAV.warc.gz,True,
2026-06-18T03:55:39+00:00,https://apps.bea.gov/regionalcore/data/ChartData?fips=22000&year=2013&mtype=3&zz=1781754930059203373,200,text/plain,7RXGSGLTU3EMK2CGXLTOJPRXRMEWOVFE,SAWP5,save-merged-p108.arquivo.pt-20260618173038-ZEOTXS1GAV.warc.gz,True,
2026-06-18T03:55:39+00:00,https://apps.bea.gov/regionalcore/data/ChartData?fips=23000&year=2013&mtype=3&zz=1781754930059235400,200,text/plain,Z5Y5EM5RL4OULQPNF4ATITCPUZZXJIXW,SAWP5,save-merged-p105.arquivo.pt-20260618165459-OZ358YJHSA.warc.gz,True,
2026-06-18T03:55:39+00:00,https://apps.bea.gov/regionalcore/data/ChartData?fips=24000&year=2013&mtype=3&zz=1781754930059261827,200,text/plain,2KXJ7GQZGJ6EP2DNXKFJZ5LCDP5HP6GG,SAWP5,save-merged-p107.arquivo.pt-20260618170131-T55TCX3II6.warc.gz,True,
2026-06-18T03:55:40+00:00,https://apps.bea.gov/regionalcore/data/ChartData?fips=25000&year=2013&mtype=3&zz=1781754930059300264,200,text/plain,AOOO2TNCZDO6E4ZKECJNBQJWV4K6QJ2Y,SAWP5,save-merged-p105.arquivo.pt-20260618165459-OZ358YJHSA.warc.gz,True,
2026-06-18T03:55:40+00:00,https://apps.bea.gov/regionalcore/data/ChartData?fips=26000&year=2013&mtype=3&zz=1781754930059333215,200,text/plain,OA5MADRU4FAGDA6IVFZTDZUKELPPPZG7,SAWP5,save-merged-p107.arquivo.pt-20260618170118-TQGNFMK22C.warc.gz,True,
2026-06-18T03:55:40+00:00,https://apps.bea.gov/regionalcore/data/ChartData?fips=27000&year=2013&mtype=3&zz=1781754930059361362,200,text/plain,4YSB555XJCXTSA7D6SU3OYHSGQCQBMFC,SAWP5,save-merged-p106.arquivo.pt-20260618171420-JRTOH0MAZO.warc.gz,True,
2026-06-18T03:55:40+00:00,https://apps.bea.gov/regionalcore/data/ChartData?fips=28000&year=2013&mtype=3&zz=1781754930059391280,200,text/plain,VKLR3XQ7O7NJ7YBQBAPEP67ZHPDRTTEQ,SAWP5,save-merged-p108.arquivo.pt-20260618172236-GXVMEIZ3W3.warc.gz,True,
2026-06-18T03:55:40+00:00,https://apps.bea.gov/regionalcore/data/ChartData?fips=29000&year=2013&mtype=3&zz=1781754930059423843,200,text/plain,6ASE6H2V6XUQMWCFYUMEVJMALGK2F4OT,SAWP5,save-merged-p108.arquivo.pt-20260618172949-WB7KQ150X8.warc.gz,True,
2026-06-18T03:55:40+00:00,https://apps.bea.gov/regionalcore/data/ChartData?fips=30000&year=2013&mtype=3&zz=1781754930059460242,200,text/plain,H2EGEL3FAHROIHRAIZ5AQDMW5DNJ4F5O,SAWP5,save-merged-p107.arquivo.pt-20260618170131-T55TCX3II6.warc.gz,True,
2026-06-18T03:55:40+00:00,https://apps.bea.gov/regionalcore/data/ChartData?fips=31000&year=2013&mtype=3&zz=1781754930059487727,200,text/plain,DZFRMNFYHFWQ7ZQ2G35EHURLLXW6Z3P6,SAWP5,save-merged-p107.arquivo.pt-20260618170118-TQGNFMK22C.warc.gz,True,
2026-06-18T03:55:40+00:00,https://apps.bea.gov/regionalcore/data/ChartData?fips=32000&year=2013&mtype=3&zz=1781754930059517118,200,text/plain,7ZG2T4UYRGZJPHBHPGPAEL3M22A3OTTY,SAWP5,save-merged-p108.arquivo.pt-20260618173038-ZEOTXS1GAV.warc.gz,True,
2026-06-18T03:55:41+00:00,https://apps.bea.gov/regionalcore/data/ChartData?fips=33000&year=2013&mtype=3&zz=1781754930059548999,200,text/plain,S7KO6SMZEKCRS3IGMEIV6C4QCU3UBY32,SAWP5,save-merged-p107.arquivo.pt-20260618170118-TQGNFMK22C.warc.gz,True,
2026-06-18T03:55:41+00:00,https://apps.bea.gov/regionalcore/data/ChartData?fips=34000&year=2013&mtype=3&zz=1781754930059580855,200,text/plain,HEZYUTIQ57BPFT42EMY5ONK5KB76DIGX,SAWP5,save-merged-p108.arquivo.pt-20260618173038-ZEOTXS1GAV.warc.gz,True,
2026-06-18T03:55:41+00:00,https://apps.bea.gov/regionalcore/data/ChartData?fips=35000&year=2013&mtype=3&zz=1781754930059614592,200,text/plain,LSKKPZISFMO47PCD3OXCPIHTQGTWZN36,SAWP5,save-merged-p105.arquivo.pt-20260618165242-RKJVFZMMSF.warc.gz,True,
2026-06-18T03:55:41+00:00,https://apps.bea.gov/regionalcore/data/ChartData?fips=36000&year=2013&mtype=3&zz=1781754930059640428,200,text/plain,UCYHJJGPBON7EGPQVDWA3Q4DY3IFMWX3,SAWP5,save-merged-p107.arquivo.pt-20260618170118-TQGNFMK22C.warc.gz,True,
2026-06-18T03:55:41+00:00,https://apps.bea.gov/regionalcore/data/ChartData?fips=37000&year=2013&mtype=3&zz=1781754930059670601,200,text/plain,2GMZEKILUGDZ2LUJFVJ4KX3UJUWUGHSO,SAWP5,save-merged-p105.arquivo.pt-20260618165255-LLMXJ62TXU.warc.gz,True,
2026-06-18T03:55:41+00:00,https://apps.bea.gov/regionalcore/data/ChartData?fips=38000&year=2013&mtype=3&zz=1781754930059700686,200,text/plain,2W7VWMR33RILKKFQCCHT2455JRZO6QF2,SAWP5,save-merged-p107.arquivo.pt-20260618170118-TQGNFMK22C.warc.gz,True,
2026-06-18T03:55:41+00:00,https://apps.bea.gov/regionalcore/data/ChartData?fips=39000&year=2013&mtype=3&zz=1781754930059729137,200,text/plain,HFZNKDZ2TY6ATP6SXE33GZYGB3ZGSLS4,SAWP5,save-merged-p107.arquivo.pt-20260618170131-T55TCX3II6.warc.gz,True,
2026-06-18T03:55:41+00:00,https://apps.bea.gov/regionalcore/data/ChartData?fips=40000&year=2013&mtype=3&zz=1781754930059753768,200,text/plain,HUEQYALEHK7PSOLLAMEP3P6ETMTFXS6Q,SAWP5,save-merged-p108.arquivo.pt-20260618173038-ZEOTXS1GAV.warc.gz,True,
2026-06-18T03:55:41+00:00,https://apps.bea.gov/regionalcore/data/ChartData?fips=41000&year=2013&mtype=3&zz=1781754930059779576,200,text/plain,LQW4F2LD72RTI4FHPZ55XJD2SOMXI2HL,SAWP5,save-merged-p107.arquivo.pt-20260618170131-T55TCX3II6.warc.gz,True,
2026-06-18T03:55:41+00:00,https://apps.bea.gov/regionalcore/data/ChartData?fips=42000&year=2013&mtype=3&zz=1781754930059810461,200,text/plain,3BEDGUEFB3F4GJT4P4JW5QYIIKYWXDCZ,SAWP5,save-merged-p106.arquivo.pt-20260618171425-FKTBKC8A8L.warc.gz,True,
2026-06-18T03:55:42+00:00,https://apps.bea.gov/regionalcore/data/ChartData?fips=44000&year=2013&mtype=3&zz=1781754930059840533,200,text/plain,RGUGUGTJRWUAKJPU53V2H3Z426SOCUH7,SAWP5,save-merged-p107.arquivo.pt-20260618170126-B4PUAAXPNQ.warc.gz,True,
2026-06-18T03:55:42+00:00,https://apps.bea.gov/regionalcore/data/ChartData?fips=45000&year=2013&mtype=3&zz=1781754930059866981,200,text/plain,UMAHNAZXW4XEEUJECSPW54U6MH7C362G,SAWP5,save-merged-p108.arquivo.pt-20260618173038-ZEOTXS1GAV.warc.gz,True,
2026-06-18T03:55:42+00:00,https://apps.bea.gov/regionalcore/data/ChartData?fips=46000&year=2013&mtype=3&zz=1781754930059898652,200,text/plain,3VRFMHXWZTUDBDWEVTWPGHS25NHF6NWL,SAWP5,save-merged-p108.arquivo.pt-20260618173038-ZEOTXS1GAV.warc.gz,True,
2026-06-18T03:55:42+00:00,https://apps.bea.gov/regionalcore/data/ChartData?fips=47000&year=2013&mtype=3&zz=1781754930059927647,200,text/plain,J7EYZYS3QMO3HWOVR5WSQDGB5JNNRDDZ,SAWP5,save-merged-p107.arquivo.pt-20260618170126-B4PUAAXPNQ.warc.gz,True,
2026-06-18T03:55:42+00:00,https://apps.bea.gov/regionalcore/data/ChartData?fips=48000&year=2013&mtype=3&zz=1781754930059953098,200,text/plain,NSM6BJ63CBY7L2GRTMBRI2XCO3CG7R27,SAWP5,save-merged-p106.arquivo.pt-20260618171425-FKTBKC8A8L.warc.gz,True,
2026-06-18T03:55:42+00:00,https://apps.bea.gov/regionalcore/data/ChartData?fips=49000&year=2013&mtype=3&zz=1781754930059983807,200,text/plain,OSDXEABG4E3YP5RTYDKCXJTAF3ELP342,SAWP5,save-merged-p106.arquivo.pt-20260618171420-JRTOH0MAZO.warc.gz,True,
2026-06-18T03:55:42+00:00,https://apps.bea.gov/regionalcore/data/ChartData?fips=50000&year=2013&mtype=3&zz=1781754930060009130,200,text/plain,2DMLNDOY56HDQKPQ3L5U7JP5B4M466PI,SAWP5,save-merged-p105.arquivo.pt-20260618165242-RKJVFZMMSF.warc.gz,True,
2026-06-18T03:55:42+00:00,https://apps.bea.gov/regionalcore/data/ChartData?fips=51000&year=2013&mtype=3&zz=1781754930060037611,200,text/plain,4SYK6H4WSM6LIXMGEDXVL2IONFUUKSMQ,SAWP5,save-merged-p106.arquivo.pt-20260618171425-FKTBKC8A8L.warc.gz,True,
2026-06-18T03:55:42+00:00,https://apps.bea.gov/regionalcore/data/ChartData?fips=54000&year=2013&mtype=3&zz=1781754930060128617,200,text/plain,7GBNUEZPAF7WGOOTKJWRKZFULIWFOFOZ,SAWP5,save-merged-p105.arquivo.pt-20260618165242-RKJVFZMMSF.warc.gz,True,
2026-06-18T03:55:43+00:00,https://apps.bea.gov/regionalcore/data/ChartData?fips=53000&year=2013&mtype=3&zz=1781754930060100947,200,text/plain,BGB4FRJJN62YIYTC2UJHTJLWCB4H6YPT,SAWP5,save-merged-p106.arquivo.pt-20260618171425-FKTBKC8A8L.warc.gz,True,
2026-06-18T03:55:43+00:00,https://apps.bea.gov/regionalcore/data/ChartData?fips=55000&year=2013&mtype=3&zz=1781754930060157124,200,text/plain,7IJPWNZ7DT7TW4DIIGOVU5P3WOOYJTGV,SAWP5,save-merged-p108.arquivo.pt-20260618173038-ZEOTXS1GAV.warc.gz,True,
2026-06-18T03:55:43+00:00,https://apps.bea.gov/regionalcore/data/ChartData?fips=56000&year=2013&mtype=3&zz=1781754930060183436,200,text/plain,NECEPMDYIXXTQ2UMNZNUMLTKXUO234IX,SAWP5,save-merged-p108.arquivo.pt-20260618173038-ZEOTXS1GAV.warc.gz,True,
2026-06-18T05:59:37+00:00,https://apps.bea.gov/regional/zip/SAINC.zip?zz=ours,200,application/x-zip-compressed,CIL2VA2BORXN7TQEWOSV2WN3CO73IXQM,SAWP5,save-merged-p108.arquivo.pt-20260618173106-HKMMFQALIH.warc.gz,True,
2026-06-18T05:59:41+00:00,https://apps.bea.gov/regional/zip/SAINC.zip?zz=ours,200,application/x-zip-compressed,CIL2VA2BORXN7TQEWOSV2WN3CO73IXQM,SAWP5,save-merged-p106.arquivo.pt-20260618171425-FKTBKC8A8L.warc.gz,True,
2026-06-18T06:27:56+00:00,https://apps.bea.gov/regional/bearfacts/,200,text/html,J7SAO4RHDXH7RC2B3SVE2MHVWYNX2JJX,SAWP5,save-merged-p105.arquivo.pt-20260618165459-OZ358YJHSA.warc.gz,True,
2026-06-18T06:27:59+00:00,https://apps.bea.gov/regional/bearfacts/action.cfm?fips=48000,301,text/html,LNSFJY73SO24INY2SDHRBF4URRFR5MQF,SAWP5,save-merged-p107.arquivo.pt-20260618165917-NWFWDFFSJ5.warc.gz,True,
2026-06-18T06:28:03+00:00,https://apps.bea.gov/regional/,200,text/html,U3IRFIKOUDYC7NWCGQVWCVVOX4O3XSDF,SAWP5,save-merged-p105.arquivo.pt-20260618165347-3XQA28ST72.warc.gz,True,
2026-06-18T06:28:05+00:00,https://apps.bea.gov/regionalcore/,404,unk,3I42H3S6NNFQ2MSVX7XZKYAYSCX5QBYJ,SAWP5,save-merged-p107.arquivo.pt-20260618170140-2YNJGZT8GF.warc.gz,True,
